{"rank": 0, "key_id": "5536886506389504", "category": "dog", "n_points": 37, "bbox_aspect": 1.3934426229508197, "n_extensions_spliced": 2, "main_perimeter_px": 732.4442520389655, "score": 0.9883802756537213, "coords": [[-0.33529, 0.08039], [-0.33529, 0.07255], [-0.5, 0.07255], [-0.49216, 0.12353], [-0.42157, 0.20196], [-0.39412, 0.19804], [-0.36275, 0.22941], [-0.42157, 0.20196], [-0.49216, 0.12353], [-0.5, 0.07255], [-0.28431, 0.07255], [-0.23725, 0.0451], [-0.18235, -0.02549], [-0.18627, -0.13137], [-0.27255, -0.31961], [-0.18627, -0.3549], [-0.15882, -0.34706], [-0.13137, -0.29608], [-0.06863, -0.08824], [0.02941, -0.10392], [0.03725, -0.12745], [-0.03725, -0.30392], [0.07647, -0.3], [0.1, -0.24902], [0.13922, -0.08824], [0.10784, -0.06863], [0.05686, -0.08431], [0.26863, -0.08431], [0.28824, -0.11569], [0.28824, -0.19412], [0.23725, -0.33922], [0.26863, -0.35882], [0.33922, -0.33922], [0.38235, -0.23725], [0.40588, -0.02157], [0.48039, -0.17843], [0.5, -0.25686], [-0.33529, 0.08039]]}