{"rank": 1, "key_id": "5637368742674432", "category": "dog", "n_points": 35, "bbox_aspect": 1.3804347826086956, "n_extensions_spliced": 2, "main_perimeter_px": 504.74146368488545, "score": 0.9818150576185033, "coords": [[-0.33858, -0.0748], [-0.36614, -0.12992], [-0.41732, -0.14173], [-0.4685, -0.10236], [-0.5, -0.01575], [-0.5, 0.08661], [-0.40157, 0.21654], [-0.27953, 0.2874], [-0.22835, 0.22441], [-0.24016, 0.17323], [-0.3189, 0.02362], [-0.33071, -0.03937], [-0.32283, -0.1811], [-0.2874, -0.25591], [-0.2126, -0.32283], [-0.12992, -0.35039], [-0.09843, -0.20866], [-0.03543, -0.3622], [-0.2126, -0.32283], [-0.2874, -0.25591], [-0.32283, -0.1811], [-0.33071, -0.03937], [-0.3189, 0.02362], [-0.24016, 0.17323], [-0.22835, 0.22441], [-0.11417, 0.34252], [0.0315, 0.3622], [0.17323, 0.3622], [0.33071, 0.30709], [0.41339, 0.22441], [0.47638, 0.10236], [0.5, -0.11811], [0.44488, -0.17717], [0.35433, -0.18898], [0.33858, -0.16535], [-0.33858, -0.0748]]}