{"rank": 2, "key_id": "5030555378778112", "category": "dog", "n_points": 35, "bbox_aspect": 1.3783783783783783, "n_extensions_spliced": 2, "main_perimeter_px": 1192.7604626360296, "score": 0.9807715050878886, "coords": [[-0.2098, 0.16275], [-0.08431, 0.20196], [0.16275, 0.24118], [0.24902, 0.23725], [0.33137, 0.19412], [0.30784, 0.17451], [0.42157, 0.09216], [0.45294, 0.00196], [0.48431, -0.30784], [0.43333, -0.36275], [0.40196, -0.3], [0.38627, -0.10392], [0.36667, 0.00196], [0.28039, 0.0451], [0.25294, 0.00196], [0.23725, -0.23725], [0.1902, -0.29608], [0.17059, -0.25686], [0.15882, -0.01373], [0.02941, 0.03333], [-0.11569, 0.02549], [-0.16275, -0.23725], [-0.21765, -0.33137], [-0.24902, -0.26471], [-0.23725, 0.0098], [-0.26078, -0.02549], [-0.32745, -0.23725], [-0.37451, -0.24902], [-0.40588, -0.08431], [-0.31961, 0.08039], [-0.35098, 0.10784], [-0.48824, 0.13529], [-0.49216, 0.22941], [-0.44902, 0.27647], [-0.27647, 0.28431], [-0.2098, 0.16275]]}