{"rank": 3, "key_id": "5275581585293312", "category": "dog", "n_points": 35, "bbox_aspect": 1.3783783783783783, "n_extensions_spliced": 2, "main_perimeter_px": 903.1525434493929, "score": 0.9807715050878886, "coords": [[-0.48431, 0.07647], [-0.42941, 0.07647], [-0.30392, 0.0451], [-0.26471, 0.1], [-0.2451, 0.19412], [-0.18235, 0.24118], [-0.08824, 0.28431], [-0.07255, 0.26863], [-0.03333, 0.34706], [0.0451, 0.36275], [0.06078, 0.25294], [0.21765, 0.20588], [0.34314, 0.23333], [0.40196, 0.18627], [0.46863, 0.1549], [0.5, 0.06078], [0.46471, -0.27647], [0.43333, -0.31569], [0.26078, -0.31961], [0.21765, -0.29608], [0.17843, -0.10784], [0.16275, -0.17843], [0.18235, -0.26471], [0.16667, -0.36275], [0.07647, -0.34314], [0.04118, -0.31961], [0.01765, -0.17059], [-0.02941, -0.11961], [-0.06471, -0.17843], [-0.10392, -0.32745], [-0.17843, -0.31961], [-0.20196, -0.24902], [-0.1902, -0.11176], [-0.22549, -0.05686], [-0.29608, -0.01373], [-0.48431, 0.07647]]}