{"rank": 4, "key_id": "4769536207224832", "category": "dog", "n_points": 35, "bbox_aspect": 1.4488636363636365, "n_extensions_spliced": 2, "main_perimeter_px": 699.8662255364034, "score": 0.9676515472173236, "coords": [[-0.32745, 0.20784], [-0.45294, 0.20784], [-0.46078, 0.17647], [-0.5, 0.15294], [-0.45294, 0.20784], [-0.33922, 0.20784], [-0.26471, 0.32941], [-0.18235, 0.3451], [-0.11569, 0.2902], [-0.04118, 0.27843], [-0.0098, 0.22353], [0.00588, 0.10588], [0.03725, 0.06275], [0.13922, 0.01569], [0.43725, 0.03137], [0.48431, 0.00784], [0.5, -0.20392], [0.48824, -0.27451], [0.46078, -0.2902], [0.40588, -0.2902], [0.3549, -0.25098], [0.3549, -0.14902], [0.33529, -0.09412], [0.21765, -0.08235], [0.18627, -0.10196], [0.14706, -0.21569], [0.15098, -0.29804], [0.11569, -0.3451], [0.0451, -0.30588], [0.01765, -0.27059], [0.00588, -0.21176], [0.01765, -0.08627], [-0.09216, -0.04706], [-0.21765, 0.06275], [-0.2451, 0.1098], [-0.32745, 0.20784]]}