{"rank": 5, "key_id": "6060991051726848", "category": "dog", "n_points": 35, "bbox_aspect": 1.3421052631578947, "n_extensions_spliced": 2, "main_perimeter_px": 848.4886697824822, "score": 0.9621037321303756, "coords": [[-0.5, 0.11765], [-0.5, 0.03922], [-0.40196, 0.04706], [-0.44118, -0.03137], [-0.34314, -0.02353], [-0.28039, 0.04314], [-0.1902, 0.07843], [-0.10784, 0.01961], [-0.08039, -0.07451], [-0.02941, -0.17255], [-0.03333, -0.24706], [-0.06863, -0.35294], [-0.04118, -0.33725], [0.01373, -0.18824], [0.02157, -0.33333], [0.06471, -0.3098], [0.07647, -0.20392], [0.16667, -0.16863], [0.25294, -0.15686], [0.32745, -0.18431], [0.32745, -0.34902], [0.38235, -0.37255], [0.4098, -0.34118], [0.41765, -0.25098], [0.37059, -0.03922], [0.36667, 0.04314], [0.42941, 0.07451], [0.49216, 0.16863], [0.5, 0.26275], [0.45294, 0.2549], [0.41373, 0.21176], [0.33922, 0.17647], [0.29608, 0.13725], [0.06471, 0.10588], [-0.01373, 0.12549], [-0.5, 0.11765]]}