{"rank": 6, "key_id": "6580590973288448", "category": "dog", "n_points": 37, "bbox_aspect": 1.3421052631578947, "n_extensions_spliced": 2, "main_perimeter_px": 401.0221765563327, "score": 0.9621037321303756, "coords": [[0.06863, 0.2], [-0.36667, 0.28235], [-0.44118, 0.26275], [-0.48431, 0.22353], [-0.5, 0.13333], [-0.48039, 0.09804], [-0.4098, 0.06275], [-0.29216, 0.0549], [-0.24118, 0.10588], [-0.21373, 0.18824], [-0.20196, 0.31373], [-0.2098, 0.19216], [-0.24118, 0.10588], [-0.29216, 0.0549], [-0.4098, 0.06275], [-0.48039, 0.09804], [-0.5, 0.13333], [-0.48431, 0.22353], [-0.44118, 0.26275], [-0.36667, 0.28235], [0.25294, 0.19608], [0.37451, 0.11373], [0.39804, 0.15686], [0.45686, 0.34118], [0.48431, 0.34118], [0.5, 0.29412], [0.49608, 0.21961], [0.42941, 0.06275], [0.40196, 0.01961], [0.32745, -0.01176], [0.26078, -0.1098], [0.22157, -0.29804], [0.25294, -0.29412], [0.25294, -0.34902], [0.21765, -0.37255], [0.1902, -0.36863], [0.15882, -0.29804], [0.06863, 0.2]]}