{"rank": 7, "key_id": "5404909140705280", "category": "dog", "n_points": 33, "bbox_aspect": 1.4325842696629214, "n_extensions_spliced": 2, "main_perimeter_px": 609.2033379143373, "score": 0.9588945692284103, "coords": [[-0.34314, 0.16471], [-0.24902, 0.34902], [-0.24118, 0.32941], [-0.18627, 0.26667], [-0.24902, 0.34902], [-0.33922, 0.03922], [-0.35882, 0.01961], [-0.49216, -0.02353], [-0.5, -0.04314], [-0.49608, -0.07059], [-0.44902, -0.13725], [-0.29608, -0.14118], [-0.22941, -0.12549], [-0.11961, -0.12157], [-0.11176, -0.16078], [-0.12745, -0.25882], [-0.11569, -0.28235], [0.11176, -0.29804], [0.10392, -0.25882], [0.11176, -0.10196], [0.24118, -0.11373], [0.2451, -0.32549], [0.31961, -0.27451], [0.41765, -0.23137], [0.42941, -0.18431], [0.42941, -0.07059], [0.46078, -0.10196], [0.49608, -0.11373], [0.5, -0.14118], [0.5, -0.21176], [0.48039, -0.29412], [0.45686, -0.34902], [0.44902, -0.33333], [-0.34314, 0.16471]]}