{"rank": 8, "key_id": "4956519441367040", "category": "dog", "n_points": 33, "bbox_aspect": 1.4406779661016949, "n_extensions_spliced": 2, "main_perimeter_px": 760.355063434886, "score": 0.9549508968256312, "coords": [[0.06078, -0.13922], [0.08824, -0.25294], [0.12745, -0.32745], [0.14314, -0.34314], [0.1902, -0.23725], [0.22157, -0.09216], [0.22941, -0.24118], [0.26863, -0.28824], [0.28824, -0.24902], [0.29216, -0.06863], [0.35882, -0.02941], [0.40588, 0.02157], [0.47255, 0.17059], [0.5, 0.28431], [0.48824, 0.33137], [0.46471, 0.34706], [0.42157, 0.33529], [0.34314, 0.28431], [0.21765, 0.15098], [0.15882, 0.11961], [-0.02549, 0.17843], [-0.07255, 0.2098], [-0.11569, 0.26471], [-0.18235, 0.29608], [-0.3902, 0.33529], [-0.44118, 0.32745], [-0.48431, 0.24118], [-0.5, 0.16275], [-0.47647, 0.15098], [-0.39804, 0.1549], [-0.40196, 0.07255], [-0.30392, -0.03725], [-0.33137, -0.06863], [0.06078, -0.13922]]}