{"rank": 9, "key_id": "6447605615689728", "category": "dog", "n_points": 35, "bbox_aspect": 1.4853801169590644, "n_extensions_spliced": 2, "main_perimeter_px": 662.3222829694324, "score": 0.950227734940402, "coords": [[-0.20079, 0.32087], [-0.28346, 0.28937], [-0.33071, 0.25], [-0.48425, 0.2185], [-0.5, 0.18701], [-0.43701, 0.15945], [-0.30315, 0.1752], [-0.29921, 0.13583], [-0.27559, 0.09646], [-0.20472, 0.03346], [-0.12205, -0.00984], [-0.07874, -0.01378], [0.03543, 0.04528], [0.01969, -0.23425], [-0.00394, -0.25], [-0.05512, -0.23819], [-0.08661, -0.30906], [0.04331, -0.32087], [0.09055, -0.29724], [0.12598, -0.02559], [0.11811, -0.01772], [0.24016, 0.00197], [0.30315, -0.00984], [0.43307, -0.00591], [0.24016, 0.00197], [0.11811, -0.01772], [0.14173, -0.22638], [0.11417, -0.29724], [0.14567, -0.31693], [0.2126, -0.3248], [0.18504, -0.33661], [0.04331, -0.32874], [0.10236, -0.29331], [0.14961, -0.32087], [0.18504, -0.31693], [-0.20079, 0.32087]]}