{"rank": 10, "key_id": "4974707130499072", "category": "dog", "n_points": 35, "bbox_aspect": 1.3160621761658031, "n_extensions_spliced": 2, "main_perimeter_px": 811.2382635900192, "score": 0.9483869557113734, "coords": [[-0.41732, 0.12795], [-0.4252, 0.14764], [-0.0748, 0.2185], [0.15748, 0.18307], [0.26772, 0.2185], [0.30315, 0.34449], [0.39764, 0.37992], [0.47638, 0.32874], [0.41339, 0.28543], [0.5, 0.24213], [0.47638, 0.32874], [0.39764, 0.37992], [0.30315, 0.34449], [0.26772, 0.2185], [0.15748, 0.18307], [-0.0748, 0.2185], [-0.4252, 0.14764], [-0.48031, -0.01772], [-0.5, -0.30118], [-0.44094, -0.27756], [-0.33465, -0.08465], [-0.3189, -0.01772], [-0.27953, -0.36811], [0.01181, -0.36417], [-0.00787, -0.31299], [-0.14173, -0.2815], [-0.11811, -0.1437], [-0.13386, -0.06496], [0.15354, -0.02953], [0.31496, -0.04528], [0.32677, -0.33661], [0.42913, -0.33661], [0.44488, -0.23031], [0.37402, -0.19094], [0.3937, 0.08071], [-0.41732, 0.12795]]}