{"rank": 11, "key_id": "5651816240906240", "category": "dog", "n_points": 35, "bbox_aspect": 1.3144329896907216, "n_extensions_spliced": 2, "main_perimeter_px": 674.4867098367057, "score": 0.9475198712983863, "coords": [[-0.44902, -0.15294], [-0.37059, -0.22353], [-0.37843, -0.37647], [-0.24902, -0.38039], [-0.23725, -0.26275], [-0.17843, -0.23922], [-0.1549, -0.25882], [-0.16275, -0.34902], [-0.13922, -0.36471], [-0.09608, -0.36078], [-0.06863, -0.32941], [-0.08039, -0.21961], [-0.00196, -0.22353], [0.00196, -0.29804], [0.05294, -0.32157], [0.07647, -0.28235], [0.07647, -0.2], [0.14314, -0.19216], [0.17843, -0.28235], [0.24902, -0.30588], [0.26078, -0.2549], [0.25686, -0.18039], [0.2098, -0.10588], [0.19804, -0.02353], [0.2451, 0.03137], [0.25294, 0.13725], [0.29216, 0.1451], [0.34706, 0.12157], [0.44902, 0.11765], [0.48824, 0.14118], [0.5, 0.21961], [0.46863, 0.27843], [0.38627, 0.35686], [0.31176, 0.38039], [0.23725, 0.37255], [-0.44902, -0.15294]]}