{"rank": 12, "key_id": "5274622884839424", "category": "dog", "n_points": 35, "bbox_aspect": 1.3144329896907216, "n_extensions_spliced": 2, "main_perimeter_px": 592.5566490563333, "score": 0.9475198712983863, "coords": [[0.13529, 0.14118], [0.11176, 0.12549], [0.10392, 0.05882], [0.11569, -0.07059], [0.06863, -0.28235], [0.0451, -0.34118], [-0.02549, -0.3451], [-0.11569, -0.23922], [-0.06863, -0.21569], [-0.12745, -0.19216], [-0.08431, -0.2902], [-0.02549, -0.3451], [0.0451, -0.34118], [0.06863, -0.28235], [0.11569, -0.07059], [0.10392, 0.05882], [0.11176, 0.12549], [0.20196, 0.11765], [0.24118, 0.07451], [0.26471, 0.01176], [0.27255, -0.35294], [0.31569, -0.38039], [0.3902, -0.34902], [0.4451, -0.2902], [0.48824, -0.18431], [0.5, -0.02353], [0.45294, 0.15686], [0.37451, 0.34902], [0.32745, 0.37647], [0.00588, 0.38039], [-0.15098, 0.35686], [-0.23725, 0.32157], [-0.31961, 0.27059], [-0.37059, 0.2], [-0.38235, 0.13725], [0.13529, 0.14118]]}