{"rank": 13, "key_id": "6529668062642176", "category": "dog", "n_points": 36, "bbox_aspect": 1.5119047619047619, "n_extensions_spliced": 2, "main_perimeter_px": 791.5371350345475, "score": 0.9461713643041547, "coords": [[0.04724, 0.05906], [-0.04331, 0.01575], [-0.37795, 0.01575], [-0.40551, 0.05906], [-0.41732, 0.12598], [-0.41732, 0.21654], [-0.38189, 0.31102], [-0.4685, 0.22835], [-0.5, 0.1378], [-0.5, -0.06299], [-0.44882, -0.12992], [-0.38583, -0.16535], [-0.34646, -0.16535], [-0.33071, -0.19291], [-0.33071, -0.30315], [-0.31496, -0.32677], [-0.2126, -0.32283], [-0.22835, -0.25984], [-0.2126, -0.19685], [-0.16142, -0.19685], [-0.16929, -0.29921], [-0.12598, -0.29921], [-0.11024, -0.27559], [-0.11024, -0.18898], [-0.09843, -0.1811], [0.03543, -0.2126], [0.09055, -0.32283], [0.16142, -0.31102], [0.17323, -0.26772], [0.15748, -0.22835], [0.2126, -0.19291], [0.24409, -0.29134], [0.27165, -0.26772], [0.28346, -0.19685], [0.22835, -0.09843], [0.28346, -0.0315], [0.04724, 0.05906]]}