{"rank": 14, "key_id": "5095556638572544", "category": "dog", "n_points": 34, "bbox_aspect": 1.4767441860465116, "n_extensions_spliced": 2, "main_perimeter_px": 481.1037723072045, "score": 0.9459760458246238, "coords": [[-0.35433, -0.05906], [-0.47244, -0.11417], [-0.5, -0.06299], [-0.5, 0.09449], [-0.42913, 0.2126], [-0.30709, 0.27953], [-0.24016, 0.20079], [-0.27559, 0.16142], [-0.3622, -0.0315], [-0.35039, -0.21654], [-0.22441, -0.30315], [-0.07087, -0.33858], [0.09843, -0.33858], [0.18898, -0.31102], [0.27559, -0.24409], [0.12992, -0.13386], [0.32283, -0.14567], [0.27559, -0.24409], [0.18898, -0.31102], [0.09843, -0.33858], [-0.07087, -0.33858], [-0.22441, -0.30315], [-0.35039, -0.21654], [-0.3622, -0.0315], [-0.27559, 0.16142], [-0.15354, 0.3189], [0.03937, 0.33858], [0.18504, 0.33465], [0.3189, 0.29921], [0.40157, 0.23622], [0.48031, 0.08661], [0.5, -0.07874], [0.45276, -0.12598], [0.33465, -0.13386], [-0.35433, -0.05906]]}