{"rank": 15, "key_id": "4529621938733056", "category": "dog", "n_points": 34, "bbox_aspect": 1.4767441860465116, "n_extensions_spliced": 2, "main_perimeter_px": 689.9883567496022, "score": 0.9459760458246238, "coords": [[-0.31496, 0.09449], [-0.11024, 0.14961], [0.02756, 0.16142], [0.2126, 0.13386], [0.27165, 0.09449], [0.29921, 0.01969], [0.2874, -0.01575], [0.23622, -0.03937], [0.16142, -0.03543], [0.13386, -0.09449], [0.14173, -0.33071], [0.09449, -0.33858], [0.0315, -0.29528], [-0.00394, -0.22441], [-0.00394, -0.12205], [-0.01575, -0.06693], [-0.03937, -0.04724], [-0.08661, -0.03937], [-0.14961, -0.04724], [-0.1811, -0.06693], [-0.20079, -0.12205], [-0.20079, -0.27165], [-0.21654, -0.29921], [-0.25984, -0.3189], [-0.30709, -0.29528], [-0.34646, -0.20866], [-0.33465, -0.02362], [-0.38976, -0.00394], [-0.44882, -0.01575], [-0.45276, 0.04331], [-0.46457, 0.05512], [-0.41732, 0.09843], [-0.38583, 0.11811], [-0.27165, 0.13386], [-0.31496, 0.09449]]}