{"rank": 16, "key_id": "6575461893144576", "category": "dog", "n_points": 35, "bbox_aspect": 1.2893401015228427, "n_extensions_spliced": 2, "main_perimeter_px": 939.0503977076661, "score": 0.9340274778282014, "coords": [[-0.33071, 0.14764], [-0.38189, 0.12008], [-0.47244, 0.0374], [-0.5, -0.04528], [-0.47638, -0.08465], [-0.37795, -0.10827], [-0.27953, -0.07283], [-0.2126, 0.01378], [-0.16535, -0.04921], [-0.20472, -0.28937], [-0.26378, -0.37992], [-0.17717, -0.3563], [-0.11417, -0.26181], [-0.09843, -0.37598], [-0.05512, -0.38386], [-0.00787, -0.28543], [0.02362, -0.15551], [0.11811, -0.15157], [0.11024, -0.29724], [0.12598, -0.34843], [0.17323, -0.35236], [0.19291, -0.30906], [0.2126, -0.12795], [0.2126, -0.25787], [0.23228, -0.33268], [0.32283, -0.27362], [0.33071, -0.12008], [0.29134, -0.02953], [0.39764, -0.02165], [0.42126, -0.07283], [0.5, -0.02559], [0.49606, 0.03346], [0.42913, 0.08465], [0.37008, 0.09646], [0.24803, 0.05315], [-0.33071, 0.14764]]}