{"rank": 17, "key_id": "6030188414500864", "category": "dog", "n_points": 34, "bbox_aspect": 1.2944162436548223, "n_extensions_spliced": 2, "main_perimeter_px": 733.8138137046109, "score": 0.9284446391927906, "coords": [[0.17059, 0.13137], [0.22941, 0.10392], [0.12745, 0.12745], [0.13922, 0.1], [-0.03333, 0.17451], [-0.23725, 0.17451], [-0.30784, 0.10392], [-0.37059, 0.09216], [-0.42549, 0.12353], [-0.45686, 0.16275], [-0.48824, 0.25686], [-0.5, 0.38627], [-0.49216, 0.14314], [-0.42549, 0.06471], [-0.36275, 0.01765], [-0.32353, 0.00588], [-0.26471, 0.01373], [-0.24902, 0.00196], [-0.2098, -0.2451], [-0.18627, -0.27647], [-0.13922, -0.26863], [-0.11961, -0.22941], [-0.09216, -0.13922], [-0.09216, -0.06863], [-0.00196, -0.13137], [0.09608, -0.17059], [0.22157, -0.18235], [0.2098, -0.36275], [0.23333, -0.37843], [0.27255, -0.38627], [0.32353, -0.29608], [0.34706, -0.22941], [0.35098, -0.16667], [0.33529, -0.13137], [0.17059, 0.13137]]}