{"rank": 18, "key_id": "6047616250937344", "category": "dog", "n_points": 33, "bbox_aspect": 1.4970414201183433, "n_extensions_spliced": 2, "main_perimeter_px": 676.7325243176634, "score": 0.9280870239717363, "coords": [[-0.39723, 0.31818], [-0.35375, 0.33399], [-0.27075, 0.33399], [-0.23123, 0.31028], [-0.19565, 0.17984], [-0.15217, 0.09684], [0.14427, 0.08893], [0.22727, 0.07312], [0.31818, 0.07312], [0.40514, 0.08893], [0.44862, 0.07312], [0.5, -0.01383], [0.5, -0.05336], [0.48024, -0.09684], [0.44071, -0.11265], [0.31028, -0.12451], [0.28656, -0.12451], [0.22727, -0.11265], [0.14427, -0.08893], [-0.02174, -0.08893], [-0.11265, -0.13241], [-0.23913, -0.13241], [-0.17984, -0.09684], [-0.27866, -0.1166], [-0.31423, -0.02964], [-0.31423, 0.09684], [-0.39723, 0.15613], [-0.48024, 0.15613], [-0.5, 0.1996], [-0.5, 0.24308], [-0.45652, 0.2747], [-0.43281, 0.31818], [-0.33794, 0.33399], [-0.39723, 0.31818]]}