{"rank": 19, "key_id": "5813481360064512", "category": "dog", "n_points": 35, "bbox_aspect": 1.275, "n_extensions_spliced": 2, "main_perimeter_px": 1134.6197388057928, "score": 0.9261984260590903, "coords": [[-0.21765, -0.17647], [-0.36275, -0.15686], [-0.45294, -0.1098], [-0.5, -0.03922], [-0.49216, 0.03922], [-0.42157, 0.11373], [-0.33529, 0.15294], [-0.21765, 0.17255], [-0.06863, 0.17255], [0.05686, 0.1451], [0.1549, 0.14902], [0.25686, 0.24314], [0.38627, 0.29412], [0.42549, 0.26667], [0.42157, 0.08235], [0.48431, 0.0549], [0.5, 0.00392], [0.42941, -0.05098], [0.32353, -0.09412], [0.30784, -0.35294], [0.13922, -0.39216], [0.12745, -0.34902], [0.15098, -0.16863], [0.0098, -0.17255], [0.02549, -0.33333], [-0.08824, -0.35686], [-0.1, -0.16471], [-0.22549, -0.17255], [-0.22549, -0.33725], [-0.33922, -0.32549], [-0.33137, -0.16078], [-0.40588, -0.15294], [-0.42157, -0.32157], [-0.49608, -0.2902], [-0.49608, -0.01569], [-0.21765, -0.17647]]}