{"rank": 20, "key_id": "5308974490451968", "category": "dog", "n_points": 29, "bbox_aspect": 1.4325842696629214, "n_extensions_spliced": 2, "main_perimeter_px": 627.2898412246246, "score": 0.925561235895077, "coords": [[-0.10392, 0.0902], [-0.09216, 0.11765], [-0.07255, 0.10196], [-0.03725, 0.16471], [0.04118, 0.21569], [0.10392, 0.23922], [0.28039, 0.26667], [0.41373, 0.26667], [0.46471, 0.24706], [0.5, 0.18039], [0.5, 0.09412], [0.42941, -0.01961], [0.37451, -0.05882], [0.30392, -0.08627], [0.27647, -0.07451], [-0.08824, -0.15294], [-0.09216, -0.31373], [-0.07255, -0.3451], [-0.01373, -0.34902], [0.02941, -0.30588], [0.0451, -0.22353], [0.0451, -0.18431], [0.08039, -0.27451], [0.11176, -0.31765], [0.13922, -0.32549], [0.16667, -0.31765], [0.18627, -0.25882], [0.1902, -0.1451], [0.17843, -0.10196], [-0.10392, 0.0902]]}