{"rank": 21, "key_id": "6655664036249600", "category": "dog", "n_points": 29, "bbox_aspect": 1.3636363636363635, "n_extensions_spliced": 2, "main_perimeter_px": 709.8718045370717, "score": 0.9232445508445053, "coords": [[-0.06863, 0.34314], [-0.05294, 0.30784], [-0.11176, 0.32353], [-0.21765, 0.22157], [-0.27255, 0.10392], [-0.28824, -0.02157], [-0.28824, -0.15098], [-0.26078, -0.24902], [-0.22549, -0.30392], [-0.15882, -0.34706], [-0.09608, -0.36667], [-0.0098, -0.36667], [0.12745, -0.27255], [0.18627, -0.19412], [0.2451, -0.03333], [0.2451, 0.10784], [0.14314, 0.26863], [0.02549, 0.32745], [-0.11176, 0.33922], [-0.15882, 0.32353], [-0.1549, 0.31961], [-0.2451, 0.23725], [-0.28431, 0.17451], [-0.33529, 0.03725], [-0.35882, -0.09216], [-0.3549, -0.17843], [-0.33529, -0.18627], [-0.31961, -0.08039], [-0.3, -0.05686], [-0.06863, 0.34314]]}