{"rank": 22, "key_id": "5645047775100928", "category": "dog", "n_points": 33, "bbox_aspect": 1.5088757396449703, "n_extensions_spliced": 2, "main_perimeter_px": 738.8114935642775, "score": 0.9225751844701021, "coords": [[-0.28039, 0.20588], [-0.29608, 0.19804], [-0.30784, 0.15882], [-0.40588, 0.16667], [-0.29608, 0.19804], [-0.25686, 0.29608], [-0.22941, 0.33137], [-0.21373, 0.33137], [-0.16275, 0.17451], [-0.15098, 0.19412], [0.19412, 0.21765], [0.38235, 0.17451], [0.49216, 0.10392], [0.5, 0.06471], [0.45686, -0.02941], [0.42941, -0.26471], [0.4098, -0.32353], [0.3902, -0.33137], [0.37059, -0.28824], [0.34314, -0.17451], [0.32745, -0.04118], [0.29608, -0.04118], [0.13922, -0.10784], [0.04118, -0.08824], [-0.01373, -0.05686], [-0.03725, -0.10392], [-0.08431, -0.31176], [-0.10392, -0.30784], [-0.13137, -0.2451], [-0.14706, -0.09608], [-0.13922, -0.02157], [-0.15882, -0.0098], [-0.31569, 0.00196], [-0.28039, 0.20588]]}