{"rank": 23, "key_id": "6446335060344832", "category": "dog", "n_points": 28, "bbox_aspect": 1.3709677419354838, "n_extensions_spliced": 2, "main_perimeter_px": 604.7992615062489, "score": 0.9186645777101418, "coords": [[0.08431, -0.11373], [0.06471, -0.19608], [-0.00588, -0.29412], [-0.08039, -0.35294], [-0.15098, -0.36471], [-0.16667, -0.33725], [-0.15882, -0.23529], [-0.10784, -0.08627], [-0.23333, -0.07451], [-0.29608, -0.01961], [-0.31176, 0.03529], [-0.31176, 0.12549], [-0.29608, 0.17647], [-0.18627, 0.29412], [-0.11961, 0.33725], [-0.11569, 0.27843], [-0.02157, 0.36471], [0.09216, 0.36078], [0.19412, 0.29412], [0.27255, 0.21961], [0.23725, 0.24314], [0.33922, 0.08627], [0.36667, -0.05882], [0.36275, -0.11765], [0.33922, -0.1451], [0.25686, -0.18039], [0.14706, -0.18431], [0.12745, -0.17647], [0.08431, -0.11373]]}