{"rank": 24, "key_id": "4838308213424128", "category": "dog", "n_points": 37, "bbox_aspect": 1.5548780487804879, "n_extensions_spliced": 2, "main_perimeter_px": 463.47707389908743, "score": 0.9182192501675563, "coords": [[-0.25294, -0.1451], [-0.25294, -0.08627], [-0.37059, -0.07451], [-0.42157, -0.01569], [-0.47647, 0.00392], [-0.48824, 0.03137], [-0.5, 0.09412], [-0.47255, 0.16078], [-0.42549, 0.22353], [-0.43333, 0.22745], [-0.34706, 0.23137], [-0.42549, 0.22353], [-0.47255, 0.16078], [-0.5, 0.09412], [-0.48824, 0.03137], [-0.47647, 0.00392], [-0.42157, -0.01569], [-0.37059, -0.07451], [-0.25294, -0.08627], [-0.25686, -0.14902], [-0.27647, -0.31373], [-0.11961, -0.3098], [-0.13529, -0.26275], [-0.13529, -0.18431], [-0.08824, -0.07451], [-0.11569, -0.07843], [0.09608, -0.06667], [0.07647, -0.29412], [0.06471, -0.31373], [0.22941, -0.32157], [0.23725, -0.24314], [0.29216, -0.08627], [0.28039, -0.07451], [0.31961, -0.07059], [0.47255, 0.02745], [0.5, 0.07843], [0.5, 0.1098], [-0.25294, -0.1451]]}