{"rank": 25, "key_id": "5384461489274880", "category": "dog", "n_points": 35, "bbox_aspect": 1.2587064676616915, "n_extensions_spliced": 2, "main_perimeter_px": 835.4743745058794, "score": 0.9171953074997288, "coords": [[0.18775, 0.15217], [0.22332, 0.32609], [0.10079, 0.17984], [-0.18775, 0.13241], [-0.27866, 0.06126], [-0.2747, -0.08893], [-0.34585, -0.13241], [-0.45257, -0.1087], [-0.5, -0.12846], [-0.5, -0.20751], [-0.46838, -0.23518], [-0.37747, -0.24704], [-0.27866, -0.20751], [-0.25889, -0.25099], [-0.25889, -0.38142], [-0.22727, -0.39723], [-0.14822, -0.3419], [-0.12846, -0.21542], [-0.12055, -0.27866], [-0.07312, -0.33794], [-0.01779, -0.32609], [0.02174, -0.25889], [0.04545, -0.12451], [0.07312, -0.22332], [0.14032, -0.29842], [0.21937, -0.2747], [0.23913, -0.17589], [0.27866, -0.25494], [0.31818, -0.27075], [0.38933, -0.23518], [0.40514, -0.1917], [0.39328, -0.05336], [0.42095, 0.06126], [0.48419, 0.11265], [0.5, 0.19565], [0.18775, 0.15217]]}