{"rank": 26, "key_id": "5092344187584512", "category": "dog", "n_points": 35, "bbox_aspect": 1.2587064676616915, "n_extensions_spliced": 2, "main_perimeter_px": 773.223342186197, "score": 0.9171953074997288, "coords": [[0.08103, 0.16008], [0.08498, 0.1996], [0.00198, 0.10079], [-0.00593, 0.02174], [0.02174, -0.05336], [0.00198, -0.06522], [-0.14032, -0.06522], [-0.42095, -0.09289], [-0.49605, -0.15217], [-0.5, -0.21146], [-0.46443, -0.2668], [-0.39723, -0.28656], [-0.2668, -0.25889], [-0.14822, -0.21937], [0.05731, -0.20356], [0.10474, -0.14427], [0.13241, -0.27866], [0.14822, -0.27075], [0.15613, -0.16403], [0.1166, -0.12846], [0.04545, -0.13636], [-0.00198, -0.18379], [-0.01779, -0.27075], [-0.00593, -0.36561], [-0.08103, -0.23913], [-0.13636, -0.24704], [-0.16008, -0.3419], [-0.21146, -0.37747], [-0.29842, -0.32609], [-0.31818, -0.27866], [-0.33004, -0.34585], [-0.38538, -0.39723], [-0.46047, -0.36957], [-0.47233, -0.29447], [-0.45652, -0.2668], [0.08103, 0.16008]]}