{"rank": 27, "key_id": "4828646902595584", "category": "dog", "n_points": 28, "bbox_aspect": 1.4350282485875707, "n_extensions_spliced": 2, "main_perimeter_px": 585.322535602815, "score": 0.9160347248568871, "coords": [[-0.23622, 0.27756], [-0.27165, 0.25394], [-0.3189, 0.19094], [-0.34252, 0.13189], [-0.35433, 0.06102], [-0.34646, -0.09252], [-0.31496, -0.16339], [-0.26378, -0.23031], [-0.20866, -0.2815], [-0.1378, -0.3248], [-0.05512, -0.34843], [0.11417, -0.34843], [0.19685, -0.31693], [0.25984, -0.26575], [0.31102, -0.20276], [0.34646, -0.13583], [0.3622, -0.05709], [0.35433, 0.10827], [0.3189, 0.18701], [0.26772, 0.26181], [0.19685, 0.30906], [0.11417, 0.34055], [0.09449, 0.34055], [0.01575, 0.34843], [-0.0748, 0.34449], [-0.15748, 0.32087], [-0.13386, 0.31299], [-0.25984, 0.25787], [-0.23622, 0.27756]]}