{"rank": 28, "key_id": "5214688314916864", "category": "dog", "n_points": 28, "bbox_aspect": 1.4350282485875707, "n_extensions_spliced": 2, "main_perimeter_px": 572.3336994418912, "score": 0.9160347248568871, "coords": [[0.20472, 0.26575], [0.18898, 0.28937], [0.14567, 0.30118], [0.15354, 0.29331], [-0.14567, 0.30118], [-0.3189, 0.25], [-0.35827, 0.2185], [-0.38189, 0.23425], [-0.36614, 0.11614], [-0.40551, 0.07283], [-0.42913, 0.00591], [-0.4252, -0.06102], [-0.38976, -0.17126], [-0.32677, -0.25787], [-0.26772, -0.30512], [-0.15748, -0.34449], [-0.07087, -0.34843], [0.05118, -0.34449], [0.1378, -0.30906], [0.17323, -0.26575], [0.20472, -0.25], [0.24803, -0.19488], [0.27165, -0.14764], [0.28346, -0.04528], [0.28346, 0.04134], [0.26772, 0.09252], [0.22047, 0.15945], [0.19685, 0.25787], [0.20472, 0.26575]]}