{"rank": 29, "key_id": "4936742291374080", "category": "dog", "n_points": 43, "bbox_aspect": 1.3492063492063493, "n_extensions_spliced": 2, "main_perimeter_px": 431.32533816583776, "score": 0.9157976721009663, "coords": [[-0.09608, 0.02941], [-0.31961, 0.34706], [-0.44902, 0.33137], [-0.48039, 0.31176], [-0.49608, 0.26471], [-0.5, 0.17451], [-0.47255, 0.10392], [-0.42157, 0.03725], [-0.33922, 0.00196], [-0.25686, 0.00196], [-0.18627, 0.02941], [-0.14314, 0.05686], [-0.11176, 0.10784], [-0.12353, 0.06863], [-0.18627, 0.02941], [-0.25686, 0.00196], [-0.33922, 0.00196], [-0.42157, 0.03725], [-0.47255, 0.10392], [-0.5, 0.17451], [-0.49608, 0.26471], [-0.48039, 0.31176], [-0.44902, 0.33137], [-0.31961, 0.34706], [-0.10784, -0.03725], [-0.06078, -0.08431], [-0.05294, -0.10784], [-0.07255, -0.22941], [-0.07255, -0.33137], [-0.05294, -0.36275], [0.02157, -0.37059], [0.0451, -0.26863], [0.05686, -0.10784], [0.07255, -0.09608], [0.13137, -0.10784], [0.17059, -0.13529], [0.17059, -0.34314], [0.27647, -0.3549], [0.36667, -0.34314], [0.36667, -0.3], [0.34314, -0.23725], [0.33137, -0.12745], [0.5, -0.17843], [-0.09608, 0.02941]]}