{"rank": 30, "key_id": "6730913218035712", "category": "dog", "n_points": 31, "bbox_aspect": 1.3160621761658031, "n_extensions_spliced": 2, "main_perimeter_px": 683.7503330148769, "score": 0.9150536223780401, "coords": [[-0.29134, 0.30906], [-0.25591, 0.32874], [-0.2126, 0.37992], [-0.18898, 0.37598], [-0.12992, 0.26575], [-0.04331, 0.21457], [0.11811, 0.08858], [0.23228, -0.02953], [0.39764, -0.10827], [0.37795, -0.09646], [0.43307, -0.19882], [0.41732, -0.27756], [0.36614, -0.32087], [0.29134, -0.34449], [0.09449, -0.37992], [0.02362, -0.35236], [0.01181, -0.32087], [0.1063, -0.31299], [0.13386, -0.24606], [0.11811, -0.20276], [-0.11024, -0.19094], [-0.1378, -0.22638], [-0.15354, -0.30118], [-0.17717, -0.33661], [-0.19291, -0.3563], [-0.22047, -0.36024], [-0.25591, -0.26181], [-0.16535, -0.06496], [-0.18504, 0.00591], [-0.24016, 0.08465], [-0.24409, 0.10039], [-0.29134, 0.30906]]}