{"rank": 31, "key_id": "4759168693043200", "category": "dog", "n_points": 27, "bbox_aspect": 1.3783783783783783, "n_extensions_spliced": 2, "main_perimeter_px": 667.3743590405035, "score": 0.9141048384212219, "coords": [[-0.19804, 0.32353], [-0.25294, 0.35882], [-0.37843, 0.36275], [-0.42157, 0.33529], [-0.48824, 0.2098], [-0.5, 0.08431], [-0.47647, 0.00588], [-0.41765, -0.13137], [-0.41765, -0.28824], [-0.34706, -0.29216], [-0.31176, -0.27255], [-0.30784, -0.25686], [-0.12745, -0.28824], [-0.30784, -0.13922], [-0.34314, 0.06078], [-0.33922, 0.15098], [-0.3, 0.2098], [-0.25686, 0.25294], [-0.15882, 0.28824], [0.02549, 0.28824], [0.16667, 0.2451], [0.32745, 0.23725], [0.40196, 0.20588], [0.43333, 0.17843], [0.48431, 0.09216], [0.5, -0.01373], [0.48824, -0.13529], [-0.19804, 0.32353]]}