{"rank": 32, "key_id": "6105825556824064", "category": "dog", "n_points": 31, "bbox_aspect": 1.309278350515464, "n_extensions_spliced": 2, "main_perimeter_px": 766.3225355864164, "score": 0.9114360432671302, "coords": [[-0.20472, -0.18504], [-0.20866, -0.2874], [-0.16929, -0.34252], [-0.12992, -0.25591], [-0.11811, -0.09843], [-0.10236, -0.08661], [0.20472, -0.10236], [0.22441, -0.16535], [0.22441, -0.35433], [0.24409, -0.37402], [0.26772, -0.38189], [0.2874, -0.35039], [0.29921, -0.2874], [0.29528, -0.06693], [0.31496, -0.03937], [0.3189, 0.02362], [0.48031, 0.03937], [0.5, 0.08268], [0.5, 0.14173], [0.39764, 0.1811], [0.37402, 0.2126], [0.34252, 0.35433], [0.27953, 0.38189], [0.23622, 0.38189], [0.17717, 0.33858], [0.06299, 0.17717], [-0.18504, 0.18504], [-0.2126, 0.16929], [-0.23622, 0.08268], [-0.26378, 0.0748], [-0.23228, -0.14173], [-0.20472, -0.18504]]}