{"rank": 33, "key_id": "4579368879783936", "category": "dog", "n_points": 28, "bbox_aspect": 1.3563829787234043, "n_extensions_spliced": 2, "main_perimeter_px": 656.4182961712048, "score": 0.9111778753284182, "coords": [[-0.30784, -0.01569], [-0.31569, 0.03137], [-0.30392, 0.06667], [-0.26863, 0.12941], [-0.24902, 0.12941], [-0.19804, 0.21176], [-0.12353, 0.25882], [-0.04118, 0.29412], [0.10784, 0.30196], [0.26078, 0.22353], [0.37451, 0.12157], [0.38627, 0.05882], [0.37451, 0.06275], [0.38627, -0.02353], [0.37059, -0.12157], [0.31961, -0.25098], [0.2451, -0.3098], [0.15882, -0.3451], [-0.02549, -0.36863], [-0.1902, -0.36863], [-0.22157, -0.3451], [-0.30392, -0.20784], [-0.31961, -0.1098], [-0.32353, -0.01569], [-0.29216, 0.10196], [-0.24902, 0.17255], [-0.19804, 0.22353], [-0.13529, 0.23922], [-0.30784, -0.01569]]}