{"rank": 34, "key_id": "6387085772587008", "category": "dog", "n_points": 40, "bbox_aspect": 1.5178571428571428, "n_extensions_spliced": 2, "main_perimeter_px": 421.96332193137056, "score": 0.9100875362728986, "coords": [[-0.03333, 0.27451], [-0.03333, 0.2902], [-0.06471, 0.31373], [-0.12353, 0.32941], [-0.22157, 0.32941], [-0.28824, 0.27843], [-0.37059, 0.19608], [-0.48824, 0.04706], [-0.5, -0.00784], [-0.49608, -0.1098], [-0.46471, -0.1451], [-0.2451, -0.13333], [-0.06471, -0.10196], [-0.00588, -0.07451], [0.08431, -0.0902], [0.06471, -0.32549], [0.14706, -0.32941], [0.20196, -0.27059], [0.19804, -0.08235], [0.15882, -0.12549], [0.13529, -0.13333], [-0.1, -0.12157], [-0.1, -0.13725], [-0.02549, -0.13333], [-0.00196, -0.1098], [0.02549, -0.07451], [-0.02549, -0.13333], [-0.1, -0.13725], [-0.1, -0.12157], [0.13529, -0.13333], [0.15882, -0.12549], [0.19804, -0.08235], [0.20196, -0.27059], [0.14706, -0.32941], [0.06471, -0.32549], [0.08431, -0.0902], [0.02157, 0.00392], [0.01765, 0.14118], [-0.03333, 0.26275], [-0.05294, 0.27843], [-0.03333, 0.27451]]}