{"rank": 35, "key_id": "5621569789362176", "category": "dog", "n_points": 35, "bbox_aspect": 1.2450980392156863, "n_extensions_spliced": 2, "main_perimeter_px": 1026.2128857359305, "score": 0.9095860922538418, "coords": [[-0.16535, -0.06693], [-0.02756, -0.04724], [-0.07087, -0.25197], [-0.0748, -0.34252], [0.0315, -0.31102], [0.0315, -0.11024], [0.04331, -0.05118], [0.19291, -0.05118], [0.13386, -0.19685], [0.13386, -0.34252], [0.29134, -0.27559], [0.27559, -0.06299], [0.31496, -0.07087], [0.35433, -0.19291], [0.38583, -0.22835], [0.46063, -0.2126], [0.5, -0.15748], [0.49606, -0.0748], [0.41339, -0.11024], [0.35433, -0.03937], [0.33858, 0.03937], [0.26378, 0.09449], [0.15354, 0.11024], [-0.0315, 0.17323], [-0.12598, 0.27165], [-0.20866, 0.28346], [-0.34252, 0.19685], [-0.38976, 0.25984], [-0.39764, 0.32283], [-0.27953, 0.40157], [-0.26378, 0.34646], [-0.36614, 0.17717], [-0.40157, 0.01575], [-0.44094, 0.01969], [-0.44488, 0.12598], [-0.16535, -0.06693]]}