{"rank": 36, "key_id": "4703189632811008", "category": "dog", "n_points": 29, "bbox_aspect": 1.3368421052631578, "n_extensions_spliced": 2, "main_perimeter_px": 539.9266028116878, "score": 0.9093532374324529, "coords": [[0.18898, 0.05906], [0.24409, 0.09055], [0.22441, -0.03543], [0.18898, -0.30315], [0.19685, -0.32283], [0.12992, -0.37402], [0.09449, -0.36614], [0.05512, -0.31102], [0.04724, -0.27559], [0.09843, -0.12992], [0.06299, -0.09843], [-0.02756, -0.06299], [-0.04724, -0.05906], [-0.06299, -0.07087], [-0.09449, -0.12598], [-0.04724, -0.30315], [-0.10236, -0.34252], [-0.17323, -0.33465], [-0.20866, -0.24409], [-0.2126, -0.18898], [-0.18898, -0.09843], [-0.19291, -0.05906], [-0.3189, -0.02362], [-0.38976, -0.01969], [-0.40157, -0.12205], [-0.38583, -0.18504], [-0.45669, -0.19291], [-0.49213, -0.18504], [-0.5, -0.16535], [0.18898, 0.05906]]}