{"rank": 37, "key_id": "4966399711641600", "category": "dog", "n_points": 26, "bbox_aspect": 1.4189944134078212, "n_extensions_spliced": 2, "main_perimeter_px": 634.1922132456959, "score": 0.9072333094770686, "coords": [[0.00787, 0.34449], [-0.05906, 0.35236], [-0.13386, 0.33661], [-0.22441, 0.29331], [-0.30315, 0.22244], [-0.34646, 0.16732], [-0.3189, 0.17913], [-0.39764, 0.04921], [-0.41732, -0.14764], [-0.37402, -0.24213], [-0.28346, -0.30906], [-0.22047, -0.33268], [-0.02756, -0.35236], [0.10236, -0.32874], [0.20866, -0.27756], [0.25197, -0.23819], [0.31496, -0.15157], [0.34646, -0.0374], [0.35827, -0.02953], [0.35039, 0.07677], [0.33071, 0.13189], [0.25197, 0.24606], [0.1378, 0.30512], [0.0, 0.32874], [-0.09843, 0.32874], [-0.15354, 0.30512], [0.00787, 0.34449]]}