{"rank": 38, "key_id": "5205503288279040", "category": "dog", "n_points": 25, "bbox_aspect": 1.4033149171270718, "n_extensions_spliced": 2, "main_perimeter_px": 526.5088474825621, "score": 0.9066778339412848, "coords": [[-0.01969, -0.0689], [-0.0748, -0.09252], [-0.13386, -0.09252], [-0.20866, -0.08071], [-0.33465, -0.02953], [-0.40157, 0.02953], [-0.37008, 0.01378], [-0.41339, 0.20276], [-0.3937, 0.24606], [-0.35433, 0.28937], [-0.20866, 0.35236], [-0.10236, 0.3563], [0.08661, 0.32087], [0.16535, 0.27756], [0.16142, 0.29724], [0.22835, 0.19094], [0.26378, 0.09252], [0.26772, 0.05709], [0.24803, 0.02559], [0.19291, -0.0374], [0.12205, -0.09252], [0.0, -0.13189], [-0.05906, -0.13189], [-0.1378, -0.10433], [-0.17323, -0.01378], [-0.01969, -0.0689]]}