{"rank": 39, "key_id": "5135809629913088", "category": "dog", "n_points": 25, "bbox_aspect": 1.3934426229508197, "n_extensions_spliced": 2, "main_perimeter_px": 610.2881035993266, "score": 0.905046942320388, "coords": [[-0.00588, 0.32353], [-0.05686, 0.34706], [-0.14314, 0.34706], [-0.26078, 0.27647], [-0.2098, 0.31176], [-0.3549, 0.14706], [-0.41373, 0.00588], [-0.41765, -0.13529], [-0.3902, -0.19804], [-0.33922, -0.25686], [-0.20588, -0.33922], [-0.12745, -0.35882], [0.01765, -0.35882], [0.15098, -0.31176], [0.24118, -0.2451], [0.3, -0.1549], [0.31961, -0.09216], [0.32745, 0.02549], [0.31569, 0.08039], [0.25686, 0.19412], [0.1549, 0.28431], [0.09608, 0.31569], [0.09216, 0.31961], [-0.02157, 0.3549], [-0.09608, 0.35882], [-0.00588, 0.32353]]}