{"rank": 40, "key_id": "5503899110735872", "category": "dog", "n_points": 25, "bbox_aspect": 1.3879781420765027, "n_extensions_spliced": 2, "main_perimeter_px": 499.76428422091044, "score": 0.9022964476224652, "coords": [[-0.07087, 0.33661], [-0.11811, 0.3563], [-0.16929, 0.32087], [-0.23228, 0.22244], [-0.25984, 0.13976], [-0.27559, 0.04921], [-0.27165, 0.06102], [-0.27165, -0.08858], [-0.23228, -0.22244], [-0.18504, -0.29724], [-0.15354, -0.3248], [-0.12205, -0.34449], [-0.04724, -0.36024], [-0.00787, -0.36024], [0.05906, -0.32087], [0.14961, -0.23425], [0.19291, -0.16732], [0.23228, -0.05315], [0.24409, 0.09646], [0.22835, 0.16339], [0.16535, 0.26969], [0.11811, 0.31299], [0.09055, 0.28937], [0.01575, 0.36024], [-0.05906, 0.3563], [-0.07087, 0.33661]]}