{"rank": 41, "key_id": "5737647639101440", "category": "dog", "n_points": 35, "bbox_aspect": 1.5974842767295598, "n_extensions_spliced": 2, "main_perimeter_px": 814.795057576832, "score": 0.8992961869427021, "coords": [[-0.22835, 0.22244], [-0.16535, 0.1437], [-0.12992, 0.07283], [-0.03937, 0.11614], [0.1811, 0.11614], [0.30315, 0.0689], [0.37795, -0.02165], [0.44882, 0.01378], [0.48819, 0.10827], [0.49606, 0.18307], [0.5, -0.00591], [0.47244, -0.04134], [0.36614, -0.04921], [0.34646, -0.13583], [0.33465, -0.30118], [0.31496, -0.31299], [0.23622, -0.31299], [0.16535, -0.27756], [0.14567, -0.25394], [0.15354, -0.22244], [0.23228, -0.20276], [0.23622, -0.00197], [0.21654, 0.00591], [0.1378, 0.01772], [-0.05906, 0.00984], [-0.05906, -0.10433], [-0.01181, -0.19488], [-0.01575, -0.21457], [-0.08661, -0.26181], [-0.20079, -0.2185], [-0.2126, -0.18307], [-0.15354, -0.12795], [-0.15354, -0.02953], [-0.20866, 0.00591], [-0.19685, 0.08071], [-0.22835, 0.22244]]}