{"rank": 42, "key_id": "6209062867828736", "category": "dog", "n_points": 30, "bbox_aspect": 1.3010204081632653, "n_extensions_spliced": 2, "main_perimeter_px": 554.7988233474266, "score": 0.8986736545146872, "coords": [[0.42941, 0.03137], [0.49608, -0.08627], [0.5, -0.19608], [0.49216, -0.21569], [0.45686, -0.25098], [0.42941, -0.25882], [0.42549, -0.19608], [0.36275, -0.00784], [0.34706, -0.0], [0.28039, -0.0], [0.25294, -0.02353], [0.23333, -0.07451], [0.17059, -0.32941], [0.14314, -0.37647], [0.12745, -0.38431], [0.08039, -0.35294], [0.05686, -0.30588], [0.05294, -0.23922], [0.09608, -0.14118], [0.09216, -0.05098], [0.03333, -0.03922], [0.00196, -0.0549], [-0.02157, -0.09412], [-0.08039, -0.2549], [-0.11961, -0.26667], [-0.16275, -0.22745], [-0.20196, -0.13333], [-0.20588, -0.09804], [-0.12745, 0.01569], [-0.12353, -0.01569], [0.42941, 0.03137]]}