{"rank": 43, "key_id": "4979866174750720", "category": "dog", "n_points": 27, "bbox_aspect": 1.457142857142857, "n_extensions_spliced": 2, "main_perimeter_px": 556.381614167572, "score": 0.8969962657704107, "coords": [[-0.28039, 0.19804], [-0.31176, 0.19804], [-0.34314, 0.16667], [-0.37059, 0.10784], [-0.37451, 0.03333], [-0.36667, -0.02941], [-0.33922, -0.08431], [-0.28039, -0.16667], [-0.19804, -0.23725], [-0.09216, -0.28824], [0.02549, -0.30392], [0.10392, -0.30392], [0.18627, -0.27255], [0.27647, -0.1902], [0.31961, -0.11961], [0.34314, -0.04118], [0.34706, 0.11569], [0.29608, 0.21373], [0.31569, 0.22157], [0.2451, 0.25686], [0.13922, 0.30392], [-0.0098, 0.33137], [-0.1549, 0.34314], [-0.20196, 0.32353], [-0.23725, 0.28824], [-0.25294, 0.30784], [-0.27647, 0.20196], [-0.28039, 0.19804]]}