{"rank": 44, "key_id": "6486440508653568", "category": "dog", "n_points": 24, "bbox_aspect": 1.3934426229508197, "n_extensions_spliced": 2, "main_perimeter_px": 501.8426958289273, "score": 0.8967136089870547, "coords": [[-0.01765, 0.2451], [0.00196, 0.27647], [0.08824, 0.27647], [0.19412, 0.20196], [0.17059, 0.24118], [0.28039, 0.08431], [0.30784, 0.00588], [0.31961, -0.11176], [0.29608, -0.18627], [0.24902, -0.25686], [0.13529, -0.33137], [0.0451, -0.35882], [-0.04118, -0.35882], [-0.09216, -0.34706], [-0.16667, -0.30784], [-0.22549, -0.25686], [-0.26078, -0.19804], [-0.27647, -0.13137], [-0.27647, -0.03333], [-0.23333, 0.10392], [-0.24902, 0.08824], [-0.13529, 0.22157], [-0.08039, 0.25294], [-0.00196, 0.26078], [-0.01765, 0.2451]]}