{"rank": 45, "key_id": "6723077171838976", "category": "dog", "n_points": 24, "bbox_aspect": 1.408839779005525, "n_extensions_spliced": 2, "main_perimeter_px": 502.5305309471652, "score": 0.8955940059100288, "coords": [[0.31176, 0.02941], [0.30392, 0.08824], [0.28039, 0.12353], [0.20196, 0.22157], [0.14706, 0.26471], [0.06078, 0.31176], [-0.06471, 0.3549], [-0.10784, 0.3549], [-0.16275, 0.33922], [-0.24902, 0.3], [-0.3, 0.26471], [-0.29216, 0.28039], [-0.33137, 0.21373], [-0.35098, 0.15882], [-0.33137, 0.02157], [-0.24118, -0.15882], [-0.2098, -0.19804], [-0.11176, -0.23725], [0.05686, -0.22941], [0.15882, -0.18627], [0.28824, -0.08824], [0.30392, -0.11569], [0.30784, -0.04118], [0.30784, 0.03725], [0.31176, 0.02941]]}