{"rank": 46, "key_id": "4840743531184128", "category": "dog", "n_points": 35, "bbox_aspect": 1.6075949367088607, "n_extensions_spliced": 2, "main_perimeter_px": 723.0068266685532, "score": 0.8948797685074169, "coords": [[-0.04331, 0.08268], [-0.38976, 0.09843], [-0.46457, 0.05906], [-0.5, -0.0], [-0.48425, -0.04724], [-0.38189, -0.11811], [-0.36614, -0.17323], [-0.36614, -0.26378], [-0.34646, -0.29528], [-0.29921, -0.27559], [-0.29134, -0.14173], [-0.28346, -0.26378], [-0.25591, -0.2874], [-0.21654, -0.2874], [-0.20472, -0.25591], [-0.20079, -0.16142], [-0.18898, -0.26772], [-0.16142, -0.30709], [-0.12992, -0.31102], [-0.10236, -0.22441], [-0.07874, -0.27165], [-0.01181, -0.26772], [-0.00787, -0.22441], [-0.0315, -0.1378], [-0.0315, -0.06693], [-0.01575, -0.01969], [0.1378, 0.01181], [0.20079, 0.04724], [0.23228, 0.09449], [0.22835, 0.12205], [0.18504, 0.16535], [0.25591, 0.22835], [0.0748, 0.1811], [0.03937, 0.16142], [-0.01181, 0.07874], [-0.04331, 0.08268]]}