{"rank": 47, "key_id": "6455577142099968", "category": "dog", "n_points": 25, "bbox_aspect": 1.3709677419354838, "n_extensions_spliced": 2, "main_perimeter_px": 593.5609584488152, "score": 0.8936645777101417, "coords": [[0.0098, -0.3451], [-0.08039, -0.33725], [-0.15882, -0.29804], [-0.31176, -0.14118], [-0.33922, -0.05098], [-0.32745, 0.11765], [-0.26471, 0.26275], [-0.28431, 0.26667], [-0.20588, 0.3098], [-0.08824, 0.35294], [0.14314, 0.36471], [0.22549, 0.34118], [0.26863, 0.3098], [0.30784, 0.25882], [0.33529, 0.25882], [0.34314, 0.18431], [0.35882, 0.09412], [0.3549, 0.01569], [0.32745, -0.1098], [0.29608, -0.17255], [0.22549, -0.25882], [0.18627, -0.29412], [0.08039, -0.34902], [-0.01373, -0.36471], [-0.05686, -0.36078], [0.0098, -0.3451]]}