{"rank": 48, "key_id": "6170384602759168", "category": "dog", "n_points": 25, "bbox_aspect": 1.3709677419354838, "n_extensions_spliced": 2, "main_perimeter_px": 539.7596994720169, "score": 0.8936645777101417, "coords": [[-0.0451, -0.18824], [-0.03725, -0.34902], [0.02941, -0.36471], [0.07255, -0.27843], [0.07255, -0.23137], [0.08431, -0.21176], [0.16275, -0.16078], [0.27647, 0.0549], [0.3, 0.11765], [0.3, 0.20784], [0.30784, 0.2], [0.26078, 0.25882], [0.16667, 0.31765], [0.1, 0.34118], [-0.13922, 0.33333], [-0.2098, 0.29412], [-0.22157, 0.3098], [-0.27647, 0.2], [-0.29216, 0.13333], [-0.29216, 0.05098], [-0.27255, -0.01569], [-0.23333, -0.06275], [-0.11176, -0.16078], [-0.05686, -0.19216], [-0.01373, -0.2], [-0.0451, -0.18824]]}