{"rank": 49, "key_id": "5356307580190720", "category": "dog", "n_points": 27, "bbox_aspect": 1.4655172413793103, "n_extensions_spliced": 2, "main_perimeter_px": 632.9335641897195, "score": 0.8929847934741211, "coords": [[-0.21373, 0.18431], [0.03725, 0.17255], [0.11176, 0.2], [0.24902, 0.32549], [0.35882, 0.34118], [0.43725, 0.30196], [0.49608, 0.23529], [0.5, 0.16863], [0.45686, 0.08627], [0.4098, 0.0549], [0.37059, 0.04706], [0.28824, 0.04706], [0.24902, 0.06667], [0.1902, 0.06275], [0.1, -0.05098], [0.09608, -0.00392], [0.00588, -0.09804], [-0.09216, -0.11373], [-0.2451, -0.10196], [-0.40196, -0.05098], [-0.47255, -0.01176], [-0.4451, 0.03137], [-0.5, 0.04706], [-0.5, 0.13333], [-0.47647, 0.16078], [-0.44118, 0.17647], [-0.18235, 0.21569], [-0.21373, 0.18431]]}