{"rank": 50, "key_id": "5048129244102656", "category": "dog", "n_points": 35, "bbox_aspect": 1.2142857142857142, "n_extensions_spliced": 2, "main_perimeter_px": 913.3355552871453, "score": 0.8920453111404878, "coords": [[-0.20588, 0.23922], [-0.23725, 0.27059], [-0.12745, 0.25098], [0.00196, 0.30196], [0.11961, 0.24706], [0.2451, 0.23529], [0.32353, 0.19608], [0.35098, 0.16078], [0.3, 0.12549], [0.36275, 0.10588], [0.37843, -0.00392], [0.36667, -0.21569], [0.32745, -0.31373], [0.27255, -0.35294], [0.21765, -0.32157], [0.17843, -0.25098], [0.16275, -0.17255], [0.16275, -0.02745], [0.11569, -0.21569], [0.06471, -0.3098], [0.02549, -0.30588], [-0.02157, -0.23137], [-0.07647, -0.39216], [-0.13922, -0.38431], [-0.17451, -0.27059], [-0.15882, -0.11765], [-0.12745, -0.08627], [-0.12745, -0.14118], [-0.15882, -0.25882], [-0.18627, -0.3098], [-0.25294, -0.37255], [-0.27255, -0.33333], [-0.25686, -0.12549], [-0.22157, -0.07059], [-0.15882, -0.02745], [-0.20588, 0.23922]]}