{"rank": 51, "key_id": "6213598554619904", "category": "dog", "n_points": 24, "bbox_aspect": 1.4166666666666667, "n_extensions_spliced": 2, "main_perimeter_px": 575.9083879578026, "score": 0.891715879647098, "coords": [[0.07647, 0.2902], [-0.02941, 0.29412], [-0.14706, 0.27843], [-0.17843, 0.28627], [-0.23333, 0.2549], [-0.27647, 0.22353], [-0.30392, 0.17647], [-0.33529, 0.08627], [-0.33529, -0.06275], [-0.31176, -0.15686], [-0.28431, -0.20784], [-0.22941, -0.26275], [-0.13922, -0.30196], [0.07255, -0.31373], [0.26863, -0.26275], [0.33922, -0.2], [0.38627, -0.08627], [0.3902, 0.07059], [0.37059, 0.12941], [0.31569, 0.21176], [0.34706, 0.2549], [0.23333, 0.26667], [0.09608, 0.29412], [0.02941, 0.26667], [0.07647, 0.2902]]}