{"rank": 52, "key_id": "6542783907102720", "category": "dog", "n_points": 34, "bbox_aspect": 1.2259615384615385, "n_extensions_spliced": 2, "main_perimeter_px": 788.475607978289, "score": 0.89041059351846, "coords": [[-0.31569, 0.09412], [-0.31569, 0.0902], [-0.25294, 0.12157], [-0.08431, 0.22353], [-0.23333, -0.01961], [-0.22941, -0.25098], [-0.21373, -0.3451], [-0.19804, -0.36078], [-0.17451, -0.35686], [-0.14706, -0.30196], [-0.13922, -0.19608], [-0.11176, -0.09804], [-0.05686, -0.07451], [-0.03333, -0.10588], [-0.03333, -0.24706], [-0.00196, -0.40784], [0.01765, -0.40784], [0.06078, -0.33333], [0.08824, -0.08627], [0.12745, -0.07843], [0.16667, -0.09412], [0.17059, -0.27843], [0.20588, -0.38039], [0.22157, -0.4], [0.26863, -0.4], [0.32745, -0.29804], [0.3549, -0.13725], [0.3549, -0.06275], [0.34706, -0.31373], [0.36667, -0.36863], [0.42941, -0.39216], [0.48039, -0.35294], [0.49608, -0.30588], [0.5, -0.11765], [-0.31569, 0.09412]]}