{"rank": 53, "key_id": "6324081534173184", "category": "dog", "n_points": 24, "bbox_aspect": 1.3783783783783783, "n_extensions_spliced": 2, "main_perimeter_px": 542.4936071155691, "score": 0.8891048384212219, "coords": [[0.16275, -0.31176], [0.05686, -0.32353], [-0.0451, -0.31176], [-0.12745, -0.26863], [-0.20196, -0.19804], [-0.2451, -0.12745], [-0.26471, -0.06471], [-0.26863, 0.09216], [-0.22549, 0.19412], [-0.1902, 0.24118], [-0.1, 0.31176], [-0.08824, 0.31176], [-0.04902, 0.33529], [0.06471, 0.36275], [0.20588, 0.35882], [0.28824, 0.25686], [0.32353, 0.14314], [0.33922, 0.00196], [0.30392, -0.01373], [0.33922, -0.14706], [0.32745, -0.2098], [0.26863, -0.31569], [0.23725, -0.34314], [0.1902, -0.36275], [0.16275, -0.31176]]}