{"rank": 54, "key_id": "4897900364562432", "category": "dog", "n_points": 32, "bbox_aspect": 1.5644171779141105, "n_extensions_spliced": 2, "main_perimeter_px": 644.4533444008952, "score": 0.888937891255351, "coords": [[0.31569, 0.08824], [0.32353, 0.12745], [0.27647, 0.04902], [0.26863, -0.00588], [0.23333, -0.1], [0.23333, -0.13529], [0.3, -0.27647], [0.29216, -0.31569], [0.26863, -0.31961], [0.19412, -0.29608], [0.15098, -0.26471], [0.14314, -0.10392], [0.09216, -0.15098], [0.06863, -0.21373], [0.00588, -0.28431], [0.00196, -0.22941], [0.06471, -0.08039], [0.04902, -0.06471], [-0.23333, -0.02157], [-0.27647, -0.08824], [-0.29216, -0.16667], [-0.3, -0.18235], [-0.31569, -0.18627], [-0.33529, -0.1549], [-0.33529, -0.03725], [-0.31569, 0.01373], [-0.37451, -0.03725], [-0.43333, -0.16667], [-0.46863, -0.1902], [-0.48824, -0.15882], [-0.5, -0.06471], [-0.45686, 0.14706], [0.31569, 0.08824]]}