{"rank": 55, "key_id": "6180671183650816", "category": "dog", "n_points": 34, "bbox_aspect": 1.6037735849056605, "n_extensions_spliced": 2, "main_perimeter_px": 890.5497934859711, "score": 0.888212358911446, "coords": [[-0.33529, 0.16275], [-0.38627, 0.17059], [-0.46078, 0.14706], [-0.48824, 0.07647], [-0.40196, 0.07255], [-0.44118, 0.00196], [-0.42157, -0.0451], [-0.34706, -0.07647], [-0.16667, -0.04902], [-0.19804, -0.20588], [-0.13529, -0.20196], [-0.0451, -0.08431], [-0.05294, -0.16667], [0.01765, -0.13529], [0.05686, -0.07255], [0.03333, -0.28039], [0.08824, -0.26863], [0.13137, -0.22157], [0.18627, -0.08039], [0.16667, -0.26078], [0.24118, -0.30784], [0.29608, -0.23725], [0.34314, -0.08824], [0.38627, -0.09216], [0.4451, -0.0098], [0.4451, 0.05686], [0.40196, 0.10392], [0.34314, 0.11569], [0.33137, 0.04118], [0.20588, 0.08431], [0.09608, 0.20196], [-0.03725, 0.22549], [-0.21373, 0.2098], [-0.31961, 0.15098], [-0.33529, 0.16275]]}