{"rank": 56, "key_id": "5068834543239168", "category": "dog", "n_points": 23, "bbox_aspect": 1.408839779005525, "n_extensions_spliced": 2, "main_perimeter_px": 575.1024971299796, "score": 0.8872606725766955, "coords": [[0.05686, 0.34706], [-0.06078, 0.3549], [-0.11569, 0.31569], [-0.16275, 0.24902], [-0.18235, 0.24118], [-0.2098, 0.14314], [-0.2098, -0.08824], [-0.16275, -0.26863], [-0.12353, -0.31961], [-0.01765, -0.3549], [0.10784, -0.3549], [0.22941, -0.30784], [0.29608, -0.24118], [0.32745, -0.18627], [0.36667, -0.03725], [0.36667, 0.04118], [0.33922, 0.17843], [0.30784, 0.23725], [0.26078, 0.28431], [0.19412, 0.31569], [0.11176, 0.32745], [-0.06471, 0.32745], [-0.08824, 0.31569], [0.05686, 0.34706]]}