{"rank": 57, "key_id": "4861739172626432", "category": "dog", "n_points": 26, "bbox_aspect": 1.3421052631578947, "n_extensions_spliced": 2, "main_perimeter_px": 629.835303741285, "score": 0.8871037321303755, "coords": [[0.26863, 0.30588], [0.22549, 0.33725], [0.16667, 0.36078], [0.02157, 0.37255], [-0.05294, 0.36078], [-0.14706, 0.29804], [-0.21373, 0.23922], [-0.35098, 0.05098], [-0.38627, -0.07843], [-0.37451, -0.19216], [-0.33922, -0.2549], [-0.3902, -0.26667], [-0.27647, -0.31765], [-0.23333, -0.35294], [-0.16667, -0.37255], [-0.12353, -0.37255], [0.02549, -0.33333], [0.2098, -0.31765], [0.2451, -0.2902], [0.35882, -0.05098], [0.35098, -0.03529], [0.37451, 0.00784], [0.37451, 0.19608], [0.32353, 0.30588], [0.28824, 0.33333], [0.23333, 0.3451], [0.26863, 0.30588]]}