{"rank": 58, "key_id": "6389542405799936", "category": "dog", "n_points": 24, "bbox_aspect": 1.4269662921348314, "n_extensions_spliced": 2, "main_perimeter_px": 556.177318537671, "score": 0.8866450639263331, "coords": [[-0.27559, 0.1811], [-0.31496, 0.07874], [-0.32677, -0.00394], [-0.32283, -0.07874], [-0.30709, -0.12598], [-0.27559, -0.1811], [-0.1811, -0.27165], [-0.05512, -0.33071], [0.12205, -0.31496], [0.18504, -0.29134], [0.25197, -0.23228], [0.31496, -0.14567], [0.33071, -0.05906], [0.32677, 0.04331], [0.30315, 0.16535], [0.24016, 0.25984], [0.27165, 0.2874], [0.14567, 0.31496], [0.0, 0.35039], [-0.09055, 0.33858], [-0.13386, 0.3189], [-0.15748, 0.2874], [-0.25197, 0.14173], [-0.26772, 0.08661], [-0.27559, 0.1811]]}