{"rank": 59, "key_id": "6549953881047040", "category": "dog", "n_points": 44, "bbox_aspect": 1.3076923076923077, "n_extensions_spliced": 2, "main_perimeter_px": 545.6638468037729, "score": 0.8855875583147599, "coords": [[0.00196, 0.37451], [0.02157, 0.37059], [0.06471, 0.35098], [0.11176, 0.28824], [0.16275, 0.12353], [0.18235, -0.00588], [0.18235, -0.14706], [0.15098, -0.15882], [0.11569, -0.1549], [0.07255, -0.01373], [0.07255, -0.01373], [0.11569, -0.1549], [0.15098, -0.15882], [0.18235, -0.14706], [0.18235, -0.00588], [0.16275, 0.12353], [0.11176, 0.28824], [0.06471, 0.35098], [0.02157, 0.37059], [-0.10784, 0.38235], [-0.17451, 0.36667], [-0.28824, 0.29608], [-0.40196, 0.18627], [-0.48039, 0.02941], [-0.5, -0.08431], [-0.49216, -0.24902], [-0.47255, -0.29608], [-0.42941, -0.34314], [-0.38235, -0.36275], [-0.26863, -0.38235], [-0.11569, -0.38235], [-0.05686, -0.34706], [0.00196, -0.23725], [0.02549, -0.1549], [0.4451, -0.15882], [0.48039, -0.17059], [0.5, -0.22549], [0.5, -0.22549], [0.48039, -0.17059], [0.4451, -0.15882], [0.02549, -0.1549], [0.06863, 0.0451], [0.06863, 0.30784], [0.05686, 0.33922], [0.00196, 0.37451]]}