{"rank": 60, "key_id": "4731667463798784", "category": "dog", "n_points": 49, "bbox_aspect": 1.4134078212290502, "n_extensions_spliced": 2, "main_perimeter_px": 526.3884129509094, "score": 0.8849946542807802, "coords": [[0.3419, 0.23123], [0.27075, 0.29447], [0.20751, 0.27866], [0.32609, 0.34585], [0.40909, 0.35375], [0.44862, 0.33399], [0.48024, 0.29051], [0.5, 0.23913], [0.5, 0.06126], [0.46047, 0.05731], [0.35375, 0.14032], [0.35375, 0.14032], [0.46047, 0.05731], [0.5, 0.06126], [0.5, 0.23913], [0.48024, 0.29051], [0.44862, 0.33399], [0.40909, 0.35375], [0.32609, 0.34585], [0.20751, 0.27866], [0.14427, 0.33794], [-0.0336, 0.31818], [-0.08103, 0.29051], [-0.06522, 0.31423], [-0.25494, 0.31818], [-0.30237, 0.30632], [-0.42095, 0.19565], [-0.5, 0.06917], [-0.20751, 0.16008], [-0.06522, 0.31423], [-0.06522, 0.31423], [-0.20751, 0.16008], [-0.5, 0.06917], [-0.42095, 0.19565], [-0.30237, 0.30632], [-0.25494, 0.31818], [-0.06522, 0.31423], [-0.16008, 0.21937], [-0.25099, 0.06126], [-0.27866, -0.06126], [-0.29051, -0.20751], [-0.22727, -0.32609], [-0.16798, -0.35375], [-0.08893, -0.3498], [0.0415, -0.30237], [0.16008, -0.21937], [0.2747, -0.10474], [0.33794, 0.05731], [0.3419, 0.21542], [0.3419, 0.23123]]}