{"rank": 61, "key_id": "6466430860001280", "category": "dog", "n_points": 24, "bbox_aspect": 1.4325842696629214, "n_extensions_spliced": 2, "main_perimeter_px": 523.7999040020251, "score": 0.8838945692284104, "coords": [[-0.24118, 0.19216], [-0.3, 0.05882], [-0.30392, -0.05098], [-0.28824, -0.1098], [-0.24118, -0.21176], [-0.16667, -0.28235], [-0.11961, -0.29804], [-0.0098, -0.3098], [0.05686, -0.30196], [0.11569, -0.27843], [0.2098, -0.19608], [0.27255, -0.09804], [0.28824, -0.04706], [0.28431, 0.05882], [0.24902, 0.20392], [0.1902, 0.2902], [0.18235, 0.28235], [0.1, 0.34118], [-0.01765, 0.34902], [-0.11961, 0.30196], [-0.10784, 0.28627], [-0.17059, 0.26667], [-0.2451, 0.18824], [-0.27647, 0.12157], [-0.24118, 0.19216]]}