{"rank": 62, "key_id": "6559468844220416", "category": "dog", "n_points": 24, "bbox_aspect": 1.4325842696629214, "n_extensions_spliced": 2, "main_perimeter_px": 520.4358448306215, "score": 0.8838945692284104, "coords": [[0.08824, 0.32941], [0.02549, 0.34902], [-0.04118, 0.34902], [-0.10392, 0.34118], [-0.14314, 0.31765], [-0.23725, 0.17647], [-0.26078, 0.0902], [-0.27255, -0.13333], [-0.2451, -0.20392], [-0.24118, -0.19216], [-0.21765, -0.2549], [-0.14706, -0.32941], [-0.05294, -0.34902], [0.1, -0.3451], [0.13922, -0.32549], [0.2098, -0.23529], [0.26078, -0.13333], [0.29608, -0.02745], [0.28824, 0.0902], [0.2451, 0.16078], [0.17451, 0.23922], [0.11961, 0.27059], [0.1549, 0.30196], [0.06863, 0.32941], [0.08824, 0.32941]]}