{"rank": 63, "key_id": "5994711229661184", "category": "dog", "n_points": 23, "bbox_aspect": 1.4166666666666667, "n_extensions_spliced": 2, "main_perimeter_px": 512.6414913026769, "score": 0.8833825463137647, "coords": [[0.10392, 0.28235], [0.02549, 0.31373], [-0.06078, 0.32549], [-0.13137, 0.30588], [-0.14706, 0.27059], [-0.19804, 0.2549], [-0.26078, 0.16078], [-0.28431, 0.04314], [-0.27647, -0.0902], [-0.25686, -0.17647], [-0.17843, -0.30196], [-0.12745, -0.33725], [-0.06471, -0.35294], [0.06471, -0.32549], [0.13922, -0.27059], [0.19804, -0.20784], [0.22941, -0.14118], [0.23725, -0.06667], [0.19412, 0.25882], [0.18235, 0.26667], [0.16275, 0.32157], [0.11569, 0.34902], [0.07647, 0.35294], [0.10392, 0.28235]]}