{"rank": 64, "key_id": "5124514369241088", "category": "dog", "n_points": 50, "bbox_aspect": 1.401098901098901, "n_extensions_spliced": 2, "main_perimeter_px": 425.7909848927924, "score": 0.8827840983110408, "coords": [[-0.20196, 0.35686], [-0.24902, 0.33333], [-0.33137, 0.32941], [-0.36667, 0.3098], [-0.48039, 0.16078], [-0.49608, 0.11373], [-0.5, -0.07451], [-0.46471, -0.14118], [-0.40588, -0.14118], [-0.34314, -0.12157], [-0.2451, -0.04314], [-0.2451, -0.04314], [-0.34314, -0.12157], [-0.40588, -0.14118], [-0.46471, -0.14118], [-0.5, -0.07451], [-0.49608, 0.11373], [-0.48039, 0.16078], [-0.36667, 0.3098], [-0.33137, 0.32941], [-0.24902, 0.33333], [-0.23725, 0.26275], [-0.24118, 0.07451], [-0.22157, -0.1098], [-0.15882, -0.32941], [-0.12353, -0.35686], [0.00588, -0.35686], [0.17451, -0.28235], [0.22549, -0.18431], [0.27647, -0.01176], [0.28431, 0.16863], [0.27255, 0.30588], [0.28431, 0.30196], [0.37059, 0.28627], [0.43333, 0.25882], [0.48824, 0.19608], [0.5, 0.16078], [0.48824, 0.09804], [0.44902, 0.04706], [0.30784, -0.0], [0.26078, -0.00392], [0.26078, -0.00392], [0.30784, -0.0], [0.44902, 0.04706], [0.48824, 0.09804], [0.5, 0.16078], [0.48824, 0.19608], [0.43333, 0.25882], [0.37059, 0.28627], [0.28431, 0.30196], [-0.20196, 0.35686]]}