{"rank": 65, "key_id": "5055906775564288", "category": "dog", "n_points": 22, "bbox_aspect": 1.401098901098901, "n_extensions_spliced": 2, "main_perimeter_px": 485.737706280923, "score": 0.8827840983110408, "coords": [[0.11961, 0.30196], [0.03333, 0.33333], [-0.03725, 0.32157], [-0.20588, 0.12157], [-0.2451, 0.04314], [-0.24902, 0.00392], [-0.24902, -0.08235], [-0.23333, -0.12157], [-0.18235, -0.17647], [-0.17843, -0.17255], [-0.04902, -0.27059], [0.01765, -0.29412], [0.10392, -0.2902], [0.19412, -0.22745], [0.3, -0.09412], [0.33529, 0.01176], [0.33922, 0.1098], [0.28824, 0.2], [0.21765, 0.25882], [0.15882, 0.28627], [0.08039, 0.29412], [0.04902, 0.30196], [0.11961, 0.30196]]}