{"rank": 66, "key_id": "5157731524673536", "category": "dog", "n_points": 25, "bbox_aspect": 1.3492063492063493, "n_extensions_spliced": 2, "main_perimeter_px": 551.7733694107677, "score": 0.882464338767633, "coords": [[0.15882, 0.20196], [0.15882, 0.21765], [0.13137, 0.23333], [-0.0451, 0.26863], [-0.22941, 0.26078], [-0.23725, 0.26078], [-0.28431, 0.23333], [-0.31569, 0.18627], [-0.33529, 0.12353], [-0.33137, -0.1], [-0.26863, -0.22941], [-0.21765, -0.28824], [-0.15882, -0.33529], [-0.09216, -0.36275], [0.04902, -0.37059], [0.22157, -0.27255], [0.30784, -0.1902], [0.33529, -0.13922], [0.35882, -0.06471], [0.36667, 0.0451], [0.33922, 0.11176], [0.35882, 0.16275], [0.29216, 0.16667], [0.21765, 0.2098], [0.17843, 0.21765], [0.15882, 0.20196]]}