{"rank": 67, "key_id": "6375883285725184", "category": "dog", "n_points": 25, "bbox_aspect": 1.3421052631578947, "n_extensions_spliced": 2, "main_perimeter_px": 546.6922633517208, "score": 0.8787703987970422, "coords": [[0.24902, 0.27843], [0.21765, 0.3098], [0.19804, 0.2902], [0.11961, 0.3451], [-0.01373, 0.35686], [-0.06863, 0.34902], [-0.16275, 0.30588], [-0.18627, 0.33333], [-0.23725, 0.23529], [-0.28824, 0.13333], [-0.28039, 0.00392], [-0.20196, -0.13725], [-0.11961, -0.21569], [0.02157, -0.26667], [0.17059, -0.26275], [0.25294, -0.21961], [0.32745, -0.13725], [0.36667, -0.03137], [0.37451, 0.01569], [0.37451, 0.07451], [0.35882, 0.12157], [0.27255, 0.24314], [0.17843, 0.33333], [0.16275, 0.34118], [0.16275, 0.32941], [0.24902, 0.27843]]}