{"rank": 68, "key_id": "5054885764530176", "category": "dog", "n_points": 35, "bbox_aspect": 1.6451612903225807, "n_extensions_spliced": 2, "main_perimeter_px": 835.7758515806977, "score": 0.87871033253409, "coords": [[-0.28039, 0.15882], [-0.18235, 0.14314], [0.08824, 0.14314], [0.15882, 0.16667], [0.15098, 0.22941], [0.26471, 0.23333], [0.38235, 0.2451], [0.43333, 0.22941], [0.48039, 0.19412], [0.5, 0.13529], [0.47255, 0.09608], [0.37843, 0.06078], [0.24118, 0.05686], [0.26078, -0.23725], [0.22941, -0.29216], [0.19804, -0.30392], [0.18235, -0.29608], [0.15882, -0.26078], [0.13137, -0.06863], [-0.11961, -0.05686], [-0.17059, -0.06078], [-0.20588, -0.08039], [-0.19412, -0.19804], [-0.20588, -0.26078], [-0.24118, -0.29216], [-0.30784, -0.29608], [-0.33137, -0.2451], [-0.33529, -0.08431], [-0.46078, 0.01373], [-0.49608, 0.08824], [-0.5, 0.15882], [-0.49216, 0.18235], [-0.46471, 0.2098], [-0.42549, 0.2098], [-0.22549, 0.13529], [-0.28039, 0.15882]]}