{"rank": 69, "key_id": "4898983354826752", "category": "dog", "n_points": 23, "bbox_aspect": 1.3709677419354838, "n_extensions_spliced": 2, "main_perimeter_px": 586.0368990333034, "score": 0.8769979110434751, "coords": [[-0.1902, 0.31373], [-0.22941, 0.2549], [-0.26078, 0.18039], [-0.26863, 0.08235], [-0.16275, -0.07843], [-0.15098, -0.23137], [-0.06471, -0.31373], [0.08431, -0.36471], [0.12353, -0.36078], [0.17059, -0.31373], [0.22157, -0.07843], [0.26471, -0.05098], [0.29608, 0.01961], [0.40588, 0.00392], [0.43725, 0.06275], [0.44118, 0.14118], [0.42157, 0.20784], [0.39412, 0.24706], [0.31569, 0.30196], [0.25686, 0.32549], [0.00588, 0.36471], [-0.19412, 0.34902], [-0.1902, 0.33725], [-0.1902, 0.31373]]}