{"rank": 70, "key_id": "5444866043543552", "category": "dog", "n_points": 27, "bbox_aspect": 1.5, "n_extensions_spliced": 2, "main_perimeter_px": 499.7108370265624, "score": 0.876704989959134, "coords": [[-0.27647, 0.04314], [-0.27647, 0.03922], [-0.3, 0.02353], [-0.3, -0.01176], [-0.27647, 0.03922], [-0.08039, 0.00392], [-0.0098, 0.01176], [0.07647, 0.04314], [0.18235, 0.09804], [0.20196, 0.12941], [0.24118, 0.24706], [0.30784, 0.31373], [0.38235, 0.33333], [0.46471, 0.30588], [0.48431, 0.26275], [0.5, 0.16863], [0.47647, 0.13333], [0.40196, 0.08627], [0.36667, 0.01961], [0.35882, -0.16078], [0.33137, -0.24706], [0.27255, -0.26275], [0.23333, -0.24706], [0.21373, -0.21176], [0.19804, -0.12549], [0.13137, -0.19216], [0.06863, -0.28627], [-0.27647, 0.04314]]}