{"rank": 71, "key_id": "6269073220435968", "category": "dog", "n_points": 28, "bbox_aspect": 1.2878787878787878, "n_extensions_spliced": 2, "main_perimeter_px": 591.024036989277, "score": 0.8749003278232079, "coords": [[0.1549, 0.33725], [0.09608, 0.37255], [0.03333, 0.38824], [-0.16667, 0.38039], [-0.2451, 0.38039], [-0.27647, 0.2902], [-0.29216, 0.26275], [-0.31961, 0.13333], [-0.25686, 0.12941], [-0.24902, 0.11765], [-0.2451, -0.08235], [-0.22157, -0.21176], [-0.17843, -0.28627], [-0.11176, -0.3451], [-0.08039, -0.35294], [-0.07255, -0.36863], [-0.08824, -0.36863], [-0.02549, -0.38824], [0.02941, -0.38039], [0.10784, -0.31765], [0.19804, -0.19216], [0.27647, -0.00392], [0.29216, 0.07843], [0.29216, 0.18039], [0.27255, 0.27451], [0.25686, 0.28235], [0.25294, 0.30196], [0.13137, 0.35686], [0.1549, 0.33725]]}