{"rank": 72, "key_id": "5510314940432384", "category": "dog", "n_points": 34, "bbox_aspect": 1.6346153846153846, "n_extensions_spliced": 2, "main_perimeter_px": 755.3700569664727, "score": 0.8748786224319599, "coords": [[-0.17843, 0.04314], [-0.1549, 0.05098], [-0.01765, 0.03529], [0.13922, 0.04706], [0.15098, 0.01569], [0.11961, -0.13725], [0.12353, -0.23137], [0.14314, -0.25882], [0.19804, -0.29412], [0.28039, -0.30588], [0.31961, -0.28627], [0.35098, -0.24706], [0.36275, -0.17647], [0.33529, -0.16078], [0.24118, -0.16078], [0.23725, 0.03922], [0.34314, 0.12549], [0.47647, 0.12941], [0.49216, 0.1451], [0.5, 0.20784], [0.48039, 0.22353], [0.39412, 0.23137], [0.31569, 0.30588], [0.26863, 0.20392], [0.18235, 0.15294], [-0.06078, 0.16471], [-0.29216, 0.14118], [-0.34706, 0.07843], [-0.41373, 0.0549], [-0.46078, 0.09804], [-0.47255, 0.16078], [-0.46863, 0.25882], [-0.45686, 0.27843], [-0.43725, 0.28235], [-0.17843, 0.04314]]}