{"rank": 73, "key_id": "6684840936079360", "category": "dog", "n_points": 34, "bbox_aspect": 1.1990521327014219, "n_extensions_spliced": 2, "main_perimeter_px": 647.0246569891739, "score": 0.8748747163745019, "coords": [[-0.37352, -0.40909], [-0.32609, -0.37747], [-0.30632, -0.29447], [-0.33794, -0.18379], [-0.33794, -0.06917], [-0.31423, 0.02569], [-0.29842, 0.04545], [-0.4249, 0.06917], [-0.46838, 0.09289], [-0.5, 0.13636], [-0.49209, 0.15613], [-0.46838, 0.16403], [-0.33004, 0.17984], [-0.40514, 0.22332], [-0.43676, 0.27866], [-0.42095, 0.34585], [-0.3419, 0.39723], [-0.1917, 0.417], [-0.14822, 0.417], [-0.12451, 0.40119], [-0.1087, 0.35771], [-0.1087, 0.24704], [-0.12846, 0.15613], [-0.14427, 0.00988], [-0.10474, -0.02569], [-0.0336, -0.04545], [0.16008, -0.04545], [0.18379, -0.06126], [0.31028, -0.07708], [0.38538, -0.14032], [0.38933, -0.15217], [0.43676, -0.13636], [0.47628, -0.13636], [0.49209, -0.07312], [-0.37352, -0.40909]]}