{"rank": 74, "key_id": "5955182196162560", "category": "dog", "n_points": 23, "bbox_aspect": 1.3636363636363635, "n_extensions_spliced": 2, "main_perimeter_px": 507.78601739511305, "score": 0.8732445508445054, "coords": [[-0.30392, 0.11176], [-0.30784, -0.02549], [-0.27647, -0.10392], [-0.19412, -0.20196], [-0.09216, -0.27255], [-0.01373, -0.28039], [0.08824, -0.2451], [0.13922, -0.2098], [0.23333, -0.11961], [0.23725, -0.12745], [0.26471, -0.03333], [0.27647, 0.08431], [0.26471, 0.13137], [0.08431, 0.31176], [-0.00588, 0.33529], [-0.09608, 0.33137], [-0.13922, 0.32745], [-0.18627, 0.3], [-0.26471, 0.23333], [-0.3, 0.1902], [-0.33922, 0.08824], [-0.33922, 0.04902], [-0.32353, 0.01373], [-0.30392, 0.11176]]}