{"rank": 75, "key_id": "5634854462947328", "category": "dog", "n_points": 22, "bbox_aspect": 1.3783783783783783, "n_extensions_spliced": 2, "main_perimeter_px": 513.9176570128894, "score": 0.8724381717545552, "coords": [[0.21765, 0.2098], [0.19804, 0.23333], [0.1549, 0.24902], [0.06471, 0.25686], [-0.1549, 0.25686], [-0.20196, 0.23725], [-0.23333, 0.20588], [-0.26471, 0.06863], [-0.28039, -0.01765], [-0.27647, -0.17059], [-0.27647, -0.13137], [-0.19804, -0.29216], [-0.14706, -0.33922], [-0.1, -0.36275], [0.04902, -0.36275], [0.1, -0.33137], [0.23725, -0.16275], [0.27647, -0.0451], [0.28039, 0.15098], [0.2451, 0.22941], [0.2098, 0.26863], [0.20588, 0.25686], [0.21765, 0.2098]]}