{"rank": 76, "key_id": "5448682423975936", "category": "dog", "n_points": 36, "bbox_aspect": 1.1643835616438356, "n_extensions_spliced": 2, "main_perimeter_px": 1175.8595847396755, "score": 0.8710037051044988, "coords": [[0.25294, 0.23333], [0.14314, 0.25294], [0.05294, 0.33529], [0.04118, 0.42941], [0.00196, 0.3902], [0.02549, 0.28431], [0.01373, 0.13922], [0.02549, -0.0098], [0.00196, -0.07647], [-0.15098, -0.11176], [-0.41373, -0.09216], [-0.5, -0.05686], [-0.44902, -0.13529], [-0.35098, -0.23333], [-0.25294, -0.42941], [-0.18627, -0.40196], [-0.19412, -0.22157], [-0.16667, -0.24118], [-0.08431, -0.39804], [0.01765, -0.3902], [0.01373, -0.27647], [-0.01765, -0.11961], [0.03333, -0.18627], [0.10784, -0.3549], [0.21373, -0.42157], [0.24118, -0.26863], [0.36667, -0.36667], [0.42157, -0.34706], [0.39412, -0.24902], [0.29216, -0.09608], [0.26471, -0.00196], [0.28824, 0.1], [0.31569, 0.0451], [0.40588, -0.03725], [0.36667, 0.07255], [0.3, 0.12353], [0.25294, 0.23333]]}