{"rank": 77, "key_id": "6287601961009152", "category": "dog", "n_points": 24, "bbox_aspect": 1.4597701149425288, "n_extensions_spliced": 2, "main_perimeter_px": 484.7156257735283, "score": 0.8707352881720437, "coords": [[-0.22047, 0.2126], [-0.2126, 0.20079], [-0.25591, 0.13386], [-0.27165, -0.0], [-0.27165, -0.10236], [-0.24803, -0.16929], [-0.2126, -0.2126], [-0.14173, -0.25984], [-0.07087, -0.28346], [0.00787, -0.29134], [0.05118, -0.27165], [0.14173, -0.20079], [0.19685, -0.11417], [0.20079, -0.06299], [0.15354, 0.11811], [0.09449, 0.1811], [0.01181, 0.20472], [-0.04331, 0.27559], [-0.1378, 0.32283], [-0.20472, 0.33858], [-0.27953, 0.34252], [-0.33071, 0.32677], [-0.3937, 0.25197], [-0.40945, 0.19291], [-0.22047, 0.2126]]}