{"rank": 78, "key_id": "5767126570762240", "category": "dog", "n_points": 23, "bbox_aspect": 1.358288770053476, "n_extensions_spliced": 2, "main_perimeter_px": 475.1137262270659, "score": 0.8704940561465827, "coords": [[0.02756, 0.25394], [-0.0315, 0.25], [-0.0315, 0.26181], [-0.10236, 0.19882], [-0.16929, 0.12402], [-0.22047, 0.01772], [-0.23228, -0.17913], [-0.22047, -0.24213], [-0.16142, -0.3248], [-0.12205, -0.35236], [-0.04331, -0.36811], [0.06693, -0.36024], [0.11811, -0.32874], [0.20472, -0.24606], [0.25984, -0.12795], [0.27559, -0.06102], [0.27559, 0.06102], [0.22835, 0.14764], [0.16142, 0.21457], [0.08661, 0.26575], [0.04331, 0.28543], [0.04331, 0.2815], [-0.02756, 0.29331], [0.02756, 0.25394]]}