{"rank": 79, "key_id": "4519246304378880", "category": "dog", "n_points": 23, "bbox_aspect": 1.3563829787234043, "n_extensions_spliced": 2, "main_perimeter_px": 518.1101156435975, "score": 0.8695112086617516, "coords": [[-0.09216, 0.31765], [-0.14314, 0.31373], [-0.17843, 0.29412], [-0.22549, 0.24706], [-0.20196, 0.24314], [-0.3, 0.11373], [-0.32745, -0.0], [-0.32353, -0.14902], [-0.29608, -0.22353], [-0.24118, -0.28627], [-0.12353, -0.35686], [0.00196, -0.36863], [0.07255, -0.34118], [0.11176, -0.3098], [0.22549, -0.16078], [0.26863, -0.06667], [0.27647, 0.06667], [0.26078, 0.1098], [0.25686, 0.11765], [0.20588, 0.15686], [0.06471, 0.23137], [-0.06471, 0.27843], [-0.12745, 0.28235], [-0.09216, 0.31765]]}