{"rank": 80, "key_id": "5765829356421120", "category": "dog", "n_points": 44, "bbox_aspect": 1.2763819095477387, "n_extensions_spliced": 2, "main_perimeter_px": 560.1749717365226, "score": 0.8686233773043153, "coords": [[-0.33071, 0.00197], [-0.38583, 0.00197], [-0.48819, -0.06102], [-0.49213, -0.00591], [-0.44094, 0.07283], [-0.39764, 0.09646], [-0.32283, 0.08858], [-0.09449, 0.17913], [0.0315, 0.1122], [0.18898, 0.1122], [0.27559, 0.1437], [0.24409, 0.26969], [0.27165, 0.26181], [0.24409, 0.33268], [0.24409, 0.26969], [0.27559, 0.1437], [0.18898, 0.1122], [0.0315, 0.1122], [-0.09449, 0.17913], [-0.32283, 0.08858], [-0.39764, 0.09646], [-0.44094, 0.07283], [-0.49213, -0.00591], [-0.48819, -0.06102], [-0.38583, 0.00197], [-0.34252, 0.00591], [-0.33858, -0.28937], [-0.32283, -0.35236], [-0.27165, -0.39173], [-0.14961, -0.30512], [-0.12992, -0.23425], [-0.22835, -0.00984], [-0.19291, 0.02165], [-0.02362, -0.00197], [0.13386, -0.00591], [0.18898, -0.02165], [0.18504, -0.26575], [0.22047, -0.32087], [0.3189, -0.31299], [0.37402, -0.22638], [0.38976, -0.1122], [0.38583, 0.0374], [0.41732, 0.08071], [0.40157, 0.11614], [-0.33071, 0.00197]]}