{"rank": 81, "key_id": "6325587876511744", "category": "dog", "n_points": 29, "bbox_aspect": 1.2587064676616915, "n_extensions_spliced": 2, "main_perimeter_px": 586.1470852658638, "score": 0.8671953074997287, "coords": [[-0.09289, 0.36957], [-0.1087, 0.37352], [-0.13636, 0.3498], [-0.16008, 0.33794], [-0.18775, 0.25099], [-0.20751, 0.14427], [-0.20751, 0.0336], [-0.22332, 0.04941], [-0.26285, 0.02569], [-0.31423, -0.05336], [-0.33794, -0.15613], [-0.32213, -0.26285], [-0.29842, -0.31028], [-0.26285, -0.34585], [-0.21542, -0.37352], [-0.13241, -0.39723], [-0.04545, -0.39328], [0.02174, -0.37352], [0.13636, -0.30237], [0.21937, -0.20751], [0.25889, -0.09684], [0.26285, 0.10079], [0.24308, 0.24308], [0.18775, 0.32213], [0.18379, 0.30632], [0.12451, 0.36957], [0.06522, 0.39328], [-0.0336, 0.39723], [-0.1166, 0.34585], [-0.09289, 0.36957]]}