{"rank": 82, "key_id": "6161751366172672", "category": "dog", "n_points": 31, "bbox_aspect": 1.2259615384615385, "n_extensions_spliced": 2, "main_perimeter_px": 494.70096208985774, "score": 0.8654105935184601, "coords": [[-0.26078, -0.07451], [-0.27647, -0.07451], [-0.28431, -0.0902], [-0.3, -0.15294], [-0.31569, -0.33333], [-0.29216, -0.38039], [-0.25294, -0.40392], [-0.0098, -0.40784], [0.14314, -0.38039], [0.28824, -0.4], [0.33137, -0.38824], [0.49216, -0.3098], [0.5, -0.28627], [0.49216, -0.26667], [0.38235, -0.09804], [0.34314, -0.05882], [0.23725, -0.0], [0.1902, 0.01176], [0.07255, -0.01176], [-0.01765, -0.01569], [-0.12353, 0.01961], [-0.3, 0.21569], [-0.29608, 0.24706], [-0.23725, 0.30196], [-0.08824, 0.3098], [-0.08039, 0.32941], [-0.05294, 0.27843], [-0.08824, 0.3098], [-0.23725, 0.30196], [-0.29608, 0.24706], [-0.3, 0.21569], [-0.26078, -0.07451]]}