{"rank": 83, "key_id": "6096722843402240", "category": "dog", "n_points": 35, "bbox_aspect": 1.6776315789473684, "n_extensions_spliced": 2, "main_perimeter_px": 785.5372202455067, "score": 0.8650291152830109, "coords": [[-0.37843, 0.12157], [-0.30392, 0.16471], [-0.37451, 0.07451], [-0.35098, 0.03137], [-0.28039, 0.01176], [-0.31569, -0.03137], [-0.34706, -0.17255], [-0.28431, -0.24706], [-0.25686, -0.2549], [-0.24902, -0.06667], [-0.20196, -0.04314], [-0.21373, -0.22745], [-0.14314, -0.28235], [-0.10392, -0.22353], [-0.1, -0.09412], [-0.08039, -0.20784], [-0.04902, -0.28627], [-0.01765, -0.25882], [-0.00196, -0.16471], [0.05686, -0.27843], [0.11961, -0.2902], [0.12745, -0.23137], [0.10392, -0.18039], [0.04118, -0.11373], [0.03725, -0.07059], [0.08039, -0.03137], [0.31569, 0.04314], [0.39804, 0.10588], [0.46863, 0.10196], [0.5, 0.13725], [0.45294, 0.17647], [0.35098, 0.18039], [0.28431, 0.14902], [0.14314, 0.03529], [0.03333, 0.06275], [-0.37843, 0.12157]]}