{"rank": 84, "key_id": "5642195635798016", "category": "dog", "n_points": 26, "bbox_aspect": 1.5088757396449703, "n_extensions_spliced": 2, "main_perimeter_px": 535.7640316633963, "score": 0.8642418511367688, "coords": [[-0.02549, 0.28039], [-0.06471, 0.28039], [-0.15882, 0.21373], [-0.22157, 0.14706], [-0.26078, 0.17059], [-0.26863, 0.07255], [-0.30392, -0.03333], [-0.31569, -0.11569], [-0.31176, -0.15098], [-0.28039, -0.21373], [-0.22157, -0.26471], [-0.11176, -0.30392], [-0.02157, -0.32353], [0.08824, -0.32353], [0.19804, -0.28431], [0.2451, -0.25294], [0.31176, -0.16667], [0.34706, -0.06471], [0.3549, 0.04118], [0.34314, 0.13529], [0.31961, 0.16667], [0.30392, 0.2098], [0.24902, 0.26471], [0.15098, 0.31569], [0.06078, 0.33137], [-0.05294, 0.31569], [-0.02549, 0.28039]]}