{"rank": 85, "key_id": "6286423697129472", "category": "dog", "n_points": 21, "bbox_aspect": 1.3783783783783783, "n_extensions_spliced": 2, "main_perimeter_px": 484.0750454426366, "score": 0.8641048384212219, "coords": [[0.12353, 0.18235], [0.08431, 0.19804], [0.02549, 0.19804], [0.01765, 0.18627], [-0.04902, 0.1549], [-0.09216, 0.11176], [-0.17059, -0.05294], [-0.16667, -0.11569], [-0.13922, -0.15882], [0.02941, -0.31569], [0.12745, -0.3549], [0.29216, -0.36275], [0.38235, -0.30392], [0.44118, -0.2451], [0.49216, -0.15098], [0.5, -0.06471], [0.43725, 0.01373], [0.28039, 0.13137], [0.32353, 0.12353], [0.19804, 0.17843], [0.12353, 0.19804], [0.12353, 0.18235]]}