{"rank": 86, "key_id": "6019024288743424", "category": "dog", "n_points": 23, "bbox_aspect": 1.3457446808510638, "n_extensions_spliced": 2, "main_perimeter_px": 548.9398221166717, "score": 0.8639993691601174, "coords": [[-0.08893, 0.28458], [-0.20751, 0.23715], [-0.28261, 0.11858], [-0.33004, -0.14229], [-0.32609, -0.21739], [-0.30632, -0.28063], [-0.27866, -0.32806], [-0.23518, -0.35968], [-0.17984, -0.37154], [-0.0415, -0.37154], [0.09289, -0.35573], [0.20356, -0.3004], [0.24704, -0.25692], [0.30237, -0.16206], [0.31028, -0.10277], [0.25099, 0.09486], [0.21937, 0.16206], [0.14822, 0.27273], [0.16008, 0.27273], [0.06126, 0.32411], [-0.09684, 0.34387], [-0.12451, 0.33597], [-0.16798, 0.35968], [-0.08893, 0.28458]]}