{"rank": 87, "key_id": "5855324055535616", "category": "dog", "n_points": 23, "bbox_aspect": 1.4597701149425288, "n_extensions_spliced": 2, "main_perimeter_px": 554.211757008396, "score": 0.8624019548387104, "coords": [[0.14567, -0.32283], [0.11811, -0.34252], [0.05906, -0.34252], [-0.07874, -0.2874], [-0.22441, -0.16535], [-0.27559, -0.02362], [-0.2874, 0.14173], [-0.32283, 0.1063], [-0.22047, 0.28346], [-0.20079, 0.29921], [0.01181, 0.33858], [0.10236, 0.32677], [0.14961, 0.30315], [0.18898, 0.30315], [0.20472, 0.24409], [0.22835, 0.19291], [0.29528, -0.07087], [0.2874, -0.12205], [0.24803, -0.22835], [0.18504, -0.29528], [0.05118, -0.34252], [-0.00394, -0.34252], [-0.02756, -0.32677], [0.14567, -0.32283]]}