{"rank": 88, "key_id": "6186943899500544", "category": "dog", "n_points": 22, "bbox_aspect": 1.3563829787234043, "n_extensions_spliced": 2, "main_perimeter_px": 411.1496370588078, "score": 0.8611778753284182, "coords": [[0.0451, -0.2902], [-0.03725, -0.25098], [-0.12353, -0.16863], [-0.14706, -0.05882], [-0.14706, 0.00392], [-0.12745, 0.04314], [-0.11176, 0.05098], [-0.1, 0.07059], [-0.05686, 0.0902], [0.08039, 0.10588], [0.19412, 0.10588], [0.28039, 0.0549], [0.25294, 0.07451], [0.33922, -0.04314], [0.37059, -0.16863], [0.37059, -0.23529], [0.33922, -0.2902], [0.3, -0.34118], [0.26078, -0.36078], [0.13529, -0.36863], [0.0451, -0.31373], [0.04118, -0.28235], [0.0451, -0.2902]]}