{"rank": 89, "key_id": "4525059823632384", "category": "dog", "n_points": 35, "bbox_aspect": 1.6887417218543046, "n_extensions_spliced": 2, "main_perimeter_px": 762.8787806277337, "score": 0.8604086364610645, "coords": [[-0.14314, 0.1549], [-0.22549, 0.21765], [-0.24118, 0.17451], [-0.34314, 0.22157], [-0.22549, 0.21765], [-0.18235, 0.1902], [-0.16275, 0.1549], [0.42157, 0.1549], [0.47647, 0.14314], [0.5, 0.07255], [0.5, -0.04118], [0.46471, -0.27255], [0.39804, -0.29608], [0.35098, -0.23333], [0.34706, -0.11569], [0.31569, -0.11176], [0.30392, -0.13529], [0.30392, -0.26078], [0.28039, -0.28431], [0.24118, -0.27647], [0.2098, -0.22941], [0.20196, -0.10392], [0.21373, -0.06863], [-0.02549, -0.06078], [-0.0098, -0.17451], [-0.01765, -0.25294], [-0.0451, -0.26863], [-0.09216, -0.22157], [-0.10392, -0.07255], [-0.11569, -0.2451], [-0.13529, -0.28431], [-0.17451, -0.28039], [-0.20588, -0.14314], [-0.20588, -0.07647], [-0.18627, -0.02549], [-0.14314, 0.1549]]}