{"rank": 90, "key_id": "5876119750311936", "category": "dog", "n_points": 21, "bbox_aspect": 1.3709677419354838, "n_extensions_spliced": 2, "main_perimeter_px": 575.7957214855879, "score": 0.8603312443768084, "coords": [[-0.32745, -0.26275], [-0.36275, -0.07059], [-0.35882, -0.09804], [-0.35882, 0.20784], [-0.32745, 0.3098], [-0.25294, 0.35686], [-0.20196, 0.36471], [-0.04902, 0.3451], [0.02941, 0.31373], [0.1, 0.27843], [0.18627, 0.18039], [0.18627, 0.1451], [0.24902, 0.07059], [0.28431, -0.03922], [0.24902, -0.21569], [0.14314, -0.31373], [0.01373, -0.36471], [-0.15882, -0.36471], [-0.26863, -0.34902], [-0.30784, -0.34118], [-0.35098, -0.29804], [-0.32745, -0.26275]]}