{"rank": 91, "key_id": "5666998132408320", "category": "dog", "n_points": 30, "bbox_aspect": 1.2270531400966183, "n_extensions_spliced": 2, "main_perimeter_px": 801.5366120785103, "score": 0.8577002659923681, "coords": [[-0.35827, 0.10827], [-0.3622, -0.08071], [-0.33071, -0.37598], [-0.2874, -0.34843], [-0.25591, -0.29724], [-0.21654, -0.19882], [-0.09055, -0.37205], [-0.06693, -0.35236], [-0.02756, -0.25], [-0.01181, -0.25787], [0.07087, -0.40748], [0.05906, -0.28937], [0.06693, -0.23819], [0.17323, -0.38386], [0.22441, -0.36024], [0.24016, -0.25394], [0.23622, 0.0374], [0.2874, 0.02165], [0.35433, -0.02559], [0.40157, -0.00197], [0.47244, -0.03346], [0.5, -0.00591], [0.5, 0.07283], [0.44094, 0.04134], [0.34252, 0.10039], [0.27165, 0.10039], [0.1811, 0.13189], [0.06693, 0.13189], [-0.16929, 0.10433], [-0.22441, 0.25394], [-0.35827, 0.10827]]}