{"rank": 92, "key_id": "5921633099317248", "category": "dog", "n_points": 41, "bbox_aspect": 1.4739884393063585, "n_extensions_spliced": 2, "main_perimeter_px": 373.58229797058897, "score": 0.8562392784322017, "coords": [[-0.10784, 0.22549], [-0.06471, 0.26078], [-0.13137, 0.13137], [-0.23333, 0.01765], [-0.44902, -0.0451], [-0.49608, -0.02941], [-0.5, 0.07255], [-0.37451, 0.27255], [-0.37451, 0.27255], [-0.5, 0.07255], [-0.49608, -0.02941], [-0.44902, -0.0451], [-0.23333, 0.01765], [-0.13137, 0.13137], [-0.06471, 0.26078], [-0.22941, 0.00196], [-0.28824, -0.22941], [-0.25294, -0.31569], [-0.12745, -0.33922], [0.04118, -0.28431], [0.19412, -0.12745], [0.24118, 0.07255], [0.23725, 0.22157], [0.20196, 0.26471], [0.22549, 0.20588], [0.26078, -0.02549], [0.33922, -0.13529], [0.49216, -0.00196], [0.5, 0.04118], [0.47255, 0.1902], [0.36275, 0.3], [0.28824, 0.33922], [0.28824, 0.33922], [0.36275, 0.3], [0.47255, 0.1902], [0.5, 0.04118], [0.49216, -0.00196], [0.33922, -0.13529], [0.26078, -0.02549], [0.22549, 0.20588], [0.20196, 0.26471], [-0.10784, 0.22549]]}