{"rank": 94, "key_id": "4529436579856384", "category": "dog", "n_points": 26, "bbox_aspect": 1.526946107784431, "n_extensions_spliced": 2, "main_perimeter_px": 804.1443798746016, "score": 0.855908419382346, "coords": [[-0.25686, 0.31569], [-0.1902, 0.30784], [-0.12353, 0.17451], [-0.05686, 0.12745], [0.19412, 0.17059], [0.27255, 0.17059], [0.3549, 0.15098], [0.43725, 0.07647], [0.47647, -0.00588], [0.5, -0.2451], [0.48824, -0.29216], [0.43725, -0.30392], [0.41765, -0.13137], [0.39412, -0.12353], [0.36275, -0.23725], [0.35882, -0.10784], [0.33922, -0.08431], [0.29216, -0.11176], [0.15882, -0.1], [0.03725, -0.11961], [0.05294, -0.3], [0.00588, -0.10392], [-0.06078, -0.13529], [-0.03725, -0.28431], [-0.06471, -0.32745], [-0.08431, -0.08431], [-0.25686, 0.31569]]}