{"rank": 95, "key_id": "6124278867034112", "category": "dog", "n_points": 23, "bbox_aspect": 1.4739884393063585, "n_extensions_spliced": 2, "main_perimeter_px": 437.4619069420126, "score": 0.8556168668390627, "coords": [[-0.03333, 0.30392], [-0.08039, 0.31961], [-0.10392, 0.33922], [-0.12745, 0.30784], [-0.15882, 0.28824], [-0.21765, 0.22549], [-0.25686, 0.13529], [-0.26863, -0.03333], [-0.23333, -0.13529], [-0.15882, -0.21765], [-0.07255, -0.26863], [0.00588, -0.27647], [0.03333, -0.26863], [0.06471, -0.2451], [0.10392, -0.16275], [0.13529, -0.00588], [0.13529, 0.18627], [0.10392, 0.26078], [0.09216, 0.25686], [0.04902, 0.31569], [-0.04902, 0.33137], [-0.07647, 0.32353], [-0.09216, 0.29608], [-0.03333, 0.30392]]}