{"rank": 96, "key_id": "5000806761758720", "category": "dog", "n_points": 33, "bbox_aspect": 1.179245283018868, "n_extensions_spliced": 2, "main_perimeter_px": 649.0699412047336, "score": 0.8548816845983148, "coords": [[-0.492, -0.328], [-0.484, -0.4], [-0.38, -0.424], [-0.344, -0.192], [-0.328, -0.184], [-0.204, -0.188], [-0.168, -0.212], [-0.192, -0.408], [-0.128, -0.424], [-0.072, -0.416], [-0.024, -0.2], [0.02, -0.148], [0.132, -0.116], [0.212, -0.14], [0.252, -0.172], [0.26, -0.164], [0.248, -0.1], [0.116, -0.02], [0.212, 0.068], [0.184, 0.236], [0.208, 0.32], [0.264, 0.36], [0.2, 0.292], [0.184, 0.236], [0.212, 0.068], [-0.032, -0.012], [-0.068, -0.06], [-0.108, -0.072], [-0.264, -0.032], [-0.352, -0.028], [-0.44, -0.072], [-0.48, -0.18], [-0.5, -0.372], [-0.492, -0.328]]}