{"rank": 97, "key_id": "5120293502713856", "category": "dog", "n_points": 33, "bbox_aspect": 1.6666666666666667, "n_extensions_spliced": 2, "main_perimeter_px": 732.858582007757, "score": 0.8529526289986555, "coords": [[-0.27255, -0.08431], [-0.33922, -0.11176], [-0.20588, -0.14706], [-0.15882, -0.15882], [-0.05294, -0.13922], [-0.03333, -0.11961], [-0.02549, -0.09216], [-0.01373, -0.22157], [0.01765, -0.27647], [0.03725, -0.29216], [0.12353, -0.16275], [0.13922, -0.06078], [0.12745, -0.06863], [0.12353, -0.12745], [0.12353, -0.23333], [0.17059, -0.29216], [0.25294, -0.11569], [0.25294, -0.06471], [0.23725, -0.02157], [0.35098, -0.06863], [0.48039, -0.09216], [0.5, -0.05294], [0.48039, -0.0098], [0.40588, 0.01765], [0.28039, 0.01765], [0.24902, 0.03333], [0.25686, 0.19412], [0.19412, 0.27255], [0.09216, 0.28039], [0.01373, 0.3], [-0.28431, 0.3], [-0.39412, 0.28039], [-0.49216, 0.23725], [-0.27255, -0.08431]]}