{"rank": 98, "key_id": "4760887955030016", "category": "dog", "n_points": 24, "bbox_aspect": 1.3076923076923077, "n_extensions_spliced": 2, "main_perimeter_px": 603.3483321748761, "score": 0.8522542249814266, "coords": [[0.16667, 0.36667], [0.13137, 0.38235], [-0.0098, 0.37843], [-0.13922, 0.33137], [-0.20196, 0.29608], [-0.22941, 0.24118], [-0.33922, 0.14314], [-0.3902, -0.00196], [-0.39412, -0.13529], [-0.38627, -0.19412], [-0.34706, -0.24902], [-0.18235, -0.36275], [-0.1, -0.38235], [0.06078, -0.38235], [0.15098, -0.34314], [0.22157, -0.28824], [0.32745, -0.15098], [0.3549, -0.09608], [0.38235, -0.0098], [0.40196, -0.03725], [0.37451, 0.10392], [0.3549, 0.15882], [0.27255, 0.29216], [0.22157, 0.33922], [0.16667, 0.36667]]}