{"rank": 99, "key_id": "4595630620016640", "category": "dog", "n_points": 20, "bbox_aspect": 1.3709677419354838, "n_extensions_spliced": 2, "main_perimeter_px": 510.1079015718028, "score": 0.8519979110434751, "coords": [[0.00196, 0.34118], [-0.09216, 0.27843], [-0.16667, 0.18824], [-0.19412, 0.1098], [-0.25294, -0.01176], [-0.25294, -0.16078], [-0.17843, -0.31373], [-0.11569, -0.35294], [-0.04902, -0.36471], [0.06863, -0.35686], [0.14314, -0.32549], [0.23333, -0.21961], [0.25294, -0.1451], [0.26078, 0.00784], [0.21373, 0.14118], [0.19412, 0.14902], [0.17843, 0.18824], [0.04118, 0.30196], [-0.04902, 0.36471], [-0.08431, 0.36471], [0.00196, 0.34118]]}