{"rank": 100, "key_id": "5965274094239744", "category": "dog", "n_points": 23, "bbox_aspect": 1.3212435233160622, "n_extensions_spliced": 2, "main_perimeter_px": 549.0370112510766, "score": 0.8511374504092961, "coords": [[0.14314, 0.30784], [0.14314, 0.31961], [0.1, 0.33137], [0.00588, 0.33137], [-0.07647, 0.30392], [-0.18235, 0.24118], [-0.24118, 0.1902], [-0.28431, 0.15098], [-0.32353, 0.07255], [-0.34706, -0.02157], [-0.34314, -0.11569], [-0.25686, -0.22549], [-0.12745, -0.28039], [-0.03725, -0.29216], [0.10392, -0.29216], [0.16667, -0.26078], [0.26471, -0.17843], [0.31961, -0.07255], [0.35098, 0.04118], [0.35882, 0.19412], [0.31176, 0.29608], [0.27255, 0.34314], [0.16667, 0.37843], [0.14314, 0.30784]]}