{"rank": 101, "key_id": "5580632245665792", "category": "dog", "n_points": 32, "bbox_aspect": 1.186046511627907, "n_extensions_spliced": 2, "main_perimeter_px": 803.8639566394071, "score": 0.8505739629533521, "coords": [[-0.5, -0.27647], [-0.34314, -0.11961], [-0.22549, 0.10784], [-0.26078, 0.2451], [-0.24118, 0.41765], [-0.17451, 0.42157], [-0.1549, 0.39412], [-0.1, 0.13922], [-0.03333, 0.22549], [0.02549, 0.34706], [0.06471, 0.38235], [0.10392, 0.3902], [0.11569, 0.38627], [0.12353, 0.34314], [0.08039, 0.21373], [0.07647, 0.14706], [0.3902, 0.03725], [0.4451, -0.00196], [0.5, -0.08431], [0.47647, -0.15098], [0.48039, -0.2098], [0.45294, -0.26471], [0.40588, -0.26863], [0.37059, -0.26863], [0.43725, -0.37843], [0.40588, -0.26863], [0.24118, -0.26471], [0.15882, -0.2451], [-0.01373, -0.17059], [-0.0451, -0.20588], [-0.1, -0.30784], [-0.13922, -0.35882], [-0.5, -0.27647]]}