{"rank": 102, "key_id": "5332900813733888", "category": "dog", "n_points": 27, "bbox_aspect": 1.5582822085889572, "n_extensions_spliced": 2, "main_perimeter_px": 532.1296287979696, "score": 0.8500217192866071, "coords": [[0.18898, -0.21457], [0.15354, -0.17126], [0.15354, -0.13583], [0.28346, -0.02165], [0.31102, 0.08465], [0.26378, 0.18701], [0.19291, 0.25], [0.20866, 0.28937], [0.11417, 0.28937], [0.01969, 0.31299], [-0.09449, 0.32087], [-0.16535, 0.30512], [-0.28346, 0.24213], [-0.30709, 0.20276], [-0.27953, 0.19094], [-0.31496, 0.13976], [-0.29134, -0.00984], [-0.27165, -0.06102], [-0.14961, -0.18307], [-0.15748, -0.22638], [-0.14567, -0.27362], [-0.06693, -0.32087], [0.03937, -0.31693], [0.11024, -0.29724], [0.1378, -0.26969], [0.16142, -0.21457], [0.15748, -0.15945], [0.18898, -0.21457]]}