{"rank": 103, "key_id": "5643050950852608", "category": "dog", "n_points": 23, "bbox_aspect": 1.3144329896907216, "n_extensions_spliced": 2, "main_perimeter_px": 602.9557890063417, "score": 0.8475198712983864, "coords": [[-0.33137, 0.19608], [-0.30784, 0.23922], [-0.21373, 0.28627], [-0.08431, 0.30196], [-0.04118, 0.29804], [0.12353, 0.30196], [0.13922, 0.30588], [0.20588, 0.28235], [0.30392, 0.23137], [0.33922, 0.18039], [0.36667, 0.05882], [0.36667, -0.08627], [0.36275, -0.14902], [0.32745, -0.22745], [0.27255, -0.28235], [0.19804, -0.30588], [-0.01765, -0.30196], [-0.23333, -0.17647], [-0.32745, -0.07451], [-0.35098, -0.03529], [-0.3549, 0.04706], [-0.26471, 0.21569], [-0.1902, 0.30588], [-0.33137, 0.19608]]}