{"rank": 104, "key_id": "4972985117048832", "category": "dog", "n_points": 23, "bbox_aspect": 1.4912280701754386, "n_extensions_spliced": 2, "main_perimeter_px": 507.62537297749674, "score": 0.8474772402424794, "coords": [[0.07647, 0.18627], [0.06078, 0.2098], [-0.07647, 0.2098], [-0.17843, 0.16275], [-0.17059, 0.21765], [-0.24118, 0.08824], [-0.26471, -0.00196], [-0.26471, -0.07255], [-0.1902, -0.23333], [-0.13137, -0.27647], [-0.08039, -0.31176], [-0.02157, -0.33137], [0.04118, -0.33529], [0.09216, -0.31961], [0.16275, -0.26078], [0.28431, -0.05294], [0.32745, 0.04902], [0.33922, 0.15098], [0.28824, 0.1902], [0.30392, 0.25686], [0.08431, 0.21373], [0.00196, 0.19412], [-0.04118, 0.15098], [0.07647, 0.18627]]}