{"rank": 105, "key_id": "6206232329191424", "category": "dog", "n_points": 22, "bbox_aspect": 1.4739884393063585, "n_extensions_spliced": 2, "main_perimeter_px": 428.4599100427764, "score": 0.8472835335057293, "coords": [[-0.07647, 0.25294], [-0.12745, 0.21765], [-0.14314, 0.19412], [-0.18627, 0.1549], [-0.22549, 0.06863], [-0.2451, -0.03333], [-0.2451, -0.13922], [-0.22941, -0.1902], [-0.17451, -0.27255], [-0.13529, -0.30392], [-0.06471, -0.33529], [-0.02157, -0.33922], [0.04902, -0.33137], [0.09216, -0.31176], [0.18627, -0.21765], [0.24118, -0.08431], [0.2451, 0.0451], [0.1902, 0.16275], [0.1902, 0.17843], [0.10784, 0.21765], [0.06471, 0.22941], [-0.04118, 0.23333], [-0.07647, 0.25294]]}