{"rank": 106, "key_id": "5653941696069632", "category": "dog", "n_points": 21, "bbox_aspect": 1.3956043956043955, "n_extensions_spliced": 2, "main_perimeter_px": 389.7153607429668, "score": 0.8470871421817868, "coords": [[0.01575, 0.30315], [-0.00787, 0.3189], [-0.0315, 0.31496], [-0.14173, 0.2874], [-0.17323, 0.24409], [-0.20866, 0.10236], [-0.1811, -0.04724], [-0.09843, -0.12992], [-0.10236, -0.09843], [-0.04331, -0.14961], [0.01181, -0.16142], [0.08661, -0.15748], [0.1378, -0.13386], [0.18504, -0.07087], [0.19291, 0.00394], [0.15748, 0.22835], [0.12205, 0.29134], [0.11811, 0.27559], [0.09449, 0.31102], [0.03937, 0.3189], [-0.07087, 0.32677], [0.01575, 0.30315]]}