{"rank": 107, "key_id": "6095939179642880", "category": "dog", "n_points": 35, "bbox_aspect": 1.1383928571428572, "n_extensions_spliced": 2, "main_perimeter_px": 788.4691557055977, "score": 0.8468683463441882, "coords": [[-0.33922, -0.21569], [-0.31176, -0.36471], [-0.27647, -0.43529], [-0.2451, -0.43922], [-0.21765, -0.41176], [-0.20588, -0.21961], [-0.16667, -0.2], [-0.08431, -0.21569], [-0.06863, -0.2549], [-0.06471, -0.38039], [-0.02157, -0.41569], [0.02549, -0.41176], [0.04902, -0.39216], [0.05686, -0.36078], [0.02549, -0.27059], [0.02157, -0.21961], [0.04118, -0.16078], [0.08039, -0.13725], [0.06471, -0.12157], [0.05294, -0.14118], [0.11176, -0.12157], [0.15882, -0.12941], [0.28431, -0.10588], [0.44902, -0.01176], [0.5, 0.06275], [0.4451, 0.17647], [0.40588, 0.16863], [0.24902, 0.27451], [0.14314, 0.26667], [0.11569, 0.2902], [0.06863, 0.22745], [-0.13137, 0.03529], [-0.22157, -0.02745], [-0.38235, -0.10588], [-0.5, -0.0902], [-0.33922, -0.21569]]}