{"rank": 108, "key_id": "6500274967412736", "category": "dog", "n_points": 25, "bbox_aspect": 1.2814070351758795, "n_extensions_spliced": 2, "main_perimeter_px": 534.2164089658127, "score": 0.846373872002238, "coords": [[-0.13137, 0.08431], [-0.09608, 0.1549], [-0.02157, 0.24118], [0.02157, 0.25294], [0.05686, 0.29216], [0.1, 0.24118], [0.1549, 0.19804], [0.22157, 0.11569], [0.28039, 0.02157], [0.30784, -0.07255], [0.30784, -0.16275], [0.29216, -0.26078], [0.22549, -0.33922], [0.13137, -0.38627], [0.02549, -0.3902], [-0.07255, -0.37451], [-0.17059, -0.32745], [-0.2451, -0.25686], [-0.30392, -0.16667], [-0.37059, -0.14706], [-0.32745, -0.05294], [-0.32745, 0.02549], [-0.28824, 0.08824], [-0.23725, 0.13529], [-0.11961, 0.19804], [-0.13137, 0.08431]]}