{"rank": 109, "key_id": "5215698538201088", "category": "dog", "n_points": 35, "bbox_aspect": 1.1333333333333333, "n_extensions_spliced": 2, "main_perimeter_px": 797.5202864112512, "score": 0.8437503010996219, "coords": [[-0.20588, 0.15882], [-0.22157, 0.15098], [-0.35098, 0.20196], [-0.09216, 0.20588], [0.08039, 0.22157], [0.26078, 0.17059], [0.38627, 0.10392], [0.45294, 0.02549], [0.49216, -0.06078], [0.5, -0.33137], [0.49216, -0.38627], [0.46863, -0.40196], [0.28431, -0.40196], [0.30784, -0.2098], [0.28431, -0.19412], [0.13529, -0.23725], [-0.02941, -0.2451], [-0.02549, -0.39804], [-0.04118, -0.43333], [-0.06078, -0.44118], [-0.09216, -0.42941], [-0.12745, -0.37059], [-0.16275, -0.2451], [-0.18627, -0.21765], [-0.34706, -0.23333], [-0.35098, -0.28431], [-0.37451, -0.35098], [-0.45686, -0.40588], [-0.48039, -0.3902], [-0.49608, -0.3549], [-0.48824, -0.26078], [-0.42941, -0.20196], [-0.42941, -0.17843], [-0.40588, -0.15882], [-0.34706, -0.14314], [-0.20588, 0.15882]]}