{"rank": 110, "key_id": "5341064049197056", "category": "dog", "n_points": 24, "bbox_aspect": 1.5178571428571428, "n_extensions_spliced": 2, "main_perimeter_px": 536.9130771687154, "score": 0.843420869606232, "coords": [[0.01765, 0.23922], [-0.10392, 0.24706], [-0.1549, 0.23529], [-0.25686, 0.13725], [-0.30392, 0.06275], [-0.30784, -0.1451], [-0.29608, -0.18431], [-0.23333, -0.25098], [-0.15882, -0.30196], [-0.07255, -0.30196], [-0.02941, -0.2902], [0.1549, -0.17255], [0.20588, -0.10588], [0.24118, -0.03922], [0.26078, 0.03137], [0.26078, 0.16471], [0.21373, 0.2549], [0.22157, 0.24706], [0.17451, 0.28235], [0.10784, 0.29412], [0.03333, 0.32941], [-0.14706, 0.32941], [-0.15882, 0.2549], [-0.22941, 0.2549], [0.01765, 0.23922]]}