{"rank": 111, "key_id": "6439045750063104", "category": "dog", "n_points": 35, "bbox_aspect": 1.7346938775510203, "n_extensions_spliced": 2, "main_perimeter_px": 950.6479812241173, "score": 0.8416155614357329, "coords": [[0.29216, 0.07647], [0.32745, 0.13529], [0.21765, 0.10784], [-0.02157, 0.13529], [-0.17059, 0.02157], [-0.27255, -0.07647], [-0.31569, -0.08431], [-0.43725, -0.05686], [-0.43725, -0.09608], [-0.49608, 0.05686], [-0.48824, 0.17843], [-0.38627, -0.05294], [-0.44118, -0.04118], [-0.46471, -0.08039], [-0.37451, -0.08431], [-0.28824, -0.06863], [-0.19804, -0.02941], [-0.17451, -0.1], [-0.17843, -0.27647], [-0.12353, -0.26863], [-0.12353, -0.11176], [-0.06078, -0.11569], [-0.06078, -0.25294], [-0.02549, -0.23725], [-0.03725, -0.10784], [-0.02157, -0.09216], [0.09216, -0.07255], [0.1549, -0.11569], [0.25686, -0.10784], [0.26471, -0.24902], [0.34314, -0.25294], [0.33922, -0.22549], [0.44118, -0.19804], [0.39412, -0.11569], [0.3902, -0.07647], [0.29216, 0.07647]]}