{"rank": 112, "key_id": "6063310346649600", "category": "dog", "n_points": 24, "bbox_aspect": 1.2878787878787878, "n_extensions_spliced": 2, "main_perimeter_px": 595.6912474519876, "score": 0.8415669944898746, "coords": [[-0.5, 0.03922], [-0.16275, 0.03137], [0.13922, 0.07451], [0.08431, 0.15294], [0.07255, 0.26275], [0.08431, 0.29412], [0.16667, 0.34902], [0.21765, 0.35294], [0.23725, 0.34118], [0.25686, 0.26275], [0.26471, 0.14118], [0.29216, 0.16078], [0.27647, 0.2549], [0.28824, 0.35686], [0.30784, 0.38039], [0.33529, 0.38824], [0.36275, 0.34118], [0.36667, 0.11373], [0.44118, 0.1451], [0.49608, 0.1451], [0.5, 0.07451], [0.3902, 0.00392], [0.22549, -0.03137], [0.21765, -0.01176], [-0.5, 0.03922]]}