{"rank": 113, "key_id": "5367687108624384", "category": "dog", "n_points": 31, "bbox_aspect": 1.655844155844156, "n_extensions_spliced": 2, "main_perimeter_px": 749.3199867263277, "score": 0.8408462390468244, "coords": [[0.24902, 0.10196], [0.26471, 0.0549], [0.26078, -0.0549], [0.2098, -0.19216], [0.13922, -0.23922], [-0.02157, -0.30196], [-0.10784, -0.29412], [-0.17059, -0.22353], [-0.19412, -0.18431], [-0.20196, -0.10588], [-0.18235, -0.03137], [-0.11176, 0.0549], [-0.13529, 0.07843], [-0.20196, 0.07451], [-0.27647, 0.03529], [-0.31961, -0.03922], [-0.37059, -0.21176], [-0.39412, -0.22745], [-0.4451, -0.21569], [-0.48824, -0.11765], [-0.5, -0.04314], [-0.48824, 0.02353], [-0.44902, 0.11373], [-0.36667, 0.17255], [-0.26471, 0.22745], [0.13137, 0.30196], [0.27647, 0.28235], [0.35882, 0.23922], [0.35882, 0.2], [0.39804, 0.15294], [0.37843, 0.1098], [0.24902, 0.10196]]}