{"rank": 114, "key_id": "5256160053559296", "category": "dog", "n_points": 20, "bbox_aspect": 1.3492063492063493, "n_extensions_spliced": 2, "main_perimeter_px": 489.32383195906067, "score": 0.8407976721009663, "coords": [[0.05294, 0.17843], [0.06078, 0.20588], [-0.06471, 0.18627], [-0.1549, 0.16275], [-0.34706, 0.08431], [-0.46471, 0.00196], [-0.5, -0.06863], [-0.5, -0.1], [-0.48431, -0.13137], [-0.41373, -0.16275], [-0.23725, -0.16667], [-0.1, -0.15098], [0.03725, -0.11569], [0.16275, -0.06471], [0.1902, -0.03725], [0.22941, 0.11176], [0.22549, 0.13922], [0.1, 0.17059], [0.1, 0.16275], [-0.09216, 0.17451], [0.05294, 0.17843]]}