{"rank": 115, "key_id": "5547772553986048", "category": "dog", "n_points": 52, "bbox_aspect": 1.3492063492063493, "n_extensions_spliced": 2, "main_perimeter_px": 426.70532522528566, "score": 0.8407976721009663, "coords": [[0.04902, 0.23725], [-0.05294, 0.24902], [-0.09608, 0.22549], [-0.08824, 0.2451], [-0.12353, 0.27255], [-0.35098, 0.35882], [-0.47647, 0.37059], [-0.5, 0.34314], [-0.5, 0.30392], [-0.45686, 0.25686], [-0.35882, 0.21765], [-0.21373, 0.20196], [-0.21373, 0.20196], [-0.35882, 0.21765], [-0.45686, 0.25686], [-0.5, 0.30392], [-0.5, 0.34314], [-0.47647, 0.37059], [-0.35098, 0.35882], [-0.12353, 0.27255], [-0.08824, 0.2451], [-0.14706, 0.17059], [-0.16275, 0.08039], [-0.15882, -0.02941], [-0.08431, -0.25294], [-0.02941, -0.34314], [0.03725, -0.37059], [0.09216, -0.3549], [0.16275, -0.26078], [0.25294, -0.06863], [0.27647, 0.06078], [0.26471, 0.12745], [0.29216, 0.12353], [0.33922, 0.17451], [0.48431, 0.17451], [0.5, 0.19412], [0.46078, 0.25686], [0.37843, 0.29216], [0.28039, 0.29216], [0.23333, 0.25686], [0.20196, 0.20588], [0.20196, 0.20588], [0.23333, 0.25686], [0.28039, 0.29216], [0.37843, 0.29216], [0.46078, 0.25686], [0.5, 0.19412], [0.48431, 0.17451], [0.33922, 0.17451], [0.29216, 0.12353], [0.22941, 0.16275], [0.13529, 0.2098], [0.04902, 0.23725]]}