{"rank": 116, "key_id": "6112410597326848", "category": "dog", "n_points": 18, "bbox_aspect": 1.4189944134078212, "n_extensions_spliced": 2, "main_perimeter_px": 408.12947407435416, "score": 0.8405666428104019, "coords": [[-0.08268, 0.18307], [-0.11417, 0.14764], [-0.17323, 0.2185], [-0.22047, -0.08858], [-0.22441, -0.20276], [-0.1811, -0.29724], [-0.11024, -0.34449], [-0.06299, -0.35236], [0.03937, -0.33661], [0.15748, -0.25787], [0.24016, -0.16339], [0.25591, -0.1122], [0.25591, -0.00984], [0.20866, 0.09252], [0.12992, 0.16732], [0.08661, 0.19094], [0.02756, 0.20276], [-0.06299, 0.21457], [-0.08268, 0.18307]]}