{"rank": 117, "key_id": "6557336510398464", "category": "dog", "n_points": 23, "bbox_aspect": 1.3010204081632653, "n_extensions_spliced": 2, "main_perimeter_px": 452.29947052219075, "score": 0.8403403211813539, "coords": [[-0.27647, -0.0], [-0.26471, 0.03529], [-0.21373, 0.08627], [-0.15098, 0.12157], [-0.07255, 0.14118], [0.06471, 0.08627], [0.11961, 0.04706], [0.15882, -0.00784], [0.15882, 0.01569], [0.17451, -0.10196], [0.17451, -0.16863], [0.15098, -0.23137], [0.12353, -0.27059], [0.03333, -0.3451], [-0.0451, -0.38039], [-0.20196, -0.38431], [-0.26471, -0.36078], [-0.32745, -0.32549], [-0.3902, -0.25098], [-0.41373, -0.19216], [-0.41765, -0.12157], [-0.40196, -0.07451], [-0.30392, 0.06667], [-0.27647, -0.0]]}