{"rank": 118, "key_id": "4756021589311488", "category": "dog", "n_points": 32, "bbox_aspect": 1.6776315789473684, "n_extensions_spliced": 2, "main_perimeter_px": 672.8545463292261, "score": 0.8400291152830108, "coords": [[-0.30392, -0.10196], [-0.31569, -0.1451], [-0.3, -0.23137], [-0.28824, -0.2549], [-0.25686, -0.26667], [-0.22941, -0.26275], [-0.2098, -0.23922], [-0.17059, -0.10196], [0.0451, -0.09804], [0.08431, -0.26667], [0.11569, -0.29412], [0.14706, -0.29804], [0.18235, -0.26667], [0.23333, -0.17255], [0.21765, -0.09412], [0.21373, 0.01569], [0.41373, 0.03529], [0.47647, 0.07059], [0.5, 0.14118], [0.49216, 0.17255], [0.46863, 0.19216], [0.29216, 0.21176], [0.28824, 0.19608], [0.2451, 0.19216], [0.19804, 0.12549], [0.08039, 0.13333], [-0.1902, 0.10196], [-0.27647, 0.05882], [-0.32353, -0.00784], [-0.31176, 0.01961], [-0.33137, -0.07451], [-0.30392, -0.15294], [-0.30392, -0.10196]]}