{"rank": 119, "key_id": "5846493116235776", "category": "dog", "n_points": 22, "bbox_aspect": 1.3144329896907216, "n_extensions_spliced": 2, "main_perimeter_px": 647.3044737710109, "score": 0.8391865379650529, "coords": [[0.07255, 0.38039], [0.02157, 0.37647], [-0.1, 0.32157], [-0.27647, 0.15686], [-0.31961, 0.08235], [-0.35098, -0.00784], [-0.36667, -0.1098], [-0.36275, -0.19216], [-0.33922, -0.23137], [-0.30784, -0.27843], [-0.18235, -0.33725], [0.04118, -0.38039], [0.16275, -0.37647], [0.22941, -0.36078], [0.31569, -0.29804], [0.36275, -0.20784], [0.38627, 0.18824], [0.40588, 0.21961], [0.34706, 0.26275], [0.26863, 0.31765], [0.15882, 0.3451], [-0.02941, 0.33725], [0.07255, 0.38039]]}