{"rank": 120, "key_id": "6486059699404800", "category": "dog", "n_points": 22, "bbox_aspect": 1.4912280701754386, "n_extensions_spliced": 2, "main_perimeter_px": 529.8052886134712, "score": 0.839143906909146, "coords": [[-0.12353, 0.18235], [-0.19412, 0.12745], [-0.17843, 0.15882], [-0.26863, -0.02941], [-0.28824, -0.13922], [-0.28824, -0.24118], [-0.2451, -0.31176], [-0.14706, -0.33529], [-0.00588, -0.31569], [0.18627, -0.23725], [0.26471, -0.17451], [0.24118, -0.16667], [0.28824, -0.13529], [0.30784, -0.06471], [0.30784, -0.02941], [0.29216, -0.00196], [0.20196, 0.08039], [0.09216, 0.11176], [-0.13922, 0.12353], [-0.22549, 0.1], [-0.34314, 0.0098], [-0.37843, -0.05686], [-0.12353, 0.18235]]}