{"rank": 121, "key_id": "5021577202630656", "category": "dog", "n_points": 22, "bbox_aspect": 1.4912280701754386, "n_extensions_spliced": 2, "main_perimeter_px": 489.47098599030477, "score": 0.839143906909146, "coords": [[-0.25294, 0.02941], [-0.22941, 0.09608], [-0.13922, 0.24118], [-0.1, 0.26078], [-0.11569, 0.26471], [0.00588, 0.25294], [0.14706, 0.18235], [0.16275, 0.19804], [0.27255, 0.03333], [0.28431, -0.08431], [0.28039, -0.12745], [0.25294, -0.17451], [0.17843, -0.26863], [0.06078, -0.33137], [-0.00588, -0.33529], [-0.04902, -0.31961], [-0.18627, -0.23333], [-0.22941, -0.1549], [-0.25294, -0.07255], [-0.26471, 0.0451], [-0.26471, 0.10784], [-0.2451, 0.17843], [-0.25294, 0.02941]]}