{"rank": 122, "key_id": "5166147898966016", "category": "dog", "n_points": 24, "bbox_aspect": 1.2828282828282829, "n_extensions_spliced": 2, "main_perimeter_px": 434.6429641483817, "score": 0.8388164997919519, "coords": [[-0.16929, 0.29134], [-0.14173, 0.24016], [-0.12992, 0.18898], [-0.1378, 0.01969], [-0.1063, -0.00394], [-0.04331, 0.00394], [0.04331, 0.03937], [0.05118, 0.05512], [0.05906, 0.10236], [0.04724, 0.14567], [-0.02362, 0.24803], [-0.0315, 0.26378], [-0.09055, 0.29528], [-0.15354, 0.37402], [-0.20866, 0.38976], [-0.27559, 0.38976], [-0.34646, 0.3622], [-0.3937, 0.30315], [-0.47638, 0.24409], [-0.5, 0.19291], [-0.47244, 0.14173], [-0.43701, 0.12598], [-0.15354, 0.16535], [-0.20472, 0.15354], [-0.16929, 0.29134]]}