{"rank": 123, "key_id": "6745694666752000", "category": "dog", "n_points": 19, "bbox_aspect": 1.4406779661016949, "n_extensions_spliced": 2, "main_perimeter_px": 482.52914478325, "score": 0.8382842301589646, "coords": [[-0.05294, 0.25294], [-0.12353, 0.24902], [-0.17843, 0.21765], [-0.24118, 0.13922], [-0.26471, 0.06471], [-0.25294, 0.06078], [-0.27255, -0.22157], [-0.24902, -0.28431], [-0.19804, -0.32353], [-0.12745, -0.34706], [0.01765, -0.34706], [0.13922, -0.25686], [0.17451, -0.08431], [0.17451, 0.09216], [0.11961, 0.10392], [0.12353, 0.2098], [0.05294, 0.24902], [-0.05294, 0.26078], [-0.16667, 0.21373], [-0.05294, 0.25294]]}