{"rank": 124, "key_id": "4730931900317696", "category": "dog", "n_points": 21, "bbox_aspect": 1.328125, "n_extensions_spliced": 2, "main_perimeter_px": 449.4937233524487, "score": 0.8381071555566022, "coords": [[-0.26078, -0.07843], [-0.21373, -0.20784], [-0.14706, -0.31765], [-0.1, -0.35686], [-0.04902, -0.37647], [0.00588, -0.37647], [0.06078, -0.34902], [0.18235, -0.16078], [0.2451, 0.00392], [0.25294, 0.06667], [0.25294, 0.12157], [0.22941, 0.16471], [0.17843, 0.19216], [0.15098, 0.18824], [0.08431, 0.21961], [-0.10784, 0.21569], [-0.18627, 0.16863], [-0.17451, 0.23529], [-0.23333, 0.1098], [-0.26471, 0.01961], [-0.26078, -0.06667], [-0.26078, -0.07843]]}