{"rank": 125, "key_id": "6359264765411328", "category": "dog", "n_points": 24, "bbox_aspect": 1.2814070351758795, "n_extensions_spliced": 2, "main_perimeter_px": 544.2089425127333, "score": 0.8380405386689047, "coords": [[0.05686, 0.24902], [0.01373, 0.28431], [-0.02941, 0.29608], [-0.08431, 0.28824], [-0.12353, 0.3], [-0.15098, 0.24118], [-0.20196, 0.15882], [-0.23725, 0.05686], [-0.23333, -0.13529], [-0.19412, -0.22549], [-0.14314, -0.29608], [-0.08431, -0.34706], [-0.02157, -0.36275], [0.04902, -0.36275], [0.12353, -0.33137], [0.25686, -0.21373], [0.29216, -0.13137], [0.29608, 0.07255], [0.26471, 0.16275], [0.22549, 0.22941], [0.22157, 0.23333], [0.11961, 0.29608], [0.00196, 0.29608], [-0.11569, 0.23333], [0.05686, 0.24902]]}