{"rank": 126, "key_id": "6564233309323264", "category": "dog", "n_points": 20, "bbox_aspect": 1.3421052631578947, "n_extensions_spliced": 2, "main_perimeter_px": 430.3434252969815, "score": 0.8371037321303756, "coords": [[-0.22549, -0.07451], [-0.17843, -0.14118], [-0.16275, -0.18039], [-0.07255, -0.25882], [-0.02157, -0.27451], [0.04902, -0.27451], [0.14314, -0.22353], [0.17059, -0.2], [0.31569, 0.10196], [0.29216, 0.08627], [0.3, 0.14118], [0.27647, 0.16078], [0.15098, 0.22745], [0.07647, 0.24314], [-0.06863, 0.20392], [-0.09608, 0.18431], [-0.21765, 0.03529], [-0.19412, 0.09804], [-0.22941, -0.00784], [-0.21765, -0.13725], [-0.22549, -0.07451]]}