{"rank": 127, "key_id": "5030212871913472", "category": "dog", "n_points": 30, "bbox_aspect": 1.6451612903225807, "n_extensions_spliced": 2, "main_perimeter_px": 572.2343838629064, "score": 0.8370436658674233, "coords": [[-0.32745, -0.0098], [-0.28824, -0.07647], [-0.27647, -0.17451], [-0.13922, -0.17451], [-0.1, -0.16667], [-0.05294, -0.11961], [-0.04902, -0.07255], [-0.04902, -0.14314], [-0.02941, -0.20196], [-0.00196, -0.22157], [0.05294, -0.09608], [0.08039, 0.02549], [0.08039, -0.02549], [0.09608, -0.04118], [0.15882, -0.04902], [0.17059, -0.2451], [0.18627, -0.24902], [0.22157, -0.18627], [0.27255, -0.00588], [0.26471, -0.02157], [0.28824, -0.03725], [0.40588, -0.05294], [0.43725, -0.02157], [0.48824, 0.07647], [0.5, 0.2451], [0.45686, 0.29608], [0.41373, 0.30392], [0.37059, 0.26078], [0.33137, 0.18627], [0.35098, 0.19412], [-0.32745, -0.0098]]}