{"rank": 128, "key_id": "5274129081040896", "category": "dog", "n_points": 44, "bbox_aspect": 1.5740740740740742, "n_extensions_spliced": 2, "main_perimeter_px": 394.1538466852988, "score": 0.8366814687331998, "coords": [[-0.32353, 0.31765], [-0.29608, 0.30588], [-0.2098, 0.31373], [-0.16667, 0.2902], [-0.14706, 0.24706], [-0.14706, -0.08627], [-0.16667, -0.09804], [-0.21373, -0.08627], [-0.23725, -0.06275], [-0.23725, -0.06275], [-0.21373, -0.08627], [-0.16667, -0.09804], [-0.14706, -0.08627], [-0.14706, 0.24706], [-0.16667, 0.2902], [-0.2098, 0.31373], [-0.29608, 0.30588], [-0.37059, 0.3098], [-0.48039, 0.23137], [-0.5, 0.12941], [-0.5, -0.00392], [-0.46863, -0.18039], [-0.43725, -0.25098], [-0.35098, -0.30196], [-0.27647, -0.31765], [-0.25294, -0.30196], [-0.23725, -0.18431], [-0.22941, -0.10588], [0.10784, -0.12157], [0.2098, -0.10196], [0.36667, -0.10196], [0.43725, -0.1098], [0.5, -0.1451], [0.5, -0.1451], [0.43725, -0.1098], [0.36667, -0.10196], [0.2098, -0.10196], [0.10784, -0.12157], [-0.22941, -0.10588], [-0.23333, -0.00784], [-0.2451, 0.14118], [-0.26078, 0.21569], [-0.28039, 0.26275], [-0.36275, 0.30588], [-0.32353, 0.31765]]}