{"rank": 129, "key_id": "6568818837028864", "category": "dog", "n_points": 25, "bbox_aspect": 1.2623762376237624, "n_extensions_spliced": 2, "main_perimeter_px": 615.9115734731596, "score": 0.8358998611285393, "coords": [[-0.24118, 0.30588], [-0.2451, 0.32549], [-0.28039, 0.29412], [-0.33922, 0.15686], [-0.37451, 0.00784], [-0.36667, -0.09804], [-0.31961, -0.2], [-0.2451, -0.3098], [-0.12745, -0.37647], [0.01765, -0.39608], [0.07255, -0.39216], [0.16275, -0.34902], [0.23333, -0.29412], [0.27255, -0.23137], [0.29608, -0.07843], [0.29608, 0.03529], [0.25294, 0.2], [0.19412, 0.28627], [0.21373, 0.28627], [0.15098, 0.32549], [0.0451, 0.38039], [-0.01765, 0.39608], [-0.19804, 0.38431], [-0.2451, 0.36471], [-0.32745, 0.30196], [-0.24118, 0.30588]]}