{"rank": 130, "key_id": "6309390749532160", "category": "dog", "n_points": 22, "bbox_aspect": 1.5, "n_extensions_spliced": 2, "main_perimeter_px": 595.9836186818856, "score": 0.8350383232924673, "coords": [[0.00196, 0.32941], [-0.12353, 0.27843], [-0.23333, 0.17255], [-0.31176, 0.05882], [-0.3549, -0.03529], [-0.36667, -0.19608], [-0.3549, -0.27843], [-0.33137, -0.30588], [-0.28039, -0.32549], [-0.18235, -0.33333], [0.00196, -0.26667], [0.13137, -0.19608], [0.23333, -0.11373], [0.32745, -0.01569], [0.37451, 0.0902], [0.37059, 0.19216], [0.35882, 0.16078], [0.33922, 0.25098], [0.27255, 0.29412], [0.08039, 0.32941], [-0.12353, 0.31765], [-0.13529, 0.30588], [0.00196, 0.32941]]}