{"rank": 131, "key_id": "6704709991661568", "category": "dog", "n_points": 26, "bbox_aspect": 1.2450980392156863, "n_extensions_spliced": 2, "main_perimeter_px": 612.6946265812003, "score": 0.8345860922538417, "coords": [[-0.32283, 0.08268], [-0.33071, -0.02362], [-0.30709, -0.00787], [-0.23622, -0.20866], [-0.22047, -0.20866], [-0.20079, -0.04724], [-0.14567, -0.20866], [-0.11811, -0.23228], [-0.09449, -0.22047], [-0.05906, -0.11811], [-0.03937, -0.11024], [0.24016, -0.11024], [0.25197, -0.16535], [0.32283, -0.28346], [0.33858, -0.27165], [0.34252, -0.20866], [0.37402, -0.12992], [0.5, -0.40157], [0.5, -0.17323], [0.48819, -0.09449], [0.46457, -0.05906], [0.39764, 0.00394], [0.38189, 0.04724], [0.37795, 0.12205], [0.38189, 0.12598], [0.42913, 0.13386], [-0.32283, 0.08268]]}