{"rank": 132, "key_id": "5386874640138240", "category": "dog", "n_points": 21, "bbox_aspect": 1.3212435233160622, "n_extensions_spliced": 2, "main_perimeter_px": 630.9087355930441, "score": 0.8344707837426294, "coords": [[-0.0451, 0.33922], [-0.20196, 0.37843], [-0.23333, 0.3549], [-0.31961, 0.22941], [-0.37451, 0.08039], [-0.37843, -0.08824], [-0.33137, -0.14314], [-0.1902, -0.20588], [0.06078, -0.27255], [0.20588, -0.27255], [0.34314, -0.20588], [0.39412, -0.14706], [0.42157, -0.08431], [0.44902, 0.02941], [0.4451, 0.15098], [0.42157, 0.18235], [0.22157, 0.29608], [0.21373, 0.28824], [0.04118, 0.32353], [-0.13137, 0.31961], [-0.14314, 0.33922], [-0.0451, 0.33922]]}