{"rank": 133, "key_id": "5002849152925696", "category": "dog", "n_points": 27, "bbox_aspect": 1.59375, "n_extensions_spliced": 2, "main_perimeter_px": 549.3631898959542, "score": 0.8342677546876296, "coords": [[-0.06078, 0.04314], [-0.18627, 0.03529], [-0.34706, -0.02353], [-0.39804, -0.08235], [-0.5, -0.16471], [-0.36667, -0.18039], [-0.32353, -0.15686], [-0.28039, -0.11765], [-0.25294, -0.11765], [-0.18627, -0.19216], [-0.13137, -0.31373], [-0.0098, -0.20784], [0.02157, -0.16078], [0.01373, -0.26667], [0.08824, -0.23137], [0.12745, -0.16078], [0.24902, -0.16078], [0.26078, -0.27843], [0.33137, -0.21961], [0.33922, -0.16471], [0.33922, -0.2], [0.3549, -0.20784], [0.40196, -0.20392], [0.45294, -0.17255], [0.47647, -0.14902], [0.48039, -0.07059], [0.28431, 0.09804], [-0.06078, 0.04314]]}