{"rank": 134, "key_id": "4734719440715776", "category": "dog", "n_points": 28, "bbox_aspect": 1.2142857142857142, "n_extensions_spliced": 2, "main_perimeter_px": 662.767867996937, "score": 0.8337119778071544, "coords": [[-0.21373, -0.16078], [-0.20588, -0.31373], [-0.17843, -0.35294], [-0.07255, -0.40392], [0.17451, -0.41176], [0.26471, -0.40392], [0.3, -0.36078], [0.33137, -0.18824], [0.35882, -0.1451], [0.37451, -0.03529], [0.37451, 0.09804], [0.3902, 0.1451], [0.33922, 0.14118], [0.3902, 0.18431], [0.24902, 0.30196], [0.1902, 0.33725], [0.07647, 0.35294], [-0.07255, 0.41176], [-0.19804, 0.39608], [-0.28039, 0.32157], [-0.29608, 0.27843], [-0.30784, 0.18824], [-0.32353, 0.14118], [-0.32353, 0.0549], [-0.31569, 0.01176], [-0.28824, -0.03529], [-0.11176, -0.1098], [-0.14706, -0.07451], [-0.21373, -0.16078]]}