{"rank": 135, "key_id": "5075292076900352", "category": "dog", "n_points": 23, "bbox_aspect": 1.2878787878787878, "n_extensions_spliced": 2, "main_perimeter_px": 552.5923123638538, "score": 0.8332336611565413, "coords": [[-0.24118, 0.2902], [-0.30784, 0.25882], [-0.17059, 0.34902], [-0.09216, 0.37255], [-0.01765, 0.38824], [0.05294, 0.38039], [0.18627, 0.34118], [0.25686, 0.30196], [0.29608, 0.24314], [0.33137, 0.14902], [0.20196, 0.14902], [0.33529, 0.06275], [0.31569, -0.05098], [0.25294, -0.17255], [0.14706, -0.3098], [0.08824, -0.36078], [0.02157, -0.38824], [-0.07255, -0.38431], [-0.11961, -0.34902], [-0.19804, -0.27843], [-0.2451, -0.10196], [-0.24902, -0.03922], [-0.18627, 0.24314], [-0.24118, 0.2902]]}