{"rank": 136, "key_id": "6220188712173568", "category": "dog", "n_points": 22, "bbox_aspect": 1.3025641025641026, "n_extensions_spliced": 2, "main_perimeter_px": 543.4702547377383, "score": 0.8328370636168372, "coords": [[0.14173, 0.2815], [-0.02756, 0.2815], [-0.11811, 0.25787], [-0.18504, 0.22244], [-0.27559, 0.13583], [-0.27953, 0.13189], [-0.30709, 0.06102], [-0.31496, 0.00591], [-0.31102, -0.09252], [-0.27953, -0.19094], [-0.22441, -0.30512], [-0.11024, -0.37205], [-0.04724, -0.38386], [0.05512, -0.37598], [0.27953, -0.26969], [0.31102, -0.23031], [0.3189, -0.17126], [0.3189, -0.07283], [0.18898, 0.20669], [0.13386, 0.25787], [0.06299, 0.26181], [0.06693, 0.23425], [0.14173, 0.2815]]}