{"rank": 137, "key_id": "6707880583495680", "category": "dog", "n_points": 22, "bbox_aspect": 1.3025641025641026, "n_extensions_spliced": 2, "main_perimeter_px": 600.7812153973896, "score": 0.8328370636168372, "coords": [[-0.23622, 0.26969], [-0.30315, 0.13189], [-0.33465, -0.02953], [-0.32677, 0.03346], [-0.32677, -0.15551], [-0.28346, -0.26969], [-0.2126, -0.33661], [-0.1378, -0.37992], [0.02756, -0.38386], [0.1378, -0.3563], [0.20472, -0.31693], [0.28346, -0.22244], [0.34646, -0.08071], [0.37008, 0.12795], [0.34646, 0.20276], [0.32283, 0.23425], [0.27559, 0.27756], [0.24803, 0.26969], [0.22441, 0.30118], [0.05906, 0.32087], [-0.15748, 0.29724], [-0.2874, 0.22638], [-0.23622, 0.26969]]}