{"rank": 138, "key_id": "5589101581434880", "category": "dog", "n_points": 23, "bbox_aspect": 1.2864583333333333, "n_extensions_spliced": 2, "main_perimeter_px": 465.49032905020476, "score": 0.8324611762519546, "coords": [[-0.36235, -0.14575], [-0.33401, -0.10526], [-0.17611, -0.11741], [-0.25709, -0.31984], [-0.26518, -0.38866], [-0.15992, -0.36842], [-0.15992, -0.31579], [-0.12753, -0.21053], [-0.0587, -0.14575], [0.11538, -0.12146], [0.14777, -0.12955], [0.17611, -0.16599], [0.17206, -0.26721], [0.19231, -0.33198], [0.20445, -0.34818], [0.26113, -0.35628], [0.27733, -0.33198], [0.28543, -0.25506], [0.26518, -0.09717], [0.27733, -0.05668], [0.35425, -0.02024], [0.5, -0.05263], [0.47166, 0.01215], [-0.36235, -0.14575]]}