{"rank": 139, "key_id": "4561862442090496", "category": "dog", "n_points": 45, "bbox_aspect": 1.2259615384615385, "n_extensions_spliced": 2, "main_perimeter_px": 497.8529023504317, "score": 0.8320772601851267, "coords": [[-0.37451, 0.23529], [-0.30784, 0.3098], [-0.23725, 0.31373], [-0.18235, 0.40784], [-0.17451, 0.2902], [-0.13529, 0.26275], [-0.1, 0.20392], [-0.07647, 0.16078], [-0.07255, 0.09804], [0.09216, 0.08235], [0.32745, 0.0902], [0.24902, -0.07451], [0.16275, -0.15686], [0.08824, -0.28235], [0.05294, -0.40784], [0.03725, -0.25882], [0.00588, -0.19608], [-0.29216, 0.06667], [-0.3, 0.07843], [-0.43725, 0.07059], [-0.49216, 0.09804], [-0.5, 0.13725], [-0.46471, 0.17647], [-0.37059, 0.21961], [-0.37059, 0.21961], [-0.46471, 0.17647], [-0.5, 0.13725], [-0.49216, 0.09804], [-0.43725, 0.07059], [-0.3, 0.07843], [-0.29216, 0.06667], [0.00588, -0.19608], [0.03725, -0.25882], [0.05294, -0.40784], [0.08824, -0.28235], [0.16275, -0.15686], [0.24902, -0.07451], [0.46863, 0.2902], [0.48039, 0.33725], [0.5, 0.26275], [0.49216, 0.13333], [0.47647, 0.08235], [0.42157, 0.03922], [0.41373, 0.01961], [0.37451, -0.25882], [-0.37451, 0.23529]]}