{"rank": 140, "key_id": "4748459963842560", "category": "dog", "n_points": 24, "bbox_aspect": 1.2686567164179106, "n_extensions_spliced": 2, "main_perimeter_px": 537.7843288067294, "score": 0.8310404803346964, "coords": [[-0.20196, -0.25294], [-0.29608, -0.24902], [-0.31176, -0.22549], [-0.31569, -0.17451], [-0.31176, -0.14314], [-0.31569, -0.08039], [-0.29216, 0.0451], [-0.2098, 0.21373], [-0.1549, 0.26863], [-0.11176, 0.28824], [0.03333, 0.3], [0.13529, 0.27255], [0.27255, 0.19804], [0.30392, 0.1549], [0.31569, 0.11176], [0.31569, 0.05686], [0.3, -0.0098], [0.21765, -0.12353], [0.21373, -0.16275], [0.17059, -0.17059], [0.08431, -0.22941], [0.03333, -0.2451], [-0.13529, -0.2451], [-0.36667, -0.18627], [-0.20196, -0.25294]]}