{"rank": 141, "key_id": "5063097591005184", "category": "dog", "n_points": 23, "bbox_aspect": 1.526946107784431, "n_extensions_spliced": 2, "main_perimeter_px": 514.0350001969788, "score": 0.830908419382346, "coords": [[-0.3, -0.02157], [-0.22941, 0.30784], [-0.22157, 0.26863], [-0.33137, 0.28039], [-0.22941, 0.30784], [-0.29608, -0.30392], [-0.13137, -0.32745], [-0.11569, -0.26078], [-0.08824, -0.2098], [0.12745, -0.18235], [0.22157, -0.18235], [0.2098, -0.21765], [0.2098, -0.26863], [0.43333, -0.27647], [0.5, -0.26863], [0.49216, -0.15098], [0.46471, -0.02157], [0.44902, 0.00588], [0.27255, 0.0451], [0.09608, 0.04118], [0.04118, 0.02941], [-0.00588, 0.02941], [-0.00588, 0.03725], [-0.3, -0.02157]]}