{"rank": 142, "key_id": "6482275145351168", "category": "dog", "n_points": 18, "bbox_aspect": 1.4406779661016949, "n_extensions_spliced": 2, "main_perimeter_px": 449.44539813637857, "score": 0.8299508968256312, "coords": [[-0.20588, 0.14706], [-0.21765, 0.02941], [-0.18235, -0.04902], [-0.11961, -0.11961], [-0.08824, -0.11961], [-0.02549, -0.13137], [0.31176, -0.13137], [0.40196, -0.12353], [0.49216, -0.08039], [0.5, -0.00588], [0.48824, 0.05294], [0.44118, 0.07647], [0.31569, 0.09216], [0.14706, 0.08039], [-0.04118, 0.08824], [-0.11176, 0.11961], [-0.18627, 0.17451], [-0.28039, 0.33922], [-0.20588, 0.14706]]}