{"rank": 143, "key_id": "6051928867864576", "category": "dog", "n_points": 27, "bbox_aspect": 1.6037735849056605, "n_extensions_spliced": 2, "main_perimeter_px": 616.7275406758271, "score": 0.8298790255781128, "coords": [[-0.33922, 0.14706], [-0.23333, 0.19804], [-0.11569, 0.23333], [-0.02157, 0.29608], [0.02549, 0.31176], [0.35098, 0.3], [0.42157, 0.27255], [0.45294, 0.23725], [0.5, 0.06078], [0.49608, 0.0451], [0.46078, 0.02941], [0.32353, -0.0098], [-0.12353, -0.0098], [-0.12353, 0.0451], [-0.32745, 0.01765], [-0.36667, 0.03725], [-0.38235, 0.06078], [-0.38235, 0.12353], [-0.3549, 0.15882], [-0.42549, 0.1902], [-0.48039, 0.24902], [-0.5, 0.24902], [-0.46078, 0.22549], [-0.44902, 0.16275], [-0.42941, 0.14706], [-0.4098, 0.13922], [-0.3902, 0.14706], [-0.33922, 0.14706]]}