{"rank": 144, "key_id": "6566330708787200", "category": "dog", "n_points": 22, "bbox_aspect": 1.2959183673469388, "n_extensions_spliced": 2, "main_perimeter_px": 502.2419300029426, "score": 0.8292564931500979, "coords": [[-0.16535, -0.34646], [-0.23622, -0.34646], [-0.29134, -0.30709], [-0.34252, -0.24803], [-0.36614, -0.14173], [-0.34252, -0.05512], [-0.25591, 0.05512], [-0.23228, 0.0748], [-0.09055, 0.1811], [0.02756, 0.20472], [0.07087, 0.20079], [0.15354, 0.16535], [0.23622, 0.09449], [0.22047, 0.08661], [0.27165, 0.03937], [0.21654, -0.19685], [0.18504, -0.27953], [0.09843, -0.37795], [0.06299, -0.38583], [0.01181, -0.38583], [-0.11024, -0.33465], [-0.2126, -0.3189], [-0.16535, -0.34646]]}