{"rank": 145, "key_id": "6752765323771904", "category": "dog", "n_points": 24, "bbox_aspect": 1.2623762376237624, "n_extensions_spliced": 2, "main_perimeter_px": 586.7339746619581, "score": 0.827566527795206, "coords": [[0.01373, -0.37255], [-0.12745, -0.35686], [-0.20588, -0.29412], [-0.1549, -0.22745], [-0.24118, -0.24314], [-0.26471, -0.11373], [-0.25686, 0.06667], [-0.17059, 0.31765], [-0.13922, 0.34902], [0.00588, 0.39608], [0.10784, 0.39608], [0.21373, 0.36078], [0.24118, 0.33333], [0.26863, 0.26667], [0.28431, 0.27059], [0.27647, 0.18431], [0.27255, -0.02353], [0.2451, -0.17255], [0.1902, -0.2902], [0.11961, -0.39216], [0.05294, -0.39608], [0.02157, -0.38824], [-0.03333, -0.35686], [-0.05686, -0.32549], [0.01373, -0.37255]]}