{"rank": 146, "key_id": "6270585837453312", "category": "dog", "n_points": 35, "bbox_aspect": 1.7708333333333333, "n_extensions_spliced": 2, "main_perimeter_px": 627.7953872504927, "score": 0.8271820603938178, "coords": [[-0.38627, 0.03529], [-0.43725, 0.09412], [-0.45294, 0.14118], [-0.44902, 0.25882], [-0.46863, 0.25098], [-0.5, 0.17255], [-0.45294, 0.05882], [-0.3902, -0.01569], [-0.41765, -0.08235], [-0.43725, -0.17255], [-0.43725, -0.24706], [-0.41765, -0.28235], [-0.38235, -0.21961], [-0.38235, -0.10196], [-0.34706, -0.05882], [-0.31176, -0.06275], [-0.28824, -0.08627], [-0.26863, -0.22745], [-0.22549, -0.23529], [-0.20588, -0.17647], [-0.20588, -0.08235], [-0.18235, -0.0549], [-0.1549, -0.05882], [-0.12745, -0.11765], [-0.10392, -0.12941], [0.11569, -0.08627], [0.12745, -0.18431], [0.15882, -0.21961], [0.18627, -0.18039], [0.18235, -0.10196], [0.29608, -0.21569], [0.30784, -0.19608], [0.30784, -0.12941], [0.28431, -0.09412], [0.34314, 0.05098], [-0.38627, 0.03529]]}