{"rank": 147, "key_id": "5986976060669952", "category": "dog", "n_points": 17, "bbox_aspect": 1.3709677419354838, "n_extensions_spliced": 2, "main_perimeter_px": 441.5217878393437, "score": 0.8269979110434751, "coords": [[0.25294, 0.3098], [0.23725, 0.27059], [-0.01765, 0.3098], [-0.08824, 0.28235], [-0.10392, 0.27059], [-0.19412, 0.20392], [-0.24118, 0.07059], [-0.24118, 0.01961], [-0.22157, -0.01569], [-0.09608, -0.15294], [0.0451, -0.18824], [0.13529, -0.18039], [0.20588, -0.12941], [0.29216, -0.01176], [0.31961, 0.15294], [0.30392, 0.19608], [0.20196, 0.3098], [0.25294, 0.3098]]}