{"rank": 148, "key_id": "6096060667658240", "category": "dog", "n_points": 27, "bbox_aspect": 1.6139240506329113, "n_extensions_spliced": 2, "main_perimeter_px": 544.6857229263571, "score": 0.8254626071428275, "coords": [[-0.26078, 0.14902], [-0.24902, 0.20392], [-0.25686, 0.21176], [-0.16275, 0.27059], [-0.03725, 0.3098], [0.07255, 0.30588], [0.13922, 0.25882], [0.15882, 0.22745], [0.1902, 0.15294], [0.2098, 0.05882], [0.29216, -0.00392], [0.32745, -0.05098], [0.31176, -0.05098], [0.33137, -0.12549], [0.28039, -0.19216], [0.08039, -0.28235], [-0.04902, -0.3098], [-0.21373, -0.3098], [-0.24118, -0.30196], [-0.32353, -0.24314], [-0.3549, -0.19216], [-0.36275, -0.14902], [-0.36275, -0.08235], [-0.35098, -0.0549], [-0.29608, -0.02353], [-0.26078, 0.02745], [-0.25294, 0.16863], [-0.26078, 0.14902]]}