{"rank": 149, "key_id": "6418618831077376", "category": "dog", "n_points": 27, "bbox_aspect": 1.2142857142857142, "n_extensions_spliced": 2, "main_perimeter_px": 565.6247015164943, "score": 0.8253786444738211, "coords": [[0.00196, 0.40784], [-0.05294, 0.41176], [-0.14314, 0.36863], [-0.29216, 0.24314], [-0.35882, 0.1451], [-0.38235, 0.0902], [-0.3902, 0.04314], [-0.38235, -0.0549], [-0.30392, -0.17255], [-0.24902, -0.22745], [-0.25294, -0.23922], [-0.13529, -0.3098], [-0.0451, -0.33333], [0.04118, -0.33333], [0.08039, -0.32157], [0.11961, -0.28627], [0.21373, -0.15686], [0.20196, -0.1451], [0.27255, -0.03529], [0.28431, 0.05098], [0.28039, 0.16078], [0.21765, 0.28627], [0.19412, 0.3098], [0.10392, 0.36863], [0.00588, 0.39216], [-0.01765, 0.4], [-0.00588, 0.40392], [0.00196, 0.40784]]}