{"rank": 150, "key_id": "6618404154769408", "category": "dog", "n_points": 21, "bbox_aspect": 1.5029585798816567, "n_extensions_spliced": 2, "main_perimeter_px": 421.16260635273346, "score": 0.8253256791680249, "coords": [[0.28346, 0.12008], [0.24409, 0.19882], [0.19685, 0.25], [0.12598, 0.2815], [0.01575, 0.28937], [-0.06299, 0.25787], [-0.13386, 0.21063], [-0.1811, 0.1437], [-0.20079, 0.06496], [-0.20079, -0.08071], [-0.18898, -0.07283], [-0.14173, -0.13583], [-0.08268, -0.16339], [0.00394, -0.17913], [0.11417, -0.1752], [0.19685, -0.13583], [0.23228, -0.08858], [0.23622, -0.05709], [0.24803, -0.02559], [0.25984, 0.23031], [0.24409, 0.23819], [0.28346, 0.12008]]}