{"rank": 151, "key_id": "5826574232322048", "category": "dog", "n_points": 23, "bbox_aspect": 1.5393939393939393, "n_extensions_spliced": 2, "main_perimeter_px": 516.0313136807781, "score": 0.8252250771189465, "coords": [[-0.08661, 0.18701], [-0.20866, 0.10433], [-0.30709, -0.00197], [-0.33465, -0.10039], [-0.31102, -0.17913], [-0.26772, -0.23425], [-0.20866, -0.28543], [-0.1063, -0.3248], [0.05118, -0.30906], [0.18504, -0.25], [0.22835, -0.21063], [0.25984, -0.15551], [0.27165, -0.04528], [0.24409, 0.1122], [0.22047, 0.17126], [0.1811, 0.23031], [0.1063, 0.26969], [0.16535, 0.29724], [0.02756, 0.26575], [-0.1811, 0.15157], [-0.20866, 0.12402], [-0.21654, 0.10039], [-0.21654, 0.08858], [-0.08661, 0.18701]]}