{"rank": 152, "key_id": "6062120896561152", "category": "dog", "n_points": 30, "bbox_aspect": 1.1705069124423964, "n_extensions_spliced": 2, "main_perimeter_px": 719.8018637776748, "score": 0.8246752737998049, "coords": [[-0.25591, -0.06102], [-0.25197, -0.2185], [-0.2126, -0.31693], [-0.14173, -0.37992], [0.0, -0.42323], [0.04724, -0.42717], [0.11811, -0.39961], [0.22047, -0.30906], [0.26378, -0.21063], [0.26378, -0.11614], [0.33858, -0.23425], [0.38583, -0.26969], [0.44882, -0.26575], [0.48819, -0.2185], [0.5, -0.10039], [0.48819, -0.00984], [0.46457, 0.08465], [0.41732, 0.18307], [0.27165, 0.33661], [0.14173, 0.39961], [0.03543, 0.42323], [0.01181, 0.42323], [0.01575, 0.42717], [0.01181, 0.39961], [-0.29134, 0.31693], [0.05906, 0.32087], [0.0748, 0.26181], [0.14961, 0.1122], [0.18504, 0.00197], [0.27953, -0.14764], [-0.25591, -0.06102]]}