{"rank": 153, "key_id": "6363666150588416", "category": "dog", "n_points": 34, "bbox_aspect": 1.1135371179039302, "n_extensions_spliced": 2, "main_perimeter_px": 689.3718746173884, "score": 0.8230818468214148, "coords": [[-0.5, 0.16275], [0.0098, 0.15882], [0.05294, 0.2098], [0.1, 0.4098], [0.12745, 0.3902], [0.19412, 0.22157], [0.35098, 0.2098], [0.36667, 0.37843], [0.3902, 0.44118], [0.4098, 0.44902], [0.5, 0.18627], [0.5, 0.09608], [0.44902, -0.13529], [0.45686, -0.28824], [0.39804, -0.30784], [0.39804, -0.30392], [0.41373, -0.44902], [0.37843, -0.44118], [0.36667, -0.42157], [0.3902, -0.40196], [0.37059, -0.33529], [0.37059, -0.33529], [0.3902, -0.40196], [0.33137, -0.31569], [0.33137, -0.31569], [0.36667, -0.42157], [0.37843, -0.44118], [0.41373, -0.44902], [0.39804, -0.30392], [0.3, -0.30392], [0.27647, -0.26863], [0.21765, -0.06863], [0.1902, -0.03725], [0.11961, 0.00196], [-0.5, 0.16275]]}