{"rank": 154, "key_id": "4683889509400576", "category": "dog", "n_points": 31, "bbox_aspect": 1.1538461538461537, "n_extensions_spliced": 2, "main_perimeter_px": 856.2163979707527, "score": 0.8229733582469556, "coords": [[-0.20196, 0.11961], [-0.19804, 0.10784], [0.32353, 0.08431], [0.31961, 0.2451], [0.37059, 0.42157], [0.40588, 0.43333], [0.48824, 0.39804], [0.5, 0.35882], [0.45294, 0.22549], [0.44118, 0.13137], [0.43333, -0.3902], [0.3902, -0.40196], [0.35098, -0.37059], [0.31569, -0.24902], [0.24118, -0.28824], [0.22941, -0.38235], [0.1902, -0.40196], [0.13137, -0.37843], [0.12353, -0.23725], [0.0451, -0.26863], [0.0098, -0.39412], [-0.0098, -0.41765], [-0.05686, -0.4098], [-0.07255, -0.34706], [-0.0451, -0.26471], [-0.05294, -0.22549], [-0.15098, -0.28039], [-0.16667, -0.38235], [-0.19412, -0.43333], [-0.23333, -0.39804], [-0.24118, -0.31176], [-0.20196, 0.11961]]}