{"rank": 155, "key_id": "5717094509314048", "category": "dog", "n_points": 35, "bbox_aspect": 1.0991379310344827, "n_extensions_spliced": 2, "main_perimeter_px": 1001.3024973661419, "score": 0.822304422476299, "coords": [[-0.12745, 0.31765], [-0.23333, 0.28627], [-0.12353, 0.0902], [-0.10392, 0.03529], [0.03725, -0.01569], [0.25294, -0.04706], [0.37059, -0.02745], [0.41373, 0.03137], [0.49216, 0.19216], [0.5, -0.01176], [0.46078, -0.24706], [0.42941, -0.36078], [0.38235, -0.42353], [0.35098, -0.41569], [0.28039, -0.25882], [0.26471, -0.18039], [0.26078, -0.3451], [0.2451, -0.42745], [0.22549, -0.42353], [0.20196, -0.38431], [0.13922, -0.18431], [0.06471, -0.19608], [-0.10784, -0.19608], [-0.13922, -0.27843], [-0.13922, -0.43922], [-0.17451, -0.4549], [-0.22157, -0.36471], [-0.22549, -0.24706], [-0.20588, -0.18824], [-0.20196, -0.34902], [-0.23725, -0.35686], [-0.26863, -0.33725], [-0.29608, -0.27059], [-0.30392, -0.12549], [-0.26078, 0.03922], [-0.12745, 0.31765]]}