{"rank": 156, "key_id": "5957220124590080", "category": "dog", "n_points": 54, "bbox_aspect": 1.457142857142857, "n_extensions_spliced": 2, "main_perimeter_px": 417.6987018209369, "score": 0.8219962657704106, "coords": [[-0.22549, 0.31569], [-0.21765, 0.33922], [-0.30392, 0.32745], [-0.4098, 0.21373], [-0.46471, 0.08431], [-0.49216, -0.0098], [-0.48431, -0.11176], [-0.5, -0.23333], [-0.48824, -0.27255], [-0.3902, -0.04902], [-0.23725, 0.12353], [-0.13137, 0.29216], [-0.08431, 0.34314], [-0.08431, 0.34314], [-0.13137, 0.29216], [-0.23725, 0.12353], [-0.3902, -0.04902], [-0.48824, -0.27255], [-0.5, -0.23333], [-0.48431, -0.11176], [-0.49216, -0.0098], [-0.46471, 0.08431], [-0.4098, 0.21373], [-0.30392, 0.32745], [-0.21765, 0.33922], [-0.27255, 0.21373], [-0.31176, 0.02549], [-0.30784, -0.09608], [-0.2098, -0.2098], [-0.10784, -0.28824], [0.09608, -0.33529], [0.1549, -0.33529], [0.2098, -0.28824], [0.29608, -0.07647], [0.34706, 0.25294], [0.38627, 0.19412], [0.42941, 0.13529], [0.44902, 0.00196], [0.5, -0.1], [0.5, -0.33922], [0.46471, -0.34314], [0.42941, -0.29216], [0.41373, -0.1549], [0.33137, 0.02549], [0.33137, 0.02549], [0.41373, -0.1549], [0.42941, -0.29216], [0.46471, -0.34314], [0.5, -0.33922], [0.5, -0.1], [0.44902, 0.00196], [0.42941, 0.13529], [0.38627, 0.19412], [0.37059, 0.27255], [-0.22549, 0.31569]]}