{"rank": 157, "key_id": "5908057932431360", "category": "dog", "n_points": 20, "bbox_aspect": 1.4941176470588236, "n_extensions_spliced": 2, "main_perimeter_px": 453.57932467862827, "score": 0.8211221513237233, "coords": [[0.06693, 0.22835], [0.03543, 0.25984], [-0.06693, 0.25984], [-0.1378, 0.2126], [-0.14961, 0.18504], [-0.20866, 0.13386], [-0.27165, 0.03937], [-0.30709, -0.05118], [-0.31496, -0.14567], [-0.27953, -0.22441], [-0.16535, -0.3189], [-0.11417, -0.33465], [-0.02362, -0.33071], [0.06299, -0.27559], [0.1378, -0.19291], [0.19685, -0.05906], [0.20079, 0.08268], [0.16535, 0.12992], [0.05118, 0.2126], [0.03543, 0.27165], [0.06693, 0.22835]]}