{"rank": 158, "key_id": "4545498587332608", "category": "dog", "n_points": 21, "bbox_aspect": 1.5178571428571428, "n_extensions_spliced": 2, "main_perimeter_px": 489.11460851795954, "score": 0.818420869606232, "coords": [[0.11176, 0.28627], [0.0098, 0.28235], [-0.05686, 0.23922], [-0.16667, 0.12941], [-0.2098, 0.09412], [-0.22157, -0.01176], [-0.2098, -0.12941], [-0.13137, -0.23529], [-0.03725, -0.30588], [0.06471, -0.32941], [0.10784, -0.32941], [0.14314, -0.31373], [0.2098, -0.25098], [0.24118, -0.16078], [0.25294, -0.07059], [0.25686, 0.17255], [0.2451, 0.23529], [0.20196, 0.29412], [0.24118, 0.32157], [0.13137, 0.3098], [-0.01373, 0.29804], [0.11176, 0.28627]]}