{"rank": 159, "key_id": "4803456504168448", "category": "dog", "n_points": 50, "bbox_aspect": 1.536144578313253, "n_extensions_spliced": 2, "main_perimeter_px": 499.2394604719176, "score": 0.8183708692068643, "coords": [[0.34314, 0.23137], [-0.13529, 0.23922], [-0.14314, 0.2549], [-0.28039, 0.3098], [-0.38627, 0.26275], [-0.42941, 0.23137], [-0.5, 0.08235], [-0.5, 0.03922], [-0.45686, 0.00392], [-0.37843, 0.07843], [-0.34314, 0.21176], [-0.26471, 0.32549], [-0.26471, 0.32549], [-0.34314, 0.21176], [-0.37843, 0.07843], [-0.45686, 0.00392], [-0.5, 0.03922], [-0.5, 0.08235], [-0.42941, 0.23137], [-0.38627, 0.26275], [-0.28039, 0.3098], [-0.14314, 0.2549], [-0.17843, 0.18824], [-0.20588, 0.14118], [-0.22941, 0.03922], [-0.22157, -0.14902], [-0.16667, -0.2], [-0.10784, -0.28235], [-0.05686, -0.31765], [0.08431, -0.32549], [0.16667, -0.3098], [0.21373, -0.27451], [0.25686, -0.17647], [0.26471, 0.15294], [0.3, 0.16078], [0.3, 0.01961], [0.31569, -0.01961], [0.36275, -0.05882], [0.44902, -0.04706], [0.47255, -0.00392], [0.5, 0.09804], [0.5, 0.09804], [0.47255, -0.00392], [0.44902, -0.04706], [0.36275, -0.05882], [0.31569, -0.01961], [0.3, 0.01961], [0.3, 0.16078], [0.28431, 0.19608], [0.28431, 0.2549], [0.34314, 0.23137]]}