{"rank": 160, "key_id": "6245687945592832", "category": "dog", "n_points": 22, "bbox_aspect": 1.5454545454545454, "n_extensions_spliced": 2, "main_perimeter_px": 548.1545819747978, "score": 0.8141412490876905, "coords": [[-0.0098, 0.28431], [-0.15882, 0.28039], [-0.21373, 0.26471], [-0.2098, 0.28824], [-0.25686, 0.22941], [-0.31569, 0.13922], [-0.34706, 0.02549], [-0.34314, -0.16275], [-0.30784, -0.23333], [-0.19804, -0.30392], [-0.1, -0.32353], [0.06078, -0.32353], [0.10392, -0.30784], [0.23725, -0.21373], [0.28431, -0.15098], [0.33922, -0.03725], [0.34314, 0.02549], [0.31176, 0.11569], [0.2451, 0.19804], [0.12353, 0.24118], [0.13529, 0.24902], [-0.07255, 0.25294], [-0.0098, 0.28431]]}