{"rank": 161, "key_id": "5296450093187072", "category": "dog", "n_points": 24, "bbox_aspect": 1.5838509316770186, "n_extensions_spliced": 2, "main_perimeter_px": 483.65968039401616, "score": 0.8136291395130748, "coords": [[-0.27255, 0.01373], [-0.11961, 0.06863], [-0.08824, 0.06863], [0.01765, 0.02157], [0.08039, 0.01765], [0.18235, 0.08824], [0.28431, 0.11961], [0.41765, 0.07255], [0.48039, 0.06863], [0.5, 0.0451], [0.49608, 0.02549], [0.36275, -0.02157], [0.26078, -0.10392], [0.28039, -0.08824], [0.17843, -0.10392], [0.10784, -0.12353], [-0.06863, -0.10392], [-0.14314, -0.17451], [-0.17451, -0.18627], [-0.21373, -0.18235], [-0.33529, -0.08039], [-0.3549, -0.02549], [-0.33529, 0.0098], [-0.33922, 0.00196], [-0.27255, 0.01373]]}