{"rank": 162, "key_id": "5059639370579968", "category": "dog", "n_points": 23, "bbox_aspect": 1.251231527093596, "n_extensions_spliced": 2, "main_perimeter_px": 535.4807944753557, "score": 0.8130259026155422, "coords": [[0.14173, 0.36417], [0.11417, 0.37992], [0.04331, 0.39173], [0.0, 0.3878], [-0.05118, 0.36024], [-0.07087, 0.34055], [-0.14173, 0.27362], [-0.20472, 0.15157], [-0.22441, 0.07677], [-0.23228, -0.08071], [-0.19685, -0.21457], [-0.12598, -0.30906], [-0.02756, -0.34449], [0.03543, -0.34449], [0.09055, -0.3248], [0.19685, -0.25394], [0.25591, -0.14764], [0.27165, -0.02559], [0.24016, 0.07677], [0.11024, 0.28543], [0.1063, 0.31299], [0.02362, 0.36811], [-0.04724, 0.39961], [0.14173, 0.36417]]}