{"rank": 163, "key_id": "5049137894522880", "category": "dog", "n_points": 27, "bbox_aspect": 1.6451612903225807, "n_extensions_spliced": 2, "main_perimeter_px": 477.74259088905154, "score": 0.8120436658674234, "coords": [[-0.5, 0.07647], [-0.46078, 0.09216], [-0.2451, 0.30392], [-0.22549, 0.29608], [-0.12745, 0.18627], [-0.03333, 0.12353], [0.07255, 0.09216], [0.20588, 0.07255], [0.46863, 0.06863], [0.48431, 0.04902], [0.5, -0.29608], [0.41765, -0.30392], [0.37451, -0.22941], [0.33922, -0.08039], [0.33922, -0.03333], [0.33529, -0.04118], [0.26863, -0.04118], [0.20196, -0.07255], [0.12745, -0.07255], [-0.02157, -0.00196], [-0.02157, 0.01373], [-0.03725, -0.03725], [-0.02157, -0.00196], [0.12745, -0.07255], [0.20196, -0.07255], [0.26863, -0.04118], [0.33529, -0.04118], [-0.5, 0.07647]]}