{"rank": 164, "key_id": "5352716312248320", "category": "dog", "n_points": 34, "bbox_aspect": 1.0945945945945945, "n_extensions_spliced": 2, "main_perimeter_px": 1074.086107912623, "score": 0.8110716107262725, "coords": [[-0.5, 0.11934], [-0.48765, 0.04938], [-0.4177, -0.02881], [-0.35597, -0.04938], [-0.16255, -0.03704], [-0.14609, -0.11111], [-0.19959, -0.28807], [-0.18724, -0.35391], [-0.14198, -0.35802], [-0.08436, -0.31687], [0.02263, -0.04938], [-0.02675, -0.21399], [-0.02263, -0.31276], [0.05967, -0.31276], [0.2037, -0.06584], [0.16255, -0.23045], [0.15844, -0.35802], [0.2284, -0.38272], [0.29012, -0.35391], [0.3107, -0.2963], [0.32305, -0.41152], [0.393, -0.45679], [0.44239, -0.45679], [0.46708, -0.39918], [0.43827, -0.30453], [0.42593, -0.17284], [0.5, -0.01646], [0.49588, 0.16872], [0.18724, 0.12757], [0.03909, 0.2428], [-0.01029, 0.26337], [-0.16667, 0.25103], [-0.35185, 0.16461], [-0.27366, 0.25514], [-0.5, 0.11934]]}