{"rank": 165, "key_id": "4618183136772096", "category": "dog", "n_points": 22, "bbox_aspect": 1.2623762376237624, "n_extensions_spliced": 2, "main_perimeter_px": 482.5116084481842, "score": 0.8108998611285393, "coords": [[-0.0451, 0.18824], [-0.08431, 0.19216], [-0.14706, 0.15294], [-0.17843, 0.16471], [-0.25686, 0.00784], [-0.32745, -0.17255], [-0.33137, -0.24314], [-0.30784, -0.30196], [-0.28039, -0.33725], [-0.21373, -0.38431], [-0.10392, -0.39608], [0.03333, -0.34118], [0.12353, -0.28235], [0.19804, -0.21176], [0.25294, -0.13725], [0.3, -0.01569], [0.3, 0.06667], [0.27255, 0.10196], [0.1902, 0.16078], [0.17843, 0.16471], [0.03333, 0.18039], [-0.02549, 0.15294], [-0.0451, 0.18824]]}