{"rank": 166, "key_id": "6736215757815808", "category": "dog", "n_points": 21, "bbox_aspect": 1.536144578313253, "n_extensions_spliced": 2, "main_perimeter_px": 471.6885827179698, "score": 0.810037535873531, "coords": [[0.13137, 0.25882], [0.06078, 0.28627], [-0.04902, 0.28627], [-0.10784, 0.26667], [-0.1, 0.25882], [-0.19412, 0.2], [-0.26471, 0.07843], [-0.28039, -0.02353], [-0.27647, -0.11765], [-0.26471, -0.15294], [-0.22941, -0.21176], [-0.18627, -0.2549], [-0.13137, -0.29804], [-0.06078, -0.32549], [0.08431, -0.32157], [0.21765, -0.24314], [0.26863, -0.15294], [0.27647, 0.03529], [0.17451, 0.21176], [0.13922, 0.24314], [0.16667, 0.25098], [0.13137, 0.25882]]}