{"rank": 167, "key_id": "5684173316554752", "category": "dog", "n_points": 27, "bbox_aspect": 1.186046511627907, "n_extensions_spliced": 2, "main_perimeter_px": 673.139282950762, "score": 0.8089072962866855, "coords": [[-0.26863, 0.04902], [-0.26863, -0.28039], [-0.25294, -0.41373], [-0.19412, -0.42157], [-0.15098, -0.39804], [-0.12353, -0.31961], [-0.11961, -0.23333], [0.06471, -0.20588], [0.19412, -0.20588], [0.21765, -0.21373], [0.25686, -0.28039], [0.25294, -0.38235], [0.26078, -0.40196], [0.30784, -0.41765], [0.3902, -0.41765], [0.42157, -0.38235], [0.42941, -0.25686], [0.38235, -0.06471], [0.46471, -0.00588], [0.5, 0.03725], [0.49608, 0.10392], [0.42157, 0.11569], [0.37451, 0.08431], [0.3, -0.00588], [0.18235, -0.05294], [-0.07255, -0.05686], [-0.06078, -0.08431], [-0.26863, 0.04902]]}