{"rank": 168, "key_id": "5914654268194816", "category": "dog", "n_points": 18, "bbox_aspect": 1.358288770053476, "n_extensions_spliced": 2, "main_perimeter_px": 391.9554661835109, "score": 0.8087160549386933, "coords": [[-0.26772, 0.13583], [-0.27953, 0.12795], [-0.22835, 0.18307], [-0.09449, 0.26181], [-0.01181, 0.29724], [0.06299, 0.29724], [0.16535, 0.25394], [0.24409, 0.19488], [0.28346, 0.12795], [0.29921, 0.05315], [0.29921, -0.13583], [0.28346, -0.19094], [0.29528, -0.17913], [0.23622, -0.23031], [0.05512, -0.2815], [-0.08268, -0.28543], [-0.19291, -0.26181], [-0.22047, -0.2185], [-0.26772, 0.13583]]}