{"rank": 169, "key_id": "5503725919535104", "category": "dog", "n_points": 21, "bbox_aspect": 1.5393939393939393, "n_extensions_spliced": 2, "main_perimeter_px": 439.57778359601656, "score": 0.8085584104522798, "coords": [[0.12205, 0.23819], [0.03937, 0.23031], [-0.07874, 0.17913], [-0.18504, 0.10039], [-0.18898, 0.12795], [-0.22047, 0.05315], [-0.24016, 0.00197], [-0.22441, -0.12008], [-0.15354, -0.24213], [-0.10236, -0.28937], [-0.04724, -0.31693], [0.01181, -0.3248], [0.07087, -0.32087], [0.15748, -0.26181], [0.27165, -0.12795], [0.3189, -0.02165], [0.31102, 0.09646], [0.2874, 0.15157], [0.20079, 0.2185], [0.22835, 0.25787], [0.12992, 0.23819], [0.12205, 0.23819]]}