{"rank": 170, "key_id": "5822224558718976", "category": "dog", "n_points": 35, "bbox_aspect": 1.8201438848920863, "n_extensions_spliced": 2, "main_perimeter_px": 618.8569272410709, "score": 0.8079563433837358, "coords": [[0.27866, 0.12846], [0.28261, 0.1166], [0.27075, 0.08103], [0.21937, 0.01779], [0.14427, -0.00988], [0.17194, -0.07312], [0.23913, -0.10079], [0.2668, -0.12451], [0.2747, -0.14822], [0.2668, -0.16798], [0.22332, -0.20356], [0.14427, -0.18775], [0.07708, -0.10079], [0.05336, -0.02174], [-0.00593, -0.02569], [-0.01383, -0.07708], [0.00988, -0.14032], [0.08893, -0.21542], [0.10474, -0.24308], [0.0336, -0.27075], [-0.00593, -0.2747], [-0.02964, -0.2668], [-0.05731, -0.22332], [-0.10079, -0.04941], [-0.21542, -0.06126], [-0.24704, -0.02964], [-0.28261, 0.05336], [-0.36957, -0.08103], [-0.44071, -0.12846], [-0.5, -0.13241], [-0.5, -0.07708], [-0.36561, 0.00593], [-0.33399, 0.14822], [-0.31423, 0.17984], [-0.28261, 0.20356], [0.27866, 0.12846]]}