{"rank": 171, "key_id": "4551224261083136", "category": "dog", "n_points": 23, "bbox_aspect": 1.2378640776699028, "n_extensions_spliced": 2, "main_perimeter_px": 497.30831409141285, "score": 0.8055072644900092, "coords": [[-0.35098, 0.06667], [-0.27647, 0.02745], [-0.38235, -0.25098], [-0.15882, -0.00784], [-0.10392, -0.0], [-0.07647, -0.01569], [0.00588, 0.03922], [0.32353, 0.03922], [0.48824, 0.11373], [0.5, 0.16471], [0.48039, 0.27059], [0.46078, 0.29412], [0.43725, 0.38824], [0.41765, 0.40392], [0.39412, 0.39608], [0.37059, 0.28627], [0.34706, 0.24706], [0.31961, 0.22353], [0.21373, 0.18431], [0.18235, 0.18431], [0.13137, 0.23529], [-0.02941, 0.29412], [-0.18235, 0.30588], [-0.35098, 0.06667]]}