{"rank": 172, "key_id": "5049705971056640", "category": "dog", "n_points": 26, "bbox_aspect": 1.192488262910798, "n_extensions_spliced": 2, "main_perimeter_px": 503.82749177518383, "score": 0.8043655719481956, "coords": [[0.05906, 0.39567], [0.05512, 0.38386], [0.00394, 0.41535], [-0.05906, 0.41142], [-0.16535, 0.3248], [-0.19291, 0.2815], [-0.2126, 0.21063], [-0.21654, 0.10039], [-0.19291, 0.00984], [-0.10236, -0.13189], [-0.00394, -0.22244], [0.05906, -0.25787], [0.14173, -0.26575], [0.17717, -0.25787], [0.24016, -0.22638], [0.27953, -0.18701], [0.31102, -0.14764], [0.33071, -0.09252], [0.34252, 0.07677], [0.32283, 0.14764], [0.29134, 0.20669], [0.2126, 0.30512], [0.18898, 0.31693], [0.10236, 0.38386], [0.05118, 0.40748], [0.01181, 0.40748], [0.05906, 0.39567]]}