{"rank": 173, "key_id": "5195472341827584", "category": "dog", "n_points": 25, "bbox_aspect": 1.624203821656051, "n_extensions_spliced": 2, "main_perimeter_px": 551.9185893770953, "score": 0.8043514811010997, "coords": [[-0.25294, 0.25686], [-0.29216, 0.20588], [-0.31569, 0.13137], [-0.33529, 0.01765], [-0.33137, -0.01765], [-0.33529, -0.07647], [-0.29608, -0.15882], [-0.24902, -0.22157], [-0.18627, -0.26078], [-0.1, -0.29216], [-0.0098, -0.30784], [0.12745, -0.30784], [0.17059, -0.28824], [0.26863, -0.20196], [0.34706, -0.08039], [0.3549, -0.05294], [0.36667, -0.01373], [0.36667, 0.06078], [0.33137, 0.13529], [0.26078, 0.20196], [0.11961, 0.28039], [-0.03333, 0.30784], [-0.2098, 0.3], [-0.26471, 0.25686], [-0.28039, 0.22157], [-0.25294, 0.25686]]}