{"rank": 174, "key_id": "6322984438464512", "category": "dog", "n_points": 31, "bbox_aspect": 1.1233480176211454, "n_extensions_spliced": 2, "main_perimeter_px": 737.0486722881511, "score": 0.8042222370724008, "coords": [[-0.1, 0.43333], [-0.13137, 0.4098], [-0.3902, 0.36275], [-0.46078, 0.31569], [-0.48039, 0.26471], [-0.5, 0.09216], [-0.46078, -0.01373], [-0.41765, -0.04902], [-0.36275, -0.04902], [-0.26863, -0.05294], [-0.15882, 0.00196], [-0.05686, 0.05686], [0.04902, 0.16667], [0.05686, 0.24118], [-0.01373, 0.39412], [-0.05294, 0.43333], [-0.11961, 0.4451], [-0.12353, 0.43333], [-0.06471, 0.38627], [0.14314, 0.2451], [0.16275, 0.20588], [0.16667, 0.1549], [0.08039, 0.14706], [-0.02941, 0.22157], [-0.17059, 0.3902], [-0.16275, 0.40196], [-0.08431, 0.4098], [-0.02157, 0.35098], [-0.02157, 0.32353], [-0.03725, 0.32353], [-0.11961, 0.39804], [-0.1, 0.43333]]}