{"rank": 175, "key_id": "5760897526005760", "category": "dog", "n_points": 32, "bbox_aspect": 1.7708333333333333, "n_extensions_spliced": 2, "main_perimeter_px": 565.8925371403086, "score": 0.8021820603938178, "coords": [[-0.22157, -0.28235], [-0.2451, -0.25098], [-0.25294, -0.19608], [-0.24902, -0.04706], [-0.23333, -0.03922], [-0.32745, -0.00392], [-0.42941, 0.11373], [-0.47255, 0.23529], [-0.48824, 0.20784], [-0.40588, 0.28235], [-0.47255, 0.23529], [-0.42941, 0.11373], [-0.32745, -0.00392], [-0.23333, -0.03922], [-0.21373, 0.02353], [-0.12745, 0.04706], [0.39412, 0.0549], [0.45686, -0.02353], [0.47647, -0.1098], [0.47647, -0.18039], [0.5, -0.2549], [0.48824, -0.26667], [0.44118, -0.27059], [0.38235, -0.23529], [0.33922, -0.10196], [0.28824, -0.05882], [0.13922, -0.05098], [-0.04902, -0.07843], [-0.11569, -0.13725], [-0.13922, -0.20784], [-0.21765, -0.25098], [-0.22157, -0.26667], [-0.22157, -0.28235]]}