{"rank": 176, "key_id": "4959467210801152", "category": "dog", "n_points": 19, "bbox_aspect": 1.5178571428571428, "n_extensions_spliced": 2, "main_perimeter_px": 416.14768681640436, "score": 0.8017542029395652, "coords": [[0.1549, 0.06667], [0.13529, 0.07843], [0.09216, 0.07843], [-0.00588, 0.04314], [-0.04902, 0.01961], [-0.14706, -0.05098], [-0.23333, -0.16863], [-0.24902, -0.21176], [-0.2451, -0.2549], [-0.20196, -0.31765], [-0.13922, -0.32941], [0.1549, -0.29412], [0.26863, -0.25882], [0.31569, -0.21569], [0.3549, -0.1098], [0.34314, -0.00392], [0.29608, 0.06667], [0.25686, 0.08627], [0.16275, 0.07451], [0.1549, 0.06667]]}