{"rank": 177, "key_id": "5766951412432896", "category": "dog", "n_points": 23, "bbox_aspect": 1.59375, "n_extensions_spliced": 2, "main_perimeter_px": 487.50519601895996, "score": 0.8009344213542963, "coords": [[-0.0098, 0.22353], [-0.15882, 0.21569], [-0.1902, 0.18431], [-0.24902, 0.07451], [-0.27255, 0.06275], [-0.25294, -0.05882], [-0.22941, -0.12549], [-0.1902, -0.17647], [-0.09216, -0.26667], [-0.00196, -0.30588], [0.11176, -0.31373], [0.23333, -0.24706], [0.31176, -0.13333], [0.32745, -0.09804], [0.32745, -0.03529], [0.30784, 0.03529], [0.31961, 0.00392], [0.22157, 0.13333], [0.14314, 0.19216], [0.02941, 0.23137], [-0.07255, 0.23137], [-0.11961, 0.21569], [-0.13922, 0.19608], [-0.0098, 0.22353]]}