{"rank": 178, "key_id": "5133259136565248", "category": "dog", "n_points": 24, "bbox_aspect": 1.6139240506329113, "n_extensions_spliced": 2, "main_perimeter_px": 485.8483377850236, "score": 0.8004626071428275, "coords": [[-0.22941, 0.29804], [-0.25686, 0.26275], [-0.28824, 0.16471], [-0.30392, 0.09804], [-0.30392, -0.01176], [-0.26471, -0.13333], [-0.2098, -0.21176], [-0.1, -0.2902], [-0.02941, -0.30588], [0.04902, -0.3098], [0.10784, -0.2902], [0.17059, -0.24706], [0.2098, -0.18431], [0.22549, -0.10588], [0.22941, 0.04314], [0.20588, 0.1451], [0.16667, 0.19216], [0.17451, 0.21961], [0.07647, 0.23922], [-0.09216, 0.26667], [-0.19412, 0.25882], [-0.25294, 0.23529], [-0.26078, 0.21176], [-0.26471, 0.20784], [-0.22941, 0.29804]]}