{"rank": 179, "key_id": "5784438979952640", "category": "dog", "n_points": 21, "bbox_aspect": 1.2561576354679802, "n_extensions_spliced": 2, "main_perimeter_px": 537.5330376003017, "score": 0.7991097306467981, "coords": [[0.29216, 0.01765], [0.29216, 0.26078], [0.27647, 0.30392], [0.21373, 0.37843], [0.17451, 0.39412], [0.1, 0.39804], [0.06078, 0.38235], [-0.02157, 0.31176], [-0.17059, 0.10784], [-0.23725, -0.05686], [-0.23725, -0.11176], [-0.18627, -0.17843], [-0.24118, -0.17451], [-0.09608, -0.23725], [0.02157, -0.26471], [0.21765, -0.28039], [0.29608, -0.21373], [0.28431, -0.25294], [0.31961, -0.15098], [0.31961, -0.08431], [0.28039, 0.13529], [0.29216, 0.01765]]}