{"rank": 180, "key_id": "4869146900692992", "category": "dog", "n_points": 19, "bbox_aspect": 1.284263959390863, "n_extensions_spliced": 2, "main_perimeter_px": 539.5133997571315, "score": 0.7979327996911565, "coords": [[-0.1166, 0.31423], [0.00593, 0.38142], [0.06917, 0.38933], [0.1166, 0.36561], [0.20751, 0.2668], [0.23123, 0.12846], [0.23123, -0.18775], [0.20751, -0.25494], [0.16798, -0.31423], [0.1166, -0.37352], [0.0336, -0.38933], [-0.12451, -0.1996], [-0.31423, -0.00198], [-0.33794, 0.07708], [-0.33399, 0.12451], [-0.31423, 0.15217], [-0.24308, 0.18775], [-0.1166, 0.30632], [-0.09684, 0.34585], [-0.1166, 0.31423]]}