{"rank": 181, "key_id": "5667608823070720", "category": "dog", "n_points": 27, "bbox_aspect": 1.165137614678899, "n_extensions_spliced": 2, "main_perimeter_px": 593.7846028441958, "score": 0.7964568773257643, "coords": [[0.02362, 0.29134], [-0.01969, 0.29921], [-0.08268, 0.29134], [-0.16535, 0.24016], [-0.22835, 0.1811], [-0.33858, -0.07874], [-0.35039, -0.19685], [-0.27953, -0.34252], [-0.20079, -0.40157], [-0.11811, -0.42913], [-0.01181, -0.42913], [0.04331, -0.41339], [0.12205, -0.37402], [0.20079, -0.30315], [0.22835, -0.25591], [0.24803, -0.20079], [0.28346, -0.03543], [0.29528, 0.12992], [0.27559, 0.18898], [0.24016, 0.23622], [0.15748, 0.27559], [0.11811, 0.32283], [0.00787, 0.27953], [-0.0748, 0.26378], [-0.10236, 0.25197], [-0.10236, 0.19685], [-0.08661, 0.25197], [0.02362, 0.29134]]}