{"rank": 182, "key_id": "6328539576008704", "category": "dog", "n_points": 25, "bbox_aspect": 1.191588785046729, "n_extensions_spliced": 2, "main_perimeter_px": 533.7366899860355, "score": 0.7955040387940866, "coords": [[-0.10784, 0.22745], [-0.19412, 0.21961], [-0.28431, 0.18824], [-0.3, 0.16471], [-0.3, 0.1098], [-0.2451, -0.03529], [-0.1549, -0.13333], [-0.1, -0.22353], [-0.0451, -0.39608], [-0.00196, -0.41961], [0.06078, -0.41569], [0.1, -0.40392], [0.14314, -0.36078], [0.16275, -0.28627], [0.15098, -0.18039], [0.22157, -0.11765], [0.24902, -0.07843], [0.31176, 0.1098], [0.30784, 0.13725], [0.2451, 0.20784], [0.13922, 0.27059], [0.12353, 0.26275], [-0.04902, 0.27843], [-0.12353, 0.24706], [-0.11961, 0.23922], [-0.10784, 0.22745]]}