{"rank": 183, "key_id": "4894549753200640", "category": "dog", "n_points": 23, "bbox_aspect": 1.2200956937799043, "n_extensions_spliced": 2, "main_perimeter_px": 553.762540614272, "score": 0.7953866062673484, "coords": [[-0.09608, 0.07647], [-0.08824, 0.10784], [-0.13529, 0.06863], [-0.17059, 0.04118], [-0.23725, -0.04118], [-0.26863, -0.16667], [-0.26863, -0.23725], [-0.2451, -0.31961], [-0.2098, -0.3549], [-0.11569, -0.39804], [0.13137, -0.4098], [0.23333, -0.37843], [0.3902, -0.28824], [0.46078, -0.19804], [0.5, -0.01765], [0.5, 0.01765], [0.44118, 0.1], [0.37059, 0.13922], [0.41765, 0.20588], [0.25294, 0.17059], [0.06471, 0.16667], [0.0098, 0.14314], [-0.08824, 0.07255], [-0.09608, 0.07647]]}