{"rank": 184, "key_id": "5640748965822464", "category": "dog", "n_points": 22, "bbox_aspect": 1.5875, "n_extensions_spliced": 2, "main_perimeter_px": 460.8149162458926, "score": 0.7953515827188856, "coords": [[-0.22835, 0.01575], [-0.18504, 0.09843], [-0.16535, 0.19291], [-0.13386, 0.23622], [-0.1378, 0.23228], [0.04724, 0.31102], [0.08268, 0.31496], [0.13386, 0.29134], [0.13386, 0.27953], [0.19685, 0.22835], [0.24803, 0.15748], [0.26772, 0.03937], [0.23622, -0.11024], [0.18898, -0.19291], [0.12598, -0.26378], [0.05118, -0.29921], [-0.02362, -0.31496], [-0.18504, -0.27559], [-0.2126, -0.24409], [-0.24803, -0.16142], [-0.23228, -0.03937], [-0.24016, 0.02362], [-0.22835, 0.01575]]}