{"rank": 185, "key_id": "6194857326411776", "category": "dog", "n_points": 22, "bbox_aspect": 1.5911949685534592, "n_extensions_spliced": 2, "main_perimeter_px": 455.3151505392783, "score": 0.7937241984130802, "coords": [[-0.16403, -0.23913], [-0.21937, -0.14822], [-0.23913, -0.09289], [-0.25494, -0.00198], [-0.25099, 0.06126], [-0.25099, 0.10474], [-0.20751, 0.14032], [-0.10474, 0.21937], [-0.05336, 0.23518], [0.01779, 0.24308], [0.15217, 0.21146], [0.15217, 0.21937], [0.23123, 0.15613], [0.2747, 0.09684], [0.30632, -0.02569], [0.27866, -0.17194], [0.23123, -0.25099], [0.18775, -0.29447], [-0.02174, -0.31423], [-0.12451, -0.2668], [-0.14822, -0.21542], [-0.16403, -0.21146], [-0.16403, -0.23913]]}