{"rank": 186, "key_id": "4631908057088000", "category": "dog", "n_points": 20, "bbox_aspect": 1.5548780487804879, "n_extensions_spliced": 2, "main_perimeter_px": 470.71337801933703, "score": 0.7932192501675563, "coords": [[0.12353, -0.23529], [-0.0451, -0.30196], [-0.14314, -0.32157], [-0.26471, -0.29804], [-0.30392, -0.27451], [-0.31961, -0.24706], [-0.32353, -0.16471], [-0.18627, 0.08627], [-0.17059, 0.21961], [-0.14314, 0.22353], [-0.08039, 0.3098], [-0.02157, 0.32157], [0.03333, 0.28235], [0.09216, 0.16471], [0.20196, 0.04706], [0.16667, 0.09804], [0.21765, 0.01961], [0.22157, -0.13725], [0.20196, -0.17647], [0.13922, -0.22745], [0.12353, -0.23529]]}