{"rank": 187, "key_id": "5336581265162240", "category": "dog", "n_points": 35, "bbox_aspect": 1.0537190082644627, "n_extensions_spliced": 2, "main_perimeter_px": 841.5823524317092, "score": 0.7927641743330355, "coords": [[-0.17451, 0.17255], [-0.05686, 0.18824], [0.34706, 0.18824], [0.4451, 0.16471], [0.47647, 0.1451], [0.5, 0.07843], [0.49608, -0.02353], [0.48431, -0.05882], [0.41373, -0.10588], [0.38235, -0.1451], [0.36667, -0.23922], [0.38627, -0.38824], [0.34314, -0.43137], [0.26471, -0.44314], [0.22941, -0.36863], [0.22549, -0.22745], [0.1902, -0.2], [0.13922, -0.23922], [0.10392, -0.37255], [0.02941, -0.47451], [-0.01765, -0.47059], [-0.07647, -0.39216], [-0.08039, -0.3098], [-0.11176, -0.22745], [-0.17843, -0.27843], [-0.22157, -0.43137], [-0.25294, -0.44706], [-0.3, -0.43529], [-0.33529, -0.34118], [-0.33529, -0.22353], [-0.22941, -0.05098], [-0.2098, 0.03922], [-0.2451, 0.09412], [-0.31961, 0.1098], [-0.39412, 0.3098], [-0.17451, 0.17255]]}