{"rank": 188, "key_id": "4812737123188736", "category": "dog", "n_points": 35, "bbox_aspect": 1.0537190082644627, "n_extensions_spliced": 2, "main_perimeter_px": 988.8993602549198, "score": 0.7927641743330355, "coords": [[-0.23333, 0.32941], [-0.1902, 0.32941], [-0.13137, 0.20784], [-0.07255, 0.16078], [0.07255, 0.13333], [0.28039, 0.13333], [0.4098, 0.11373], [0.48039, -0.05098], [0.5, -0.17647], [0.5, -0.27843], [0.46471, -0.25882], [0.43333, -0.13333], [0.39804, -0.07059], [0.33922, -0.04706], [0.30392, -0.12941], [0.3, -0.32941], [0.23725, -0.47059], [0.17843, -0.47451], [0.13922, -0.43137], [0.13922, -0.12549], [0.12745, -0.08627], [0.05294, -0.07059], [-0.00196, -0.12941], [-0.08431, -0.39216], [-0.12353, -0.41961], [-0.17843, -0.39608], [-0.20588, -0.31373], [-0.18235, -0.07843], [-0.19804, 0.05882], [-0.24902, 0.11765], [-0.30784, 0.12549], [-0.43725, 0.05882], [-0.48824, 0.0549], [-0.5, 0.14118], [-0.47255, 0.19608], [-0.23333, 0.32941]]}