{"rank": 189, "key_id": "5203498578739200", "category": "dog", "n_points": 25, "bbox_aspect": 1.186046511627907, "n_extensions_spliced": 2, "main_perimeter_px": 603.5799613330396, "score": 0.7922406296200187, "coords": [[-0.1, 0.00588], [-0.0098, 0.00196], [-0.00588, 0.30392], [0.23333, 0.04902], [0.36667, -0.01373], [0.3902, -0.06078], [0.37843, -0.04902], [0.3902, -0.26471], [0.36667, -0.32745], [0.33137, -0.38235], [0.26078, -0.42157], [0.18627, -0.42157], [0.13529, -0.38627], [0.11176, -0.32745], [0.13922, -0.20588], [0.1, -0.18627], [-0.06078, -0.1902], [-0.11961, -0.29608], [-0.19412, -0.37059], [-0.2451, -0.36275], [-0.44902, -0.28039], [-0.45294, -0.25294], [-0.36667, -0.1902], [-0.28431, -0.16667], [-0.29216, -0.00196], [-0.1, 0.00588]]}