{"rank": 190, "key_id": "4963099377401856", "category": "dog", "n_points": 45, "bbox_aspect": 1.1552511415525115, "n_extensions_spliced": 2, "main_perimeter_px": 453.3972120371746, "score": 0.7904918656028647, "coords": [[0.18379, 0.32609], [0.18379, 0.32213], [0.12846, 0.40909], [0.09289, 0.43281], [-0.02964, 0.42885], [-0.17984, 0.37352], [-0.25889, 0.2668], [-0.25889, 0.2668], [-0.17984, 0.37352], [-0.02964, 0.42885], [0.09289, 0.43281], [0.12846, 0.40909], [0.18379, 0.32213], [0.03755, 0.3419], [0.01779, 0.13636], [-0.00593, 0.10079], [-0.0415, 0.09289], [-0.07708, 0.11265], [-0.08893, 0.14822], [-0.10474, 0.3498], [-0.10474, 0.3498], [-0.08893, 0.14822], [-0.07708, 0.11265], [-0.0415, 0.09289], [-0.00593, 0.10079], [0.01779, 0.13636], [0.03755, 0.3419], [0.20751, 0.30237], [0.21146, 0.23913], [0.22727, 0.21542], [0.32609, 0.21146], [0.5, 0.23518], [0.5, 0.13636], [0.47233, 0.08103], [0.38538, 0.02964], [0.21146, 0.01383], [0.11265, -0.11265], [0.06917, -0.14032], [-0.04941, -0.16008], [-0.32213, -0.16008], [-0.33004, -0.18775], [-0.33794, -0.17589], [-0.36561, -0.1996], [-0.44071, -0.29447], [-0.5, -0.43281], [0.18379, 0.32609]]}