{"rank": 191, "key_id": "5621464394891264", "category": "dog", "n_points": 24, "bbox_aspect": 1.1971830985915493, "n_extensions_spliced": 2, "main_perimeter_px": 514.6540532956624, "score": 0.7904493999794517, "coords": [[-0.05686, 0.12745], [-0.11176, 0.14314], [-0.16667, 0.14314], [-0.21765, 0.11569], [-0.31176, 0.03725], [-0.36275, 0.09608], [-0.47255, -0.17451], [-0.49608, -0.22941], [-0.5, -0.28431], [-0.44902, -0.33137], [-0.37451, -0.36275], [-0.20588, -0.40588], [-0.05294, -0.41765], [0.1, -0.37059], [0.22157, -0.29608], [0.26863, -0.24902], [0.31961, -0.15882], [0.32353, -0.19804], [0.31961, -0.1], [0.29608, -0.04902], [0.26078, -0.00196], [0.19412, 0.0451], [0.10392, 0.07647], [0.06078, 0.08431], [-0.05686, 0.12745]]}