{"rank": 192, "key_id": "4944036085366784", "category": "dog", "n_points": 18, "bbox_aspect": 1.526946107784431, "n_extensions_spliced": 2, "main_perimeter_px": 531.032341037731, "score": 0.7892417527156793, "coords": [[0.20196, 0.21373], [0.27255, 0.08824], [0.27647, -0.05686], [0.25686, -0.13922], [0.15882, -0.25686], [0.01373, -0.31961], [-0.06471, -0.32745], [-0.31176, -0.26471], [-0.40196, -0.19412], [-0.42549, -0.1549], [-0.44902, -0.08431], [-0.44902, 0.01373], [-0.39804, 0.11569], [-0.32353, 0.19804], [-0.21765, 0.26863], [-0.06471, 0.31569], [0.06471, 0.32353], [0.14706, 0.28824], [0.20196, 0.21373]]}