{"rank": 193, "key_id": "5856000982646784", "category": "dog", "n_points": 21, "bbox_aspect": 1.5838509316770186, "n_extensions_spliced": 2, "main_perimeter_px": 531.4591083544395, "score": 0.7886291395130748, "coords": [[-0.03725, 0.28039], [-0.02157, 0.29216], [-0.16667, 0.27255], [-0.2451, 0.22941], [-0.24118, 0.22157], [-0.30392, 0.16667], [-0.33529, 0.0451], [-0.33529, -0.05294], [-0.29216, -0.18235], [-0.21373, -0.28039], [-0.13137, -0.31569], [0.03725, -0.30784], [0.11176, -0.27647], [0.20588, -0.1549], [0.24118, -0.04902], [0.2451, 0.05294], [0.23333, 0.10784], [0.19804, 0.16275], [0.09608, 0.25294], [-0.06863, 0.31569], [-0.22157, 0.31176], [-0.03725, 0.28039]]}