{"rank": 194, "key_id": "6620318397366272", "category": "dog", "n_points": 22, "bbox_aspect": 1.6037735849056605, "n_extensions_spliced": 2, "main_perimeter_px": 440.266010105106, "score": 0.788212358911446, "coords": [[0.22157, -0.02549], [0.22157, 0.03333], [0.25686, 0.05686], [0.35098, 0.08824], [0.4451, 0.1], [0.48431, 0.12353], [0.49608, 0.14706], [0.5, 0.20196], [0.48039, 0.24118], [0.40588, 0.28431], [0.25686, 0.31176], [0.16667, 0.31176], [0.09216, 0.3], [0.05294, 0.28039], [0.02157, 0.24118], [0.00588, 0.18235], [-0.01373, 0.16275], [-0.33529, 0.13922], [-0.42941, 0.12745], [-0.47255, 0.10784], [-0.5, 0.0451], [-0.49608, -0.09608], [0.22157, -0.02549]]}