{"rank": 195, "key_id": "5519903702384640", "category": "dog", "n_points": 35, "bbox_aspect": 1.0450819672131149, "n_extensions_spliced": 2, "main_perimeter_px": 1057.4015197888657, "score": 0.7870028249374748, "coords": [[-0.26471, 0.19608], [0.3, 0.1098], [0.36275, 0.07451], [0.4098, 0.00392], [0.42157, -0.04706], [0.47647, -0.12941], [0.49216, -0.21176], [0.5, -0.36471], [0.39804, -0.23922], [0.32745, -0.02353], [0.30392, 0.00392], [0.29608, -0.15294], [0.30784, -0.3098], [0.24902, -0.43529], [0.19804, -0.47843], [0.13137, -0.46667], [0.1, -0.41961], [0.07647, -0.32549], [0.05686, -0.40784], [-0.00588, -0.42745], [-0.06078, -0.38824], [-0.11176, -0.28627], [-0.12353, -0.22353], [-0.11961, -0.37255], [-0.13922, -0.4], [-0.20196, -0.39216], [-0.25294, -0.35294], [-0.34706, -0.23922], [-0.33529, -0.32549], [-0.3902, -0.34902], [-0.44118, -0.27451], [-0.45686, -0.1451], [-0.40196, -0.03529], [-0.37843, 0.15686], [-0.4451, 0.36863], [-0.26471, 0.19608]]}