{"rank": 196, "key_id": "6366662397788160", "category": "dog", "n_points": 23, "bbox_aspect": 1.2037914691943128, "n_extensions_spliced": 2, "main_perimeter_px": 570.2886669839596, "score": 0.7859693945115468, "coords": [[-0.32677, 0.0374], [-0.32677, -0.07677], [-0.27953, -0.23819], [-0.22835, -0.35236], [-0.20079, -0.38386], [-0.15354, -0.40748], [-0.05906, -0.41535], [0.07087, -0.40748], [0.28346, -0.34449], [0.32677, -0.32087], [0.37795, -0.25787], [0.42126, -0.12795], [0.40945, -0.00984], [0.37795, 0.09646], [0.34252, 0.16339], [0.25984, 0.22244], [0.36614, 0.36811], [0.1063, 0.25394], [-0.04331, 0.25394], [-0.24803, 0.2185], [-0.33465, 0.18701], [-0.4252, 0.27362], [-0.3189, 0.18701], [-0.32677, 0.0374]]}