{"rank": 197, "key_id": "5512603990228992", "category": "dog", "n_points": 18, "bbox_aspect": 1.536144578313253, "n_extensions_spliced": 2, "main_perimeter_px": 402.332407897548, "score": 0.785037535873531, "coords": [[0.09608, 0.14902], [0.08824, 0.1451], [-0.03725, 0.14118], [-0.14314, 0.1098], [-0.13529, 0.09412], [-0.20588, 0.03137], [-0.21765, -0.07059], [-0.15098, -0.23529], [-0.06078, -0.30588], [0.01765, -0.32549], [0.11569, -0.30196], [0.16275, -0.26275], [0.19412, -0.20784], [0.23725, -0.04706], [0.25294, 0.08235], [0.22157, 0.12549], [0.17843, 0.1451], [0.0451, 0.12549], [0.09608, 0.14902]]}