{"rank": 198, "key_id": "4673669970264064", "category": "dog", "n_points": 21, "bbox_aspect": 1.59375, "n_extensions_spliced": 2, "main_perimeter_px": 437.05576614741005, "score": 0.7842677546876295, "coords": [[0.01765, 0.2], [-0.0098, 0.21961], [-0.05686, 0.20784], [-0.2098, 0.14902], [-0.28431, 0.10588], [-0.27255, 0.08627], [-0.34706, 0.01961], [-0.38627, -0.1098], [-0.37451, -0.23137], [-0.34706, -0.27451], [-0.30784, -0.30588], [-0.13922, -0.31373], [0.00196, -0.28235], [0.07647, -0.23137], [0.10784, -0.19608], [0.15882, -0.0902], [0.15882, 0.00392], [0.12745, 0.16863], [0.15882, 0.12549], [0.11569, 0.2], [0.06863, 0.22353], [0.01765, 0.2]]}