{"rank": 199, "key_id": "6048073669148672", "category": "dog", "n_points": 34, "bbox_aspect": 1.8613138686131387, "n_extensions_spliced": 2, "main_perimeter_px": 723.8215378808746, "score": 0.7839660654369714, "coords": [[-0.35098, -0.04118], [-0.36667, -0.2098], [-0.34314, -0.26471], [-0.32745, -0.26863], [-0.28824, -0.24902], [-0.26078, -0.22157], [-0.27647, -0.11176], [-0.26471, -0.03333], [-0.17451, -0.07255], [-0.08824, -0.06863], [0.12353, -0.08824], [0.13137, -0.11569], [0.07255, -0.19804], [0.07647, -0.21765], [0.11569, -0.24118], [0.17451, -0.21765], [0.19804, -0.18235], [0.17451, -0.08431], [0.18235, -0.02549], [0.24118, -0.03725], [0.3549, -0.01765], [0.5, 0.06078], [0.43333, 0.1549], [0.40588, 0.17059], [0.31569, 0.18235], [0.28431, 0.2098], [0.25686, 0.1549], [0.18627, 0.14314], [-0.11176, 0.17843], [-0.33137, 0.17843], [-0.35882, 0.15098], [-0.34706, 0.04902], [-0.36275, 0.09608], [-0.37059, -0.03333], [-0.35098, -0.04118]]}