{"rank": 0, "source": "002_1652007560479-NJVI4NKYFZAUOBHARO83.jpg", "category": "duck", "n_points": 40, "bbox_aspect": 1.3304924242424243, "area_frac": 0.25601295736888113, "score": 1.4643538166162986, "coords": [[-0.32633, 0.31032], [-0.42242, 0.20569], [-0.44306, 0.13025], [-0.2758, 0.12883], [-0.24093, 0.00854], [-0.29288, -0.08968], [-0.42883, -0.15445], [-0.49786, -0.21566], [-0.47224, -0.2968], [-0.39039, -0.36512], [-0.17758, -0.3758], [-0.39181, -0.35658], [-0.43594, -0.33025], [-0.4694, -0.2669], [-0.4452, -0.23345], [0.05445, -0.2363], [0.23594, -0.22918], [0.37117, -0.15231], [0.43879, -0.08043], [0.3363, -0.31957], [0.28577, -0.36157], [-0.11851, -0.36655], [-0.00961, -0.37438], [0.08078, -0.36014], [0.27011, -0.37295], [0.34342, -0.32384], [0.49217, 0.00641], [0.47936, 0.10036], [0.41174, 0.11886], [0.35552, 0.08754], [0.31068, 0.00498], [0.22669, -0.05125], [0.13915, -0.05267], [0.08292, -0.0242], [0.03452, 0.04698], [0.0274, 0.12669], [0.05302, 0.2484], [0.00747, 0.34021], [-0.05516, 0.37153], [-0.22527, 0.36512], [-0.32633, 0.31032]]}