{"rank": 1, "source": "078_1589372284180-R4IM2IJTPLA4W8GL4M19.jpg", "category": "duck", "n_points": 39, "bbox_aspect": 1.2583621683967705, "area_frac": 0.3119340252138712, "score": 1.4178371407019212, "coords": [[-0.35976, 0.37809], [-0.49633, 0.19478], [-0.44134, 0.13795], [-0.33593, 0.05454], [-0.21677, -0.02612], [-0.15445, -0.0802], [-0.13336, -0.07104], [-0.0692, -0.19661], [-0.12878, -0.27544], [-0.06829, -0.23052], [-0.03987, -0.24427], [0.00596, -0.32218], [0.01879, -0.37718], [0.0527, -0.38176], [0.02062, -0.29285], [0.08937, -0.23052], [0.21952, -0.07745], [0.2461, -0.08937], [0.28552, -0.05454], [0.35151, -0.08387], [0.39093, -0.06462], [0.49633, -0.04354], [0.5, 0.03987], [0.47434, 0.09395], [0.467, 0.18469], [0.32676, 0.16636], [0.26169, 0.19936], [0.22869, 0.17461], [0.18469, 0.21036], [0.18011, 0.3066], [0.1462, 0.34235], [0.15078, 0.39734], [0.0802, 0.38818], [0.02979, 0.32676], [-0.00962, 0.16086], [-0.04262, 0.1517], [-0.16636, 0.24977], [-0.25894, 0.30385], [-0.32035, 0.36159], [-0.35976, 0.37809]]}