{"rank": 2, "source": "059_1600858645768-PSUY400U0P02IUWU2EXJ.jpg", "category": "duck", "n_points": 39, "bbox_aspect": 1.23996723996724, "area_frac": 0.31871894054878047, "score": 1.4075289062858334, "coords": [[-0.5, -0.05383], [-0.39564, -0.12054], [-0.36063, -0.17074], [-0.37054, -0.1965], [-0.32034, -0.27906], [-0.20938, -0.38276], [-0.14069, -0.40324], [-0.10568, -0.38012], [-0.06737, -0.39201], [0.01519, -0.33983], [-0.00661, -0.28897], [-0.09841, -0.1932], [-0.08058, -0.13639], [-0.05416, -0.16413], [0.06275, -0.16413], [0.10238, -0.18989], [0.2576, -0.1245], [0.36262, -0.03798], [0.4498, 0.071], [0.49406, 0.20905], [0.5, 0.26453], [0.19221, 0.27114], [0.18494, 0.23811], [0.13937, 0.21301], [0.06803, 0.11063], [0.03104, 0.10733], [0.00462, 0.00495], [-0.09181, 0.02939], [-0.08587, 0.07695], [-0.1321, 0.17404], [-0.19221, 0.21499], [-0.20608, 0.35766], [-0.36394, 0.40324], [-0.44122, 0.18395], [-0.38177, 0.08157], [-0.22787, -0.08421], [-0.26618, -0.11394], [-0.32232, -0.04723], [-0.40291, -0.06704], [-0.5, -0.05383]]}