{"rank": 3, "source": "001_1677240251474-5RMB3P7VWJ6M1V1JESTD.jpg", "category": "duck", "n_points": 39, "bbox_aspect": 1.2209026128266034, "area_frac": 0.3155928357089272, "score": 1.3966827366060997, "coords": [[0.44877, 0.40953], [0.37613, 0.34209], [0.24708, 0.32393], [0.17769, 0.27529], [0.12776, 0.21498], [0.03243, 0.18645], [-0.00843, 0.28243], [-0.07004, 0.32198], [-0.19974, 0.30772], [-0.22827, 0.26946], [-0.3677, 0.24351], [-0.49287, 0.15921], [-0.5, 0.12678], [-0.3677, 0.13716], [-0.27432, 0.16245], [-0.20687, 0.13003], [-0.12711, 0.13911], [-0.20169, 0.06647], [-0.21336, -0.10149], [-0.17704, -0.16115], [-0.0214, -0.34209], [0.0668, -0.37127], [0.06744, -0.4037], [0.12322, -0.40694], [0.19455, -0.34339], [0.33593, -0.37322], [0.4118, -0.37516], [0.44877, -0.34403], [0.42153, -0.29604], [0.35733, -0.25519], [0.2166, -0.26621], [0.18547, -0.21239], [0.11414, -0.15597], [0.11933, -0.09241], [0.25875, 0.02562], [0.31647, 0.00097], [0.39105, 0.06193], [0.49611, 0.24351], [0.47017, 0.37387], [0.44877, 0.40953]]}