{"rank": 4, "source": "022_1622825853895-XSKUG8V6XULYYP1J1I1H.jpg", "category": "duck", "n_points": 39, "bbox_aspect": 1.6873873873873875, "area_frac": 0.27887893553223386, "score": 1.361803579938453, "coords": [[0.5, -0.00374], [0.42739, 0.10198], [0.44768, 0.14736], [0.37347, 0.2488], [0.3126, 0.28671], [0.26455, 0.29418], [0.14389, 0.19968], [0.10918, 0.18206], [-0.10278, 0.14415], [-0.17752, 0.10571], [-0.28377, 0.11052], [-0.29925, 0.14042], [-0.37026, 0.14362], [-0.41725, 0.17032], [-0.5, 0.16871], [-0.47918, 0.1276], [-0.38414, 0.05659], [-0.30886, -0.02776], [-0.26081, -0.03951], [-0.27576, -0.06994], [-0.248, -0.10464], [-0.20368, -0.10785], [-0.11078, -0.17565], [-0.05579, -0.16444], [-0.01201, -0.13988], [0.01949, -0.23652], [0.05419, -0.25307], [0.00934, -0.26108], [0.07875, -0.27549], [0.02589, -0.23118], [0.0323, -0.16177], [0.06006, -0.12653], [0.10598, -0.11372], [0.14015, -0.01228], [0.21596, -0.00961], [0.23679, 0.01922], [0.29018, 0.04164], [0.39909, 0.05232], [0.43647, -0.01175], [0.5, -0.00374]]}