{"rank": 5, "source": "038_1611070099646-RXABMZV01YIYSIIG5VN9.jpg", "category": "duck", "n_points": 39, "bbox_aspect": 1.078525641025641, "area_frac": 0.2810264441110278, "score": 1.309885907257861, "coords": [[-0.36478, 0.41976], [-0.34918, 0.40267], [-0.33655, 0.30386], [-0.35438, 0.25706], [-0.40267, 0.20802], [-0.48366, 0.17385], [-0.49777, 0.1263], [-0.46285, 0.1107], [-0.4896, 0.06761], [-0.5, -0.0847], [-0.48663, -0.12556], [-0.39822, -0.21842], [-0.3581, -0.2422], [-0.21248, -0.24666], [-0.18202, -0.29569], [-0.19391, -0.24146], [-0.12853, -0.2162], [-0.04903, -0.2266], [0.02229, -0.26077], [0.10253, -0.31724], [0.13522, -0.32541], [0.19985, -0.3737], [0.25854, -0.39599], [0.34695, -0.45319], [0.45914, -0.45617], [0.5, -0.45022], [0.43611, -0.38336], [0.3685, -0.28975], [0.37296, -0.26374], [0.3373, -0.20654], [0.2526, -0.12259], [0.21768, -0.06538], [0.04903, 0.17236], [-0.02303, 0.23477], [-0.11144, 0.28009], [-0.08172, 0.32095], [-0.08024, 0.45765], [-0.11961, 0.4636], [-0.29049, 0.42571], [-0.36478, 0.41976]]}