{"rank": 6, "source": "028_1617803471807-ZY7AIROMD32ULFXV7YZE.jpg", "category": "duck", "n_points": 39, "bbox_aspect": 1.0626808100289296, "area_frac": 0.2893713713868621, "score": 1.2995257814034835, "coords": [[0.5, 0.37432], [0.45554, 0.40517], [0.37205, 0.42514], [0.27405, 0.41969], [0.27132, 0.45417], [0.22051, 0.47051], [0.16969, 0.46143], [0.10617, 0.41697], [-0.00998, 0.30082], [-0.049, 0.27995], [-0.03358, 0.20281], [-0.03993, 0.14383], [-0.02722, 0.00953], [-0.17332, -0.01679], [-0.32668, -0.11207], [-0.37114, -0.12114], [-0.49819, -0.11661], [-0.43013, -0.20009], [-0.41379, -0.25635], [-0.42287, -0.36252], [-0.39746, -0.41969], [-0.33303, -0.45417], [-0.27768, -0.46869], [-0.20145, -0.47051], [-0.07441, -0.45417], [0.03902, -0.42695], [0.13249, -0.39428], [0.23412, -0.26543], [0.31488, -0.22913], [0.37024, -0.2382], [0.43557, -0.23004], [0.36388, -0.06216], [0.36025, 0.03947], [0.30581, 0.21461], [0.27495, 0.24456], [0.26951, 0.28267], [0.30036, 0.29991], [0.40472, 0.32441], [0.4755, 0.32804], [0.5, 0.37432]]}