{"rank": 7, "source": "013_1636133352167-E6NEC7P64AMCYLPPN438.jpg", "category": "duck", "n_points": 39, "bbox_aspect": 1.1698656429942418, "area_frac": 0.23728865453687148, "score": 1.2905235966039512, "coords": [[0.5, 0.22149], [0.44258, 0.20263], [0.41222, 0.15258], [0.33921, 0.10418], [0.22929, 0.00246], [0.1087, -0.05086], [0.09967, -0.02133], [0.05865, 0.03445], [0.04635, 0.0968], [0.07998, 0.13454], [0.05619, 0.137], [0.12264, 0.42002], [0.11608, 0.4274], [0.09803, 0.35029], [-0.07916, 0.14848], [-0.13249, 0.07383], [-0.20139, -0.0], [-0.2096, -0.03199], [-0.19811, -0.0845], [-0.17842, -0.11731], [-0.21288, -0.13372], [-0.34167, -0.16079], [-0.38843, -0.18294], [-0.46062, -0.25759], [-0.5, -0.32732], [-0.41468, -0.31583], [-0.37777, -0.34044], [-0.33511, -0.34537], [-0.25062, -0.32568], [-0.2178, -0.32732], [-0.15217, -0.36177], [-0.12182, -0.36587], [-0.04307, -0.4274], [0.14315, -0.33798], [0.226, -0.24036], [0.30558, -0.10336], [0.37777, -0.05004], [0.42699, -0.03117], [0.44422, -0.01066], [0.5, 0.22149]]}