{"rank": 8, "source": "012_1636551019414-8HKG0TGAL8W01JJ9OO7F.jpg", "category": "duck", "n_points": 40, "bbox_aspect": 1.9482758620689655, "area_frac": 0.25513540885221303, "score": 1.268669199918704, "coords": [[-0.5, 0.25039], [-0.49584, 0.23425], [-0.4292, 0.15617], [-0.43337, 0.12546], [-0.38652, 0.0885], [-0.34487, -0.01666], [-0.30115, -0.04893], [-0.31052, -0.06247], [-0.27772, -0.09474], [-0.25638, -0.08537], [-0.24857, -0.1088], [-0.22098, -0.11036], [-0.19755, -0.16137], [-0.18142, -0.17179], [-0.26158, -0.21551], [-0.21265, -0.24362], [-0.16684, -0.2556], [-0.10958, -0.25664], [-0.00651, -0.22228], [-0.03982, -0.17283], [0.00911, -0.13378], [0.07314, -0.14888], [0.13144, -0.12337], [0.28761, -0.16085], [0.36153, -0.11244], [0.40786, -0.05466], [0.45003, -0.02655], [0.5, 0.04269], [0.45211, 0.0583], [0.36517, 0.04633], [0.25534, 0.06299], [0.05752, -0.01249], [-0.00651, 0.00989], [-0.01796, 0.04581], [-0.02629, -0.00364], [-0.08771, 0.00625], [-0.11895, 0.05674], [-0.19599, 0.08433], [-0.38548, 0.24727], [-0.45107, 0.25664], [-0.5, 0.25039]]}