{"rank": 9, "source": "033_1615541557146-Y34WJT08X3LJRLLS962S.jpg", "category": "duck", "n_points": 39, "bbox_aspect": 1.838782412626832, "area_frac": 0.24245005420473903, "score": 1.2563583566452792, "coords": [[0.5, -0.00031], [0.43685, 0.0187], [0.42949, 0.03648], [0.36941, 0.03893], [0.32403, 0.02483], [0.28602, -0.01012], [0.25966, -0.0935], [0.09534, 0.0512], [0.0138, 0.17259], [-0.00337, 0.18118], [-0.40681, 0.16524], [-0.48835, 0.15052], [-0.47548, 0.1076], [-0.5, 0.0469], [-0.48467, 0.00092], [-0.42397, -0.01993], [-0.37922, 0.04323], [-0.30074, 0.01625], [-0.27131, -0.02912], [-0.25107, -0.01012], [-0.20509, -0.01441], [-0.11741, -0.04997], [-0.09595, -0.09227], [-0.11312, -0.13581], [-0.17382, -0.24678], [-0.12232, -0.26763], [-0.10086, -0.23268], [-0.04629, -0.21796], [-0.01257, -0.19467], [0.03955, -0.18056], [0.06652, -0.14807], [0.09779, -0.13765], [0.08308, -0.08798], [0.14868, -0.10025], [0.37799, -0.17872], [0.40435, -0.06223], [0.45156, -0.07449], [0.48529, -0.05978], [0.47425, -0.02606], [0.5, -0.00031]]}