{"rank": 10, "source": "064_1597665426434-FL1N8O1IC0AVQ0CVCZAP.jpg", "category": "duck", "n_points": 40, "bbox_aspect": 1.608348134991119, "area_frac": 0.21204110797459422, "score": 1.17513185905377, "coords": [[-0.5, 0.25566], [-0.49558, 0.24462], [-0.43484, 0.23854], [-0.41441, 0.19658], [-0.32993, 0.13308], [-0.30563, 0.127], [-0.26808, 0.08007], [-0.21452, -0.00883], [-0.18691, -0.03313], [-0.11237, -0.14246], [-0.05384, -0.18885], [0.00635, -0.2159], [0.0577, -0.21811], [0.10022, -0.20486], [0.12949, -0.20762], [0.11679, -0.24903], [0.14219, -0.27996], [0.16207, -0.2899], [0.12231, -0.24682], [0.13004, -0.21535], [0.15268, -0.19934], [0.20293, -0.19105], [0.22943, -0.16289], [0.2841, -0.13528], [0.32938, -0.10105], [0.35036, -0.07068], [0.40171, -0.04197], [0.43374, 0.02209], [0.5, 0.0392], [0.4884, 0.06957], [0.43539, 0.08283], [0.37189, 0.11817], [0.35809, 0.13363], [0.19906, 0.08448], [-0.12673, 0.1016], [-0.19299, 0.10988], [-0.22336, 0.12038], [-0.29404, 0.18498], [-0.32772, 0.20762], [-0.43539, 0.31088], [-0.5, 0.25566]]}