{"rank": 11, "source": "039_1610447942433-4WQH12B15GHY43IKYEQX.jpg", "category": "duck", "n_points": 39, "bbox_aspect": 1.0515021459227467, "area_frac": 0.2290957908152969, "score": 1.166698009142251, "coords": [[-0.0551, 0.47551], [-0.12122, 0.43388], [-0.18408, 0.35306], [-0.12367, 0.2502], [0.00122, 0.11388], [-0.00857, 0.0698], [-0.04939, 0.08286], [-0.17429, -0.09265], [-0.22653, 0.02408], [-0.31306, -0.01184], [-0.35469, 0.01592], [-0.46898, -0.06082], [-0.43959, -0.14735], [-0.5, -0.20041], [-0.44612, -0.33102], [-0.38163, -0.34], [-0.32204, -0.30735], [-0.25429, -0.37755], [-0.17837, -0.29592], [-0.07224, -0.22898], [0.02653, -0.27143], [0.14, -0.19469], [0.14653, -0.30653], [0.09918, -0.45918], [0.1098, -0.47551], [0.16449, -0.30163], [0.15959, -0.17918], [0.33918, -0.08449], [0.48122, -0.22653], [0.5, -0.22571], [0.34163, -0.07224], [0.30245, -0.02], [0.33592, -0.01102], [0.37755, 0.06408], [0.36612, 0.11388], [0.21592, 0.2249], [0.08612, 0.33429], [0.06571, 0.37673], [0.00286, 0.37918], [-0.0551, 0.47551]]}