{"rank": 12, "source": "070_1592990843307-RXX4VLQZ9RMKLXZDUOVB.jpg", "category": "duck", "n_points": 39, "bbox_aspect": 1.0149136577708007, "area_frac": 0.22675556353194545, "score": 1.1278652954046477, "coords": [[0.49845, 0.49265], [0.33759, 0.46481], [0.18291, 0.48183], [0.08778, 0.44934], [0.03132, 0.40449], [-0.00503, 0.35112], [-0.00657, 0.33411], [0.0174, 0.31632], [0.01353, 0.27301], [0.02978, 0.24517], [0.01121, 0.13148], [-0.0058, 0.08353], [-0.14733, 0.10363], [-0.15429, 0.11214], [-0.2355, 0.12452], [-0.35073, 0.10209], [-0.47293, 0.13225], [-0.5, 0.1222], [-0.43117, 0.04408], [-0.45205, 0.01392], [-0.44586, -0.04099], [-0.45824, -0.07811], [-0.45978, -0.1106], [-0.41802, -0.24981], [-0.39327, -0.30549], [-0.34068, -0.34184], [-0.28422, -0.41454], [-0.24787, -0.47641], [-0.21152, -0.49265], [-0.18523, -0.47873], [0.12954, -0.46558], [0.04292, -0.37432], [-0.11098, -0.44316], [-0.00425, -0.30085], [0.09783, -0.11369], [0.10402, -0.07502], [0.10093, 0.0232], [0.11949, 0.08353], [0.5, 0.48724], [0.49845, 0.49265]]}