{"rank": 13, "source": "056_1602503074215-I545AEGTD70K1IR5USWB.jpg", "category": "duck", "n_points": 39, "bbox_aspect": 0.951176983435048, "area_frac": 0.22013938919342207, "score": 1.0427671776182736, "coords": [[0.40584, 0.36399], [0.3082, 0.39364], [0.2925, 0.44159], [0.26199, 0.49303], [0.12511, 0.49477], [0.1007, 0.44595], [0.06582, 0.44071], [0.01962, 0.41718], [-0.07629, 0.41718], [-0.16434, 0.38143], [-0.2306, 0.33958], [-0.35615, 0.31866], [-0.40933, 0.20183], [-0.41107, 0.0728], [-0.41718, 0.03444], [-0.46251, -0.04141], [-0.47559, -0.07454], [-0.47559, -0.29337], [-0.46251, -0.4102], [-0.44682, -0.41282], [-0.36661, -0.26983], [-0.33261, -0.24019], [-0.33435, -0.36486], [-0.30645, -0.49215], [-0.15737, -0.49303], [-0.18178, -0.4782], [-0.18875, -0.4442], [-0.23409, -0.3762], [-0.23409, -0.21404], [-0.15388, -0.12947], [0.04664, -0.05449], [0.12337, 0.06408], [0.11813, 0.14603], [0.12598, 0.15388], [0.21665, 0.15998], [0.28291, 0.13906], [0.47123, 0.1286], [0.47472, 0.25065], [0.4442, 0.28901], [0.40584, 0.36399]]}