{"rank": 14, "source": "063_1598965894670-CPVHMK45MTTJXDIOMUWI.jpg", "category": "duck", "n_points": 39, "bbox_aspect": 1.9526542324246772, "area_frac": 0.21241483802831485, "score": 1.0340868794810785, "coords": [[-0.5, 0.10985], [-0.44342, 0.08486], [-0.37362, 0.10764], [-0.30162, 0.07825], [-0.27884, 0.02388], [-0.30088, -0.03564], [-0.33101, -0.04445], [-0.35378, -0.10617], [-0.35305, -0.15393], [-0.31117, -0.22888], [-0.22594, -0.24578], [-0.03417, -0.25606], [0.11646, -0.24063], [0.32513, -0.24578], [0.4133, -0.19508], [0.45665, -0.14438], [0.5, -0.05033], [0.44342, -0.07384], [0.35893, -0.05841], [0.38538, -0.00331], [0.38611, 0.04666], [0.30309, 0.02168], [0.20757, 0.03784], [0.08854, 0.02755], [-0.05547, 0.00257], [-0.08413, -0.02388], [-0.13189, -0.01359], [-0.13556, 0.16422], [-0.14291, 0.16348], [-0.14071, 0.00037], [-0.2906, -0.03123], [-0.27223, 0.03564], [-0.29794, 0.0856], [-0.38611, 0.12748], [-0.45518, 0.09515], [-0.49265, 0.10544], [-0.45298, 0.13483], [-0.40081, 0.13777], [-0.3964, 0.16495], [-0.5, 0.10985]]}