{"rank": 15, "source": "055_1603288947396-33B650H4W1YFL9FBO167.jpg", "category": "duck", "n_points": 39, "bbox_aspect": 1.3082259663032705, "area_frac": 0.18077634071142906, "score": 1.0296978752924903, "coords": [[0.5, 0.35265], [0.47955, 0.35795], [0.41591, 0.34129], [0.37348, 0.37538], [0.32197, 0.3822], [0.26742, 0.34659], [0.25379, 0.28371], [0.18712, 0.2572], [0.14394, 0.20417], [0.15076, 0.17538], [-0.05985, 0.00795], [-0.1053, -0.02008], [-0.15152, -0.0678], [-0.18636, -0.08371], [-0.26136, -0.1428], [-0.30379, -0.15189], [-0.42045, -0.26629], [-0.48712, -0.31402], [-0.44697, -0.30341], [-0.38561, -0.24886], [-0.29015, -0.17614], [-0.26061, -0.19432], [-0.15379, -0.30189], [-0.0947, -0.34129], [-0.025, -0.35947], [0.02652, -0.36098], [0.11439, -0.3822], [0.16364, -0.36932], [0.18409, -0.33371], [0.18788, -0.28977], [0.21288, -0.19962], [0.21136, -0.16629], [0.22955, -0.15189], [0.24621, -0.05265], [0.27045, 0.00492], [0.2947, 0.09356], [0.32879, 0.27765], [0.39394, 0.31629], [0.46591, 0.32689], [0.5, 0.35265]]}