{"rank": 16, "source": "079_1589106609399-QFM6B159VAWBXDKGT1WI.jpg", "category": "duck", "n_points": 39, "bbox_aspect": 1.5623987034035656, "area_frac": 0.18508031837916064, "score": 1.0261568864162025, "coords": [[-0.5, 0.30239], [-0.48911, 0.27023], [-0.46525, 0.27801], [-0.37707, 0.26193], [-0.35218, 0.19087], [-0.30757, 0.13849], [-0.24222, 0.11774], [-0.23651, 0.0555], [-0.20124, 0.03942], [-0.17376, -0.00519], [-0.15923, -0.0], [-0.02075, -0.14523], [0.12189, -0.20799], [0.20332, -0.19813], [0.24118, -0.22147], [0.23496, -0.19658], [0.27749, -0.16079], [0.34077, -0.08091], [0.40508, -0.01141], [0.49741, 0.06172], [0.5, 0.07832], [0.44502, 0.10737], [0.40249, 0.0638], [0.3584, -0.03475], [0.3112, -0.01297], [0.26815, 0.02541], [0.16598, 0.05031], [0.12967, 0.06743], [0.07417, 0.0612], [-0.00311, 0.07417], [-0.16598, 0.07676], [-0.18309, 0.10114], [-0.20332, 0.09129], [-0.25882, 0.20539], [-0.26971, 0.27127], [-0.29461, 0.32002], [-0.35737, 0.29461], [-0.4222, 0.28579], [-0.46266, 0.31017], [-0.5, 0.30239]]}