{"rank": 17, "source": "040_1610441524624-YM4IHLU9KQSVLM7GMRPT.jpg", "category": "duck", "n_points": 39, "bbox_aspect": 1.0236460717009916, "area_frac": 0.18962536284470247, "score": 0.911081195070915, "coords": [[-0.01863, 0.48845], [-0.06483, 0.3804], [-0.09985, 0.41095], [-0.14382, 0.3342], [-0.18256, 0.17846], [-0.14456, 0.07712], [-0.2377, 0.0123], [-0.22504, -0.08085], [-0.27645, -0.14791], [-0.34054, -0.12481], [-0.48733, -0.17027], [-0.48435, -0.14344], [-0.3927, -0.0734], [-0.37109, 0.00633], [-0.28167, -0.04955], [-0.25857, 0.00857], [-0.31148, 0.04359], [-0.38003, 0.00857], [-0.40089, -0.07042], [-0.49106, -0.13972], [-0.5, -0.18741], [-0.34873, -0.12854], [-0.16766, -0.24553], [0.10581, -0.32452], [0.30253, -0.33644], [0.40089, -0.4199], [0.45231, -0.48621], [0.46423, -0.34762], [0.49255, -0.25522], [0.37481, -0.28651], [0.35618, -0.25894], [0.29583, -0.29769], [0.19449, -0.11289], [0.08718, -0.08308], [0.09613, -0.04732], [0.19821, 0.0339], [0.19821, 0.08532], [0.1155, 0.27906], [0.0462, 0.40648], [-0.01863, 0.48845]]}