{"rank": 18, "source": "074_1590925538347-DN9N03A4GJTJ658P87VH.jpg", "category": "duck", "n_points": 39, "bbox_aspect": 2.079323797139142, "area_frac": 0.19097824840908667, "score": 0.8614701357595518, "coords": [[0.48749, 0.23609], [0.4137, 0.24046], [0.36492, 0.2167], [0.33177, 0.23421], [0.29112, 0.21169], [0.24859, 0.16166], [0.26861, 0.05034], [0.19856, 0.04722], [0.05535, 0.01094], [0.01907, -0.01282], [-0.03346, 0.01657], [-0.11413, 0.00782], [-0.07223, -0.0222], [-0.01345, -0.17417], [-0.24171, -0.17917], [-0.24797, -0.09662], [-0.21482, -0.08912], [-0.27736, -0.04221], [-0.32364, -0.0666], [-0.41182, -0.04972], [-0.41495, -0.08662], [-0.37305, -0.16479], [-0.298, -0.18793], [-0.00844, -0.18355], [0.05285, -0.21982], [0.11664, -0.21982], [0.16229, -0.24046], [0.3349, -0.19043], [0.42933, -0.17042], [0.4162, -0.09475], [0.36116, -0.02158], [0.39181, 0.00969], [0.43621, 0.00281], [0.49312, 0.02158], [0.4631, 0.06973], [0.45372, 0.12664], [0.43058, 0.13977], [0.43183, 0.18605], [0.47061, 0.19418], [0.48749, 0.23609]]}