{"rank": 19, "source": "031_1616415567132-I9YR1CZDMSRL5VOA2H8M.jpg", "category": "duck", "n_points": 44, "bbox_aspect": 1.0348749052312358, "area_frac": 0.17980654078036296, "score": 0.8373050674785506, "coords": [[-0.33736, 0.47509], [-0.3674, 0.44359], [-0.49853, 0.38718], [-0.48095, 0.35934], [-0.3674, 0.37692], [-0.35495, 0.29194], [-0.4326, 0.27216], [-0.30659, 0.1674], [-0.31392, 0.13883], [-0.2304, 0.06264], [-0.16227, -0.02088], [-0.163, -0.09414], [-0.13077, -0.17399], [-0.13516, -0.25385], [-0.06777, -0.29634], [-0.02967, -0.38132], [0.02527, -0.36081], [-0.02088, -0.43919], [0.00256, -0.48315], [0.00256, -0.40916], [0.05018, -0.34835], [-0.02454, -0.37106], [-0.05678, -0.29267], [-0.12564, -0.25531], [-0.1315, -0.13443], [-0.06557, -0.06337], [0.01795, -0.00989], [0.13077, -0.01502], [0.11612, 0.08315], [0.24945, 0.14029], [0.2619, 0.22894], [0.34396, 0.2348], [0.5, 0.21282], [0.35788, 0.3044], [0.35934, 0.3315], [0.25824, 0.36813], [0.23919, 0.39377], [0.15421, 0.38864], [0.15275, 0.41429], [0.07363, 0.41575], [-0.06923, 0.44652], [-0.18791, 0.39524], [-0.21502, 0.40476], [-0.21502, 0.47509], [-0.33736, 0.47509]]}