{"rank": 20, "source": "066_1596463374385-0JBDND6V8V8U41N04L69.jpg", "category": "duck", "n_points": 41, "bbox_aspect": 1.7889344262295082, "area_frac": 0.1681932005198976, "score": 0.8300556637637162, "coords": [[0.48969, 0.2795], [0.41123, 0.00859], [0.35452, -0.01833], [0.25716, 0.03551], [-0.01145, 0.05556], [-0.10023, 0.0252], [-0.07961, 0.22967], [-0.25487, 0.24857], [-0.3992, 0.1764], [-0.42153, 0.10997], [-0.2732, 0.13402], [-0.26747, 0.06128], [-0.37572, -0.04525], [-0.39118, -0.13803], [-0.5, -0.18385], [-0.4055, -0.24399], [-0.07503, -0.2268], [-0.21879, -0.2795], [0.47079, -0.2268], [-0.11283, -0.26346], [-0.10939, -0.16266], [-0.0378, -0.20962], [0.28293, -0.14605], [0.33562, -0.09049], [0.19931, -0.09622], [0.31615, -0.04124], [0.19989, 0.00687], [0.0063, -0.00286], [-0.13975, -0.07847], [-0.12486, -0.1512], [-0.35338, -0.16953], [-0.38431, -0.09966], [-0.27033, 0.0504], [-0.12371, 0.13746], [-0.24284, 0.13001], [-0.26632, 0.19817], [-0.12371, 0.24628], [-0.07388, 0.2016], [-0.11856, 0.01203], [-0.00745, 0.04696], [0.40779, -0.00687], [0.48969, 0.2795]]}