{"rank": 21, "source": "007_1640624093743-37GX5MARES88K5ATGZPT.jpg", "category": "duck", "n_points": 39, "bbox_aspect": 0.9354317998385795, "area_frac": 0.1791497376311844, "score": 0.7851449333496842, "coords": [[0.05851, 0.5], [-0.09403, 0.49435], [-0.26029, 0.28208], [-0.21994, 0.25626], [-0.25948, 0.23043], [-0.2498, 0.19088], [-0.20864, 0.2046], [-0.18846, 0.15133], [-0.26271, 0.12066], [-0.11017, 0.16021], [-0.10775, -0.00525], [-0.15133, -0.06416], [-0.14891, -0.11824], [-0.18281, -0.12793], [-0.17393, -0.31356], [-0.14487, -0.36199], [-0.26917, -0.45964], [-0.10775, -0.34746], [-0.05932, -0.33132], [0.02946, -0.33293], [0.11017, -0.35069], [0.12228, -0.32647], [0.46691, -0.39992], [0.33939, -0.36118], [0.32405, -0.30549], [0.32405, -0.18039], [0.39023, -0.16263], [0.46772, -0.07385], [0.39831, -0.07789], [0.45722, -0.03349], [0.44754, -0.00847], [0.39669, -0.03269], [0.42171, 0.01735], [0.40395, 0.0682], [0.36037, -0.00847], [0.13115, 0.00686], [0.11743, 0.03592], [-0.01332, 0.06659], [0.08354, 0.19411], [0.05851, 0.5]]}