{"rank": 22, "source": "071_1592747342490-XM0TLN88COSD58135I46.jpg", "category": "duck", "n_points": 39, "bbox_aspect": 1.5404878048780488, "area_frac": 0.1205506531911798, "score": 0.6488650989037344, "coords": [[0.4905, 0.32457], [0.4696, 0.14155], [0.36954, -0.02185], [0.20551, -0.01868], [0.14091, -0.04592], [0.20044, -0.18841], [0.31191, -0.22831], [0.3955, -0.28974], [0.28594, -0.29797], [0.15611, -0.20171], [0.08138, -0.21058], [-0.02248, -0.15611], [-0.09341, -0.05351], [-0.05098, 0.00032], [-0.14788, 0.08201], [-0.19981, 0.05921], [-0.33534, 0.10165], [-0.38917, 0.23401], [-0.4582, 0.21881], [-0.4354, 0.10671], [-0.5, 0.13521], [-0.49873, 0.05858], [-0.424, -0.06301], [-0.36194, -0.06238], [-0.29734, -0.14028], [-0.23084, -0.15611], [-0.08075, -0.11431], [0.05668, -0.21058], [0.14471, -0.19854], [0.26124, -0.29481], [0.38094, -0.32457], [0.40374, -0.28531], [0.31317, -0.22008], [0.20741, -0.18398], [0.14788, -0.04275], [0.20994, -0.02692], [0.32774, -0.04845], [0.47783, 0.14155], [0.5, 0.21564], [0.4905, 0.32457]]}