{"rank": 23, "source": "019_1625835690073-SKTVHBH3VBUG0JCI2RTW.jpg", "category": "duck", "n_points": 38, "bbox_aspect": 1.1705607476635513, "area_frac": 0.13056789197299326, "score": 0.6431148200552582, "coords": [[0.5, 0.3187], [0.32169, 0.42715], [0.27246, 0.33666], [0.01896, 0.23154], [-0.07751, 0.14105], [-0.07818, 0.07319], [0.12009, -0.03393], [0.0988, -0.11843], [0.1354, -0.17698], [0.2006, -0.41184], [0.12009, -0.39255], [0.09814, -0.3147], [0.05556, -0.34997], [-0.00432, -0.20825], [-0.0815, -0.12309], [-0.15536, -0.12708], [-0.18197, 0.03061], [-0.26181, -0.0153], [-0.37492, -0.02395], [-0.37957, -0.06321], [-0.5, -0.17764], [-0.41018, -0.21756], [-0.31969, -0.14637], [-0.23719, -0.14305], [-0.15469, -0.07252], [-0.16001, -0.13307], [-0.08616, -0.12974], [-0.01231, -0.20825], [0.05356, -0.36061], [0.09348, -0.32468], [0.11411, -0.39587], [0.20792, -0.41317], [0.14138, -0.17432], [0.10479, -0.11577], [0.12874, -0.03593], [0.08417, 0.00665], [0.38556, 0.19894], [0.36361, 0.2322], [0.5, 0.3187]]}