{"rank": 24, "source": "010_1638191296492-16MWTUVXGQ536ZFGLOXX.jpg", "category": "duck", "n_points": 38, "bbox_aspect": 0.9467401285583104, "area_frac": 0.1535350491477302, "score": 0.6323682820103318, "coords": [[-0.18503, 0.42287], [-0.19238, 0.27319], [-0.11157, 0.19972], [-0.18871, 0.13269], [-0.36226, 0.13269], [-0.44031, 0.10422], [-0.46602, 0.02342], [-0.26951, -0.02525], [-0.32002, -0.17585], [-0.23462, -0.22727], [-0.23095, -0.29339], [-0.07851, -0.43205], [0.06749, -0.49082], [0.20707, -0.5], [0.37052, -0.45776], [0.46786, -0.39899], [0.38154, -0.32002], [0.28788, -0.19146], [0.16024, -0.11065], [0.02158, -0.06198], [-0.1584, -0.20983], [-0.16575, -0.2888], [-0.22176, -0.28053], [-0.22268, -0.21166], [-0.29247, -0.1786], [-0.26033, -0.01148], [-0.14555, 0.01515], [-0.15657, 0.1281], [-0.10514, 0.18962], [0.00964, 0.25666], [0.16575, 0.14922], [0.27319, 0.30992], [0.15932, 0.49725], [0.11616, 0.46143], [0.10422, 0.36593], [0.0528, 0.31818], [0.00872, 0.43205], [-0.04729, 0.36593], [-0.18503, 0.42287]]}