{"rank": 25, "source": "003_1644946385608-SBEJNY1BDF5ORIZXST9F.jpg", "category": "duck", "n_points": 40, "bbox_aspect": 0.9007155635062611, "area_frac": 0.15674928064892854, "score": 0.6317690855611846, "coords": [[-0.43962, 0.49642], [-0.45036, 0.45259], [-0.39937, 0.3864], [-0.40027, 0.30501], [-0.25358, 0.15027], [-0.19454, 0.14132], [-0.15698, 0.08497], [-0.14803, -0.03578], [-0.09168, -0.13148], [-0.03265, -0.18336], [-0.04785, -0.24419], [-0.11494, -0.31038], [-0.15519, -0.30411], [-0.28757, -0.32916], [-0.30903, -0.36673], [-0.22585, -0.44544], [-0.21333, -0.49911], [-0.13372, -0.44365], [-0.04338, -0.39982], [-0.04696, -0.37925], [0.13462, -0.3229], [0.23032, -0.30769], [0.23748, -0.27907], [0.30725, -0.25224], [0.32782, -0.20125], [0.40832, -0.17084], [0.45036, -0.12522], [0.43694, -0.10376], [0.36449, -0.11986], [0.3314, -0.10555], [0.2339, -0.14311], [0.10599, 0.11538], [-0.01118, 0.27013], [-0.03175, 0.2746], [-0.0398, 0.34794], [-0.07916, 0.36673], [-0.22585, 0.34615], [-0.23658, 0.37657], [-0.28131, 0.39535], [-0.39043, 0.49374], [-0.43962, 0.49642]]}