{"rank": 26, "source": "026_1618563462291-OLMLN7KY0PBT9VU6GMAV.jpg", "category": "duck", "n_points": 39, "bbox_aspect": 1.5172704296545914, "area_frac": 0.10706709145427286, "score": 0.5785940489640846, "coords": [[-0.49334, 0.2568], [-0.5, 0.20072], [-0.44281, 0.12743], [-0.30844, 0.11966], [-0.299, 0.17129], [-0.33009, 0.25347], [-0.22626, 0.31954], [-0.06135, 0.18129], [-0.06857, -0.0236], [-0.14853, -0.04747], [-0.17796, -0.12299], [-0.15242, -0.20516], [-0.05136, -0.18073], [-0.00472, -0.13742], [0.14797, -0.11299], [0.21405, -0.14242], [0.30677, -0.13576], [0.35952, -0.06247], [0.24459, -0.06802], [0.18629, -0.04248], [0.34897, 0.0658], [0.44059, -0.08079], [0.48723, -0.12576], [0.49334, -0.21627], [0.42282, -0.32232], [-0.21405, -0.27568], [0.4256, -0.32954], [0.5, -0.21738], [0.49278, -0.12077], [0.44559, -0.0769], [0.3523, 0.07301], [0.17907, -0.03859], [-0.04581, -0.03137], [-0.06191, -0.02138], [-0.05414, 0.18351], [-0.21238, 0.31843], [-0.30178, 0.304], [-0.33787, 0.2518], [-0.44614, 0.23737], [-0.49334, 0.2568]]}