{"rank": 27, "source": "006_1641487109423-LE7KRU8Y1E8VQZW9ZLU6.jpg", "category": "duck", "n_points": 39, "bbox_aspect": 1.2307073954983923, "area_frac": 0.1089360465116279, "score": 0.5558980990859097, "coords": [[-0.49543, 0.18027], [-0.5, 0.12606], [-0.44513, 0.05095], [-0.30797, 0.04572], [-0.32952, 0.17766], [-0.23481, 0.24755], [-0.06303, 0.10451], [-0.0663, -0.09928], [-0.1499, -0.12671], [-0.17603, -0.21163], [-0.15447, -0.27956], [-0.05911, -0.25996], [-0.00555, -0.21359], [0.13815, -0.19138], [0.21065, -0.21816], [0.30144, -0.21293], [0.41052, -0.10843], [0.48628, -0.20052], [0.49282, -0.29523], [0.42293, -0.39909], [-0.21326, -0.35206], [0.42031, -0.40627], [0.5, -0.29654], [0.49347, -0.20118], [0.41444, -0.09993], [0.35565, -0.13782], [0.26159, -0.1437], [0.16492, -0.11234], [-0.05976, -0.09732], [-0.06434, 0.07838], [0.01208, 0.23122], [0.03364, 0.32071], [0.1081, 0.35206], [0.09308, 0.40562], [0.03364, 0.33442], [-0.14664, 0.31025], [-0.21522, 0.24494], [-0.30927, 0.22469], [-0.33932, 0.1757], [-0.49543, 0.18027]]}