{"rank": 28, "source": "061_1600089020414-RIGWNOZFSYJBZ01XUWWX.jpg", "category": "duck", "n_points": 43, "bbox_aspect": 1.6460481099656357, "area_frac": 0.11373168908819133, "score": 0.5465565689964011, "coords": [[0.49948, 0.20825], [0.42693, 0.1952], [0.41597, 0.30376], [0.24843, 0.26983], [0.22286, 0.11795], [-0.00313, 0.10752], [-0.11795, 0.14823], [-0.3382, 0.15449], [-0.47443, 0.26722], [-0.5, 0.12839], [-0.45877, -0.07359], [-0.34916, -0.22651], [0.14405, -0.30376], [-0.35334, -0.22129], [-0.45407, -0.0715], [-0.49478, 0.12839], [-0.4739, 0.25783], [-0.32255, 0.14718], [-0.25626, -0.01409], [-0.12056, -0.1143], [0.00209, -0.1357], [0.01722, -0.07881], [0.17745, -0.10752], [0.18894, -0.02975], [-0.03079, 0.00574], [-0.10125, -0.01044], [-0.09551, 0.08664], [-0.21033, 0.14248], [-0.11952, 0.14353], [-0.00157, 0.1023], [0.20772, 0.10804], [0.23069, 0.12056], [0.2547, 0.26879], [0.41441, 0.29802], [0.41806, 0.04854], [0.2928, 0.04123], [0.27505, -0.14718], [0.14979, -0.28601], [0.16545, -0.28758], [0.27975, -0.14979], [0.29697, 0.0381], [0.41962, 0.0428], [0.42328, 0.17015], [0.49948, 0.20825]]}