{"rank": 29, "source": "030_1617788208088-S0RQNNBQTDWCS215UB0B.jpg", "category": "duck", "n_points": 39, "bbox_aspect": 1.5077625570776256, "area_frac": 0.10006588681550412, "score": 0.540987125359205, "coords": [[-0.5, 0.24985], [-0.45518, 0.1384], [-0.42005, 0.23168], [-0.30557, 0.13234], [-0.26136, 0.23773], [-0.10993, 0.20927], [-0.04876, 0.27165], [0.02877, 0.25772], [0.05966, 0.18019], [0.18201, 0.24319], [0.23895, 0.23592], [0.07541, 0.11902], [0.17656, 0.03786], [0.26015, -0.07844], [0.18928, -0.04331], [0.2765, -0.15657], [0.23531, -0.21775], [0.17353, -0.1172], [0.18504, -0.24258], [0.22925, -0.33162], [0.30981, -0.24924], [0.26984, -0.08147], [0.18746, 0.03786], [0.32677, 0.10993], [0.11962, 0.07117], [0.23531, 0.20624], [0.49213, 0.24319], [0.24258, 0.15112], [0.40551, 0.15294], [0.5, 0.23713], [0.45639, 0.25288], [0.24137, 0.21532], [0.22623, 0.26741], [0.06875, 0.18443], [0.00575, 0.28013], [-0.26378, 0.24924], [-0.26378, 0.33162], [-0.40006, 0.31163], [-0.46608, 0.17898], [-0.5, 0.24985]]}