{"rank": 30, "source": "020_1624376217555-4R8MKQZUX1DYCVUL7EQ3.jpg", "category": "duck", "n_points": 38, "bbox_aspect": 1.2664500406173842, "area_frac": 0.10413718140929536, "score": 0.5396449428322492, "coords": [[-0.40571, 0.24278], [-0.5, 0.06318], [-0.40892, 0.16196], [-0.39737, 0.23637], [-0.3204, 0.16709], [-0.17094, 0.11642], [0.01187, 0.20558], [0.03368, 0.35504], [0.11386, 0.38711], [0.18185, 0.33066], [0.11642, 0.2338], [0.19852, 0.08691], [0.18441, -0.01379], [0.09461, -0.03688], [0.09782, -0.15811], [0.0356, -0.29795], [0.13887, -0.38967], [0.25048, -0.3948], [0.29923, -0.33643], [0.33643, -0.17094], [0.22931, -0.17415], [0.27037, -0.07024], [0.23573, 0.00609], [0.33451, -0.03432], [0.42303, -0.01379], [0.42174, 0.14849], [0.38518, 0.0805], [0.26908, 0.07665], [0.18441, -0.15106], [0.20815, 0.07793], [0.12476, 0.23509], [0.27101, 0.26588], [0.11514, 0.3948], [0.05292, 0.38069], [-0.01572, 0.26908], [0.00289, 0.20815], [-0.13759, 0.12219], [-0.31398, 0.17158], [-0.40571, 0.24278]]}