{"rank": 31, "source": "037_1612018084523-9X6YNVWSD2KXMXADC7IS.jpg", "category": "duck", "n_points": 40, "bbox_aspect": 0.6982968369829684, "area_frac": 0.1647873218304576, "score": 0.5018156662322671, "coords": [[0.21046, 0.5], [0.14234, 0.4781], [0.07664, 0.48946], [-0.01014, 0.47161], [-0.07259, 0.33779], [-0.00446, 0.33617], [0.04988, 0.3013], [0.07015, 0.26075], [0.02311, 0.21857], [-0.11963, 0.15693], [-0.25426, 0.1326], [-0.33861, 0.13423], [-0.34915, 0.08232], [-0.33942, -0.03041], [-0.28183, -0.01906], [-0.24939, -0.09935], [-0.20316, -0.17721], [-0.17397, -0.20073], [-0.12936, -0.15207], [-0.03933, -0.20316], [0.01419, -0.24209], [-0.12044, -0.44079], [-0.118, -0.44809], [0.02149, -0.24858], [0.14639, -0.27291], [0.1691, -0.23966], [0.22425, -0.26642], [0.13909, -0.49676], [0.15369, -0.49027], [0.19749, -0.35807], [0.21452, -0.32968], [0.24209, -0.23885], [0.34915, 0.03852], [0.3459, 0.08962], [0.28508, 0.16099], [0.21614, 0.19505], [0.17153, 0.25264], [0.14882, 0.25994], [0.11314, 0.36131], [0.191, 0.42457], [0.21046, 0.5]]}