{"rank": 32, "source": "058_1602070652843-Z4D901A9ER6NHGXQ79BT.jpg", "category": "duck", "n_points": 39, "bbox_aspect": 1.349885408708938, "area_frac": 0.07437182651622003, "score": 0.41321418794932857, "coords": [[-0.5, 0.04839], [-0.41737, 0.02518], [-0.36757, -0.12932], [-0.30589, -0.20855], [-0.17912, -0.22496], [-0.04612, -0.28664], [0.07499, -0.28551], [0.3206, -0.3704], [0.33984, -0.33135], [0.41681, -0.34041], [0.48812, -0.29796], [0.48925, -0.2459], [0.23288, -0.18081], [0.19383, -0.08857], [0.14969, -0.08008], [0.22949, -0.18704], [0.49264, -0.25552], [0.41285, -0.33418], [0.33079, -0.32965], [0.30815, -0.36644], [0.07838, -0.27985], [-0.04499, -0.28098], [-0.17346, -0.21986], [-0.30079, -0.20232], [-0.36191, -0.12649], [-0.41228, 0.02801], [-0.48698, 0.05518], [-0.34267, 0.10498], [-0.29174, -0.015], [-0.22383, -0.01726], [-0.088, 0.04443], [0.00821, 0.14912], [-0.00198, 0.20911], [-0.0914, 0.26627], [-0.17572, 0.22439], [-0.24816, 0.03367], [-0.31777, 0.04386], [-0.31041, 0.08913], [-0.41851, 0.12139], [-0.5, 0.04839]]}