{"rank": 33, "source": "011_1636977675493-CO4GNX550DPY21PNA6M8.jpg", "category": "duck", "n_points": 38, "bbox_aspect": 1.1742902208201893, "area_frac": 0.09100849680760618, "score": 0.4079851435915745, "coords": [[-0.5, 0.26461], [-0.49396, 0.25252], [-0.34889, 0.28073], [-0.30457, 0.26259], [-0.26427, 0.12693], [-0.28576, 0.03962], [-0.23069, -0.12156], [-0.19375, -0.16655], [-0.11921, -0.17864], [-0.10443, -0.38482], [-0.09369, -0.38818], [-0.09637, -0.17193], [0.06145, -0.14506], [0.13398, -0.30222], [0.08093, -0.33915], [0.17629, -0.30154], [0.14473, -0.30154], [0.08563, -0.14103], [0.32539, -0.05574], [0.49597, -0.1041], [0.40128, -0.06447], [0.4906, 0.00739], [0.38247, -0.04835], [0.30792, -0.03627], [0.20047, -0.08395], [0.12794, -0.10343], [0.02921, -0.04097], [0.03526, -0.00067], [0.01377, 0.08865], [-0.06347, 0.08059], [-0.11518, 0.05776], [-0.22465, 0.12693], [-0.25621, 0.16991], [-0.27837, 0.24244], [-0.27636, 0.33848], [-0.31263, 0.36333], [-0.36837, 0.3452], [-0.3771, 0.30826], [-0.5, 0.26461]]}