{"rank": 34, "source": "008_1640083636887-7NT9V7G18W7AID4DMJOJ.jpg", "category": "duck", "n_points": 38, "bbox_aspect": 1.1205766710353866, "area_frac": 0.09375405631212443, "score": 0.39168417859450977, "coords": [[0.5, 0.44152], [0.33392, 0.37719], [0.20175, 0.23918], [0.04152, 0.18655], [-0.07778, 0.10351], [-0.29532, 0.17368], [-0.38421, 0.04269], [-0.5, -0.04737], [-0.4731, -0.09532], [-0.29766, -0.12924], [-0.22515, -0.2193], [-0.15146, -0.26725], [-0.03801, -0.26491], [0.04152, -0.22398], [0.12807, -0.07427], [0.23216, 0.03801], [0.08246, 0.01579], [-0.05439, -0.05439], [-0.12456, -0.04737], [-0.23567, -0.07661], [-0.2731, -0.13041], [-0.36667, -0.09181], [-0.48947, -0.0731], [-0.44035, 0.00292], [-0.37368, 0.03684], [-0.28713, 0.16433], [-0.0848, 0.08947], [0.04035, 0.17368], [0.23333, 0.24854], [0.34678, 0.13509], [0.33977, -0.00994], [0.27778, -0.15029], [0.21462, -0.2193], [0.01696, -0.27661], [0.19942, -0.24269], [0.28947, -0.1538], [0.35029, -0.01579], [0.37719, 0.21462], [0.5, 0.44152]]}