{"rank": 35, "source": "069_1593104188496-C3E6B2Z4II9DKG6CX1J1.jpg", "category": "duck", "n_points": 39, "bbox_aspect": 1.3655227454110135, "area_frac": 0.0693396105011787, "score": 0.3910832206695108, "coords": [[0.5, -0.34103], [0.40298, -0.30129], [0.31297, -0.23115], [0.25804, -0.27791], [0.28025, -0.08387], [0.22648, 0.00321], [0.20251, 0.12127], [0.34103, 0.1166], [0.23174, 0.22764], [0.18849, 0.16043], [0.21303, 0.01958], [0.27323, -0.08504], [0.25161, -0.27499], [0.19082, -0.29018], [0.13238, -0.35856], [0.0979, -0.31181], [0.0149, -0.31005], [-0.20251, -0.24635], [-0.29252, -0.17621], [-0.32759, -0.06517], [-0.20719, -0.07861], [-0.08036, -0.15926], [-0.01432, -0.09205], [0.05231, -0.14348], [0.06517, -0.04004], [-0.02425, 0.02893], [-0.14056, -0.03361], [-0.19199, 0.01783], [-0.27732, -0.02075], [-0.24109, -0.06517], [-0.33869, -0.06224], [-0.2931, -0.18966], [-0.20777, -0.25161], [0.06108, -0.32759], [0.12887, -0.36616], [0.19433, -0.29778], [0.26856, -0.29018], [0.31297, -0.23992], [0.39538, -0.31064], [0.5, -0.34103]]}