{"rank": 36, "source": "072_1591621736713-S6KF8CAYVCM69OF17O9F.jpg", "category": "duck", "n_points": 39, "bbox_aspect": 1.118811881188119, "area_frac": 0.08757342791411044, "score": 0.36099711315957045, "coords": [[-0.5, 0.37389], [-0.42847, 0.34366], [-0.35472, 0.17478], [-0.14012, -0.00664], [-0.11578, -0.10693], [-0.00074, -0.1733], [0.17404, -0.41814], [0.25369, -0.4469], [0.34292, -0.25885], [0.23673, -0.22345], [0.22861, -0.13791], [0.32743, -0.14159], [0.37979, -0.20206], [0.46681, -0.18732], [0.43953, -0.08555], [0.34145, -0.03097], [0.26401, 0.07301], [0.36578, 0.07596], [0.5, 0.0177], [0.36431, 0.17257], [0.22788, 0.38569], [-0.10767, 0.3031], [-0.07817, 0.21681], [0.09808, 0.2146], [0.21165, 0.12611], [0.33628, -0.03687], [0.43215, -0.08997], [0.40339, -0.2028], [0.16445, -0.0767], [0.23083, -0.22935], [0.35029, -0.28097], [0.27655, -0.33407], [0.24705, -0.43953], [0.17847, -0.41003], [0.01549, -0.17847], [-0.10988, -0.10103], [-0.16814, 0.03614], [-0.35177, 0.1851], [-0.41667, 0.40118], [-0.5, 0.37389]]}