{"rank": 37, "source": "053_1605871558269-OCW6E4TR4Z3490CSW6RW.jpg", "category": "duck", "n_points": 39, "bbox_aspect": 1.2449612403100776, "area_frac": 0.06553638059701493, "score": 0.303560795952933, "coords": [[0.48692, 0.24346], [0.32814, 0.26152], [0.20984, 0.38667], [0.23848, 0.32939], [0.09838, 0.20361], [-0.24408, -0.02366], [-0.31071, 0.01494], [-0.37858, -0.00062], [-0.48132, 0.02677], [-0.49875, -0.02553], [-0.42964, -0.03238], [-0.41532, -0.15504], [-0.27958, -0.07285], [-0.09838, -0.14197], [-0.14508, -0.20859], [-0.20299, -0.16687], [-0.21856, -0.23163], [-0.07098, -0.30012], [-0.1401, -0.21544], [-0.08904, -0.14819], [-0.01619, -0.18493], [-0.00498, -0.25093], [0.05417, -0.25841], [0.07534, -0.36862], [0.16501, -0.40162], [0.19489, -0.33686], [0.08219, -0.35679], [0.08157, -0.23599], [-0.00062, -0.24595], [-0.01245, -0.17995], [-0.18991, -0.09091], [-0.26463, -0.07908], [-0.2939, -0.03238], [-0.16252, 0.01557], [0.10336, 0.19988], [0.25031, 0.33375], [0.31071, 0.24658], [0.28394, 0.1345], [0.49689, 0.1787], [0.48692, 0.24346]]}