{"rank": 38, "source": "041_1610378139458-OHOKXU0764599YWF0CHK.jpg", "category": "duck", "n_points": 39, "bbox_aspect": 0.6907073509015257, "area_frac": 0.1338496015936255, "score": 0.30103970174469674, "coords": [[0.03606, 0.5], [-0.03329, 0.45562], [-0.08599, 0.35368], [-0.07559, 0.33148], [-0.13592, 0.27462], [-0.10125, 0.26976], [0.07074, 0.37933], [0.14702, 0.29126], [0.15742, 0.18932], [0.08252, 0.19279], [-0.00277, 0.15395], [-0.1068, 0.17406], [-0.25798, 0.14216], [-0.34535, 0.14008], [-0.32039, 0.07836], [-0.21845, -0.01664], [-0.06865, -0.10749], [-0.08946, -0.16713], [-0.03467, -0.32386], [-0.0527, -0.45215], [-0.02566, -0.5], [0.04716, -0.47989], [-0.0423, -0.39528], [-0.02635, -0.32039], [-0.07698, -0.2025], [-0.05756, -0.11234], [0.00485, -0.14008], [0.09847, -0.10055], [0.19695, -0.13107], [0.22469, -0.30097], [0.28641, -0.38003], [0.34535, -0.32247], [0.32316, -0.27739], [0.22954, -0.27323], [0.20458, -0.11997], [0.21359, -0.03051], [0.25312, 0.05132], [0.23093, 0.25381], [0.17129, 0.34327], [0.03606, 0.5]]}