{"rank": 39, "source": "044_1608568619121-Y0YNWNFBIGBHLJPVGYVH.jpg", "category": "duck", "n_points": 39, "bbox_aspect": 1.3462962962962963, "area_frac": 0.04875534860424674, "score": 0.25765166257327093, "coords": [[0.48831, 0.31912], [0.47524, 0.2696], [0.27785, 0.23453], [0.23865, 0.17194], [0.05502, 0.08735], [0.06602, 0.04539], [-0.0447, 0.00688], [-0.09766, -0.11761], [-0.16988, -0.15543], [-0.2022, -0.10729], [-0.3315, -0.16369], [-0.44154, -0.25585], [-0.30124, -0.04608], [-0.34801, 0.02338], [-0.49106, 0.03851], [-0.39065, 0.11623], [-0.19257, 0.19601], [-0.30124, 0.28336], [-0.45392, 0.20839], [-0.39271, 0.15612], [-0.25997, 0.17263], [-0.39477, 0.12173], [-0.5, 0.03989], [-0.34663, 0.01651], [-0.3088, -0.04402], [-0.45461, -0.25103], [-0.19945, -0.11417], [-0.15268, -0.24484], [-0.14099, -0.10591], [-0.08666, -0.30949], [-0.03026, -0.28198], [-0.12311, -0.13961], [-0.03095, 0.00757], [0.07359, 0.04127], [0.05983, 0.08184], [0.16781, 0.15406], [0.24278, 0.16644], [0.28817, 0.23865], [0.5, 0.2696], [0.48831, 0.31912]]}