{"rank": 40, "source": "036_1612192294318-IYPO6IF9W5PKIPYR6ANT.jpg", "category": "duck", "n_points": 39, "bbox_aspect": 1.0116279069767442, "area_frac": 0.08160913966822748, "score": 0.2547168480552691, "coords": [[0.11973, 0.4818], [0.15517, 0.43966], [0.15613, 0.35728], [0.10153, 0.37356], [0.06322, 0.42433], [-0.10249, 0.35249], [-0.10249, 0.26341], [-0.1523, 0.26437], [-0.15996, 0.21169], [-0.09195, 0.18008], [0.0249, 0.20881], [0.08238, 0.28161], [0.10536, 0.20881], [0.03161, 0.11686], [0.0067, 0.02778], [0.06034, 0.00383], [0.14272, -0.09866], [0.2069, -0.13314], [0.08238, -0.19828], [-0.091, -0.23755], [-0.06897, -0.33046], [-0.13697, -0.42529], [-0.37644, -0.43774], [-0.38027, -0.44828], [-0.1341, -0.43678], [-0.04789, -0.30268], [-0.08238, -0.24617], [0.08429, -0.20881], [0.21073, -0.14559], [0.27395, -0.159], [0.39464, -0.11398], [0.44636, -0.13602], [0.5, -0.08142], [0.45785, 0.08716], [0.37931, 0.16667], [0.37356, 0.21073], [0.31418, 0.28352], [0.17912, 0.33142], [0.16762, 0.44157], [0.11973, 0.4818]]}