{"rank": 41, "source": "051_1606218107374-LGHFO13DDDHZXOQDDAUX.jpg", "category": "duck", "n_points": 42, "bbox_aspect": 1.1597222222222223, "area_frac": 0.06233576512455516, "score": 0.22721038410101013, "coords": [[-0.49601, 0.35928], [-0.5, 0.30073], [-0.44877, 0.23021], [-0.31104, 0.22156], [-0.30306, 0.05988], [-0.29907, 0.26747], [-0.33234, 0.35862], [-0.30572, 0.39787], [-0.21723, 0.41517], [-0.06554, 0.2841], [-0.07884, -0.01796], [-0.05955, -0.07984], [0.0316, -0.02462], [0.14937, -0.01397], [0.21391, -0.04325], [0.3024, -0.03593], [0.41018, 0.06853], [0.4827, -0.01863], [0.49268, -0.11843], [0.42482, -0.24285], [0.29108, -0.28942], [0.25383, -0.26747], [0.21124, -0.32668], [0.09548, -0.35063], [-0.00299, -0.43114], [0.12342, -0.35063], [0.21657, -0.33134], [0.25582, -0.27478], [0.29375, -0.29607], [0.43147, -0.24884], [0.5, -0.1151], [0.49002, -0.0173], [0.41417, 0.07651], [0.33034, 0.03327], [0.2505, 0.0346], [0.16467, 0.0652], [-0.06021, 0.07585], [-0.05888, 0.28676], [-0.23253, 0.43114], [-0.31038, 0.40386], [-0.33965, 0.35662], [-0.44611, 0.33932], [-0.49601, 0.35928]]}