{"rank": 42, "source": "045_1608125313755-0VB7VLCE6QW9G62E8OOQ.jpg", "category": "duck", "n_points": 40, "bbox_aspect": 0.983739837398374, "area_frac": 0.07841812977099237, "score": 0.2235025461481317, "coords": [[-0.21707, 0.5], [-0.3252, 0.37317], [-0.36829, 0.36748], [-0.46016, 0.29431], [-0.49187, 0.2439], [-0.36179, 0.36098], [-0.32195, 0.36341], [-0.21301, 0.49187], [-0.0813, 0.44878], [-0.08618, 0.16748], [0.02358, 0.02683], [0.12033, 0.00081], [0.19431, -0.09593], [0.26748, -0.13333], [0.33577, -0.1], [0.42846, -0.01463], [0.4813, -0.12033], [0.39106, -0.1748], [0.16829, -0.20163], [0.11789, -0.25041], [0.20976, -0.36748], [0.25935, -0.40407], [0.23496, -0.48943], [-0.01545, -0.44715], [0.23659, -0.5], [0.26748, -0.39675], [0.21545, -0.38293], [0.1374, -0.24553], [0.17154, -0.21057], [0.27398, -0.20813], [0.46341, -0.15691], [0.49187, -0.12033], [0.45122, -0.02927], [0.33415, 0.11463], [0.21951, 0.20081], [0.1439, 0.19268], [-0.03821, 0.23659], [-0.0813, 0.23415], [-0.06423, 0.32276], [-0.07236, 0.45366], [-0.21707, 0.5]]}