{"rank": 43, "source": "048_1606831915022-HK24LX883RMLYGNEU4UA.jpg", "category": "duck", "n_points": 43, "bbox_aspect": 0.8446601941747572, "area_frac": 0.09907718317452505, "score": 0.21825792470976477, "coords": [[0.3342, 0.48058], [0.27521, 0.49851], [0.10642, 0.48581], [0.08402, 0.46341], [0.12061, 0.34989], [0.22442, 0.1475], [0.23338, 0.07954], [-0.01606, 0.03249], [-0.26774, 0.05564], [-0.27446, -0.10792], [-0.16468, -0.20874], [-0.04518, -0.22218], [0.10866, -0.18111], [0.2177, -0.07506], [0.25056, 0.03323], [0.23189, 0.15273], [0.13854, 0.33122], [0.09373, 0.46117], [0.21173, 0.49178], [0.35213, 0.45743], [0.41337, 0.36781], [0.39395, 0.30284], [0.30956, 0.2528], [0.35885, 0.15422], [0.39022, -0.03323], [0.37677, -0.13181], [0.29313, -0.2528], [0.15422, -0.36856], [0.00859, -0.39395], [-0.26624, -0.28865], [-0.32898, -0.23413], [-0.4059, -0.09821], [-0.36258, -0.21546], [-0.29164, -0.29014], [0.00784, -0.40291], [0.13107, -0.38872], [0.29537, -0.26326], [0.38574, -0.13181], [0.39843, -0.03771], [0.36706, 0.15721], [0.32001, 0.24907], [0.40217, 0.2991], [0.42233, 0.36856], [0.3342, 0.48058]]}