{"rank": 44, "source": "049_1606221212496-YT4LVM90AG96POTLZOSY.jpg", "category": "duck", "n_points": 39, "bbox_aspect": 1.3496503496503496, "area_frac": 0.03511180904522613, "score": 0.1775321796879925, "coords": [[-0.5, 0.22654], [-0.45107, 0.17991], [-0.48964, 0.12637], [-0.45279, 0.08664], [-0.40846, 0.14018], [-0.23633, 0.05498], [-0.00662, -0.18048], [-0.09643, -0.30368], [-0.03425, -0.37047], [-0.06592, -0.27317], [0.07628, -0.09816], [0.12406, -0.00835], [0.5, 0.173], [0.47294, 0.25014], [0.30599, 0.16724], [0.47582, 0.23921], [0.47927, 0.21157], [0.32096, 0.135], [0.48388, 0.20006], [0.49079, 0.16839], [0.12522, 0.00086], [0.0688, -0.09643], [-0.00144, -0.17645], [-0.23287, 0.06016], [-0.40674, 0.14709], [-0.45509, 0.09413], [-0.48158, 0.11313], [-0.44646, 0.18451], [-0.49252, 0.22596], [-0.38083, 0.3601], [-0.3175, 0.3532], [-0.23345, 0.31117], [-0.26339, 0.28008], [-0.3129, 0.15976], [0.03771, 0.00259], [0.03886, 0.00892], [-0.30771, 0.16494], [-0.23345, 0.31865], [-0.3745, 0.37047], [-0.5, 0.22654]]}