{"rank": 45, "source": "005_1644680567180-E853C29XUM87784CYMSH.jpg", "category": "duck", "n_points": 55, "bbox_aspect": 1.9383838383838383, "area_frac": 0.08621380345086271, "score": 0.17701519932468035, "coords": [[-0.5, 0.2074], [-0.33064, 0.15373], [-0.29208, 0.12663], [-0.26238, 0.04377], [-0.20662, -0.03439], [-0.16701, -0.05732], [-0.22538, -0.13757], [-0.20089, -0.21001], [-0.12793, -0.23241], [-0.02319, -0.22668], [0.05133, -0.25795], [0.15972, -0.25534], [0.13887, -0.19646], [0.00182, -0.14851], [-0.01746, -0.11881], [-0.10292, -0.09849], [-0.20245, -0.02762], [-0.25717, 0.04534], [-0.30771, 0.15425], [-0.37754, 0.17196], [-0.36347, 0.24283], [-0.29625, 0.247], [-0.22225, 0.18447], [-0.18577, 0.12507], [-0.10761, 0.10631], [-0.09041, 0.12559], [-0.11126, 0.21939], [-0.0753, 0.25274], [0.02632, 0.24961], [0.11855, 0.16832], [0.15503, 0.18395], [0.22434, 0.14956], [0.3395, 0.13236], [0.33481, 0.10005], [0.27957, 0.05524], [0.23424, 0.074], [0.17692, 0.04742], [0.11073, 0.08077], [0.05446, 0.08598], [0.17431, 0.04221], [0.23528, 0.06774], [0.28061, 0.05003], [0.3395, 0.09745], [0.3468, 0.13288], [0.22642, 0.15425], [0.15451, 0.19489], [0.11907, 0.17353], [0.02788, 0.2543], [-0.07478, 0.25795], [-0.1123, 0.23189], [-0.09614, 0.12976], [-0.11178, 0.111], [-0.18108, 0.12976], [-0.21808, 0.1876], [-0.29573, 0.25274], [-0.5, 0.2074]]}