{"rank": 46, "source": "054_1604940922374-KIJTAQYYS2RZ0N7YQBKW.jpg", "category": "duck", "n_points": 39, "bbox_aspect": 1.2956730769230769, "area_frac": 0.031715942562592046, "score": 0.12858630719411693, "coords": [[0.5, 0.20532], [0.37199, 0.34756], [0.28541, 0.36178], [0.32189, 0.27953], [0.37013, 0.33271], [0.38497, 0.17069], [0.2953, 0.07297], [0.1914, -0.09462], [0.12771, -0.15275], [0.03803, -0.18429], [0.03494, -0.24737], [0.09864, -0.33519], [0.04978, -0.32962], [0.02505, -0.37972], [-0.04545, -0.30798], [-0.00278, -0.26221], [-0.04484, -0.18429], [-0.15306, -0.2214], [-0.21676, -0.17563], [-0.32993, -0.21645], [-0.32746, -0.16945], [-0.47526, -0.07421], [-0.4462, -0.11998], [-0.33302, -0.17378], [-0.33364, -0.22511], [-0.218, -0.18182], [-0.15306, -0.22758], [-0.08936, -0.19295], [-0.01515, -0.20532], [-0.05164, -0.31169], [0.02566, -0.3859], [0.05102, -0.33828], [0.10606, -0.33828], [0.04051, -0.24366], [0.04484, -0.18986], [0.1308, -0.1577], [0.19573, -0.09895], [0.30087, 0.06988], [0.39116, 0.16698], [0.5, 0.20532]]}