{"rank": 47, "source": "042_1609258564577-UJEVE880YM016QWCBNUI.jpg", "category": "duck", "n_points": 37, "bbox_aspect": 1.5436734693877552, "area_frac": 0.03456755805770584, "score": 0.11652045200534292, "coords": [[-0.29323, 0.3239], [-0.3091, 0.18747], [-0.28741, 0.1716], [-0.29376, 0.06372], [-0.27737, 0.00555], [-0.32126, -0.02036], [-0.31597, -0.05315], [-0.43866, -0.11026], [-0.41063, -0.15627], [-0.34558, -0.1991], [-0.39212, -0.09545], [-0.31809, -0.06319], [-0.29323, -0.07747], [-0.23295, -0.02618], [-0.06848, -0.10973], [-0.10603, -0.18271], [-0.07218, -0.21179], [0.06372, -0.2652], [0.12665, -0.24458], [0.15151, -0.27419], [0.19381, -0.25568], [0.17054, -0.22131], [0.06055, -0.25674], [-0.09968, -0.18271], [-0.06848, -0.10233], [-0.23189, -0.02089], [-0.29376, -0.0706], [-0.3165, -0.02406], [-0.27102, 0.00185], [-0.28794, 0.06425], [-0.28213, 0.17478], [-0.30381, 0.18958], [-0.29217, 0.3165], [-0.24722, 0.27314], [-0.1367, 0.21973], [0.08382, 0.14516], [-0.24405, 0.28054], [-0.29323, 0.3239]]}