{"rank": 48, "source": "018_1626707552281-Y0WP1YCR3K14OC2XLAGO.jpg", "category": "duck", "n_points": 52, "bbox_aspect": 1.4350086655112653, "area_frac": 0.03641037368998768, "score": 0.11117318626076297, "coords": [[0.44807, 0.31643], [0.37802, 0.34843], [0.27295, 0.33273], [0.20652, 0.22464], [0.17572, 0.11715], [0.19384, 0.06824], [0.28684, 0.0151], [0.25966, -0.03986], [0.19082, -0.02838], [0.13043, 0.1407], [0.15519, 0.02415], [0.19082, -0.04167], [0.26389, -0.04771], [0.29469, 0.01751], [0.19626, 0.07609], [0.19988, 0.18599], [0.27899, 0.3279], [0.375, 0.34179], [0.4378, 0.31582], [0.4692, 0.25966], [0.41606, 0.27476], [0.31341, 0.24698], [0.29771, 0.09783], [0.36836, 0.03563], [0.43418, -0.1401], [0.49094, -0.17995], [0.49094, -0.23309], [0.35809, -0.30374], [0.25121, -0.28261], [0.17089, -0.31039], [0.10205, -0.2965], [0.04831, -0.33333], [0.00181, -0.30978], [-0.08213, -0.34118], [-0.11292, -0.32428], [-0.25362, -0.31341], [-0.08394, -0.34843], [-0.02476, -0.31884], [0.0471, -0.34058], [0.10326, -0.30374], [0.1721, -0.31763], [0.2494, -0.28925], [0.3599, -0.31763], [0.40097, -0.27717], [0.5, -0.23853], [0.49879, -0.17693], [0.44082, -0.13708], [0.375, 0.03865], [0.30616, 0.10145], [0.31763, 0.24094], [0.41606, 0.26751], [0.48913, 0.24396], [0.44807, 0.31643]]}