{"rank": 49, "source": "052_1606216886956-STCDOPIGUIV1US34XNRS.jpg", "category": "duck", "n_points": 39, "bbox_aspect": 0.6972201352366642, "area_frac": 0.09999928057553957, "score": 0.1045072578921506, "coords": [[-0.06086, 0.5], [-0.09316, 0.48497], [-0.13298, 0.30541], [-0.12697, 0.23178], [-0.20586, 0.17994], [-0.2855, 0.16867], [-0.34861, -0.13862], [-0.34035, -0.14162], [-0.27573, 0.16717], [-0.17881, 0.1544], [-0.23366, -0.15665], [-0.12547, -0.17618], [-0.09166, -0.09955], [-0.05109, 0.09204], [0.12322, 0.11157], [0.1435, 0.17393], [0.33884, 0.02442], [0.2021, -0.17994], [0.07062, -0.25282], [-0.11044, -0.27986], [-0.06912, -0.37077], [-0.15026, -0.42111], [-0.12021, -0.5], [-0.03005, -0.48197], [-0.0556, -0.27836], [0.05485, -0.27385], [0.08565, -0.42186], [0.13824, -0.45417], [0.24643, -0.43013], [0.18633, -0.34373], [0.08715, -0.33396], [0.07739, -0.25808], [0.19985, -0.19421], [0.34861, 0.02517], [0.13148, 0.19271], [-0.01202, 0.26033], [0.00225, 0.36551], [0.08941, 0.40008], [0.03231, 0.47446], [-0.06086, 0.5]]}