{"rank": 50, "source": "035_1614686418792-XGBWSB77V6PW6Z3ESOBJ.jpg", "category": "duck", "n_points": 39, "bbox_aspect": 1.312, "area_frac": 0.025769872333898484, "score": 0.10167555173387, "coords": [[-0.49924, 0.25762], [-0.31707, 0.15396], [-0.19741, -0.04345], [-0.3125, 0.16159], [-0.49238, 0.24238], [-0.37271, 0.27287], [-0.17378, 0.37271], [-0.07088, 0.32546], [-0.02973, 0.26601], [-0.08841, 0.16463], [0.03277, 0.16692], [0.15777, 0.18826], [0.28582, 0.27439], [0.36738, 0.30259], [0.47713, 0.31402], [0.48095, 0.22256], [0.38338, 0.05793], [0.39253, -0.02744], [0.3125, -0.06784], [0.19817, -0.17988], [0.06174, -0.16921], [0.0282, -0.19893], [0.19512, -0.31098], [0.03125, -0.18902], [0.08003, -0.17607], [0.1997, -0.18674], [0.31936, -0.0747], [0.40015, -0.03354], [0.39177, 0.0564], [0.5, 0.25381], [0.48095, 0.32241], [0.28659, 0.28506], [0.13415, 0.1875], [-0.08384, 0.17149], [-0.0404, 0.20732], [-0.02287, 0.27287], [-0.06021, 0.33079], [-0.17149, 0.3811], [-0.37729, 0.27896], [-0.49924, 0.25762]]}