{"rank": 51, "source": "076_1589973595979-FRKNTSB7PGS2WFGALNHY.jpg", "category": "duck", "n_points": 39, "bbox_aspect": 1.292319749216301, "area_frac": 0.02590672063821493, "score": 0.09191695925284518, "coords": [[0.5, 0.25227], [0.34172, 0.29594], [0.48969, 0.245], [0.32474, 0.15403], [0.29624, 0.07338], [0.19739, -0.03396], [0.17314, -0.09763], [0.10158, -0.12007], [0.1416, -0.16859], [0.07126, -0.18678], [0.04639, -0.26198], [-0.02335, -0.28866], [-0.05913, -0.33475], [-0.18102, -0.33899], [-0.21134, -0.37477], [-0.25258, -0.33111], [-0.15616, -0.13948], [-0.23196, -0.11765], [-0.29078, -0.04851], [-0.20588, 0.04488], [-0.24348, 0.06125], [-0.2362, 0.00303], [-0.34475, -0.03881], [-0.29442, -0.0564], [-0.2356, -0.12432], [-0.16889, -0.151], [-0.25985, -0.3299], [-0.21134, -0.3869], [-0.17677, -0.34627], [-0.05731, -0.34142], [-0.01607, -0.2929], [0.05367, -0.27229], [0.07611, -0.19345], [0.15434, -0.17526], [0.11249, -0.1231], [0.17859, -0.10249], [0.20346, -0.0382], [0.30352, 0.07095], [0.3302, 0.14918], [0.5, 0.25227]]}