{"rank": 52, "source": "067_1595599306716-9ZV0YAG730NHB731PH6J.jpg", "category": "duck", "n_points": 40, "bbox_aspect": 1.2266159695817491, "area_frac": 0.02999753070563718, "score": 0.08743601205831483, "coords": [[0.49132, 0.40763], [0.43242, 0.35803], [0.32765, 0.21668], [0.26999, -0.03193], [0.24954, -0.07409], [0.16212, -0.06293], [0.10508, -0.15902], [0.02015, -0.18072], [-0.21482, -0.11624], [-0.34625, -0.17824], [-0.43676, -0.18816], [-0.33757, -0.25511], [-0.20118, -0.31463], [-0.146, -0.29293], [-0.15034, -0.33571], [-0.10012, -0.35989], [-0.00775, -0.31525], [0.00589, -0.33013], [0.23094, -0.33757], [0.24148, -0.40763], [0.34377, -0.37787], [0.28115, -0.35059], [0.24582, -0.40019], [0.23714, -0.32889], [0.2111, -0.31835], [-0.02201, -0.31959], [-0.12492, -0.35183], [-0.11996, -0.26937], [-0.20118, -0.30719], [-0.24768, -0.27433], [-0.37849, -0.22598], [-0.42436, -0.18878], [-0.34563, -0.18568], [-0.21172, -0.12306], [0.02015, -0.18816], [0.10446, -0.16832], [0.20986, -0.0902], [0.25449, -0.07905], [0.27681, -0.03503], [0.33261, 0.20986], [0.49132, 0.40763]]}