{"rank": 53, "source": "009_1638984030088-8L6SXRAQ0Q6JB7HAGUSX.jpg", "category": "duck", "n_points": 39, "bbox_aspect": 1.1915064102564104, "area_frac": 0.03286271567891973, "score": 0.07679860671021685, "coords": [[0.47108, 0.09146], [0.40854, 0.115], [0.33995, 0.07935], [0.33726, 0.02757], [0.14022, 0.01009], [0.24042, 0.24075], [0.20141, 0.26362], [0.13887, 0.41964], [0.02051, 0.40215], [0.05279, 0.30531], [0.04203, 0.19906], [0.00572, 0.16409], [-0.05952, 0.27707], [-0.14223, 0.34432], [-0.24311, 0.36718], [-0.22697, 0.15871], [-0.13753, 0.00134], [-0.22293, -0.0464], [-0.40182, -0.2616], [-0.3312, -0.20847], [-0.21755, -0.05111], [-0.1308, -0.00269], [-0.20679, 0.12239], [-0.24109, 0.26026], [-0.2384, 0.35978], [-0.14761, 0.33625], [-0.07095, 0.27505], [-0.00168, 0.16207], [-0.01782, 0.00471], [0.05145, 0.21049], [0.03463, 0.39879], [0.13215, 0.41157], [0.19469, 0.25757], [0.23302, 0.22663], [0.16577, 0.04304], [0.10794, 0.01143], [0.22024, -0.00202], [0.34936, 0.02623], [0.34667, 0.07599], [0.47108, 0.09146]]}