{"rank": 54, "source": "023_1619518120484-UDOWJ3U85IK3UB38OE5Q.jpg", "category": "duck", "n_points": 39, "bbox_aspect": 1.2010997643362136, "area_frac": 0.03149512378094524, "score": 0.0742065022109814, "coords": [[0.483, 0.41629], [0.30968, 0.39797], [0.1174, 0.31491], [0.0206, 0.13963], [0.02714, 0.06311], [-0.02256, 0.06769], [-0.09908, 0.00098], [-0.2325, 0.04938], [-0.30576, 0.11936], [-0.38293, 0.1501], [-0.39209, 0.1174], [-0.5, 0.06638], [-0.345, 0.04022], [-0.3051, -0.01472], [-0.18803, -0.10693], [-0.18345, -0.1501], [-0.07816, -0.22989], [-0.04807, -0.30576], [-0.13702, -0.31687], [-0.17037, -0.3705], [-0.05984, -0.41629], [-0.03826, -0.37181], [0.03957, -0.34238], [-0.04022, -0.30903], [-0.08666, -0.20111], [-0.17233, -0.15206], [-0.1828, -0.10301], [-0.29725, -0.01341], [-0.32995, 0.03695], [-0.43198, 0.09581], [-0.3777, 0.14225], [-0.23578, 0.04415], [-0.09516, -0.00752], [-0.01929, 0.06115], [0.03499, 0.05526], [0.02714, 0.13767], [0.10039, 0.22269], [0.12132, 0.30837], [0.31099, 0.39209], [0.483, 0.41629]]}