{"rank": 55, "source": "034_1615303335467-WIH0U8JIZVOUFSZ17U0O.jpg", "category": "duck", "n_points": 41, "bbox_aspect": 1.255338904363974, "area_frac": 0.023275631481995507, "score": 0.0558071288696886, "coords": [[-0.49704, 0.18898], [-0.42382, 0.11797], [-0.38314, 0.04771], [-0.34911, 0.05362], [-0.26553, -0.01294], [-0.17234, -0.21487], [-0.11243, -0.28735], [-0.04142, -0.32951], [0.07396, -0.348], [0.19083, -0.32507], [0.22189, -0.34874], [0.31139, -0.32877], [0.33728, -0.30141], [0.2108, -0.34283], [0.19009, -0.3162], [0.0895, -0.34061], [-0.05473, -0.3162], [-0.16568, -0.21117], [-0.27219, 0.00777], [-0.34837, 0.06176], [-0.37944, 0.0551], [-0.41716, 0.12167], [-0.49186, 0.18306], [-0.33728, 0.24519], [-0.26997, 0.19786], [-0.24704, 0.14534], [-0.15237, 0.16827], [0.00074, 0.35762], [0.12944, 0.39164], [0.22337, 0.36058], [0.35947, 0.29549], [0.46672, 0.21561], [0.39867, 0.28365], [0.22781, 0.36649], [0.13314, 0.3983], [-0.00296, 0.36428], [-0.05547, 0.31546], [-0.15754, 0.17419], [-0.24038, 0.14978], [-0.26257, 0.20081], [-0.33358, 0.25185], [-0.49704, 0.18898]]}