{"rank": 56, "source": "000_1710498232636-CF7KW10WADISVHS1Y4UR.jpg", "category": "duck", "n_points": 37, "bbox_aspect": 1.588768115942029, "area_frac": 0.026619842460615155, "score": 0.04867835813197852, "coords": [[0.5, 0.20353], [0.44071, 0.26112], [0.31528, 0.27366], [0.27936, 0.25884], [0.07583, 0.1049], [0.09578, 0.03193], [0.14424, 0.00855], [0.08039, 0.10091], [0.28278, 0.25428], [0.31699, 0.26796], [0.43786, 0.25599], [0.48917, 0.17674], [0.3512, 0.17047], [0.30217, 0.02737], [0.29304, -0.05986], [0.1642, -0.20353], [0.06556, -0.19954], [-0.15792, -0.11174], [-0.30217, -0.00342], [-0.39795, 0.09578], [-0.44698, -0.02509], [-0.49373, -0.01368], [-0.45553, 0.1203], [-0.45496, 0.2195], [-0.47948, 0.18586], [-0.4618, 0.11973], [-0.5, -0.01596], [-0.44128, -0.02737], [-0.39681, 0.08951], [-0.32041, 0.00456], [-0.16249, -0.11574], [0.0667, -0.20582], [0.16762, -0.21152], [0.29875, -0.05131], [0.30844, 0.02623], [0.3569, 0.16762], [0.49088, 0.17047], [0.5, 0.20353]]}