{"rank": 57, "source": "060_1600513858663-U8GHI6CIB7I61ALUDB30.jpg", "category": "duck", "n_points": 38, "bbox_aspect": 1.2479584261321455, "area_frac": 0.02151822004204625, "score": 0.033635024516204606, "coords": [[-0.49167, 0.38043], [-0.41017, 0.27632], [-0.17162, 0.14723], [-0.15616, 0.21029], [-0.19066, 0.30666], [-0.19304, 0.37269], [-0.15318, 0.39114], [-0.05622, 0.31321], [-0.02231, 0.26562], [-0.01814, 0.15378], [-0.00565, 0.11035], [0.20077, 0.12344], [0.24896, 0.17222], [0.29774, 0.17519], [0.34949, 0.23647], [0.49286, 0.12582], [0.45955, 0.11987], [0.32986, 0.00387], [0.11689, -0.14426], [-0.07823, -0.30488], [-0.07109, -0.30607], [0.12344, -0.14664], [0.33403, -0.0003], [0.46252, 0.11452], [0.5, 0.12344], [0.3489, 0.2436], [0.29298, 0.18055], [0.24598, 0.17757], [0.19661, 0.1282], [-0.00268, 0.11689], [-0.01636, 0.2674], [-0.05086, 0.31678], [-0.15616, 0.40065], [-0.1978, 0.37805], [-0.20137, 0.34652], [-0.1627, 0.21089], [-0.17103, 0.15318], [-0.40601, 0.28049], [-0.49167, 0.38043]]}