{"rank": 58, "source": "073_1591104325702-PMJOSG7888CF4DIBCF7W.jpg", "category": "duck", "n_points": 40, "bbox_aspect": 0.9644886363636364, "area_frac": 0.046994302696535845, "score": 0.021125190524823645, "coords": [[0.48224, 0.41974], [0.39489, 0.34233], [0.27699, 0.08239], [0.37571, 0.03196], [0.26847, -0.05043], [0.30043, -0.19389], [0.26705, -0.25568], [0.12642, -0.34162], [0.11435, -0.40554], [-0.02131, -0.31179], [-0.02131, -0.24645], [-0.15696, -0.34943], [-0.10227, -0.20952], [-0.2223, -0.11293], [-0.23082, -0.00497], [-0.27841, -0.00142], [-0.31463, -0.15909], [-0.43892, -0.23082], [-0.39489, -0.03764], [-0.44034, -0.1392], [-0.44318, -0.24219], [-0.30753, -0.16335], [-0.26136, 0.00355], [-0.23011, -0.11932], [-0.16974, -0.13494], [-0.12145, -0.22443], [-0.17045, -0.32457], [-0.12287, -0.36151], [-0.03267, -0.29332], [0.04616, -0.37855], [0.04261, -0.49148], [0.13423, -0.34588], [0.27344, -0.26136], [0.30895, -0.19744], [0.27841, -0.05895], [0.37216, -0.00355], [0.41548, 0.08097], [0.33665, 0.19744], [0.42401, 0.24006], [0.40057, 0.33168], [0.48224, 0.41974]]}