{"rank": 59, "source": "057_1602502561314-P1FXKHUL66NHKLTJ4S9U.jpg", "category": "duck", "n_points": 39, "bbox_aspect": 1.1579315164220825, "area_frac": 0.02622411685375655, "score": 0.01695880199676867, "coords": [[0.43724, 0.24049], [0.41008, 0.25196], [0.33524, 0.21575], [0.4306, 0.23748], [0.4481, 0.14816], [0.49336, 0.0866], [0.40646, 0.0172], [0.42336, -0.06427], [0.14454, -0.21635], [0.03712, -0.21937], [0.07574, -0.2586], [0.15721, -0.28455], [0.24291, -0.24049], [0.33223, -0.37749], [0.32076, -0.4131], [0.14152, -0.40947], [-0.04013, -0.37568], [-0.08117, -0.34188], [-0.14635, -0.42517], [-0.3111, -0.34611], [-0.35697, -0.27188], [-0.3799, -0.07755], [-0.38171, -0.18618], [-0.35818, -0.28998], [-0.3105, -0.35637], [-0.14092, -0.4318], [-0.08057, -0.35094], [-0.04134, -0.38232], [0.13971, -0.41611], [0.32378, -0.41973], [0.33947, -0.37628], [0.24532, -0.23386], [0.15902, -0.27791], [0.05039, -0.22118], [0.14635, -0.22299], [0.42879, -0.0691], [0.4131, 0.01418], [0.5, 0.08298], [0.43724, 0.19282], [0.43724, 0.24049]]}