{"rank": 60, "source": "032_1615912114571-GMQ0IDGFEYN64BK4Z1ZX.jpg", "category": "duck", "n_points": 40, "bbox_aspect": 1.1250996015936254, "area_frac": 0.026786196549137286, "score": 0.007696710201086837, "coords": [[-0.49221, 0.29143], [-0.3796, 0.30418], [-0.36756, 0.40333], [-0.22238, 0.43591], [-0.15652, 0.1767], [-0.03045, 0.13704], [0.04674, 0.09313], [0.12677, 0.07684], [0.39023, 0.10588], [0.40581, -0.02018], [0.37748, -0.08038], [0.32436, -0.12642], [0.14873, -0.17882], [0.08994, -0.22273], [-0.05595, -0.20644], [-0.16218, 0.01593], [-0.06516, -0.21282], [0.0864, -0.23052], [0.13598, -0.43237], [0.09986, -0.22557], [0.32082, -0.13704], [0.40439, -0.28081], [0.39943, -0.23407], [0.32861, -0.11367], [0.40439, -0.0563], [0.40085, 0.10942], [0.47521, 0.09667], [0.49575, 0.11933], [0.40935, 0.12358], [0.38031, 0.28364], [0.36898, 0.27656], [0.39164, 0.11508], [0.12819, 0.08463], [0.04958, 0.10021], [-0.00425, 0.13492], [-0.1551, 0.18591], [-0.16147, 0.24752], [-0.21955, 0.44441], [-0.37181, 0.41041], [-0.39306, 0.30772], [-0.49221, 0.29143]]}