{"rank": 61, "source": "015_1634038108794-MPI55L521OPS9B45D909.jpg", "category": "duck", "n_points": 39, "bbox_aspect": 1.0156507413509062, "area_frac": 0.037638437122276706, "score": -0.006329270819758252, "coords": [[0.42782, 0.48013], [0.43512, 0.28792], [0.38483, 0.23763], [0.32482, 0.31062], [0.31752, 0.08516], [0.32968, -0.09408], [0.20397, -0.08759], [0.06042, -0.11517], [-0.05069, -0.07543], [0.04907, -0.0738], [0.21695, -0.02109], [-0.16018, -0.05028], [-0.1472, -0.0219], [0.07583, 0.03163], [0.13098, 0.03001], [0.21371, 0.07948], [-0.08719, 0.01946], [-0.17802, -0.05515], [-0.40592, -0.09408], [-0.5, 0.03163], [-0.48865, -0.01622], [-0.40998, -0.103], [-0.17153, -0.06407], [-0.15693, -0.10462], [-0.04745, -0.08678], [0.0442, -0.11841], [0.03852, -0.22303], [0.07097, -0.45337], [0.05474, -0.14193], [0.1253, -0.10543], [0.12612, -0.17356], [0.17721, -0.44039], [0.20884, -0.48337], [0.14234, -0.13301], [0.20641, -0.09651], [0.34023, -0.09895], [0.33212, 0.2571], [0.39862, 0.2133], [0.45215, 0.31955], [0.42782, 0.48013]]}