{"rank": 62, "source": "029_1617802129343-XHIGDICOSSIX7AH1GQA1.jpg", "category": "duck", "n_points": 36, "bbox_aspect": 1.1280439905734485, "area_frac": 0.02863902057778797, "score": -0.00935683643258714, "coords": [[0.46448, 0.36177], [0.37256, 0.38962], [0.31546, 0.44325], [0.25627, 0.33461], [0.17131, 0.24408], [0.09819, 0.32765], [-0.02089, 0.29701], [-0.11351, 0.34157], [-0.19916, 0.33461], [-0.31476, 0.36316], [-0.41365, 0.15773], [-0.38579, -0.04561], [-0.31755, -0.11316], [-0.41086, -0.12082], [-0.4805, -0.17723], [-0.40181, -0.1633], [-0.42201, -0.2211], [-0.37396, -0.22458], [-0.40808, -0.12918], [-0.3085, -0.09784], [-0.37813, -0.04283], [-0.40529, 0.15634], [-0.30919, 0.3562], [-0.20195, 0.32695], [-0.07451, 0.32416], [-0.02298, 0.28935], [0.09192, 0.31999], [0.14345, 0.29561], [0.17061, 0.23085], [0.26462, 0.33182], [0.31546, 0.4321], [0.36838, 0.38266], [0.45682, 0.3555], [0.49234, 0.31163], [0.28134, 0.12639], [0.5, 0.30467], [0.46448, 0.36177]]}