{"rank": 63, "source": "025_1618564371297-GVBWIUTCNX3R60ZU8IBF.jpg", "category": "duck", "n_points": 42, "bbox_aspect": 1.1502797761790569, "area_frac": 0.02334939984996249, "score": -0.012430529040754326, "coords": [[-0.39507, 0.42564], [-0.37839, 0.42912], [-0.06428, 0.18033], [0.04899, 0.16296], [0.18798, 0.30542], [0.29152, 0.31376], [0.34295, 0.29152], [0.41244, 0.17408], [0.42078, 0.06498], [0.36866, 0.08443], [0.27693, 0.07609], [0.31932, 0.01077], [0.41313, -0.06289], [0.48958, -0.29708], [0.43259, -0.25817], [0.35615, -0.26303], [0.29708, -0.24496], [0.27554, -0.213], [0.19979, -0.24913], [0.16852, -0.22203], [0.05316, -0.31028], [-0.10389, -0.38603], [0.04482, -0.32349], [0.16991, -0.22898], [0.1991, -0.25886], [0.27484, -0.21994], [0.295, -0.25191], [0.35268, -0.27137], [0.4319, -0.26511], [0.4729, -0.31098], [0.5, -0.30056], [0.41869, -0.05803], [0.32627, 0.01425], [0.28735, 0.07331], [0.4312, 0.06359], [0.44163, 0.11918], [0.37908, 0.27137], [0.29291, 0.32071], [0.18798, 0.31237], [0.04482, 0.16921], [-0.06567, 0.18798], [-0.37005, 0.43468], [-0.39507, 0.42564]]}