{"rank": 64, "source": "047_1606833214324-1E7NQBV0ONFJRYAZXY1Y.jpg", "category": "duck", "n_points": 40, "bbox_aspect": 0.6133828996282528, "area_frac": 0.0940096222380613, "score": -0.013608966197362293, "coords": [[0.28959, 0.5], [0.18476, 0.36245], [0.12677, 0.25985], [0.03755, 0.15279], [-0.01524, 0.08067], [-0.06208, -0.02714], [-0.0777, -0.08587], [-0.1119, -0.25836], [-0.18625, -0.23606], [-0.20483, -0.26283], [-0.26134, -0.28662], [-0.30669, -0.31933], [-0.26283, -0.3119], [-0.24721, -0.29182], [-0.18922, -0.29405], [-0.16617, -0.31041], [-0.04498, -0.31636], [-0.03011, -0.32974], [0.04126, -0.33271], [0.08141, -0.43532], [0.08513, -0.47398], [0.10669, -0.5], [0.13271, -0.47546], [0.25688, -0.41078], [0.20706, -0.36171], [0.07621, -0.29331], [-0.00929, -0.2777], [0.00335, -0.20483], [0.03532, -0.18327], [0.06877, -0.11041], [0.15725, 0.00335], [0.18922, 0.05762], [0.22268, 0.15056], [0.22639, 0.20112], [0.25465, 0.21896], [0.25985, 0.29554], [0.30669, 0.36171], [0.28364, 0.38922], [0.29033, 0.43903], [0.27918, 0.47323], [0.28959, 0.5]]}