{"rank": 65, "source": "065_1597397403830-D9Y8X3OUHGD9GLGNDY34.jpg", "category": "duck", "n_points": 39, "bbox_aspect": 0.9806651198762568, "area_frac": 0.03995260492040521, "score": -0.016981906754698066, "coords": [[-0.3836, 0.49691], [-0.25986, 0.49227], [-0.17711, 0.3894], [-0.05723, 0.31206], [-0.03248, 0.22312], [0.11369, 0.19142], [0.23125, 0.1048], [0.36272, 0.07541], [0.48105, 0.0785], [0.40603, -0.17827], [0.33179, -0.27262], [0.28074, -0.29505], [0.02552, -0.29273], [-0.0611, -0.2471], [-0.06342, -0.32753], [-0.11601, -0.38476], [-0.19644, -0.38476], [-0.25986, -0.34996], [-0.22196, -0.47989], [-0.09977, -0.46984], [-0.10905, -0.43735], [-0.02398, -0.27572], [0.07038, -0.3051], [0.06497, -0.39559], [-0.0379, -0.39791], [-0.02475, -0.5], [0.04022, -0.48917], [0.10982, -0.42034], [0.1191, -0.30433], [0.30008, -0.29969], [0.41377, -0.18368], [0.49033, 0.08159], [0.372, 0.08237], [0.23357, 0.1133], [0.11601, 0.2007], [-0.01624, 0.2208], [-0.04872, 0.3198], [-0.16937, 0.39559], [-0.25522, 0.5], [-0.3836, 0.49691]]}