{"rank": 66, "source": "024_1618569452029-TY5SIHJPGNQ991PR7376.jpg", "category": "duck", "n_points": 38, "bbox_aspect": 0.9408560311284047, "area_frac": 0.04451312828207052, "score": -0.026127398642595154, "coords": [[-0.18638, 0.5], [-0.08444, 0.46265], [0.00584, 0.32802], [0.11167, 0.12101], [0.27743, 0.17082], [0.3249, 0.11167], [0.32023, 0.00195], [0.20661, -0.05798], [0.15136, -0.14358], [0.0323, -0.24319], [-0.19339, -0.24942], [-0.22529, -0.46576], [-0.30467, -0.44786], [-0.38482, -0.28988], [-0.46109, -0.21984], [-0.26342, -0.17315], [-0.08444, -0.01595], [-0.07121, 0.06887], [-0.16615, 0.23774], [-0.29844, 0.40195], [-0.32802, 0.39805], [-0.28599, 0.21128], [-0.10545, -0.01051], [-0.26576, -0.16459], [-0.46109, -0.21051], [-0.39183, -0.29611], [-0.31245, -0.45486], [-0.21829, -0.46809], [-0.18716, -0.25564], [0.04864, -0.24008], [0.28288, -0.00661], [0.47043, -0.00428], [0.33735, 0.10078], [0.31401, 0.1607], [0.2035, 0.17549], [0.11634, 0.12802], [0.04397, 0.307], [-0.0821, 0.47043], [-0.18638, 0.5]]}