{"rank": 67, "source": "068_1595242963090-8K1EKOD4PW1UZH2NJ4F0.jpg", "category": "duck", "n_points": 39, "bbox_aspect": 1.0900974025974026, "area_frac": 0.02413212856254005, "score": -0.03785085755876796, "coords": [[0.5, 0.34252], [0.24907, 0.32986], [0.19248, 0.207], [0.13366, 0.20477], [0.0592, 0.28816], [-0.01675, 0.28891], [-0.01973, 0.33507], [-0.15972, 0.35741], [-0.23418, 0.40208], [-0.24832, 0.4557], [-0.32427, 0.45867], [-0.32725, 0.36709], [-0.28555, 0.27029], [-0.293, 0.02904], [-0.20514, -0.0067], [-0.20663, -0.07372], [-0.15302, -0.1035], [-0.14483, -0.24274], [-0.5, -0.23976], [-0.4866, -0.24795], [-0.13589, -0.24944], [-0.14483, -0.09978], [-0.19918, -0.06776], [-0.21407, 0.01564], [-0.28407, 0.03351], [-0.27885, 0.29561], [-0.31906, 0.37007], [-0.31608, 0.44751], [-0.24684, 0.44006], [-0.24237, 0.39389], [-0.16493, 0.34996], [-0.02792, 0.32688], [-0.02494, 0.28071], [0.05101, 0.27923], [0.12844, 0.19657], [0.19918, 0.19732], [0.25652, 0.3239], [0.38682, 0.32092], [0.37789, 0.24572], [0.5, 0.34252]]}