{"rank": 68, "source": "004_1644945884717-AC2T8T5ODHRX4BUXVZ39.jpg", "category": "duck", "n_points": 25, "bbox_aspect": 1.6594202898550725, "area_frac": 0.031349962490622656, "score": -0.043397482299339527, "coords": [[0.5, -0.09116], [0.4929, -0.07041], [0.43614, -0.06168], [0.36245, -0.00437], [0.27129, -0.0], [0.16921, 0.02784], [0.1714, 0.05349], [0.11517, 0.14083], [0.1179, 0.16321], [0.22871, 0.16048], [0.3095, 0.14192], [0.31386, 0.17959], [0.17904, 0.22107], [0.18504, 0.16648], [0.11081, 0.16648], [0.10972, 0.13974], [0.16648, 0.05076], [0.1643, 0.02511], [0.26965, -0.00491], [0.35808, -0.00873], [0.43231, -0.06659], [0.49509, -0.09007], [0.38373, -0.29531], [0.41976, -0.2571], [0.43777, -0.20033], [0.5, -0.09116]]}