{"rank": 69, "source": "075_1590497421210-VZ3CFVJD55L328M8CDL5.jpg", "category": "duck", "n_points": 39, "bbox_aspect": 0.9267782426778243, "area_frac": 0.03903913204747775, "score": -0.06202444706240678, "coords": [[-0.13494, 0.5], [-0.15795, 0.38494], [-0.23536, 0.38494], [-0.24582, 0.37238], [-0.25628, 0.21548], [-0.34205, 0.20502], [-0.40063, 0.16736], [-0.37343, 0.0795], [-0.42364, 0.05439], [-0.409, -0.02929], [-0.46339, -0.05858], [-0.43619, -0.1569], [-0.40272, -0.17782], [-0.28347, -0.20711], [-0.12448, -0.32845], [-0.0387, -0.37238], [0.04079, -0.4477], [0.16004, -0.48117], [0.28138, -0.48954], [0.39644, -0.48954], [0.45293, -0.49791], [0.46339, -0.38075], [0.37971, -0.34519], [0.36925, -0.28033], [0.31485, -0.27615], [0.32741, -0.17992], [0.26674, -0.16527], [0.2751, -0.06904], [0.21444, -0.0523], [0.21653, 0.02092], [0.13075, 0.03766], [0.15167, 0.13808], [0.15795, 0.23222], [0.04707, 0.2364], [0.0387, 0.27197], [0.04289, 0.37657], [-0.01987, 0.39121], [-0.02615, 0.47699], [-0.04289, 0.49163], [-0.13494, 0.5]]}