{"rank": 70, "source": "021_1624206264609-AD0FPW2OFI8M05WN19GH.jpg", "category": "duck", "n_points": 39, "bbox_aspect": 1.8664596273291925, "area_frac": 0.02411496624156039, "score": -0.06411000920934812, "coords": [[0.5, 0.14088], [0.47171, 0.01109], [0.37077, -0.04548], [0.42457, -0.12146], [0.37687, -0.13478], [0.39517, -0.1797], [0.31753, -0.20799], [0.34637, -0.2629], [-0.08514, -0.264], [-0.07959, -0.19856], [-0.12729, -0.12313], [-0.16389, 0.03217], [-0.24154, 0.11093], [-0.34415, 0.15918], [-0.4218, 0.06156], [-0.44065, 0.09928], [-0.49445, 0.03217], [-0.48225, 0.19578], [-0.45563, 0.26123], [-0.12951, 0.1198], [-0.14559, 0.13588], [-0.45729, 0.26622], [-0.48336, 0.23405], [-0.5, 0.02829], [-0.44786, 0.07654], [-0.45397, 0.01109], [-0.34304, 0.15308], [-0.24709, 0.10871], [-0.16833, 0.0294], [-0.13228, -0.12479], [-0.08514, -0.19967], [-0.08846, -0.26789], [0.34748, -0.26789], [0.32196, -0.21353], [0.40128, -0.18136], [0.38353, -0.13644], [0.43067, -0.12146], [0.37743, -0.04659], [0.47615, 0.00832], [0.5, 0.14088]]}