{"rank": 71, "source": "014_1635875694887-KBJNUV639XHTN0KA0789.jpg", "category": "duck", "n_points": 39, "bbox_aspect": 0.9669762641898865, "area_frac": 0.02590584008405925, "score": -0.11110245588713438, "coords": [[0.41022, 0.4711], [0.32456, 0.4969], [0.15119, 0.5], [0.10888, 0.42673], [0.07895, 0.27915], [0.00774, 0.2193], [-0.14912, 0.18524], [-0.33385, 0.18215], [-0.40402, 0.22652], [-0.48349, 0.21827], [-0.42776, 0.10784], [-0.23581, -0.02632], [-0.42054, 0.11713], [-0.47214, 0.21104], [-0.41744, 0.2193], [-0.30289, 0.16563], [-0.14706, 0.17595], [0.01496, 0.21104], [0.09236, 0.28225], [0.11816, 0.42157], [0.15944, 0.49278], [0.33591, 0.48142], [0.33695, 0.37513], [0.29257, 0.25851], [0.28431, 0.13467], [0.33385, -0.00671], [0.21414, -0.15531], [-0.05934, -0.19143], [-0.05934, -0.20175], [0.21207, -0.1646], [0.25955, -0.43086], [0.27709, -0.42673], [0.22446, -0.16047], [0.3483, 0.00774], [0.29567, 0.13055], [0.30186, 0.25335], [0.34623, 0.371], [0.46388, 0.3968], [0.47833, 0.42982], [0.41022, 0.4711]]}