{"rank": 72, "source": "016_1632758620795-UL0QEP72OGCK8DNKCND5.jpg", "category": "duck", "n_points": 40, "bbox_aspect": 0.7917737789203085, "area_frac": 0.0436826333813987, "score": -0.13687045779786705, "coords": [[-0.09512, 0.5], [-0.11825, 0.4623], [-0.28449, 0.41003], [-0.25621, 0.37404], [-0.33076, 0.30805], [-0.30077, 0.23522], [-0.39589, 0.17095], [-0.28792, 0.18552], [-0.25193, 0.06384], [-0.30848, 0.03985], [-0.32734, -0.07155], [-0.29991, -0.19751], [0.09512, -0.31748], [0.06855, -0.42545], [0.16195, -0.48029], [0.18081, -0.34319], [0.26821, -0.3569], [0.27935, -0.30805], [0.39589, -0.1581], [0.35561, 0.00557], [0.27592, 0.10754], [0.36847, -0.05013], [0.38303, -0.15895], [0.26907, -0.30463], [0.25793, -0.35261], [-0.29049, -0.19323], [-0.31448, -0.14267], [-0.29991, 0.03213], [-0.23907, 0.06127], [-0.26907, 0.18295], [-0.1431, 0.22494], [-0.1551, 0.2832], [-0.19709, 0.22151], [-0.27506, 0.20094], [-0.31362, 0.29606], [-0.23222, 0.33976], [-0.02999, 0.3886], [0.04713, 0.1641], [-0.02314, 0.41088], [-0.00257, 0.46915], [-0.09512, 0.5]]}