{"rank": 73, "source": "077_1589651441556-8PX5UC5JFHU6UNXZ9C3T.jpg", "category": "duck", "n_points": 40, "bbox_aspect": 0.9891696750902527, "area_frac": 0.017518232819074334, "score": -0.13804374857989082, "coords": [[0.49458, 0.37004], [0.40794, 0.4296], [0.20848, 0.48827], [0.05957, 0.5], [-0.05235, 0.44043], [-0.08664, 0.3231], [-0.11011, 0.11643], [-0.22653, -0.12274], [-0.45487, -0.29152], [-0.49458, -0.33755], [-0.21119, -0.12184], [-0.12726, 0.04061], [0.00993, -0.02798], [-0.08574, -0.23827], [-0.06859, -0.22924], [0.01986, -0.03159], [-0.12545, 0.05144], [-0.10018, 0.11733], [-0.07762, 0.3204], [-0.03249, 0.45036], [0.03971, 0.48195], [0.0731, 0.43231], [0.17329, 0.42509], [0.16968, 0.46119], [0.06137, 0.46751], [0.11101, 0.49278], [0.22022, 0.47653], [0.40253, 0.42238], [0.48736, 0.36101], [0.36011, 0.33032], [0.26444, 0.27437], [0.24007, 0.13087], [0.18682, 0.03791], [0.22202, -0.27076], [0.23195, -0.27076], [0.19585, 0.0352], [0.24819, 0.12455], [0.27256, 0.26895], [0.36191, 0.3213], [0.48556, 0.34657], [0.49458, 0.37004]]}