{"rank": 74, "source": "043_1608644705860-QK6CVPZT3R55K193M8VC.jpg", "category": "duck", "n_points": 40, "bbox_aspect": 0.9563239308462238, "area_frac": 0.019096242331288343, "score": -0.15221412011578817, "coords": [[0.1051, 0.5], [0.07689, 0.45814], [0.11692, 0.37443], [0.07416, 0.32439], [0.09236, 0.24158], [0.07689, 0.10783], [0.02411, 0.0414], [-0.1051, 0.04504], [-0.16515, -0.01592], [-0.24613, -0.00045], [-0.25432, 0.08235], [-0.29618, 0.11965], [-0.25432, 0.20519], [-0.37261, 0.18426], [-0.39081, 0.21975], [-0.45268, 0.18699], [-0.47543, 0.10874], [-0.41993, -0.00955], [-0.40719, -0.08872], [-0.31529, -0.25796], [-0.22429, -0.31711], [-0.01319, -0.33348], [-0.11328, -0.30983], [-0.22338, -0.3071], [-0.30801, -0.25068], [-0.39627, -0.08781], [-0.41356, 0.00409], [-0.46542, 0.11237], [-0.4454, 0.17971], [-0.26069, 0.19427], [-0.30801, 0.11874], [-0.26433, 0.07962], [-0.24977, -0.01228], [-0.16151, -0.02593], [-0.10146, 0.03503], [0.0323, 0.03412], [0.08599, 0.10237], [0.10237, 0.24613], [0.08508, 0.32348], [0.12784, 0.36806], [0.1051, 0.5]]}