{"rank": 75, "source": "027_1617803692124-QDPPUKG59K3XX8ZT3ZKJ.jpg", "category": "duck", "n_points": 43, "bbox_aspect": 0.9686727122835944, "area_frac": 0.018376874062968517, "score": -0.17004925891309144, "coords": [[-0.46125, 0.45796], [-0.41756, 0.44889], [-0.44229, 0.35903], [-0.48434, 0.30214], [-0.44147, 0.29472], [-0.42086, 0.2197], [-0.33594, 0.18013], [-0.28895, 0.04163], [-0.22547, -0.06801], [-0.06142, -0.29967], [0.03009, -0.25185], [0.10429, -0.1488], [0.22218, -0.22218], [0.2296, -0.26999], [0.31451, -0.40519], [0.31204, -0.37139], [0.23537, -0.25845], [0.23124, -0.21641], [0.27246, -0.15952], [0.26752, -0.08862], [0.31863, -0.07626], [0.35243, 0.03009], [0.42993, 0.06554], [0.44312, 0.18261], [0.48434, 0.28071], [0.45631, 0.25927], [0.43487, 0.18673], [0.42333, 0.07378], [0.34584, 0.03669], [0.31286, -0.06719], [0.25927, -0.08203], [0.26422, -0.1554], [0.21641, -0.21063], [0.10181, -0.14056], [0.0235, -0.24444], [-0.05647, -0.28895], [-0.2296, -0.04658], [-0.28153, 0.04823], [-0.3277, 0.18425], [-0.41179, 0.22712], [-0.4324, 0.26834], [-0.43487, 0.37881], [-0.39035, 0.48928], [-0.46125, 0.45796]]}