{"rank": 76, "source": "050_1606218993268-WHWFTOE1UDDEA0MHIBKH.jpg", "category": "duck", "n_points": 39, "bbox_aspect": 0.5605351170568562, "area_frac": 0.07691846405228758, "score": -0.18672415106101609, "coords": [[-0.19532, 0.5], [-0.28027, 0.43311], [-0.20067, 0.44381], [-0.17124, 0.40635], [-0.17592, 0.30134], [-0.21204, 0.13679], [-0.16522, 0.06388], [-0.1592, 0.01505], [-0.1786, -0.01773], [-0.16455, -0.13411], [-0.09231, -0.19298], [-0.02207, -0.21973], [0.04013, -0.2311], [-0.00401, -0.40769], [0.02609, -0.43445], [-0.01538, -0.49398], [0.03077, -0.46856], [0.0388, -0.43645], [0.00669, -0.41304], [0.05485, -0.23445], [0.2602, -0.26656], [0.24682, -0.22441], [0.27559, -0.21773], [0.24883, -0.19431], [0.25485, -0.14816], [0.23144, -0.16756], [0.14983, -0.13679], [0.07559, -0.02174], [-0.00803, 0.05987], [-0.0602, 0.07391], [-0.13311, 0.06589], [-0.18729, 0.1194], [-0.19666, 0.15619], [-0.17726, 0.21906], [-0.15251, 0.38829], [-0.15652, 0.43779], [-0.08562, 0.41505], [-0.06957, 0.37759], [-0.05552, 0.45518], [-0.19532, 0.5]]}