{"rank": 77, "source": "017_1632757235909-N7P7G1GRSPF9H1R515PB.jpg", "category": "duck", "n_points": 34, "bbox_aspect": 0.8227450980392157, "area_frac": 0.03198575712143928, "score": -0.22519221734357386, "coords": [[-0.26157, 0.5], [-0.32039, 0.48431], [-0.3902, 0.27569], [-0.33922, 0.22235], [-0.18549, 0.15647], [-0.19569, 0.03176], [-0.29765, 0.04588], [-0.30392, -0.20118], [-0.24902, -0.21765], [-0.27098, -0.29216], [-0.22784, -0.29059], [-0.22235, -0.21451], [-0.0702, -0.19569], [0.08824, -0.15176], [0.09608, -0.17765], [-0.16275, -0.5], [0.10157, -0.18941], [0.09608, -0.16196], [0.25843, -0.19961], [0.4051, -0.19882], [0.31725, -0.07569], [0.22706, -0.18392], [0.09137, -0.14314], [-0.16431, -0.20196], [-0.29608, -0.19961], [-0.28118, 0.03882], [-0.19569, 0.02235], [-0.18549, 0.16745], [-0.33451, 0.22863], [-0.38078, 0.27255], [-0.31255, 0.48039], [-0.26, 0.49137], [0.11647, 0.11569], [0.12196, 0.12275], [-0.26157, 0.5]]}