{"rank": 78, "source": "046_1607173151847-BGMDQPUAZATTROOWCXJG.jpg", "category": "duck", "n_points": 39, "bbox_aspect": 0.7484126984126984, "area_frac": 0.01386382419233659, "score": -0.3627081225992758, "coords": [[0.37262, 0.5], [0.32262, 0.48889], [0.34484, 0.42302], [0.24802, 0.41111], [0.26151, 0.36905], [0.225, 0.32698], [0.24008, 0.26984], [0.22659, 0.10238], [0.10437, -0.15238], [0.05437, -0.21508], [-0.01548, -0.25397], [-0.11548, -0.24841], [-0.18214, -0.22857], [-0.26389, -0.17381], [-0.36944, -0.05], [-0.32421, 0.00635], [-0.30675, 0.0619], [-0.15198, 0.20079], [-0.15754, 0.20556], [-0.31389, 0.06508], [-0.37421, -0.05714], [-0.26548, -0.18175], [-0.21151, -0.22302], [-0.12183, -0.25397], [-0.14325, -0.3873], [-0.11071, -0.25397], [-0.02024, -0.2619], [-0.01548, -0.41508], [0.00119, -0.41111], [-0.00516, -0.25476], [0.05992, -0.21984], [0.10833, -0.15952], [0.23294, 0.09762], [0.24802, 0.27063], [0.23214, 0.32381], [0.26865, 0.36587], [0.25516, 0.40714], [0.35437, 0.41587], [0.34881, 0.48254], [0.37262, 0.5]]}