{"rank": 0, "key_id": "5367978629529600", "category": "duck", "n_points": 35, "bbox_aspect": 1.4055555555555554, "n_extensions_spliced": 2, "main_perimeter_px": 730.6221315888042, "score": 0.9888943858153989, "coords": [[-0.38142, 0.16601], [-0.49605, 0.09486], [-0.5, 0.12253], [-0.47233, 0.16206], [-0.39328, 0.20949], [-0.36166, 0.26482], [-0.30632, 0.31225], [-0.18775, 0.35573], [-0.14822, 0.35178], [-0.1166, 0.32411], [-0.10079, 0.18972], [-0.1166, 0.14625], [-0.08498, 0.11858], [-0.05731, 0.11067], [0.12451, 0.10672], [0.24704, 0.12648], [0.35771, 0.1581], [0.5, 0.23715], [0.49209, 0.16206], [0.4249, 0.01581], [0.36957, -0.05534], [0.21937, -0.16206], [0.22332, -0.17787], [0.06917, -0.20158], [-0.03755, -0.20158], [-0.0415, -0.18182], [-0.14032, -0.15415], [-0.17984, -0.11858], [-0.20751, -0.05929], [-0.21937, 0.06324], [-0.1996, 0.13043], [-0.20751, 0.13834], [-0.2668, 0.11067], [-0.29842, 0.11067], [-0.38142, 0.16206], [-0.38142, 0.16601]]}