{"rank": 1, "key_id": "4720333581975552", "category": "duck", "n_points": 35, "bbox_aspect": 1.3858695652173914, "n_extensions_spliced": 2, "main_perimeter_px": 732.2502956458352, "score": 0.9845655523164261, "coords": [[0.3, 0.34902], [0.27647, 0.36078], [0.22549, 0.36078], [0.13922, 0.3098], [0.10392, 0.21176], [0.09608, 0.07843], [0.05686, 0.01176], [-0.04902, -0.00784], [-0.2451, -0.00784], [-0.34706, -0.05098], [-0.41765, -0.12941], [-0.5, -0.12549], [-0.40588, -0.18824], [-0.39804, -0.20784], [-0.41765, -0.22353], [-0.35882, -0.21569], [-0.27647, -0.18039], [-0.33922, -0.27451], [-0.3, -0.27059], [-0.31176, -0.3098], [-0.3, -0.32549], [-0.20588, -0.29804], [-0.11961, -0.35294], [-0.07255, -0.36078], [0.02549, -0.35686], [0.08431, -0.32941], [0.19412, -0.24706], [0.2451, -0.16471], [0.25686, -0.07059], [0.25294, 0.18039], [0.26863, 0.20392], [0.33529, 0.22353], [0.30784, 0.22353], [0.3549, 0.33725], [0.30784, 0.35686], [0.3, 0.34902]]}