{"rank": 2, "key_id": "5938261803401216", "category": "duck", "n_points": 37, "bbox_aspect": 1.3709677419354838, "n_extensions_spliced": 2, "main_perimeter_px": 765.438887960912, "score": 0.9769979110434751, "coords": [[0.18235, 0.29804], [0.18235, 0.28627], [0.42941, 0.25098], [0.48824, 0.22353], [0.49608, 0.17255], [0.5, 0.20392], [0.48824, 0.22353], [0.42941, 0.25098], [0.18235, 0.28627], [0.16275, 0.32157], [0.08039, 0.36471], [0.02941, 0.36078], [-0.03725, 0.32157], [-0.06471, 0.25098], [-0.06863, 0.2], [-0.0451, 0.15686], [0.0098, 0.1098], [0.02549, 0.05882], [-0.0098, -0.0549], [-0.05294, -0.09412], [-0.17843, -0.1098], [-0.3902, -0.04706], [-0.28431, -0.11373], [-0.30392, -0.12157], [-0.43333, -0.07843], [-0.34314, -0.12549], [-0.5, -0.11765], [-0.37843, -0.23529], [-0.15882, -0.34118], [-0.02941, -0.36471], [0.16667, -0.36471], [0.26078, -0.33725], [0.32353, -0.25098], [0.32745, -0.11373], [0.30392, -0.03529], [0.23333, 0.07451], [0.20588, 0.15686], [0.18235, 0.29804]]}