{"rank": 3, "key_id": "6475644487598080", "category": "duck", "n_points": 35, "bbox_aspect": 1.3709677419354838, "n_extensions_spliced": 2, "main_perimeter_px": 682.3044543030131, "score": 0.9769979110434751, "coords": [[0.33529, 0.25098], [0.33137, 0.28235], [0.29216, 0.33725], [0.19804, 0.36471], [0.13922, 0.3451], [0.1, 0.30196], [0.06471, 0.23137], [0.05294, 0.00784], [0.00588, -0.04706], [-0.05686, -0.07451], [-0.27255, -0.08235], [-0.33529, -0.06667], [-0.4098, -0.03137], [-0.48431, 0.07451], [-0.49608, 0.01569], [-0.5, -0.16471], [-0.47255, -0.22353], [-0.26078, -0.36471], [-0.10392, -0.36078], [0.07255, -0.27451], [0.18235, -0.16471], [0.30392, 0.00784], [0.3549, 0.14118], [0.36275, 0.15294], [0.45294, 0.17647], [0.46471, 0.18824], [0.3, 0.18431], [0.3, 0.18431], [0.46471, 0.18824], [0.5, 0.20784], [0.33922, 0.23529], [0.33922, 0.23529], [0.5, 0.20784], [0.45294, 0.17647], [0.36275, 0.15294], [0.33529, 0.25098]]}