{"rank": 4, "key_id": "5573041826299904", "category": "duck", "n_points": 34, "bbox_aspect": 1.4166666666666667, "n_extensions_spliced": 2, "main_perimeter_px": 472.3359763837576, "score": 0.9750492129804312, "coords": [[-0.3, 0.0549], [-0.12353, 0.05098], [0.03725, 0.00392], [0.10784, -0.04314], [0.10392, -0.02745], [0.11961, -0.02745], [0.13137, -0.00784], [0.14314, 0.04314], [0.23725, 0.0902], [0.33529, 0.11373], [0.35098, 0.13725], [0.36275, 0.21176], [0.37451, 0.22745], [0.35098, 0.28235], [0.36275, 0.21176], [0.35098, 0.13725], [0.33529, 0.11373], [0.23725, 0.0902], [0.14314, 0.04314], [0.13137, -0.00784], [0.11961, -0.02745], [0.10392, -0.02745], [0.17059, -0.12549], [0.1902, -0.17647], [0.17451, -0.27451], [0.12745, -0.31373], [0.07255, -0.32549], [-0.25686, -0.35294], [-0.40588, -0.31765], [-0.5, -0.2549], [-0.49608, -0.20784], [-0.4098, -0.02353], [-0.37059, 0.01569], [-0.24118, 0.08235], [-0.3, 0.0549]]}