{"rank": 5, "key_id": "5572357433327616", "category": "duck", "n_points": 39, "bbox_aspect": 1.401098901098901, "n_extensions_spliced": 2, "main_perimeter_px": 669.7975745848449, "score": 0.9744507649777074, "coords": [[0.25686, 0.25882], [0.22941, 0.21176], [0.31176, 0.21569], [0.41373, 0.17255], [0.49608, 0.16863], [0.5, 0.1451], [0.45686, 0.12941], [0.48039, 0.12941], [0.18235, 0.12157], [0.45686, 0.12941], [0.5, 0.1451], [0.49608, 0.16863], [0.41373, 0.17255], [0.31176, 0.21569], [0.22941, 0.21176], [0.24118, 0.30588], [0.2098, 0.33333], [0.14706, 0.35686], [0.0451, 0.34902], [-0.02941, 0.27451], [-0.06863, 0.2], [-0.08824, 0.10588], [-0.08824, -0.06275], [-0.11569, -0.07451], [-0.33529, -0.07451], [-0.43725, -0.09804], [-0.47647, -0.13725], [-0.5, -0.20392], [-0.5, -0.25098], [-0.43725, -0.30588], [-0.38235, -0.32941], [-0.28039, -0.34902], [-0.08431, -0.35686], [0.15882, -0.34902], [0.35882, -0.24314], [0.40588, -0.15686], [0.42157, -0.08627], [0.33137, -0.02353], [0.14706, 0.02745], [0.25686, 0.25882]]}