{"rank": 6, "key_id": "6618380410814464", "category": "duck", "n_points": 34, "bbox_aspect": 1.4213483146067416, "n_extensions_spliced": 2, "main_perimeter_px": 683.9522475253809, "score": 0.9727397420633778, "coords": [[0.42095, 0.26877], [0.41304, 0.32016], [0.37352, 0.35178], [0.25099, 0.35178], [0.23123, 0.33992], [0.21542, 0.31621], [0.21146, 0.25692], [0.25099, 0.20158], [0.25494, 0.11067], [0.23913, 0.083], [0.21542, 0.0751], [0.12846, 0.0751], [-0.02174, 0.1502], [-0.22332, 0.1502], [-0.31423, 0.11462], [-0.5, -0.01186], [-0.39723, -0.02372], [-0.21937, -0.11462], [-0.10474, -0.11858], [-0.10079, -0.13043], [0.00988, -0.10672], [0.06917, -0.0751], [0.04545, -0.08696], [0.16008, 0.00395], [0.29051, 0.06324], [0.31028, 0.10672], [0.31028, 0.1581], [0.33794, 0.20949], [0.35771, 0.21739], [0.49605, 0.21739], [0.5, 0.24506], [0.44862, 0.26877], [0.38142, 0.26482], [0.35771, 0.2332], [0.42095, 0.26877]]}