{"rank": 7, "key_id": "6526196810514432", "category": "duck", "n_points": 36, "bbox_aspect": 1.457142857142857, "n_extensions_spliced": 2, "main_perimeter_px": 455.0078425361959, "score": 0.9719962657704107, "coords": [[0.22941, 0.27647], [0.23333, 0.3], [0.19804, 0.33137], [0.01373, 0.34314], [-0.02157, 0.29216], [-0.0451, 0.23333], [-0.05686, 0.07647], [-0.11569, 0.01765], [-0.22157, -0.01765], [-0.41765, -0.02941], [-0.48824, -0.09608], [-0.5, -0.13922], [-0.48039, -0.2098], [-0.37451, -0.28824], [-0.18627, -0.33529], [0.10784, -0.34314], [0.08039, -0.23725], [0.08039, -0.02941], [0.09216, -0.01765], [0.11176, -0.02941], [0.22941, -0.02157], [0.38627, 0.00196], [0.45686, 0.03333], [0.5, 0.06863], [0.48824, 0.09608], [0.48824, 0.15098], [0.5, 0.06863], [0.45686, 0.03333], [0.38627, 0.00196], [0.22941, -0.02157], [0.11176, -0.02941], [0.09216, -0.01765], [0.08039, -0.02941], [0.08039, -0.23725], [0.10784, -0.34314], [0.11961, -0.34314], [0.22941, 0.27647]]}