{"rank": 8, "key_id": "4942152939339776", "category": "duck", "n_points": 35, "bbox_aspect": 1.4406779661016949, "n_extensions_spliced": 2, "main_perimeter_px": 549.3691289143726, "score": 0.9716175634922979, "coords": [[-0.17059, -0.02549], [-0.21373, -0.10392], [-0.22157, -0.21373], [-0.19804, -0.27647], [-0.16667, -0.31176], [-0.12745, -0.33529], [-0.07255, -0.34706], [0.02941, -0.34314], [0.27255, -0.27255], [0.38627, -0.22549], [0.46078, -0.15882], [0.5, -0.08039], [0.45686, -0.04118], [0.37059, 0.00196], [0.10392, 0.03333], [0.06471, 0.02157], [-0.02941, 0.02157], [-0.08039, 0.09216], [-0.07647, 0.05294], [-0.08039, 0.11569], [-0.12745, 0.15098], [-0.19804, 0.1549], [-0.32745, 0.13529], [-0.37843, 0.16667], [-0.33137, 0.19804], [-0.3902, 0.1902], [-0.37843, 0.16667], [-0.32745, 0.13529], [-0.19804, 0.1549], [-0.12745, 0.15098], [-0.08039, 0.11569], [-0.07647, 0.05294], [-0.13922, 0.34314], [-0.17059, 0.34706], [-0.30392, 0.31176], [-0.17059, -0.02549]]}