{"rank": 9, "key_id": "5475980166561792", "category": "duck", "n_points": 35, "bbox_aspect": 1.3563829787234043, "n_extensions_spliced": 2, "main_perimeter_px": 632.7773022056718, "score": 0.9695112086617516, "coords": [[-0.32353, 0.19216], [-0.30784, 0.16471], [-0.40196, 0.16863], [-0.47255, 0.13333], [-0.5, 0.06667], [-0.49216, -0.0], [-0.46863, -0.00784], [-0.34706, -0.00784], [-0.4451, -0.01176], [-0.49216, -0.0], [-0.5, 0.06667], [-0.47255, 0.13333], [-0.40196, 0.16863], [-0.30784, 0.16471], [-0.17451, 0.3451], [-0.05294, 0.36863], [0.02941, 0.36471], [0.05686, 0.34118], [0.06863, 0.30588], [0.07647, 0.04706], [0.08824, 0.02353], [0.12353, -0.00784], [0.31569, -0.05882], [0.4098, -0.09804], [0.48039, -0.17255], [0.5, -0.21176], [0.5, -0.24314], [0.46078, -0.2902], [0.38627, -0.32941], [0.29216, -0.35294], [-0.16275, -0.36863], [-0.25294, -0.29412], [-0.29608, -0.21961], [-0.31569, -0.11373], [-0.30784, 0.0549], [-0.32353, 0.19216]]}