{"rank": 10, "key_id": "4534567505494016", "category": "duck", "n_points": 38, "bbox_aspect": 1.4325842696629214, "n_extensions_spliced": 2, "main_perimeter_px": 567.8437128099807, "score": 0.9672279025617436, "coords": [[-0.31176, 0.16863], [-0.23725, 0.2902], [-0.20588, 0.32549], [-0.14706, 0.34902], [-0.06078, 0.3098], [-0.02941, 0.28235], [0.10392, 0.01176], [0.17451, -0.07451], [0.37451, -0.12941], [0.47255, -0.12941], [0.5, -0.10588], [0.45686, -0.19608], [0.39804, -0.27451], [0.35098, -0.30588], [0.09608, -0.34902], [0.01373, -0.33725], [-0.06471, -0.29804], [-0.11961, -0.25098], [-0.19804, -0.13333], [-0.25294, 0.04314], [-0.26471, 0.02353], [-0.47647, -0.00392], [-0.5, 0.02353], [-0.47255, 0.04314], [-0.31176, 0.07059], [-0.2451, 0.09804], [-0.2451, 0.09804], [-0.31176, 0.07059], [-0.47255, 0.04314], [-0.4451, 0.09412], [-0.37451, 0.13333], [-0.29216, 0.15294], [-0.29216, 0.15294], [-0.37451, 0.13333], [-0.4451, 0.09412], [-0.5, 0.02353], [-0.47647, -0.00392], [-0.26471, 0.02353], [-0.31176, 0.16863]]}