{"rank": 11, "key_id": "4542678081470464", "category": "duck", "n_points": 32, "bbox_aspect": 1.401098901098901, "n_extensions_spliced": 2, "main_perimeter_px": 594.7355286089575, "score": 0.9661174316443741, "coords": [[-0.37451, 0.19608], [-0.40196, 0.12157], [-0.48039, 0.06275], [-0.5, 0.02745], [-0.49608, -0.0], [-0.43333, -0.03922], [-0.36667, -0.12549], [-0.33529, -0.12941], [-0.29608, -0.09804], [-0.28824, -0.0902], [-0.22549, -0.08235], [-0.25294, 0.00392], [-0.23333, 0.08627], [-0.26078, 0.11765], [-0.38627, 0.20784], [-0.39412, 0.27843], [-0.37843, 0.3098], [-0.32353, 0.3451], [-0.22157, 0.35686], [-0.16667, 0.34118], [-0.13137, 0.30588], [-0.12353, 0.25882], [-0.13529, 0.09412], [-0.11961, 0.00784], [-0.09216, -0.02353], [0.00196, -0.06667], [0.2098, -0.09804], [0.35098, -0.03137], [0.46078, -0.03922], [0.48824, -0.0549], [0.5, -0.08627], [0.48039, -0.1451], [-0.37451, 0.19608]]}