{"rank": 12, "key_id": "4609350872072192", "category": "duck", "n_points": 40, "bbox_aspect": 1.401098901098901, "n_extensions_spliced": 2, "main_perimeter_px": 493.0093618281099, "score": 0.9661174316443741, "coords": [[0.32353, 0.28235], [0.34314, 0.12941], [0.48039, 0.17647], [0.4451, 0.21569], [0.4451, 0.21569], [0.36275, 0.2], [0.36275, 0.2], [0.4451, 0.21569], [0.3549, 0.25098], [0.5, 0.2], [0.5, 0.2], [0.3549, 0.25098], [0.4451, 0.21569], [0.48039, 0.17647], [0.34314, 0.12941], [0.30392, 0.31765], [0.23725, 0.35294], [0.1902, 0.35686], [0.13922, 0.32549], [0.07647, 0.23137], [0.07255, 0.18824], [0.1, 0.06667], [0.09608, 0.03922], [0.08039, 0.02353], [0.01765, 0.01961], [-0.06471, 0.05882], [-0.14706, 0.07843], [-0.27255, 0.08627], [-0.32353, 0.07451], [-0.3902, 0.03922], [-0.42941, 0.00784], [-0.48039, -0.06275], [-0.5, -0.13333], [-0.48824, -0.21961], [-0.41765, -0.31373], [-0.35098, -0.34902], [-0.25686, -0.35686], [-0.10784, -0.32549], [-0.02941, -0.2902], [0.03333, -0.27843], [0.32353, 0.28235]]}