{"rank": 13, "key_id": "5491281335681024", "category": "duck", "n_points": 35, "bbox_aspect": 1.3492063492063493, "n_extensions_spliced": 2, "main_perimeter_px": 732.8041308640485, "score": 0.9657976721009663, "coords": [[-0.31176, 0.28039], [-0.27647, 0.33922], [-0.22941, 0.36275], [-0.15098, 0.37059], [-0.09608, 0.34314], [-0.07255, 0.30784], [-0.06863, 0.26078], [-0.13922, 0.12745], [-0.14314, 0.05686], [-0.12745, 0.02941], [-0.00588, -0.04118], [0.17451, -0.07255], [0.33529, -0.06471], [0.41373, -0.03333], [0.49216, 0.04902], [0.5, 0.03725], [0.4451, -0.2451], [0.4098, -0.31176], [0.36275, -0.34314], [0.3, -0.36275], [0.1902, -0.37059], [-0.09216, -0.31569], [-0.17059, -0.28824], [-0.20588, -0.24902], [-0.24118, -0.1549], [-0.25294, -0.03725], [-0.23333, 0.08824], [-0.19412, 0.22157], [-0.20588, 0.25686], [-0.23333, 0.2451], [-0.3549, 0.21765], [-0.36275, 0.24902], [-0.48824, 0.21373], [-0.3549, 0.21765], [-0.23333, 0.2451], [-0.31176, 0.28039]]}