{"rank": 14, "key_id": "5920357850546176", "category": "duck", "n_points": 35, "bbox_aspect": 1.3421052631578947, "n_extensions_spliced": 2, "main_perimeter_px": 646.0079090021152, "score": 0.9621037321303756, "coords": [[-0.33922, 0.16863], [-0.35098, 0.12941], [-0.32353, 0.1451], [-0.25294, 0.14118], [-0.2451, 0.09804], [-0.34314, 0.03137], [-0.43725, 0.03137], [-0.47255, 0.05882], [-0.46471, 0.09804], [-0.5, 0.06667], [-0.43725, 0.03137], [-0.34314, 0.03137], [-0.2451, 0.09804], [-0.25294, 0.14118], [-0.32353, 0.1451], [-0.35098, 0.12941], [-0.30392, 0.27059], [-0.2098, 0.37255], [-0.14706, 0.37255], [-0.02157, 0.34902], [0.05294, 0.2549], [0.06078, 0.12549], [0.02941, 0.01176], [0.2098, 0.03922], [0.36275, 0.03922], [0.41373, 0.01569], [0.49216, -0.12549], [0.5, -0.24314], [0.38627, -0.32941], [0.3, -0.35686], [0.14706, -0.37255], [-0.03333, -0.36471], [-0.1549, -0.27843], [-0.22157, -0.19216], [-0.28039, 0.03137], [-0.33922, 0.16863]]}