{"rank": 15, "key_id": "4584740776574976", "category": "duck", "n_points": 38, "bbox_aspect": 1.3563829787234043, "n_extensions_spliced": 2, "main_perimeter_px": 658.4746495642298, "score": 0.9611778753284181, "coords": [[0.30784, 0.32549], [0.17059, 0.36863], [0.06471, 0.35686], [0.01765, 0.32941], [-0.02549, 0.26667], [-0.06863, 0.01961], [-0.33529, 0.01176], [-0.40196, -0.01176], [-0.46863, -0.06667], [-0.49608, -0.12549], [-0.5, -0.20784], [-0.45686, -0.27059], [-0.25294, -0.3098], [-0.32353, -0.29804], [-0.32745, -0.36078], [-0.3, -0.36863], [-0.3, -0.36863], [-0.32745, -0.36078], [-0.32353, -0.29804], [-0.13137, -0.3098], [0.00196, -0.27843], [0.06078, -0.23922], [0.10392, -0.17647], [0.10784, -0.06667], [0.08824, 0.07451], [0.1, 0.13725], [0.16275, 0.21961], [0.33137, 0.25098], [0.32745, 0.2549], [0.5, 0.26275], [0.41765, 0.29804], [0.3549, 0.30196], [0.3549, 0.30196], [0.41765, 0.29804], [0.5, 0.26275], [0.32745, 0.2549], [0.34706, 0.29804], [0.32353, 0.34118], [0.30784, 0.32549]]}