{"rank": 16, "key_id": "6744108750077952", "category": "duck", "n_points": 32, "bbox_aspect": 1.4166666666666667, "n_extensions_spliced": 2, "main_perimeter_px": 457.6653271440018, "score": 0.9583825463137646, "coords": [[-0.25294, -0.01569], [-0.25294, -0.03529], [-0.23725, 0.01961], [-0.23725, 0.08235], [-0.27647, 0.16078], [-0.41765, 0.16863], [-0.44902, 0.2], [-0.46471, 0.23922], [-0.47255, 0.23922], [-0.42157, 0.30588], [-0.46471, 0.23922], [-0.44902, 0.2], [-0.41765, 0.16863], [-0.27647, 0.16078], [-0.23725, 0.08235], [-0.23725, 0.01961], [-0.25294, -0.03529], [-0.28824, -0.09412], [-0.26863, -0.18431], [-0.22941, -0.23137], [-0.1549, -0.27843], [0.00196, -0.33333], [0.09216, -0.34902], [0.36667, -0.35294], [0.4451, -0.33725], [0.48039, -0.29412], [0.5, -0.21569], [0.49608, -0.11373], [0.44902, -0.0549], [0.33137, 0.00392], [0.00196, 0.06667], [-0.06078, 0.10588], [-0.25294, -0.01569]]}