{"rank": 17, "key_id": "5793324294209536", "category": "duck", "n_points": 34, "bbox_aspect": 1.4166666666666667, "n_extensions_spliced": 2, "main_perimeter_px": 392.6567091341845, "score": 0.9566909858158925, "coords": [[-0.13137, -0.03529], [-0.08431, -0.01569], [-0.30392, -0.06275], [-0.42941, -0.10588], [-0.48039, -0.17647], [-0.5, -0.23529], [-0.46078, -0.28627], [-0.15098, -0.35294], [-0.28824, -0.32941], [0.09608, -0.34118], [-0.15098, -0.35294], [-0.46078, -0.28627], [-0.5, -0.23529], [-0.48039, -0.17647], [-0.42941, -0.10588], [-0.30392, -0.06275], [-0.08431, -0.01569], [-0.03725, 0.01176], [0.09608, 0.02353], [0.1, 0.0902], [0.07647, 0.18431], [0.11176, 0.27059], [0.17843, 0.32549], [0.28039, 0.35294], [0.34314, 0.32157], [0.36667, 0.2902], [0.4098, 0.2], [0.37451, 0.18039], [0.5, 0.1451], [0.38235, 0.16078], [0.37843, 0.13333], [0.31961, 0.10588], [0.29216, 0.03922], [0.29608, -0.14902], [-0.13137, -0.03529]]}