{"rank": 18, "key_id": "5555481349193728", "category": "duck", "n_points": 35, "bbox_aspect": 1.3298429319371727, "n_extensions_spliced": 2, "main_perimeter_px": 716.6140905068643, "score": 0.9556786883121524, "coords": [[0.22835, 0.37205], [0.1811, 0.37205], [0.16929, 0.25], [0.11024, 0.10433], [0.07874, 0.04921], [0.01969, 0.00984], [0.0, 0.00197], [-0.06693, 0.05315], [-0.11024, 0.06496], [-0.29528, 0.08465], [-0.40945, 0.07677], [-0.5, 0.01772], [-0.48425, -0.07283], [-0.44094, -0.12402], [-0.41732, -0.13189], [-0.34252, -0.17126], [-0.21654, -0.15157], [-0.1378, -0.15551], [-0.04331, -0.15157], [0.07087, -0.13976], [0.1063, -0.12008], [0.14567, -0.07677], [0.18898, 0.04528], [0.2126, 0.1752], [0.27165, 0.24606], [0.35433, 0.26969], [0.38976, 0.26181], [0.42126, 0.22244], [0.49606, 0.2185], [0.5, 0.23425], [0.48819, 0.2815], [0.45669, 0.31693], [0.40157, 0.3563], [0.25591, 0.37598], [0.15748, 0.36024], [0.22835, 0.37205]]}