{"rank": 19, "key_id": "5573783786094592", "category": "duck", "n_points": 35, "bbox_aspect": 1.4739884393063585, "n_extensions_spliced": 2, "main_perimeter_px": 586.5790202866499, "score": 0.9556168668390627, "coords": [[-0.31176, 0.24118], [-0.22549, 0.33529], [-0.09608, 0.33137], [0.00196, 0.28431], [0.02157, 0.15098], [-0.03725, 0.00588], [-0.04118, -0.03725], [0.06863, -0.02549], [0.10784, 0.08431], [0.18235, 0.10392], [0.31961, 0.08431], [0.43333, 0.01765], [0.5, -0.05686], [0.37843, -0.13922], [0.33529, -0.2098], [0.25686, -0.28824], [-0.00196, -0.32353], [-0.15098, -0.31569], [-0.26863, -0.33922], [-0.31961, -0.30784], [-0.34314, -0.13922], [-0.33137, 0.0098], [-0.34314, 0.03333], [-0.48039, 0.05686], [-0.5, 0.07647], [-0.38627, 0.13922], [-0.38627, 0.09608], [-0.31176, 0.19412], [-0.5, 0.07647], [-0.48039, 0.05686], [-0.34314, 0.03333], [-0.33137, 0.0098], [-0.34314, -0.13922], [-0.33529, -0.26078], [-0.29608, -0.30392], [-0.31176, 0.24118]]}