{"rank": 20, "key_id": "4883348327497728", "category": "duck", "n_points": 35, "bbox_aspect": 1.328125, "n_extensions_spliced": 2, "main_perimeter_px": 715.2829408039315, "score": 0.9547738222232689, "coords": [[-0.35882, 0.25098], [-0.36275, 0.31765], [-0.35098, 0.35294], [-0.24118, 0.37647], [-0.14314, 0.36078], [-0.1, 0.28627], [-0.04902, 0.01176], [-0.00196, -0.04706], [0.09608, -0.08627], [0.28039, -0.09412], [0.35098, -0.07843], [0.42157, -0.03137], [0.45686, 0.03137], [0.48039, 0.00392], [0.5, -0.08627], [0.5, -0.18039], [0.48824, -0.23137], [0.43333, -0.3098], [0.3902, -0.33333], [0.22549, -0.37647], [0.14706, -0.37647], [0.09216, -0.34902], [0.01373, -0.34118], [-0.1, -0.24314], [-0.13529, -0.19608], [-0.19412, -0.08627], [-0.23725, 0.08235], [-0.36275, 0.2549], [-0.42157, 0.16863], [-0.5, 0.13333], [-0.46863, 0.14118], [-0.37059, 0.1098], [-0.5, 0.13333], [-0.42157, 0.16863], [-0.36275, 0.2549], [-0.35882, 0.25098]]}