{"rank": 21, "key_id": "6031468197314560", "category": "duck", "n_points": 41, "bbox_aspect": 1.408839779005525, "n_extensions_spliced": 2, "main_perimeter_px": 475.2973582187986, "score": 0.9539273392433621, "coords": [[0.01765, -0.05686], [-0.0098, -0.03725], [0.06078, -0.02941], [0.11176, 0.12353], [0.10392, 0.2451], [-0.09216, 0.3549], [-0.17843, 0.3549], [-0.20588, 0.33137], [-0.22157, 0.29608], [-0.23725, 0.15882], [-0.21765, 0.10784], [-0.21765, 0.10392], [-0.19804, 0.08039], [-0.21765, 0.10784], [-0.23725, 0.15882], [-0.22157, 0.29608], [-0.20588, 0.33137], [-0.17843, 0.3549], [-0.09216, 0.3549], [0.10392, 0.2451], [0.11176, 0.12353], [0.06078, -0.02941], [-0.0098, -0.03725], [0.02941, -0.08824], [0.11569, -0.14706], [0.28431, -0.1549], [0.37059, -0.11176], [0.49216, -0.00196], [0.5, -0.04902], [0.5, -0.18627], [0.46863, -0.26078], [0.41765, -0.31961], [0.35882, -0.34706], [0.29216, -0.3549], [0.06471, -0.35098], [-0.02157, -0.33137], [-0.05686, -0.31176], [-0.11176, -0.16667], [-0.11961, -0.01765], [-0.09608, 0.00196], [0.01765, -0.06078], [0.01765, -0.05686]]}