{"rank": 22, "key_id": "4950804714749952", "category": "duck", "n_points": 32, "bbox_aspect": 1.4325842696629214, "n_extensions_spliced": 2, "main_perimeter_px": 628.4297233397176, "score": 0.950561235895077, "coords": [[-0.28039, 0.1451], [-0.26863, 0.21569], [-0.24902, 0.25098], [-0.15098, 0.34902], [-0.11569, 0.34902], [-0.04118, 0.32549], [-0.00196, 0.28235], [0.00588, 0.19608], [-0.00588, 0.12157], [0.03725, -0.0], [0.08824, -0.04706], [0.17843, -0.07059], [0.25686, -0.06667], [0.44902, 0.01961], [0.48824, 0.08235], [0.5, -0.07843], [0.46078, -0.15686], [0.31176, -0.28235], [0.2098, -0.32941], [0.11176, -0.34902], [0.04118, -0.34902], [-0.13137, -0.24706], [-0.19804, -0.12549], [-0.22157, -0.02745], [-0.22157, 0.03137], [-0.38627, -0.07843], [-0.5, -0.08627], [-0.5, -0.07843], [-0.47255, -0.0], [-0.5, -0.08627], [-0.38627, -0.07843], [-0.22157, 0.03137], [-0.28039, 0.1451]]}