{"rank": 23, "key_id": "5436229032083456", "category": "duck", "n_points": 36, "bbox_aspect": 1.5029585798816567, "n_extensions_spliced": 2, "main_perimeter_px": 399.5588576112658, "score": 0.9492228231961894, "coords": [[0.07874, 0.23819], [0.06299, 0.23425], [0.02362, 0.12402], [-0.05512, 0.04528], [-0.26378, -0.02165], [-0.29528, -0.04134], [-0.31102, -0.06496], [-0.31102, -0.09646], [-0.31496, -0.0689], [-0.29528, -0.04134], [-0.26378, -0.02165], [-0.05512, 0.04528], [0.02362, 0.12402], [0.06299, 0.23425], [0.11417, 0.29724], [0.14567, 0.3248], [0.19685, 0.33268], [0.24409, 0.32087], [0.2874, 0.28937], [0.30709, 0.25394], [0.32283, 0.19488], [0.3189, 0.13583], [0.45276, 0.10827], [0.5, 0.06102], [0.46063, 0.02953], [0.3622, 0.01772], [0.44094, -0.04921], [0.45669, -0.09252], [0.31496, -0.00984], [0.25984, 0.00197], [0.24409, -0.04134], [0.27165, -0.13976], [0.25197, -0.19094], [0.16535, -0.25], [0.09449, -0.26575], [0.05118, -0.25787], [0.07874, 0.23819]]}