{"rank": 24, "key_id": "5650252319162368", "category": "duck", "n_points": 41, "bbox_aspect": 1.3783783783783783, "n_extensions_spliced": 2, "main_perimeter_px": 506.7604762259394, "score": 0.9474381717545552, "coords": [[-0.28039, 0.11569], [-0.27255, 0.11569], [-0.5, 0.13529], [-0.38235, 0.18627], [-0.25686, 0.18627], [-0.25686, 0.18627], [-0.38235, 0.18627], [-0.5, 0.13529], [-0.27255, 0.11569], [-0.20196, -0.02941], [-0.17451, -0.12745], [-0.2098, -0.12745], [-0.26471, -0.1549], [-0.32745, -0.20588], [-0.32745, -0.26863], [-0.3, -0.29608], [-0.17843, -0.33922], [-0.0098, -0.36275], [0.29608, -0.36275], [0.40196, -0.34314], [0.46471, -0.31569], [0.48824, -0.29608], [0.5, -0.24118], [0.46863, -0.20196], [0.42157, -0.16667], [0.3, -0.12353], [-0.02941, -0.06078], [-0.05294, -0.08039], [-0.05686, 0.07255], [-0.11176, 0.35098], [-0.1549, 0.36275], [-0.1902, 0.35098], [-0.24902, 0.26863], [-0.27255, 0.20196], [-0.27255, 0.20196], [-0.24902, 0.26863], [-0.1902, 0.35098], [-0.1549, 0.36275], [-0.11176, 0.35098], [-0.05686, 0.07255], [-0.05294, -0.08039], [-0.28039, 0.11569]]}