{"rank": 25, "key_id": "5822339663003648", "category": "duck", "n_points": 38, "bbox_aspect": 1.4739884393063585, "n_extensions_spliced": 2, "main_perimeter_px": 515.6011167873146, "score": 0.9472835335057292, "coords": [[0.34314, 0.20196], [0.32745, 0.23725], [0.43333, 0.18627], [0.5, 0.14314], [0.3549, 0.14314], [0.28431, 0.13137], [0.28431, 0.13137], [0.3549, 0.14314], [0.5, 0.14314], [0.43333, 0.18627], [0.32745, 0.23725], [0.28039, 0.28824], [0.23725, 0.31961], [0.19804, 0.33137], [0.11569, 0.33922], [0.03333, 0.29608], [-0.02549, 0.18627], [-0.05686, -0.1549], [-0.08431, -0.20196], [-0.18235, -0.23333], [-0.24902, -0.23725], [-0.38235, -0.20588], [-0.37451, -0.21765], [-0.35882, -0.33922], [-0.35882, -0.33922], [-0.37451, -0.21765], [-0.43725, -0.17451], [-0.48431, -0.12353], [-0.49608, -0.08039], [-0.5, -0.00196], [-0.48431, 0.00196], [-0.45294, 0.05686], [-0.3902, 0.10392], [-0.30784, 0.13137], [-0.25686, 0.13529], [-0.17451, 0.10784], [-0.08824, 0.04118], [-0.02157, 0.02157], [0.34314, 0.20196]]}