{"rank": 26, "key_id": "6692045106184192", "category": "duck", "n_points": 39, "bbox_aspect": 1.3421052631578947, "n_extensions_spliced": 2, "main_perimeter_px": 686.0525481618719, "score": 0.9454370654637089, "coords": [[0.03725, -0.1098], [0.00196, -0.11765], [-0.16275, -0.15686], [-0.15098, -0.35294], [-0.13137, -0.37255], [-0.09216, -0.35686], [0.00588, -0.34902], [0.00588, -0.34902], [-0.09216, -0.35686], [-0.13137, -0.37255], [-0.15098, -0.35294], [-0.16275, -0.15686], [-0.32745, -0.11373], [-0.37451, -0.10196], [-0.49216, 0.10588], [-0.5, 0.16863], [-0.47255, 0.19608], [-0.43725, 0.19216], [-0.39412, 0.17255], [-0.34314, 0.10588], [-0.22941, 0.07059], [-0.00196, 0.06667], [0.10392, 0.13333], [0.17059, 0.20784], [0.26471, 0.36078], [0.28824, 0.37255], [0.31569, 0.33725], [0.32745, 0.19608], [0.41373, 0.22353], [0.46471, 0.22745], [0.5, 0.22745], [0.49608, 0.20392], [0.44118, 0.11373], [0.36275, 0.08627], [0.32745, -0.02353], [0.28431, -0.06667], [0.25294, -0.08235], [0.18235, -0.08235], [0.05294, -0.11373], [0.03725, -0.1098]]}