{"rank": 27, "key_id": "5026586644447232", "category": "duck", "n_points": 35, "bbox_aspect": 1.5, "n_extensions_spliced": 2, "main_perimeter_px": 720.2509013292539, "score": 0.9433716566258007, "coords": [[-0.38235, 0.12941], [-0.3902, 0.09804], [-0.44902, 0.09412], [-0.49608, 0.11765], [-0.48824, 0.1098], [-0.5, 0.13333], [-0.49608, 0.11765], [-0.44902, 0.09412], [-0.3902, 0.09804], [-0.33529, 0.29804], [-0.28039, 0.33333], [-0.23333, 0.33333], [-0.1902, 0.32157], [-0.1, 0.26275], [-0.08824, 0.23529], [-0.08824, 0.0549], [-0.06471, -0.0], [-0.02157, -0.01569], [0.04118, -0.02745], [0.22549, -0.02745], [0.35098, -0.00784], [0.44902, 0.03529], [0.48039, 0.1098], [0.5, -0.12157], [0.47255, -0.18039], [0.41373, -0.23922], [0.27255, -0.31765], [0.11961, -0.33333], [-0.14314, -0.25098], [-0.28431, -0.16471], [-0.30784, -0.11765], [-0.31961, 0.01569], [-0.37843, 0.01961], [-0.38627, 0.03137], [-0.38627, 0.14118], [-0.38235, 0.12941]]}