{"rank": 28, "key_id": "6211472340287488", "category": "duck", "n_points": 35, "bbox_aspect": 1.3041237113402062, "n_extensions_spliced": 2, "main_perimeter_px": 707.3585027586512, "score": 0.9420080317967522, "coords": [[0.16008, -0.21739], [-0.01383, -0.22925], [-0.05336, -0.22134], [-0.04545, -0.3834], [-0.01383, -0.36364], [-0.12451, -0.3834], [-0.04545, -0.3834], [-0.05336, -0.22134], [-0.1917, -0.19368], [-0.24308, -0.11067], [-0.26285, -0.03557], [-0.2668, 0.09881], [-0.29051, 0.14229], [-0.33794, 0.17391], [-0.46838, 0.18182], [-0.49209, 0.19763], [-0.5, 0.25692], [-0.47628, 0.29644], [-0.38142, 0.32806], [-0.33004, 0.37945], [-0.25494, 0.3834], [-0.21146, 0.36364], [-0.14032, 0.29644], [-0.04545, 0.13439], [0.1087, 0.01186], [0.23123, -0.01581], [0.31028, -0.01581], [0.44466, 0.06719], [0.5, 0.12648], [0.5, 0.03953], [0.46047, -0.03953], [0.40514, -0.11462], [0.29051, -0.17787], [0.23518, -0.19368], [0.15613, -0.19763], [0.16008, -0.21739]]}