{"rank": 29, "key_id": "5289830613254144", "category": "duck", "n_points": 33, "bbox_aspect": 1.3350785340314135, "n_extensions_spliced": 2, "main_perimeter_px": 625.6813917659987, "score": 0.9417625163434084, "coords": [[-0.41765, 0.19412], [-0.43333, 0.22157], [-0.42941, 0.25686], [-0.39804, 0.30784], [-0.34706, 0.34706], [-0.22157, 0.37451], [-0.11961, 0.35882], [-0.02157, 0.31569], [0.02941, 0.26863], [0.13922, 0.03333], [0.2098, -0.03333], [0.29216, -0.07255], [0.37451, -0.08431], [0.44118, -0.07255], [0.5, -0.04118], [0.48824, -0.11569], [0.4451, -0.1902], [0.32353, -0.3], [0.24902, -0.33922], [0.16667, -0.36275], [0.00588, -0.37451], [-0.1, -0.34706], [-0.13529, -0.32353], [-0.18235, -0.26863], [-0.22157, -0.17451], [-0.23333, -0.03725], [-0.24902, 0.02941], [-0.21373, 0.1549], [-0.38627, 0.11961], [-0.39412, 0.13529], [-0.48431, 0.12745], [-0.38627, 0.11961], [-0.21373, 0.1549], [-0.41765, 0.19412]]}