{"rank": 30, "key_id": "6628652261310464", "category": "duck", "n_points": 35, "bbox_aspect": 1.3010204081632653, "n_extensions_spliced": 2, "main_perimeter_px": 639.532789874479, "score": 0.9403403211813539, "coords": [[-0.24902, 0.36863], [-0.30392, 0.3451], [-0.33137, 0.3098], [-0.33137, 0.2], [-0.29608, 0.15686], [-0.23333, 0.12157], [-0.23725, 0.1451], [-0.1549, 0.11765], [-0.10784, 0.1451], [-0.07647, 0.0902], [-0.02941, 0.06275], [-0.11176, -0.02745], [-0.13137, -0.08235], [-0.11569, -0.12941], [-0.0451, -0.17647], [0.01765, -0.2], [0.08431, -0.20392], [0.28431, -0.20392], [0.38235, -0.18039], [0.43725, -0.15686], [0.49216, -0.09804], [0.5, -0.02745], [0.48824, -0.00392], [0.42549, 0.0549], [0.37059, 0.07843], [0.28431, 0.0902], [0.11176, 0.08627], [0.05686, 0.10588], [0.02157, 0.1451], [0.00196, 0.18824], [-0.00196, 0.2549], [-0.04118, 0.3098], [-0.16275, 0.38039], [-0.22157, 0.38431], [-0.2451, 0.36471], [-0.24902, 0.36863]]}