{"rank": 31, "key_id": "6107096934252544", "category": "duck", "n_points": 34, "bbox_aspect": 1.3144329896907216, "n_extensions_spliced": 2, "main_perimeter_px": 536.299318999253, "score": 0.9391865379650529, "coords": [[0.16275, 0.01961], [0.17843, 0.03922], [0.18627, 0.31373], [0.22157, 0.36078], [0.26863, 0.38039], [0.26863, 0.31765], [0.32745, 0.38039], [0.26863, 0.38039], [0.22157, 0.36078], [0.18627, 0.31373], [0.17843, 0.03922], [0.11176, 0.07059], [0.02941, 0.08235], [0.00196, 0.07451], [-0.13137, -0.01176], [-0.20196, -0.01961], [-0.36667, 0.09412], [-0.41765, 0.16078], [-0.46471, 0.25098], [-0.48824, 0.20784], [-0.5, 0.14902], [-0.42941, 0.09412], [-0.3902, -0.00392], [-0.3902, -0.03922], [-0.45294, -0.12549], [-0.46078, -0.16471], [-0.41765, -0.23137], [-0.33529, -0.2902], [-0.24118, -0.3451], [-0.1, -0.38039], [-0.00588, -0.37647], [0.13137, -0.3098], [0.17843, -0.2549], [0.20196, -0.19608], [0.16275, 0.01961]]}