{"rank": 32, "key_id": "4608275943260160", "category": "duck", "n_points": 30, "bbox_aspect": 1.3783783783783783, "n_extensions_spliced": 2, "main_perimeter_px": 709.9019436877746, "score": 0.9391048384212218, "coords": [[-0.32745, 0.22549], [-0.31961, 0.28824], [-0.28824, 0.32353], [-0.17059, 0.36275], [-0.08824, 0.33529], [-0.03725, 0.25294], [-0.02157, 0.19804], [-0.03725, 0.11569], [-0.07255, 0.01765], [-0.07647, -0.05686], [-0.06863, -0.07647], [-0.01373, -0.10784], [0.00588, -0.10392], [0.14706, 0.02157], [0.2451, 0.08431], [0.36667, 0.12353], [0.44118, 0.11176], [0.49608, -0.06471], [0.5, -0.13922], [0.48039, -0.1902], [0.33137, -0.29608], [0.10784, -0.36275], [0.03333, -0.36275], [0.00588, -0.35882], [-0.09216, -0.29216], [-0.14706, -0.2451], [-0.18627, -0.1902], [-0.18627, -0.08431], [-0.16667, -0.0098], [-0.24118, 0.13137], [-0.32745, 0.22549]]}