{"rank": 33, "key_id": "5406475344150528", "category": "duck", "n_points": 43, "bbox_aspect": 1.3934426229508197, "n_extensions_spliced": 2, "main_perimeter_px": 448.58872268494673, "score": 0.9383802756537213, "coords": [[-0.3549, 0.15882], [-0.3549, 0.15882], [-0.33922, 0.13529], [-0.35098, 0.11569], [-0.5, 0.08431], [-0.37843, 0.15882], [-0.37843, 0.15882], [-0.5, 0.08431], [-0.35098, 0.11569], [-0.33922, 0.13529], [-0.3549, 0.15882], [-0.20196, 0.35882], [-0.17843, 0.35098], [-0.10784, 0.20196], [-0.09216, -0.11176], [-0.08039, -0.15882], [-0.03725, -0.17843], [0.17843, -0.17059], [0.38627, -0.11176], [0.46471, -0.10392], [0.5, -0.11569], [0.5, -0.13529], [0.44118, -0.23725], [0.36667, -0.32745], [0.3549, -0.33922], [0.20588, -0.35882], [-0.1549, -0.33137], [-0.17843, -0.29216], [-0.19412, -0.15882], [-0.19412, 0.04902], [-0.22941, 0.06863], [-0.27647, 0.06863], [-0.3, 0.08431], [-0.3, 0.08431], [-0.27647, 0.06863], [-0.22941, 0.06863], [-0.19412, 0.04902], [-0.19412, -0.15882], [-0.17843, -0.29216], [-0.1549, -0.33137], [0.20588, -0.35882], [0.3549, -0.33922], [0.43725, -0.24902], [-0.3549, 0.15882]]}