{"rank": 34, "key_id": "5791948730269696", "category": "duck", "n_points": 37, "bbox_aspect": 1.2944162436548223, "n_extensions_spliced": 2, "main_perimeter_px": 844.5038901074167, "score": 0.936777972526124, "coords": [[-0.46471, 0.25686], [-0.40196, 0.33922], [-0.36667, 0.35882], [-0.21373, 0.38235], [-0.06471, 0.38627], [-0.01765, 0.32745], [-0.0098, 0.1902], [0.17843, 0.11176], [0.28824, 0.08824], [0.4451, 0.00588], [0.49608, -0.06471], [0.47647, -0.13529], [0.2451, -0.14706], [0.16667, -0.16667], [0.13137, -0.2098], [0.11176, -0.37451], [0.09608, -0.38627], [-0.01765, -0.38627], [-0.01373, -0.33922], [0.01765, -0.29608], [0.0451, -0.1549], [-0.16667, -0.28039], [-0.20196, -0.34314], [-0.27255, -0.29216], [-0.26863, -0.27255], [-0.1549, -0.21765], [-0.12353, -0.18235], [-0.19804, 0.0098], [-0.29216, 0.11176], [-0.28039, 0.12745], [-0.40196, 0.09216], [-0.48039, 0.1], [-0.5, 0.08431], [-0.46863, 0.17059], [-0.48039, 0.1], [-0.40196, 0.09216], [-0.28039, 0.12745], [-0.46471, 0.25686]]}