{"rank": 35, "key_id": "5343681663991808", "category": "duck", "n_points": 38, "bbox_aspect": 1.3076923076923077, "n_extensions_spliced": 2, "main_perimeter_px": 711.0454625865971, "score": 0.9355875583147598, "coords": [[-0.13137, -0.19804], [-0.10784, -0.1902], [-0.14314, -0.30784], [-0.14314, -0.30784], [-0.10784, -0.1902], [-0.17451, -0.20196], [-0.19804, -0.18627], [-0.26471, -0.12745], [-0.3, -0.07647], [-0.30392, -0.01373], [-0.25294, 0.07647], [-0.25294, 0.13137], [-0.26863, 0.15882], [-0.33529, 0.18627], [-0.49216, 0.17059], [-0.5, 0.1902], [-0.49216, 0.21373], [-0.45686, 0.23725], [-0.30392, 0.26471], [-0.2451, 0.32745], [-0.14314, 0.38235], [-0.12353, 0.35098], [-0.10784, 0.27255], [-0.0451, 0.16275], [0.28039, 0.1549], [0.43333, 0.13922], [0.48824, 0.10392], [0.5, 0.05294], [0.47647, 0.01373], [0.42549, -0.02941], [0.23333, -0.12745], [0.13137, -0.15882], [0.15882, -0.38235], [0.15882, -0.38235], [0.13137, -0.15882], [-0.03333, -0.19412], [-0.15882, -0.2098], [-0.22549, -0.19804], [-0.13137, -0.19804]]}