{"rank": 36, "key_id": "4855066169180160", "category": "duck", "n_points": 35, "bbox_aspect": 1.2878787878787878, "n_extensions_spliced": 2, "main_perimeter_px": 697.0996688100759, "score": 0.9332336611565413, "coords": [[-0.29216, 0.30588], [-0.26078, 0.35686], [-0.22549, 0.38039], [-0.13529, 0.38824], [-0.06078, 0.37647], [-0.03333, 0.35294], [-0.03725, 0.29412], [-0.08431, 0.23137], [-0.08824, 0.14902], [-0.06471, 0.07059], [-0.01765, 0.01569], [0.07647, -0.03529], [0.16667, -0.03922], [0.26078, -0.00784], [0.41765, 0.07451], [0.43725, 0.05882], [0.44902, -0.0], [0.44118, -0.03529], [0.41373, -0.04706], [0.41373, -0.00392], [0.4451, 0.02353], [0.46863, -0.03922], [0.46078, -0.07059], [0.49216, -0.07059], [0.5, -0.09412], [0.49608, -0.12941], [0.44902, -0.16863], [0.24118, -0.27059], [0.08824, -0.28627], [0.03333, -0.25098], [-0.11176, -0.23529], [-0.16667, -0.18824], [-0.19412, -0.13725], [-0.22549, 0.03529], [-0.27647, 0.22353], [-0.29216, 0.30588]]}