{"rank": 37, "key_id": "4756014496743424", "category": "duck", "n_points": 37, "bbox_aspect": 1.2878787878787878, "n_extensions_spliced": 2, "main_perimeter_px": 595.3193613230253, "score": 0.9332336611565413, "coords": [[-0.25294, 0.27451], [-0.25294, 0.26667], [-0.5, 0.24314], [-0.17059, 0.2], [-0.17059, 0.2], [-0.5, 0.24314], [-0.25294, 0.26667], [-0.19804, 0.34902], [-0.15098, 0.37647], [-0.1, 0.38824], [-0.03725, 0.36471], [-0.02941, 0.32941], [-0.04902, 0.27059], [-0.00196, 0.17255], [0.02549, 0.1451], [0.09216, 0.12941], [0.36667, 0.1451], [0.42157, 0.13333], [0.48824, 0.10196], [0.5, 0.04706], [0.49216, -0.03529], [0.4451, -0.1098], [0.39412, -0.15686], [0.1549, -0.25098], [-0.04118, -0.27059], [-0.13922, -0.24706], [-0.16275, -0.27059], [-0.17059, -0.35686], [-0.18627, -0.38824], [-0.18627, -0.38824], [-0.17059, -0.35686], [-0.16275, -0.27059], [-0.21373, -0.18824], [-0.2451, -0.12157], [-0.25294, -0.08235], [-0.2451, 0.06275], [-0.17451, 0.18824], [-0.25294, 0.27451]]}