{"rank": 38, "key_id": "5770475835752448", "category": "duck", "n_points": 36, "bbox_aspect": 1.2686567164179106, "n_extensions_spliced": 2, "main_perimeter_px": 600.0154957474707, "score": 0.9310404803346963, "coords": [[-0.27255, 0.24902], [-0.26863, 0.22157], [-0.4098, 0.20196], [-0.48824, 0.16667], [-0.5, 0.16275], [-0.43725, 0.11176], [-0.3902, 0.08824], [-0.29216, 0.08824], [-0.27255, 0.1], [-0.27255, 0.1], [-0.29216, 0.08824], [-0.3902, 0.08824], [-0.43725, 0.11176], [-0.5, 0.16275], [-0.26863, 0.1549], [-0.26863, 0.1549], [-0.48824, 0.16667], [-0.4098, 0.20196], [-0.26863, 0.22157], [-0.26471, 0.33137], [-0.24118, 0.36275], [-0.17059, 0.39412], [-0.12353, 0.38235], [-0.08039, 0.3], [-0.08039, 0.09608], [-0.06078, -0.07647], [-0.02157, -0.09608], [0.46863, -0.08824], [0.5, -0.18235], [0.5, -0.30392], [0.48431, -0.35098], [0.45686, -0.38235], [0.40196, -0.39412], [-0.12353, -0.38235], [-0.20588, -0.31176], [-0.2451, -0.22157], [-0.27255, 0.24902]]}