{"rank": 39, "key_id": "5616495826567168", "category": "duck", "n_points": 39, "bbox_aspect": 1.4488636363636365, "n_extensions_spliced": 2, "main_perimeter_px": 391.8983880832666, "score": 0.9307308507588233, "coords": [[-0.13922, 0.08235], [-0.14314, 0.07843], [-0.19412, 0.07059], [-0.19412, 0.07059], [-0.14314, 0.07843], [-0.20196, 0.07059], [-0.19804, 0.1451], [-0.22157, 0.25882], [-0.24902, 0.29804], [-0.32745, 0.3451], [-0.42157, 0.33725], [-0.48824, 0.29412], [-0.5, 0.26275], [-0.49216, 0.10588], [-0.48431, 0.25882], [-0.43725, 0.30588], [-0.43725, 0.30588], [-0.48431, 0.25882], [-0.49216, 0.10588], [-0.5, 0.26275], [-0.48824, 0.29412], [-0.42157, 0.33725], [-0.32745, 0.3451], [-0.24902, 0.29804], [-0.22157, 0.25882], [-0.19804, 0.1451], [-0.20196, 0.07059], [-0.0451, 0.0902], [0.08039, 0.13333], [0.46471, 0.13725], [0.49216, 0.09804], [0.5, 0.06275], [0.43725, -0.02353], [0.28431, -0.15294], [0.13529, -0.24706], [-0.01765, -0.31373], [-0.13137, -0.3451], [-0.14706, -0.34118], [-0.16275, -0.28627], [-0.13922, 0.08235]]}