{"rank": 40, "key_id": "6013802044719104", "category": "duck", "n_points": 36, "bbox_aspect": 1.548780487804878, "n_extensions_spliced": 2, "main_perimeter_px": 647.63774042451, "score": 0.9293030781988123, "coords": [[-0.39764, 0.26772], [-0.43307, 0.23622], [-0.5, 0.20866], [-0.49606, 0.17323], [-0.34252, 0.11811], [-0.33465, 0.02362], [-0.31496, -0.02756], [-0.22835, -0.11811], [-0.14173, -0.16535], [-0.10236, -0.18898], [-0.13386, -0.30709], [-0.13386, -0.30709], [-0.10236, -0.18898], [0.01969, -0.22441], [0.02362, -0.21654], [0.03543, -0.32283], [0.03543, -0.32283], [0.02362, -0.21654], [0.12205, -0.22441], [0.18898, -0.19291], [0.2874, -0.11024], [0.32283, -0.06299], [0.48819, 0.03543], [0.5, 0.07874], [0.4685, 0.1063], [0.37008, 0.11417], [0.27953, 0.08268], [0.18898, 0.08268], [0.14567, 0.09449], [0.0748, 0.14567], [0.00394, 0.23622], [-0.1063, 0.31496], [-0.29528, 0.32283], [-0.37008, 0.24016], [-0.41732, 0.26378], [-0.4252, 0.28346], [-0.39764, 0.26772]]}