{"rank": 41, "key_id": "5614131593871360", "category": "duck", "n_points": 36, "bbox_aspect": 1.548780487804878, "n_extensions_spliced": 2, "main_perimeter_px": 475.0702656106505, "score": 0.9293030781988123, "coords": [[0.00787, 0.01969], [-0.05512, 0.08661], [-0.07087, 0.18898], [-0.05906, 0.23622], [-0.02756, 0.27953], [0.01969, 0.31102], [0.05906, 0.32283], [0.12598, 0.31102], [0.09843, 0.22835], [0.20472, 0.25984], [0.12598, 0.31102], [0.05906, 0.32283], [0.01969, 0.31102], [-0.02756, 0.27953], [-0.05906, 0.23622], [-0.07087, 0.18898], [-0.05512, 0.08661], [0.01181, 0.00787], [-0.05118, 0.02362], [-0.11024, 0.00787], [-0.25591, -0.07874], [-0.40945, 0.03937], [-0.48819, 0.06299], [-0.5, 0.05512], [-0.47244, -0.00394], [-0.4685, -0.12205], [-0.45276, -0.16142], [-0.40945, -0.20866], [-0.31102, -0.26378], [-0.11024, -0.30709], [0.08661, -0.32283], [0.19685, -0.30315], [0.27559, -0.25197], [0.29528, -0.22441], [0.31102, -0.10236], [0.26772, 0.01181], [0.00787, 0.01969]]}