{"rank": 42, "key_id": "5295061380104192", "category": "duck", "n_points": 31, "bbox_aspect": 1.3421052631578947, "n_extensions_spliced": 2, "main_perimeter_px": 763.3852936979506, "score": 0.9287703987970423, "coords": [[-0.31961, 0.30588], [-0.44902, 0.27059], [-0.5, 0.24706], [-0.5, 0.17647], [-0.46863, 0.16471], [-0.30784, 0.18431], [-0.34314, -0.11765], [-0.33922, -0.20784], [-0.31961, -0.23922], [-0.21373, -0.26667], [-0.1549, -0.24314], [0.16667, -0.26275], [0.22941, -0.2549], [0.27647, -0.21961], [0.39804, -0.18039], [0.48431, -0.08627], [0.5, -0.04314], [0.5, 0.02745], [0.45294, 0.06275], [0.37843, 0.06275], [0.21765, 0.01961], [0.03725, 0.01176], [-0.00196, 0.01961], [-0.0451, 0.03529], [-0.06863, 0.0549], [-0.14314, 0.16078], [-0.19412, 0.28627], [-0.21765, 0.37255], [-0.25294, 0.37255], [-0.33529, 0.3451], [-0.36275, 0.30196], [-0.31961, 0.30588]]}