{"rank": 43, "key_id": "6237741471760384", "category": "duck", "n_points": 44, "bbox_aspect": 1.4111111111111112, "n_extensions_spliced": 2, "main_perimeter_px": 629.8129782052005, "score": 0.927799707678354, "coords": [[0.15748, -0.35433], [0.15748, -0.33465], [0.10236, -0.34646], [-0.07874, -0.32283], [-0.07874, -0.32283], [0.10236, -0.34646], [0.15748, -0.33465], [0.12598, -0.16929], [-0.11811, -0.11417], [-0.22047, -0.05512], [-0.28346, 0.00394], [-0.30315, 0.02756], [-0.3189, 0.07874], [-0.25591, 0.10236], [-0.24409, 0.1378], [-0.30709, 0.18504], [-0.30709, 0.20472], [-0.33071, 0.2126], [-0.47638, 0.20079], [-0.5, 0.25197], [-0.48819, 0.27559], [-0.36614, 0.25591], [-0.34646, 0.24016], [-0.34646, 0.24016], [-0.36614, 0.25591], [-0.48819, 0.27559], [-0.5, 0.25197], [-0.47638, 0.20079], [-0.33071, 0.2126], [-0.30709, 0.20472], [-0.35827, 0.19685], [-0.35827, 0.25984], [-0.34646, 0.29921], [-0.3189, 0.32677], [-0.20472, 0.35433], [-0.15748, 0.27559], [-0.14567, 0.2126], [0.38583, 0.14567], [0.49213, 0.09449], [0.5, 0.0315], [0.41339, -0.05906], [0.32283, -0.10236], [0.17717, -0.11811], [0.18504, -0.12598], [0.15748, -0.35433]]}