{"rank": 44, "key_id": "5226116686020608", "category": "duck", "n_points": 38, "bbox_aspect": 1.5178571428571428, "n_extensions_spliced": 2, "main_perimeter_px": 533.7266474086972, "score": 0.9267542029395652, "coords": [[0.37451, 0.0902], [0.48039, 0.14118], [0.5, 0.20784], [0.4451, 0.23137], [0.34706, 0.21961], [0.31569, 0.29412], [0.29216, 0.30588], [0.21765, 0.3098], [0.22941, 0.27843], [0.23333, 0.30588], [0.29216, 0.30588], [0.31569, 0.29412], [0.34706, 0.21961], [0.4451, 0.23137], [0.5, 0.20784], [0.48039, 0.14118], [0.36667, 0.0902], [0.25294, 0.09412], [0.23333, 0.07059], [0.21373, -0.08627], [0.16667, -0.20392], [0.13137, -0.26667], [0.1, -0.2902], [-0.07255, -0.32941], [-0.16667, -0.31765], [-0.36667, -0.26275], [-0.45294, -0.19608], [-0.49608, -0.12549], [-0.5, -0.07843], [-0.48039, -0.02353], [-0.41765, 0.03137], [-0.36275, 0.05098], [-0.07647, 0.03922], [0.01373, 0.05882], [0.05294, 0.10196], [0.0451, 0.16471], [0.05686, 0.25098], [0.08039, 0.28235], [0.37451, 0.0902]]}