{"rank": 45, "key_id": "4600573489840128", "category": "duck", "n_points": 37, "bbox_aspect": 1.536144578313253, "n_extensions_spliced": 2, "main_perimeter_px": 628.4936299143485, "score": 0.9267042025401977, "coords": [[-0.26471, 0.15686], [-0.26863, 0.16471], [-0.45294, 0.09804], [-0.5, 0.14118], [-0.29216, 0.20392], [-0.29216, 0.20392], [-0.5, 0.14118], [-0.45294, 0.09804], [-0.26863, 0.16471], [-0.29216, 0.24706], [-0.28824, 0.28627], [-0.20196, 0.32549], [-0.06471, 0.32549], [-0.01765, 0.28627], [-0.00588, 0.13725], [0.02941, 0.01569], [0.11569, -0.01176], [0.44902, -0.01569], [0.49216, -0.05098], [0.5, -0.1451], [0.49608, -0.18431], [0.45686, -0.21569], [0.31176, -0.23529], [0.05686, -0.24314], [-0.19804, -0.21176], [-0.07647, -0.23137], [-0.11176, -0.30588], [-0.21765, -0.32549], [-0.06471, -0.32157], [-0.06471, -0.32157], [-0.21765, -0.32549], [-0.11176, -0.30588], [-0.07647, -0.23137], [-0.26078, -0.16471], [-0.28431, -0.0902], [-0.29608, 0.07451], [-0.26471, 0.18824], [-0.26471, 0.15686]]}