{"rank": 46, "key_id": "5001731656122368", "category": "duck", "n_points": 30, "bbox_aspect": 1.4488636363636365, "n_extensions_spliced": 2, "main_perimeter_px": 735.3702190802294, "score": 0.9259848805506569, "coords": [[-0.35882, 0.23529], [-0.36275, 0.24706], [-0.35882, 0.28627], [-0.31569, 0.33725], [-0.25686, 0.3451], [-0.18627, 0.32941], [-0.15098, 0.3098], [-0.1, 0.21961], [0.01765, 0.09804], [0.14706, 0.04314], [0.26078, 0.03137], [0.32745, 0.03922], [0.3549, 0.07059], [0.37451, 0.24706], [0.40588, 0.12941], [0.42549, 0.09412], [0.43333, 0.10196], [0.49216, 0.26275], [0.5, 0.16078], [0.45686, -0.14118], [0.43333, -0.19216], [0.37451, -0.24314], [0.28824, -0.28235], [0.19412, -0.27843], [0.01765, -0.23922], [-0.10784, -0.2], [-0.09216, -0.18824], [-0.18627, -0.15294], [-0.23333, -0.08627], [-0.27647, 0.12941], [-0.35882, 0.23529]]}