{"rank": 47, "key_id": "4630956050743296", "category": "duck", "n_points": 31, "bbox_aspect": 1.4682080924855492, "n_extensions_spliced": 2, "main_perimeter_px": 617.9379939187081, "score": 0.925034028203652, "coords": [[0.31102, 0.25394], [0.25591, 0.30118], [0.16142, 0.33268], [0.09843, 0.34055], [-0.01575, 0.30906], [-0.08661, 0.22244], [-0.13386, 0.04134], [-0.12598, 0.00984], [-0.23228, 0.02165], [-0.35039, 0.01378], [-0.44882, -0.03346], [-0.5, -0.11614], [-0.5, -0.19488], [-0.44882, -0.24606], [-0.35433, -0.30512], [-0.08661, -0.34055], [0.12598, -0.33661], [0.24803, -0.2815], [0.29528, -0.23425], [0.3189, -0.18701], [0.34252, -0.02165], [0.31496, 0.07677], [0.28346, 0.1122], [0.27953, 0.10827], [0.45669, 0.12402], [0.5, 0.17126], [0.47244, 0.17913], [0.49213, 0.21063], [0.5, 0.17126], [0.45669, 0.12402], [0.27953, 0.10827], [0.31102, 0.25394]]}