{"rank": 48, "key_id": "6180844156747776", "category": "duck", "n_points": 35, "bbox_aspect": 1.2686567164179106, "n_extensions_spliced": 2, "main_perimeter_px": 746.4076760087061, "score": 0.922707147001363, "coords": [[-0.34314, 0.25686], [-0.5, -0.05294], [-0.46078, -0.02157], [-0.26078, 0.08039], [-0.5, -0.05294], [-0.35882, 0.22157], [-0.35098, 0.26078], [-0.31569, 0.34706], [-0.26471, 0.37843], [-0.11569, 0.39412], [-0.05686, 0.3549], [-0.02157, 0.28431], [-0.01373, 0.21373], [-0.04118, -0.04902], [0.00588, -0.11961], [0.06863, -0.14706], [0.18235, -0.14314], [0.24118, -0.11961], [0.28039, -0.08824], [0.32353, -0.0098], [0.34706, 0.12353], [0.40588, 0.12745], [0.46471, 0.08039], [0.48824, 0.01765], [0.5, -0.10784], [0.5, -0.2098], [0.48431, -0.24118], [0.41373, -0.30392], [0.30784, -0.35098], [0.16667, -0.3902], [0.08431, -0.39412], [-0.03725, -0.36275], [-0.13529, -0.25686], [-0.19804, -0.12745], [-0.23725, 0.08431], [-0.34314, 0.25686]]}