{"rank": 49, "key_id": "6745311009570816", "category": "duck", "n_points": 35, "bbox_aspect": 1.5454545454545454, "n_extensions_spliced": 2, "main_perimeter_px": 564.4134634373015, "score": 0.9224745824210239, "coords": [[-0.24118, 0.22157], [-0.2451, 0.21373], [-0.40196, 0.17843], [-0.48824, 0.13529], [-0.5, 0.13137], [-0.3549, 0.08431], [-0.20588, 0.07647], [-0.20588, 0.07647], [-0.3549, 0.08431], [-0.5, 0.13137], [-0.23725, 0.12745], [-0.23725, 0.12745], [-0.48824, 0.13529], [-0.40196, 0.17843], [-0.2451, 0.21373], [-0.21765, 0.27647], [-0.17451, 0.31176], [-0.11176, 0.32353], [-0.04118, 0.31176], [-0.00196, 0.28824], [0.01765, 0.2451], [0.0451, 0.03333], [0.23333, 0.04118], [0.37059, 0.0098], [0.4451, -0.06078], [0.48431, -0.13529], [0.5, -0.20196], [0.49216, -0.27255], [0.4451, -0.28824], [0.00196, -0.32353], [-0.12353, -0.30784], [-0.18627, -0.27255], [-0.21765, -0.22157], [-0.22549, -0.1], [-0.21373, 0.02549], [-0.24118, 0.22157]]}