{"rank": 50, "key_id": "5801861846138880", "category": "duck", "n_points": 35, "bbox_aspect": 1.5454545454545454, "n_extensions_spliced": 2, "main_perimeter_px": 515.1221683214364, "score": 0.9224745824210239, "coords": [[-0.19412, 0.2451], [-0.23725, 0.21373], [-0.42549, 0.20588], [-0.5, 0.14706], [-0.46078, 0.10784], [-0.40588, 0.09608], [-0.22549, 0.1], [-0.17843, 0.11961], [-0.26863, 0.09608], [-0.40588, 0.09608], [-0.46078, 0.10784], [-0.5, 0.14706], [-0.42549, 0.20588], [-0.23725, 0.21373], [-0.17843, 0.2451], [-0.13529, 0.31176], [-0.07647, 0.32353], [0.00196, 0.31176], [0.02941, 0.28039], [0.04902, 0.20588], [0.05686, 0.02941], [0.08431, -0.09216], [0.11569, -0.10392], [0.27255, -0.10784], [0.37843, -0.11961], [0.46863, -0.1549], [0.5, -0.19804], [0.48824, -0.22549], [0.31569, -0.31176], [0.22549, -0.32353], [0.13137, -0.31176], [-0.0098, -0.25294], [-0.18627, -0.20588], [-0.22157, -0.12353], [-0.2098, -0.03333], [-0.19412, 0.2451]]}