{"rank": 51, "key_id": "4645006235140096", "category": "duck", "n_points": 31, "bbox_aspect": 1.328125, "n_extensions_spliced": 2, "main_perimeter_px": 605.7801320492117, "score": 0.9214404888899356, "coords": [[-0.20588, -0.07451], [-0.19412, -0.08235], [-0.16667, -0.08627], [-0.15882, -0.19216], [-0.19412, -0.08235], [-0.23333, -0.07451], [-0.3902, -0.15294], [-0.47255, -0.15686], [-0.49608, -0.14118], [-0.5, -0.07843], [-0.46863, -0.04706], [-0.38627, -0.01569], [-0.33137, 0.03529], [-0.25294, 0.08235], [-0.11176, 0.12549], [0.00196, 0.1451], [0.01373, 0.21176], [0.0451, 0.27451], [0.13529, 0.36078], [0.20196, 0.37647], [0.33922, 0.37647], [0.41765, 0.35686], [0.5, 0.28235], [0.48824, 0.26275], [0.43333, 0.25882], [0.39412, 0.22745], [0.31176, 0.20392], [0.23333, 0.1451], [0.05294, -0.02353], [-0.05686, -0.09412], [-0.14314, -0.1098], [-0.20588, -0.07451]]}