{"rank": 52, "key_id": "6189587334430720", "category": "duck", "n_points": 30, "bbox_aspect": 1.3421052631578947, "n_extensions_spliced": 2, "main_perimeter_px": 556.0795627789028, "score": 0.9204370654637088, "coords": [[-0.12353, 0.2549], [-0.10784, 0.27843], [-0.11961, 0.3098], [-0.06078, 0.36078], [0.02549, 0.37255], [0.08824, 0.35686], [0.13529, 0.2902], [0.11961, 0.14902], [0.13137, 0.09412], [0.15882, 0.02353], [0.2098, -0.00784], [0.26471, -0.0], [0.35098, 0.07059], [0.39412, 0.12941], [0.42549, 0.14902], [0.46863, 0.15294], [0.48824, 0.1098], [0.5, -0.01569], [0.49216, -0.08627], [0.46078, -0.14902], [0.44118, -0.16863], [0.39412, -0.18039], [0.14706, -0.19216], [0.20196, -0.18039], [0.07647, -0.17255], [0.0098, -0.11765], [-0.02549, -0.01961], [-0.07255, 0.05882], [-0.16275, 0.11765], [-0.22157, 0.12549], [-0.12353, 0.2549]]}