{"rank": 53, "key_id": "5473572396990464", "category": "duck", "n_points": 32, "bbox_aspect": 1.3076923076923077, "n_extensions_spliced": 2, "main_perimeter_px": 669.7494648019277, "score": 0.9189208916480932, "coords": [[-0.31569, 0.22549], [-0.26471, 0.30784], [-0.18235, 0.36667], [-0.11176, 0.38235], [-0.03725, 0.34706], [-0.00588, 0.30784], [0.00196, 0.20588], [-0.02157, 0.03725], [0.0451, 0.02941], [0.21765, 0.05686], [0.5, 0.06078], [0.27255, -0.10392], [0.31961, -0.11961], [0.33529, -0.13529], [0.28431, -0.20588], [0.2098, -0.25294], [0.21373, -0.3], [0.10784, -0.34314], [-0.08824, -0.38235], [-0.14706, -0.37059], [-0.21765, -0.30784], [-0.22941, -0.28431], [-0.26078, -0.15098], [-0.26471, 0.06863], [-0.21765, 0.16275], [-0.27255, 0.11569], [-0.41373, 0.11961], [-0.41373, 0.1], [-0.5, 0.15098], [-0.41373, 0.11961], [-0.27255, 0.11569], [-0.21765, 0.16275], [-0.31569, 0.22549]]}