{"rank": 54, "key_id": "4618080695091200", "category": "duck", "n_points": 28, "bbox_aspect": 1.3709677419354838, "n_extensions_spliced": 2, "main_perimeter_px": 646.8487073428216, "score": 0.9186645777101418, "coords": [[-0.35882, 0.15294], [-0.36667, 0.17647], [-0.36667, 0.25098], [-0.3549, 0.29804], [-0.33137, 0.32157], [-0.2451, 0.36471], [-0.16667, 0.35294], [-0.08039, 0.27843], [-0.05686, 0.2], [-0.06471, -0.0902], [-0.04902, -0.14902], [0.0098, -0.12941], [0.11961, -0.04706], [0.17451, -0.02745], [0.23725, -0.03137], [0.32353, -0.0549], [0.36667, -0.08627], [0.39412, -0.12549], [0.39804, -0.18431], [0.3549, -0.26667], [0.28039, -0.31765], [0.20196, -0.3451], [0.05686, -0.36471], [-0.18235, -0.32549], [-0.24902, -0.28235], [-0.28431, -0.20784], [-0.31569, -0.0549], [-0.30784, 0.03529], [-0.35882, 0.15294]]}