{"rank": 55, "key_id": "4841654936666112", "category": "duck", "n_points": 31, "bbox_aspect": 1.4825581395348837, "n_extensions_spliced": 2, "main_perimeter_px": 648.6279523457976, "score": 0.9182255511267012, "coords": [[-0.09608, 0.09804], [-0.26863, 0.10196], [-0.36275, 0.01569], [-0.48431, -0.04706], [-0.48824, -0.08235], [-0.30784, -0.0902], [-0.28431, -0.07843], [-0.14314, -0.12157], [-0.0451, -0.12941], [0.13529, -0.12157], [0.16667, -0.1098], [0.19412, -0.0902], [0.20196, -0.0549], [0.19412, 0.00784], [0.14314, 0.07843], [0.14706, 0.11373], [0.17059, 0.1451], [0.24902, 0.2], [0.30784, 0.18824], [0.35098, 0.22353], [0.48431, 0.21176], [0.5, 0.23137], [0.48824, 0.24706], [0.39804, 0.25098], [0.36275, 0.31373], [0.33137, 0.33725], [0.30784, 0.33725], [0.18627, 0.25882], [0.06863, 0.15686], [-0.06863, 0.1098], [-0.12353, 0.10196], [-0.09608, 0.09804]]}