{"rank": 56, "key_id": "5101242621624320", "category": "duck", "n_points": 34, "bbox_aspect": 1.275, "n_extensions_spliced": 2, "main_perimeter_px": 678.691023474854, "score": 0.9178650927257569, "coords": [[0.41765, 0.35686], [0.28431, 0.39216], [0.17059, 0.35686], [0.09608, 0.30196], [0.04118, 0.1098], [-0.01373, 0.01961], [-0.06471, -0.03529], [-0.18235, -0.09804], [-0.42549, -0.12549], [-0.49608, -0.15294], [-0.5, -0.18431], [-0.43333, -0.2549], [-0.3902, -0.2902], [-0.30392, -0.31765], [-0.08431, -0.33333], [-0.06078, -0.34118], [-0.08039, -0.34902], [-0.08431, -0.39216], [-0.08431, -0.39216], [-0.08039, -0.34902], [-0.06078, -0.34118], [0.07647, -0.31765], [0.18627, -0.27843], [0.24118, -0.19216], [0.3, -0.03529], [0.32353, 0.23922], [0.40196, 0.30196], [0.40196, 0.36078], [0.3902, 0.36078], [0.5, 0.30196], [0.37451, 0.28235], [0.37451, 0.28235], [0.5, 0.30196], [0.3902, 0.36078], [0.41765, 0.35686]]}