{"rank": 57, "key_id": "4518438963773440", "category": "duck", "n_points": 45, "bbox_aspect": 1.4166666666666667, "n_extensions_spliced": 2, "main_perimeter_px": 490.29671337210834, "score": 0.916715879647098, "coords": [[0.0098, 0.12941], [-0.00588, 0.15294], [-0.06078, 0.16471], [-0.11176, 0.16471], [-0.28431, 0.12941], [-0.37059, 0.0902], [-0.44902, 0.01961], [-0.49608, -0.1098], [-0.5, -0.15686], [-0.48824, -0.19608], [-0.42549, -0.28235], [-0.36667, -0.32157], [-0.29608, -0.3451], [-0.15882, -0.35294], [-0.07647, -0.33333], [0.05294, -0.27059], [0.12745, -0.18824], [0.16667, -0.07843], [0.17059, -0.03922], [0.26471, 0.07843], [0.34314, 0.23529], [0.46471, 0.19608], [0.5, 0.21961], [0.49216, 0.26667], [0.44118, 0.32157], [0.37451, 0.33725], [0.29608, 0.33725], [0.29608, 0.33725], [0.37451, 0.33725], [0.44118, 0.32157], [0.49216, 0.26667], [0.5, 0.21961], [0.46471, 0.19608], [0.34314, 0.23529], [0.26471, 0.07843], [0.17059, -0.03922], [0.17059, 0.01176], [0.13922, 0.0549], [0.15098, 0.06667], [0.26471, 0.35294], [0.26471, 0.35294], [0.15098, 0.06667], [0.06471, 0.11765], [0.00196, 0.14118], [-0.02941, 0.13725], [0.0098, 0.12941]]}