{"rank": 58, "key_id": "5330382620721152", "category": "duck", "n_points": 46, "bbox_aspect": 1.401098901098901, "n_extensions_spliced": 2, "main_perimeter_px": 442.4593144116366, "score": 0.9161174316443741, "coords": [[-0.34314, 0.09804], [-0.30784, -0.17647], [-0.28431, -0.24314], [-0.1902, -0.3098], [-0.06471, -0.34902], [0.02941, -0.35686], [0.22549, -0.32157], [0.36667, -0.31373], [0.42941, -0.27059], [0.49216, -0.2], [0.5, -0.1451], [0.48824, -0.08235], [0.45686, -0.02745], [0.41765, -0.0], [0.34314, 0.01961], [0.11569, 0.00784], [0.1, 0.00392], [0.04902, -0.0], [-0.01765, 0.03137], [-0.00196, 0.24706], [-0.02549, 0.30588], [-0.06078, 0.33725], [-0.16275, 0.35686], [-0.27647, 0.33333], [-0.35098, 0.28235], [-0.37843, 0.24314], [-0.37451, 0.22353], [-0.37451, 0.21961], [-0.46471, 0.16863], [-0.5, 0.13333], [-0.34706, 0.12941], [-0.34706, 0.12941], [-0.5, 0.13333], [-0.46471, 0.16863], [-0.37451, 0.21961], [-0.37451, 0.22353], [-0.37843, 0.24314], [-0.35098, 0.28235], [-0.27647, 0.33333], [-0.16275, 0.35686], [-0.06078, 0.33725], [-0.02549, 0.30588], [-0.00196, 0.24706], [-0.01765, 0.03137], [0.04902, -0.0], [0.1, 0.00392], [-0.34314, 0.09804]]}