{"rank": 59, "key_id": "5260336804397056", "category": "duck", "n_points": 30, "bbox_aspect": 1.4739884393063585, "n_extensions_spliced": 2, "main_perimeter_px": 766.935170438727, "score": 0.9139502001723959, "coords": [[-0.20196, 0.07647], [-0.20588, 0.08824], [-0.23725, 0.1549], [-0.22157, 0.15882], [-0.2451, 0.27255], [-0.17843, 0.33922], [-0.11176, 0.33529], [-0.02549, 0.28824], [-0.0098, 0.26471], [0.00588, 0.22941], [0.02157, 0.08431], [0.04118, 0.06863], [0.27647, 0.03333], [0.44118, -0.02941], [0.46078, -0.05294], [0.40196, -0.07255], [0.22157, -0.08039], [0.5, -0.16275], [0.32745, -0.17843], [0.48431, -0.25686], [0.48431, -0.28039], [0.39412, -0.29608], [0.42157, -0.31569], [0.37843, -0.33922], [0.10392, -0.3], [0.00588, -0.25686], [-0.04902, -0.21373], [-0.13922, -0.10392], [-0.16667, -0.02549], [-0.17843, 0.07647], [-0.20196, 0.07647]]}