{"rank": 60, "key_id": "5313088800686080", "category": "duck", "n_points": 35, "bbox_aspect": 1.25, "n_extensions_spliced": 2, "main_perimeter_px": 901.9530937805916, "score": 0.9123365869517646, "coords": [[-0.3, 0.13725], [-0.29216, 0.24706], [-0.23725, 0.3451], [-0.15882, 0.39216], [-0.04902, 0.4], [-0.00196, 0.35686], [0.01765, 0.29804], [0.03333, 0.18824], [0.03333, 0.0549], [0.05294, 0.02745], [0.21765, 0.03137], [0.48039, 0.09412], [0.5, -0.01961], [0.43725, -0.12941], [0.37059, -0.2], [0.30392, -0.23529], [0.29608, -0.25882], [0.23333, -0.25098], [0.08824, -0.2549], [0.04118, -0.23529], [-0.06078, -0.14118], [-0.08039, -0.0549], [-0.08039, 0.11373], [-0.1, 0.11373], [-0.27647, -0.0], [-0.4098, -0.06275], [-0.47647, -0.11373], [-0.47255, -0.07843], [-0.43333, -0.01176], [-0.35098, 0.04314], [-0.29608, 0.06667], [-0.38235, 0.09412], [-0.5, 0.09804], [-0.48824, 0.11765], [-0.39412, 0.14902], [-0.3, 0.13725]]}