{"rank": 61, "key_id": "5311615522045952", "category": "duck", "n_points": 31, "bbox_aspect": 1.5, "n_extensions_spliced": 2, "main_perimeter_px": 630.8413819302394, "score": 0.9100383232924674, "coords": [[0.45294, 0.02745], [0.35882, -0.01569], [0.28824, -0.07451], [0.24902, -0.0902], [0.15882, -0.11765], [0.07255, -0.11373], [0.08824, -0.10588], [-0.08824, -0.08235], [-0.15882, -0.03922], [-0.23725, 0.08235], [-0.29216, 0.12941], [-0.34314, 0.1451], [-0.41765, 0.12549], [-0.43725, 0.13725], [-0.49608, 0.23922], [-0.5, 0.27059], [-0.47647, 0.2902], [-0.3549, 0.33333], [-0.22549, 0.32941], [-0.18235, 0.27843], [-0.18235, 0.21961], [-0.17059, 0.18431], [-0.10392, 0.13333], [-0.06471, 0.12157], [-0.00588, 0.12157], [0.11961, 0.15686], [0.27647, 0.18431], [0.39804, 0.16863], [0.46471, 0.13333], [0.5, 0.09804], [0.41765, 0.01569], [0.45294, 0.02745]]}