{"rank": 62, "key_id": "6500500016988160", "category": "duck", "n_points": 33, "bbox_aspect": 1.536144578313253, "n_extensions_spliced": 2, "main_perimeter_px": 683.6628021938652, "score": 0.910037535873531, "coords": [[-0.32353, 0.17255], [-0.33137, 0.14118], [-0.26078, 0.08627], [-0.15882, -0.03529], [-0.14314, -0.10588], [-0.1, -0.11765], [0.03725, -0.11373], [0.33922, -0.12549], [0.42941, -0.09804], [0.46471, -0.08235], [0.48039, -0.0549], [0.5, 0.05098], [0.48431, 0.11373], [0.4098, 0.14118], [0.31569, 0.14902], [0.11569, 0.14902], [-0.07255, 0.12941], [-0.11961, 0.1451], [-0.13922, 0.17647], [-0.22549, 0.22353], [-0.25686, 0.26275], [-0.36667, 0.32549], [-0.43333, 0.29804], [-0.45294, 0.27843], [-0.47647, 0.21961], [-0.5, 0.2], [-0.42157, 0.22745], [-0.4098, 0.22353], [-0.40588, 0.21176], [-0.42941, 0.18431], [-0.49608, 0.14902], [-0.48431, 0.16471], [-0.33529, 0.18039], [-0.32353, 0.17255]]}