{"rank": 63, "key_id": "6251994366869504", "category": "duck", "n_points": 33, "bbox_aspect": 1.536144578313253, "n_extensions_spliced": 2, "main_perimeter_px": 690.1028695807121, "score": 0.910037535873531, "coords": [[0.06471, 0.07843], [0.0098, 0.0902], [-0.02549, 0.12941], [-0.0451, 0.24314], [-0.06471, 0.28235], [-0.10392, 0.31373], [-0.15882, 0.32549], [-0.22157, 0.3098], [-0.31176, 0.25098], [-0.36275, 0.18431], [-0.47647, 0.15294], [-0.5, 0.10588], [-0.49608, 0.09412], [-0.30392, 0.10588], [-0.22941, 0.09804], [-0.20588, 0.06667], [-0.1902, -0.01961], [-0.12353, -0.15686], [-0.08039, -0.18824], [0.04902, -0.23529], [0.1, -0.22745], [0.31961, -0.20784], [0.42549, -0.18431], [0.46471, -0.15686], [0.48824, -0.11765], [0.5, 0.01176], [0.49216, 0.07059], [0.47255, 0.10588], [0.44118, 0.12941], [0.37843, 0.1451], [0.28431, 0.1451], [0.10784, 0.08627], [0.04118, 0.08235], [0.06471, 0.07843]]}