{"rank": 64, "key_id": "5842716447473664", "category": "duck", "n_points": 34, "bbox_aspect": 1.5548780487804879, "n_extensions_spliced": 2, "main_perimeter_px": 469.0313353063513, "score": 0.9098859168342229, "coords": [[0.12745, 0.22745], [0.13137, 0.24314], [0.3549, 0.23137], [0.5, 0.21176], [0.48824, 0.19216], [0.46471, 0.19216], [0.42941, 0.16078], [0.48824, 0.19216], [0.5, 0.21176], [0.3549, 0.23137], [0.13137, 0.24314], [0.10784, 0.29804], [0.07647, 0.31373], [0.00196, 0.32157], [-0.0451, 0.27451], [-0.06078, 0.23137], [-0.06471, 0.1451], [-0.05686, 0.04706], [-0.02549, -0.01176], [-0.02549, -0.07451], [-0.04118, -0.08627], [-0.08824, -0.08235], [-0.16667, -0.01961], [-0.33922, -0.01569], [-0.46863, -0.0902], [-0.5, -0.18039], [-0.49216, -0.2], [-0.45294, -0.21961], [-0.37451, -0.2902], [-0.31961, -0.31373], [-0.24902, -0.32157], [-0.10392, -0.32157], [-0.00196, -0.23529], [0.05686, -0.20784], [0.12745, 0.22745]]}