{"rank": 65, "key_id": "6195612754116608", "category": "duck", "n_points": 29, "bbox_aspect": 1.4655172413793103, "n_extensions_spliced": 2, "main_perimeter_px": 683.6294623445957, "score": 0.9096514601407877, "coords": [[0.08039, 0.07451], [-0.07255, 0.11765], [-0.24902, 0.1098], [-0.35882, 0.0549], [-0.43725, -0.04314], [-0.39804, -0.08627], [-0.29608, -0.14902], [-0.10392, -0.23529], [0.03725, -0.26667], [0.12353, -0.26275], [0.18627, -0.23529], [0.17451, -0.21961], [0.22941, -0.15686], [0.28824, -0.12549], [0.26471, 0.12157], [0.34314, 0.12941], [0.40196, 0.07059], [0.42157, 0.07451], [0.48824, 0.12157], [0.5, 0.16863], [0.48039, 0.19608], [0.42549, 0.20392], [0.40588, 0.29412], [0.37843, 0.32157], [0.30784, 0.34118], [0.2098, 0.33725], [0.15098, 0.3098], [0.08431, 0.22353], [0.07647, 0.06275], [0.08039, 0.07451]]}