{"rank": 66, "key_id": "5686040603918336", "category": "duck", "n_points": 26, "bbox_aspect": 1.3858695652173914, "n_extensions_spliced": 2, "main_perimeter_px": 457.25831969557737, "score": 0.909565552316426, "coords": [[-0.34706, 0.23922], [-0.37059, 0.24314], [-0.5, 0.13333], [-0.43333, 0.13725], [-0.30784, 0.16863], [-0.27647, 0.02745], [-0.25294, -0.02353], [-0.20588, -0.05882], [-0.08039, -0.12157], [-0.05294, -0.17255], [-0.06078, -0.21176], [-0.13529, -0.27451], [-0.14314, -0.32941], [-0.07255, -0.27059], [-0.06471, -0.23922], [-0.07255, -0.25098], [-0.08039, -0.34118], [-0.04902, -0.36078], [-0.04902, -0.21961], [-0.02941, -0.30588], [0.00588, -0.34118], [-0.02941, -0.27059], [-0.03333, -0.22745], [-0.03333, -0.17647], [-0.00588, -0.1451], [-0.00196, -0.1451], [-0.34706, 0.23922]]}