{"rank": 67, "key_id": "6064780164988928", "category": "duck", "n_points": 35, "bbox_aspect": 1.2439024390243902, "n_extensions_spliced": 2, "main_perimeter_px": 876.6726120461525, "score": 0.9089135972458302, "coords": [[-0.32353, 0.24902], [-0.33922, 0.28039], [-0.35098, 0.25686], [-0.31961, 0.35098], [-0.28039, 0.38235], [-0.21765, 0.40196], [-0.17059, 0.35098], [-0.1549, 0.30392], [-0.1549, 0.22549], [-0.11961, 0.05294], [-0.12353, -0.08431], [-0.11569, -0.09608], [0.03725, -0.1], [0.23725, -0.03725], [0.3, -0.00588], [0.33922, 0.07255], [0.34706, -0.00196], [0.36275, 0.00196], [0.39804, 0.05294], [0.39412, -0.01373], [0.47255, 0.11176], [0.47647, 0.08039], [0.44902, -0.01765], [0.5, -0.12353], [0.49608, -0.18627], [0.46078, -0.25686], [0.43333, -0.28824], [0.28039, -0.36667], [0.18235, -0.3902], [0.05686, -0.40196], [-0.2451, -0.37843], [-0.28431, -0.35098], [-0.31569, -0.28039], [-0.28824, 0.07255], [-0.31569, 0.16275], [-0.32353, 0.24902]]}