{"rank": 68, "key_id": "5245726667833344", "category": "duck", "n_points": 35, "bbox_aspect": 1.2439024390243902, "n_extensions_spliced": 2, "main_perimeter_px": 874.4608104373808, "score": 0.9089135972458302, "coords": [[-0.23725, 0.17451], [-0.21373, 0.17843], [-0.18235, 0.29216], [-0.13137, 0.34706], [-0.06078, 0.39804], [-0.01373, 0.40196], [0.06471, 0.36667], [0.09216, 0.30784], [0.10392, 0.19412], [0.1, -0.10784], [0.11569, -0.15098], [0.1902, -0.18627], [0.33137, -0.21765], [0.45686, 0.01373], [0.41765, -0.04118], [0.3549, -0.22157], [0.3549, -0.17843], [0.40196, -0.07255], [0.44118, -0.02549], [0.48431, 0.00588], [0.38627, -0.20196], [0.41765, -0.1902], [0.47647, -0.13922], [0.5, -0.08431], [0.49608, -0.14314], [0.44902, -0.20588], [0.46471, -0.20196], [0.48824, -0.16667], [0.49608, -0.11961], [0.49608, -0.29608], [0.46863, -0.34706], [0.37843, -0.39804], [0.31569, -0.40196], [0.0098, -0.33529], [0.06863, -0.33529], [-0.23725, 0.17451]]}