{"rank": 69, "key_id": "6102326790062080", "category": "duck", "n_points": 32, "bbox_aspect": 1.2878787878787878, "n_extensions_spliced": 2, "main_perimeter_px": 744.5963653529619, "score": 0.9082336611565412, "coords": [[-0.20196, 0.12549], [-0.19412, 0.12941], [-0.2098, 0.13725], [-0.18627, 0.19608], [-0.18235, 0.33725], [-0.1549, 0.38824], [-0.08039, 0.38824], [0.02549, 0.35686], [0.06078, 0.2549], [0.06078, 0.18431], [0.03725, 0.12941], [0.15098, -0.09804], [0.23725, -0.14902], [0.30392, -0.17255], [0.4451, -0.05098], [0.48039, -0.05882], [0.5, -0.10588], [0.5, -0.12549], [0.47647, -0.14118], [0.32353, -0.15294], [0.37059, -0.28627], [0.36667, -0.33725], [0.33529, -0.38431], [0.13137, -0.38824], [0.09216, -0.28627], [0.06471, -0.2902], [-0.00588, -0.32941], [-0.09608, -0.31765], [-0.22157, -0.22745], [-0.25686, -0.17255], [-0.28431, -0.06667], [-0.20196, 0.15294], [-0.20196, 0.12549]]}