{"rank": 70, "key_id": "6709288477130752", "category": "duck", "n_points": 35, "bbox_aspect": 1.2763819095477387, "n_extensions_spliced": 2, "main_perimeter_px": 391.88164324054475, "score": 0.9066608187390105, "coords": [[-0.0748, 0.01772], [-0.14961, 0.04921], [-0.29528, 0.03346], [-0.42126, -0.02559], [-0.45276, -0.05315], [-0.49606, -0.11614], [-0.5, -0.17913], [-0.48819, -0.24213], [-0.4685, -0.27756], [-0.41339, -0.32087], [-0.35039, -0.3563], [-0.24016, -0.3878], [-0.18504, -0.39173], [-0.1378, -0.37598], [-0.03543, -0.30906], [-0.00394, -0.25], [0.00394, -0.17913], [-0.04331, -0.03346], [-0.01969, -0.02165], [-0.02756, 0.06102], [0.0, 0.14764], [0.01969, 0.16339], [0.20472, 0.17913], [0.29528, 0.23031], [0.30709, 0.26575], [0.31102, 0.2815], [0.30315, 0.30906], [0.30709, 0.26575], [0.29528, 0.23031], [0.20472, 0.17913], [0.01969, 0.16339], [0.0, 0.14764], [-0.02756, 0.06102], [-0.01969, -0.02165], [-0.04724, 0.08071], [-0.0748, 0.01772]]}