{"rank": 71, "key_id": "5411101564993536", "category": "duck", "n_points": 33, "bbox_aspect": 1.5454545454545454, "n_extensions_spliced": 2, "main_perimeter_px": 437.841504562787, "score": 0.9058079157543572, "coords": [[-0.08431, 0.08431], [0.09216, 0.31176], [0.21373, 0.28039], [0.26078, 0.21765], [0.24118, 0.18235], [0.26471, 0.13137], [0.26078, 0.21765], [0.21373, 0.28039], [0.09216, 0.31176], [-0.11176, 0.01765], [-0.11569, -0.11176], [-0.26471, -0.0451], [-0.46863, -0.04118], [-0.49216, -0.06863], [-0.5, -0.11569], [-0.46078, -0.18235], [-0.3902, -0.21765], [-0.30784, -0.22157], [-0.24902, -0.19412], [-0.13137, -0.18627], [-0.15098, -0.22941], [-0.1549, -0.3], [-0.11569, -0.31961], [-0.0098, -0.32353], [-0.0098, -0.29216], [-0.07255, -0.29216], [-0.00196, -0.28431], [-0.0098, -0.26471], [-0.0451, -0.26078], [-0.00588, -0.25686], [0.00196, -0.23725], [-0.07647, -0.23333], [-0.06863, -0.22157], [-0.08431, 0.08431]]}