{"rank": 72, "key_id": "5869855993495552", "category": "duck", "n_points": 35, "bbox_aspect": 1.2378640776699028, "n_extensions_spliced": 2, "main_perimeter_px": 806.305088403563, "score": 0.9055072644900092, "coords": [[-0.04902, 0.37647], [-0.17059, 0.4], [-0.23725, 0.27059], [-0.41765, 0.2902], [-0.48824, 0.26275], [-0.5, 0.2], [-0.44902, 0.13725], [-0.34706, 0.11765], [-0.1902, 0.1451], [-0.13922, 0.06275], [-0.16275, -0.04706], [-0.26863, -0.23922], [-0.25294, -0.27451], [-0.06863, -0.38431], [0.06863, -0.4], [-0.17059, -0.15294], [-0.11176, -0.25098], [0.06863, -0.4], [-0.06863, -0.38431], [-0.25294, -0.27451], [-0.26863, -0.23922], [-0.14314, -0.06667], [-0.27255, -0.07059], [-0.31961, -0.16078], [-0.22941, -0.22745], [-0.04902, -0.29804], [0.10784, -0.30588], [0.35882, -0.2549], [0.46471, -0.15294], [0.5, -0.04706], [0.48039, 0.00392], [0.32353, -0.00784], [0.17059, 0.04706], [0.06863, 0.20784], [0.01765, 0.37647], [-0.04902, 0.37647]]}