{"rank": 73, "key_id": "5038554772144128", "category": "duck", "n_points": 35, "bbox_aspect": 1.2378640776699028, "n_extensions_spliced": 2, "main_perimeter_px": 886.6377529845233, "score": 0.9055072644900092, "coords": [[-0.30392, 0.3098], [-0.30784, 0.27059], [-0.29216, 0.34902], [-0.26863, 0.38039], [-0.22941, 0.4], [-0.17059, 0.40392], [-0.1, 0.36471], [-0.05294, 0.2902], [-0.05294, 0.16471], [-0.10784, -0.03529], [-0.19412, -0.15294], [-0.25686, -0.16078], [-0.25294, -0.17255], [-0.17451, -0.21569], [-0.00588, -0.22353], [0.02549, -0.20784], [0.19412, -0.18039], [0.28824, -0.13333], [0.33922, -0.12941], [0.42941, -0.06275], [0.5, 0.03922], [0.43725, -0.19608], [0.3902, -0.32157], [0.14314, -0.36863], [0.10784, -0.35686], [0.02157, -0.36078], [-0.08431, -0.40392], [-0.36275, -0.32157], [-0.43725, -0.31765], [-0.45686, -0.29804], [-0.46078, -0.26667], [-0.41765, -0.12941], [-0.28039, 0.05882], [-0.29608, 0.10196], [-0.27647, 0.09804], [-0.30392, 0.3098]]}