{"rank": 74, "key_id": "5699681357135872", "category": "duck", "n_points": 32, "bbox_aspect": 1.2814070351758795, "n_extensions_spliced": 2, "main_perimeter_px": 682.3336640777899, "score": 0.9047072053355714, "coords": [[-0.25686, 0.30392], [-0.31961, 0.28039], [-0.31176, 0.21765], [-0.37451, 0.22549], [-0.38235, 0.14314], [-0.3549, 0.11176], [-0.31176, 0.11569], [-0.24902, 0.16275], [-0.14314, 0.19412], [-0.14706, 0.12353], [-0.17451, 0.02157], [-0.17451, -0.11569], [-0.17059, -0.15098], [-0.11176, -0.21373], [-0.01765, -0.25294], [0.11176, -0.25686], [0.18235, -0.2451], [0.15098, -0.22549], [0.37451, -0.1549], [0.46471, -0.08824], [0.5, -0.02157], [0.45294, -0.01373], [0.27255, -0.03333], [0.13137, -0.03333], [0.1, -0.02157], [0.04118, 0.02941], [0.00196, 0.09216], [-0.0098, 0.17451], [-0.0098, 0.37059], [-0.03725, 0.3902], [-0.1, 0.3902], [-0.19412, 0.34314], [-0.25686, 0.30392]]}