{"rank": 75, "key_id": "5907900964798464", "category": "duck", "n_points": 27, "bbox_aspect": 1.3563829787234043, "n_extensions_spliced": 2, "main_perimeter_px": 642.7640399616429, "score": 0.9028445419950849, "coords": [[-0.32353, 0.16471], [-0.34706, 0.19608], [-0.34706, 0.17255], [-0.35882, 0.24314], [-0.34706, 0.32549], [-0.3, 0.36471], [-0.19804, 0.36863], [-0.12353, 0.28627], [-0.11176, 0.25882], [-0.11569, 0.09412], [0.09608, 0.09412], [0.21373, 0.11373], [0.33529, 0.11373], [0.40196, 0.09804], [0.47647, 0.05882], [0.5, -0.01176], [0.49608, -0.11765], [0.39804, -0.23922], [0.33137, -0.2902], [0.26078, -0.32941], [0.06078, -0.36863], [-0.17451, -0.36863], [-0.33922, -0.35294], [-0.4098, -0.3098], [-0.42941, -0.27059], [-0.42941, -0.22745], [-0.42157, -0.18824], [-0.32353, 0.16471]]}