{"rank": 76, "key_id": "5473961359966208", "category": "duck", "n_points": 33, "bbox_aspect": 1.2623762376237624, "n_extensions_spliced": 2, "main_perimeter_px": 757.842445562657, "score": 0.902566527795206, "coords": [[0.30784, 0.1451], [0.28039, 0.31765], [0.26863, 0.35294], [0.23725, 0.38039], [0.15098, 0.39608], [0.04902, 0.36471], [-0.00196, 0.32549], [-0.02157, 0.2549], [-0.02157, 0.18824], [0.04902, -0.00392], [0.06078, -0.08627], [0.06078, -0.12157], [0.03725, -0.17647], [-0.01765, -0.21569], [-0.05294, -0.23137], [-0.24902, -0.22353], [-0.42549, -0.17647], [-0.49216, -0.17647], [-0.5, -0.21176], [-0.48824, -0.24314], [-0.44118, -0.31373], [-0.25294, -0.36863], [-0.13137, -0.37255], [0.05294, -0.39608], [0.17059, -0.39608], [0.24902, -0.38039], [0.34706, -0.32941], [0.39804, -0.27843], [0.4098, -0.24314], [0.4098, -0.11373], [0.38235, -0.02353], [0.34706, 0.0549], [0.32353, 0.04706], [0.30784, 0.1451]]}