{"rank": 77, "key_id": "5295214488977408", "category": "duck", "n_points": 35, "bbox_aspect": 1.5911949685534592, "n_extensions_spliced": 2, "main_perimeter_px": 735.6321387763638, "score": 0.9020575317464136, "coords": [[-0.13241, 0.10079], [-0.08103, 0.28261], [0.00593, 0.29842], [0.04545, 0.25889], [0.07312, 0.19565], [0.08103, 0.04941], [0.09289, 0.02174], [0.14032, 0.01383], [0.23123, 0.05336], [0.42885, 0.07312], [0.47233, 0.04941], [0.5, 0.00988], [0.5, -0.03755], [0.42885, -0.11265], [0.40119, -0.12846], [0.24704, -0.14032], [0.16008, -0.07708], [0.1087, -0.07312], [0.07312, -0.2668], [0.01383, -0.31028], [0.00198, -0.23913], [0.04941, -0.14032], [0.04941, -0.09289], [0.01779, -0.05731], [-0.05731, -0.06126], [-0.08893, -0.12451], [-0.08103, -0.27866], [-0.10474, -0.30632], [-0.14822, -0.31423], [-0.18379, -0.2747], [-0.20751, -0.20751], [-0.1996, -0.14822], [-0.16798, -0.08103], [-0.15217, 0.00198], [-0.23123, 0.02964], [-0.13241, 0.10079]]}