{"rank": 78, "key_id": "4897993109012480", "category": "duck", "n_points": 34, "bbox_aspect": 1.5740740740740742, "n_extensions_spliced": 2, "main_perimeter_px": 683.6216974531112, "score": 0.9012968520199528, "coords": [[-0.5, 0.06667], [-0.45294, 0.02353], [-0.35882, 0.01176], [-0.15882, 0.16078], [-0.09216, 0.18431], [0.04902, 0.20392], [0.25294, 0.31765], [0.29216, 0.31765], [0.33922, 0.27451], [0.35882, 0.22745], [0.35882, 0.15686], [0.37059, 0.13725], [0.49608, 0.11373], [0.5, 0.09412], [0.43725, 0.0549], [0.37843, 0.04706], [0.31961, 0.06667], [0.31961, 0.0549], [0.40196, -0.01961], [0.4098, -0.03529], [0.39412, -0.04706], [0.3549, -0.04706], [0.30784, -0.03137], [0.1902, 0.05098], [0.13529, -0.02353], [0.03725, -0.10588], [0.0451, -0.1098], [-0.05294, -0.14902], [-0.04118, -0.16078], [-0.15098, -0.16863], [-0.29216, -0.14902], [-0.39412, -0.10588], [-0.46471, -0.02745], [-0.47647, 0.03529], [-0.5, 0.06667]]}