{"rank": 79, "key_id": "5921648286892032", "category": "duck", "n_points": 35, "bbox_aspect": 1.59375, "n_extensions_spliced": 2, "main_perimeter_px": 467.8835343809316, "score": 0.9009344213542962, "coords": [[-0.17059, 0.16471], [-0.19412, 0.19216], [-0.26863, 0.13725], [-0.49216, 0.02745], [-0.5, -0.00392], [-0.42157, -0.01961], [-0.26471, -0.01961], [-0.19412, -0.00392], [-0.15882, -0.01176], [-0.15098, 0.03529], [-0.19412, -0.00392], [-0.26471, -0.01961], [-0.42157, -0.01961], [-0.5, -0.00392], [-0.49216, 0.02745], [-0.26863, 0.13725], [-0.19412, 0.19216], [-0.16275, 0.28235], [-0.10784, 0.31373], [-0.01373, 0.31373], [0.03725, 0.2902], [0.08039, 0.23137], [0.08824, 0.07451], [0.04118, -0.01176], [0.06078, -0.03529], [0.12745, -0.0549], [0.38235, -0.0549], [0.43333, -0.03922], [0.49216, -0.00392], [0.5, -0.15686], [0.3902, -0.25098], [0.32353, -0.27451], [0.1, -0.3098], [0.04902, -0.3098], [0.04902, -0.27059], [-0.17059, 0.16471]]}