{"rank": 80, "key_id": "5572683615961088", "category": "duck", "n_points": 27, "bbox_aspect": 1.351063829787234, "n_extensions_spliced": 2, "main_perimeter_px": 650.5217230794055, "score": 0.9000940472971621, "coords": [[-0.34252, 0.24016], [-0.35039, 0.24016], [-0.35039, 0.34646], [-0.28346, 0.37008], [-0.14567, 0.3622], [-0.12205, 0.34252], [-0.10236, 0.2874], [-0.09449, 0.03937], [0.08661, 0.0748], [0.2874, 0.07874], [0.37402, -0.02362], [0.44488, -0.02362], [0.48819, 0.00787], [0.5, -0.0], [0.48819, -0.08268], [0.45669, -0.12598], [0.40157, -0.16142], [0.29134, -0.16535], [0.27953, -0.17717], [0.29528, -0.33465], [0.27953, -0.34646], [0.14173, -0.37008], [0.19685, -0.33071], [0.20866, -0.30315], [0.16929, -0.15748], [-0.04331, -0.18898], [0.01575, -0.31496], [-0.34252, 0.24016]]}