{"rank": 81, "key_id": "5558532357226496", "category": "duck", "n_points": 24, "bbox_aspect": 1.401098901098901, "n_extensions_spliced": 2, "main_perimeter_px": 547.2855769143284, "score": 0.8994507649777075, "coords": [[0.3, 0.27451], [0.25294, 0.28627], [0.16667, 0.25098], [0.04902, 0.1098], [-0.04118, 0.03922], [-0.1, 0.02353], [-0.35098, 0.00392], [-0.45686, -0.03922], [-0.49608, -0.0902], [-0.5, -0.14118], [-0.45294, -0.24314], [-0.42941, -0.27451], [-0.36667, -0.3098], [-0.28824, -0.33725], [-0.1, -0.35686], [0.02549, -0.32157], [0.08824, -0.23137], [0.09216, -0.12157], [0.07255, -0.0902], [0.02941, -0.05882], [0.01765, -0.07059], [-0.10392, -0.01569], [-0.10784, 0.01569], [-0.07255, 0.05882], [0.3, 0.27451]]}