{"rank": 82, "key_id": "6474843912404992", "category": "duck", "n_points": 37, "bbox_aspect": 1.5974842767295598, "n_extensions_spliced": 2, "main_perimeter_px": 621.3885941992997, "score": 0.8992961869427021, "coords": [[0.12598, 0.17126], [0.11811, 0.08858], [0.20079, 0.00197], [0.32283, -0.04921], [0.38583, -0.04528], [0.5, 0.02953], [0.43701, -0.02165], [0.38583, -0.04528], [0.32283, -0.04921], [0.20079, 0.00197], [0.11811, 0.08858], [0.14173, 0.18307], [0.17717, 0.15157], [0.08661, 0.2815], [0.01575, 0.31299], [-0.0748, 0.26575], [-0.0748, 0.13976], [-0.14961, 0.04134], [-0.24016, -0.01378], [-0.44094, -0.05709], [-0.5, -0.13583], [-0.45669, -0.1752], [-0.37402, -0.1752], [-0.31496, -0.1122], [-0.27559, -0.29331], [-0.16535, -0.31299], [-0.18898, -0.23819], [-0.2126, -0.21457], [-0.18898, -0.13189], [-0.14961, -0.17126], [-0.09843, -0.29331], [-0.02756, -0.31299], [0.00394, -0.2815], [-0.04331, -0.21063], [0.01969, -0.12795], [0.18504, -0.0689], [0.27165, -0.05709], [0.12598, 0.17126]]}