{"rank": 83, "key_id": "6698861206700032", "category": "duck", "n_points": 35, "bbox_aspect": 1.2259615384615385, "n_extensions_spliced": 2, "main_perimeter_px": 646.0693524050705, "score": 0.8987439268517934, "coords": [[-0.26078, 0.23922], [-0.2451, 0.22745], [-0.37451, 0.21961], [-0.44902, 0.19216], [-0.48039, 0.15686], [-0.5, 0.14902], [-0.44118, 0.12941], [-0.48039, 0.15686], [-0.44902, 0.19216], [-0.37451, 0.21961], [-0.2451, 0.22745], [-0.2451, 0.31765], [-0.17451, 0.38431], [-0.08431, 0.40784], [-0.01373, 0.38039], [0.04118, 0.29412], [0.06078, 0.16863], [0.06078, -0.01961], [0.07255, -0.04706], [0.09608, -0.05882], [0.38235, -0.05098], [0.42549, -0.0], [0.4451, 0.0902], [0.48824, 0.15294], [0.5, 0.03137], [0.49608, -0.22745], [0.46078, -0.29804], [0.35882, -0.36078], [0.28824, -0.39216], [0.20588, -0.40784], [0.11176, -0.40392], [0.04118, -0.38431], [-0.06078, -0.3098], [-0.12353, -0.21569], [-0.13529, -0.17255], [-0.26078, 0.23922]]}