{"rank": 84, "key_id": "5636329259925504", "category": "duck", "n_points": 30, "bbox_aspect": 1.3010204081632653, "n_extensions_spliced": 2, "main_perimeter_px": 700.9549416938538, "score": 0.8986736545146872, "coords": [[-0.06078, 0.16471], [-0.06471, 0.16078], [0.03725, 0.18824], [-0.15098, 0.16471], [-0.2451, 0.12941], [-0.28431, 0.09804], [-0.31569, 0.04314], [-0.31961, -0.0], [-0.33137, -0.00392], [-0.43725, 0.04314], [-0.38235, -0.02745], [-0.44902, -0.02353], [-0.46078, -0.03922], [-0.4098, -0.05882], [-0.5, -0.09804], [-0.43725, -0.10588], [-0.33922, -0.07059], [-0.28824, -0.32549], [-0.12745, -0.33725], [-0.11569, -0.33333], [-0.12745, -0.23922], [-0.22157, -0.23922], [-0.2451, -0.13333], [-0.09608, -0.07059], [-0.05294, -0.24706], [-0.03725, -0.38431], [0.15098, -0.38039], [0.11176, -0.0902], [0.07255, -0.09412], [0.03333, -0.11373], [-0.06078, 0.16471]]}