{"rank": 85, "key_id": "4829348139892736", "category": "duck", "n_points": 39, "bbox_aspect": 1.5644171779141105, "n_extensions_spliced": 2, "main_perimeter_px": 546.370771339853, "score": 0.8972712245886844, "coords": [[-0.06471, 0.23333], [-0.08824, 0.29216], [-0.14314, 0.31961], [-0.17059, 0.31961], [-0.22157, 0.28431], [-0.25294, 0.21373], [-0.2451, 0.24902], [-0.5, 0.17843], [-0.2451, 0.1549], [-0.4451, 0.15098], [-0.49608, 0.13529], [-0.22549, 0.11176], [-0.22549, 0.11176], [-0.49608, 0.13529], [-0.4451, 0.15098], [-0.2451, 0.1549], [-0.5, 0.17843], [-0.2451, 0.24902], [-0.25686, 0.13137], [-0.22549, -0.0451], [-0.09216, -0.18627], [-0.01373, -0.22157], [0.07255, -0.24118], [0.1, -0.22157], [0.09216, -0.31569], [-0.05294, -0.31961], [-0.05294, -0.31961], [0.09216, -0.31569], [0.1, -0.22157], [0.20196, -0.2451], [0.34314, -0.22549], [0.46078, -0.12745], [0.5, -0.01765], [0.4098, -0.04902], [0.27647, -0.04118], [0.23725, -0.01765], [0.04902, 0.18627], [0.00588, 0.22549], [-0.06078, 0.24118], [-0.06471, 0.23333]]}