{"rank": 86, "key_id": "4812004629938176", "category": "duck", "n_points": 38, "bbox_aspect": 1.2378640776699028, "n_extensions_spliced": 2, "main_perimeter_px": 752.2816334792417, "score": 0.8971739311566758, "coords": [[-0.46863, -0.00784], [-0.04118, -0.00392], [-0.03333, 0.04706], [-0.04902, 0.18039], [-0.02549, 0.27059], [0.03725, 0.34902], [0.10784, 0.39608], [0.31961, 0.40392], [0.46078, 0.33725], [0.5, 0.29412], [0.49608, 0.27059], [0.46863, 0.24706], [0.40588, 0.21961], [0.1902, 0.2], [0.16275, 0.05882], [0.15098, -0.09412], [0.11961, -0.19216], [0.08039, -0.23922], [-0.04118, -0.29412], [-0.11176, -0.3098], [-0.10784, -0.34902], [-0.17059, -0.35294], [-0.17843, -0.31765], [-0.17843, -0.31765], [-0.17059, -0.35294], [-0.10784, -0.34902], [-0.10392, -0.40392], [-0.21765, -0.38039], [-0.21765, -0.32549], [-0.21765, -0.32549], [-0.21765, -0.38039], [-0.10392, -0.40392], [-0.32745, -0.32157], [-0.46078, -0.2549], [-0.48824, -0.21569], [-0.5, -0.14118], [-0.49216, -0.06275], [-0.46863, -0.01569], [-0.46863, -0.00784]]}