{"rank": 87, "key_id": "6631226423115776", "category": "duck", "n_points": 31, "bbox_aspect": 1.2814070351758795, "n_extensions_spliced": 2, "main_perimeter_px": 598.2827815474801, "score": 0.8963738720022381, "coords": [[-0.06078, 0.08431], [-0.11961, 0.10392], [0.00196, 0.03725], [0.06863, 0.0098], [0.2098, -0.00196], [0.24118, 0.0098], [0.34314, 0.11961], [0.42157, 0.16275], [0.42549, 0.13529], [0.33922, 0.03333], [0.37059, 0.03333], [0.43725, 0.06863], [0.39804, 0.00588], [0.4451, -0.01765], [0.48824, -0.01373], [0.46863, -0.03725], [0.5, -0.06863], [0.5, -0.09216], [0.47255, -0.11961], [0.36275, -0.14706], [0.33137, -0.16667], [0.27255, -0.22941], [0.24118, -0.34314], [0.2098, -0.36667], [0.11569, -0.36667], [-0.02549, -0.3902], [-0.12745, -0.3902], [-0.1902, -0.29608], [-0.25686, -0.1], [-0.26078, 0.05294], [-0.29216, 0.03333], [-0.06078, 0.08431]]}