{"rank": 88, "key_id": "4686058199449600", "category": "duck", "n_points": 30, "bbox_aspect": 1.2959183673469388, "n_extensions_spliced": 2, "main_perimeter_px": 688.7334165029291, "score": 0.8959231598167645, "coords": [[-0.42126, 0.32677], [-0.40157, 0.31496], [-0.36614, 0.33465], [-0.27559, 0.37795], [-0.14567, 0.38583], [-0.12598, 0.35433], [-0.09843, 0.27559], [-0.08661, 0.04331], [-0.06299, 0.01575], [0.01575, 0.02362], [0.05906, 0.06299], [0.12992, 0.08268], [0.36614, 0.09449], [0.44882, 0.05906], [0.5, -0.04331], [0.49606, -0.07874], [0.44882, -0.14961], [0.38583, -0.22835], [0.30709, -0.29134], [0.25591, -0.31102], [0.06693, -0.30709], [-0.04724, -0.25984], [-0.05906, -0.22835], [-0.18898, -0.12205], [-0.19685, 0.0748], [-0.24409, 0.11024], [-0.32677, 0.1378], [-0.37795, 0.14173], [-0.41339, 0.18898], [-0.38976, 0.15354], [-0.42126, 0.32677]]}