{"rank": 89, "key_id": "5655377427300352", "category": "duck", "n_points": 33, "bbox_aspect": 1.25, "n_extensions_spliced": 2, "main_perimeter_px": 734.7997505188546, "score": 0.8956699202850978, "coords": [[-0.48039, 0.23922], [-0.31569, 0.27059], [-0.3, 0.28235], [-0.24902, 0.37647], [-0.21373, 0.39608], [-0.17451, 0.4], [-0.13529, 0.38039], [-0.10392, 0.34118], [-0.05294, 0.26667], [-0.0098, 0.16471], [0.02549, 0.12941], [0.18627, 0.03529], [0.28039, 0.02353], [0.31569, 0.03529], [0.39412, 0.08235], [0.5, 0.17647], [0.5, 0.13333], [0.47647, 0.0549], [0.37451, -0.08627], [0.16275, -0.20392], [0.10392, -0.22353], [0.0451, -0.22745], [0.02157, -0.24314], [-0.05686, -0.19608], [-0.11961, -0.12157], [-0.16275, 0.00392], [-0.17843, 0.17647], [-0.20196, 0.18824], [-0.27647, 0.16078], [-0.49608, 0.13725], [-0.5, 0.15686], [-0.48039, 0.18039], [-0.42549, 0.20784], [-0.48039, 0.23922]]}