{"rank": 90, "key_id": "5535969614757888", "category": "duck", "n_points": 24, "bbox_aspect": 1.408839779005525, "n_extensions_spliced": 2, "main_perimeter_px": 499.6190807526026, "score": 0.8955940059100288, "coords": [[-0.04902, 0.02941], [-0.19804, -0.07255], [-0.0098, 0.01373], [0.24902, 0.01373], [0.36667, -0.03333], [0.48824, 0.02941], [0.5, -0.00196], [0.5, -0.07255], [0.48039, -0.11176], [0.40196, -0.16275], [0.29216, -0.18627], [0.29608, -0.31176], [0.26078, -0.33922], [0.21765, -0.3549], [0.23333, -0.31176], [0.15882, -0.30784], [0.22941, -0.28431], [0.15098, -0.26863], [0.2098, -0.26471], [0.20588, -0.17843], [0.1, -0.1902], [0.1, -0.31176], [0.08824, -0.25686], [-0.02549, -0.29608], [-0.04902, 0.02941]]}