{"rank": 91, "key_id": "4793242602176512", "category": "duck", "n_points": 35, "bbox_aspect": 1.2200956937799043, "n_extensions_spliced": 2, "main_perimeter_px": 832.5939542251587, "score": 0.8953866062673483, "coords": [[0.22941, 0.26078], [0.18627, 0.26078], [0.18235, 0.3549], [0.11176, 0.40196], [0.06863, 0.4098], [0.02549, 0.39804], [-0.04118, 0.34706], [-0.06863, 0.28824], [-0.06863, 0.23725], [-0.01765, 0.02941], [-0.02549, -0.03725], [-0.04902, -0.1], [-0.08431, -0.13922], [-0.17451, -0.17843], [-0.25686, -0.16275], [-0.30392, -0.1], [-0.32745, 0.00588], [-0.32353, 0.16667], [-0.33922, 0.24902], [-0.38235, 0.26471], [-0.43725, 0.25686], [-0.47255, 0.21765], [-0.49608, 0.16667], [-0.5, 0.11176], [-0.46863, -0.06078], [-0.42157, -0.18627], [-0.36667, -0.29216], [-0.30784, -0.34706], [-0.22941, -0.38627], [-0.14314, -0.40588], [-0.02549, -0.4098], [0.12353, -0.35098], [0.17059, -0.28039], [0.19412, -0.15098], [0.20196, 0.17451], [0.22941, 0.26078]]}