{"rank": 92, "key_id": "5400241534664704", "category": "duck", "n_points": 35, "bbox_aspect": 1.2200956937799043, "n_extensions_spliced": 2, "main_perimeter_px": 674.1686288741101, "score": 0.8953866062673483, "coords": [[-0.31176, 0.11569], [-0.44902, 0.11569], [-0.5, 0.16667], [-0.3549, 0.21765], [-0.35098, 0.28039], [-0.27255, 0.39412], [-0.22549, 0.4098], [-0.18627, 0.3549], [-0.1549, 0.22549], [-0.10784, 0.16275], [-0.03333, 0.12353], [0.13137, 0.06863], [0.22157, -0.02941], [0.31569, -0.06471], [0.5, -0.05686], [0.42549, -0.15098], [0.47255, -0.13922], [0.42157, -0.20588], [0.46078, -0.19412], [0.44118, -0.26078], [0.36275, -0.29216], [0.29608, -0.29608], [0.1, -0.22157], [-0.02549, -0.22549], [-0.21765, -0.19412], [-0.25686, -0.27647], [-0.24902, -0.31176], [-0.28431, -0.40588], [-0.25686, -0.27647], [-0.21765, -0.19412], [-0.02549, -0.22549], [0.05686, -0.22941], [0.02941, -0.26471], [0.01373, -0.37059], [-0.09608, -0.4098], [-0.31176, 0.11569]]}