{"rank": 93, "key_id": "6308405104869376", "category": "duck", "n_points": 35, "bbox_aspect": 1.2200956937799043, "n_extensions_spliced": 2, "main_perimeter_px": 783.6708095092399, "score": 0.8953866062673483, "coords": [[-0.37059, 0.24902], [-0.44118, 0.24118], [-0.47647, 0.20588], [-0.41765, 0.18627], [-0.5, 0.19412], [-0.44118, 0.24118], [-0.36667, 0.25686], [-0.31569, 0.35098], [-0.26863, 0.3902], [-0.1902, 0.4098], [-0.15098, 0.39412], [-0.09216, 0.30784], [-0.06471, 0.22549], [-0.08824, 0.13922], [-0.08039, -0.09216], [-0.04902, -0.11569], [0.01373, -0.12745], [0.11176, -0.13137], [0.30784, -0.03725], [0.3902, 0.05686], [0.42941, 0.13137], [0.45294, 0.12745], [0.49216, 0.07255], [0.5, -0.0451], [0.44902, -0.16667], [0.40588, -0.32745], [0.36667, -0.37059], [0.32745, -0.39412], [0.09216, -0.4098], [-0.09608, -0.35098], [-0.15882, -0.29216], [-0.2098, -0.16275], [-0.22941, -0.06471], [-0.26078, 0.01373], [-0.30784, 0.18627], [-0.37059, 0.24902]]}