{"rank": 94, "key_id": "4853117126443008", "category": "duck", "n_points": 26, "bbox_aspect": 1.3563829787234043, "n_extensions_spliced": 2, "main_perimeter_px": 468.021644838214, "score": 0.8945112086617515, "coords": [[-0.25294, -0.02745], [-0.23725, -0.06667], [-0.22549, -0.16471], [-0.16667, -0.22353], [-0.12745, -0.24314], [-0.06078, -0.24706], [-0.00588, -0.23137], [0.06471, -0.14118], [0.09608, -0.12941], [0.14314, -0.11765], [0.20588, -0.12549], [0.23333, -0.2], [0.22941, -0.32941], [0.24118, -0.35686], [0.26863, -0.36863], [0.43725, -0.29804], [0.47255, -0.27059], [0.48824, -0.24314], [0.5, -0.18039], [0.47647, -0.10196], [0.39804, -0.01961], [0.3, 0.03529], [0.21765, 0.04314], [0.17451, -0.01961], [0.07647, 0.01961], [0.02157, 0.03922], [-0.25294, -0.02745]]}