{"rank": 95, "key_id": "6419891550683136", "category": "duck", "n_points": 36, "bbox_aspect": 1.2028301886792452, "n_extensions_spliced": 2, "main_perimeter_px": 740.384719368623, "score": 0.8937435237056405, "coords": [[-0.43333, 0.2549], [-0.33137, 0.25882], [-0.25294, 0.36863], [-0.15098, 0.41569], [-0.09216, 0.41569], [-0.01373, 0.36078], [0.0098, 0.26667], [0.02941, 0.06275], [0.04902, 0.00784], [0.07647, -0.02353], [0.13529, -0.04706], [0.25686, -0.06275], [0.31569, -0.04314], [0.4098, 0.00784], [0.48039, 0.0902], [0.5, 0.03922], [0.49608, -0.04314], [0.47255, -0.11373], [0.43333, -0.17255], [0.32745, -0.23529], [0.19412, -0.28235], [-0.01765, -0.29412], [-0.06078, -0.28627], [-0.06863, -0.37255], [-0.06863, -0.37255], [-0.06078, -0.28627], [0.06471, -0.30196], [0.1, -0.41569], [0.1, -0.41569], [0.06471, -0.30196], [-0.15098, -0.23137], [-0.25294, -0.11765], [-0.32353, 0.12549], [-0.40196, 0.21569], [-0.44118, 0.23529], [-0.5, 0.23922], [-0.43333, 0.2549]]}