{"rank": 96, "key_id": "4876552732934144", "category": "duck", "n_points": 30, "bbox_aspect": 1.5178571428571428, "n_extensions_spliced": 2, "main_perimeter_px": 724.0883753080473, "score": 0.8934208696062319, "coords": [[-0.26863, 0.26667], [-0.16275, 0.32157], [-0.09608, 0.32941], [-0.03725, 0.2902], [-0.02157, 0.25098], [-0.02157, 0.18824], [-0.0451, 0.1098], [-0.02941, 0.09804], [0.08431, 0.10196], [0.22941, 0.13725], [0.28824, 0.13725], [0.36667, 0.11765], [0.47255, 0.04706], [0.49608, -0.00392], [0.5, -0.06275], [0.46471, -0.13333], [0.32353, -0.20392], [0.15882, -0.20784], [0.12745, -0.21569], [-0.08431, -0.14902], [0.00588, -0.16863], [-0.17059, -0.10588], [-0.21373, -0.01961], [-0.18627, 0.12941], [-0.18235, 0.16471], [-0.1902, 0.17255], [-0.5, 0.18039], [-0.31176, 0.25882], [-0.25686, 0.26275], [-0.20196, 0.15686], [-0.26863, 0.26667]]}