{"rank": 97, "key_id": "6572232849489920", "category": "duck", "n_points": 31, "bbox_aspect": 1.536144578313253, "n_extensions_spliced": 2, "main_perimeter_px": 701.8013382040975, "score": 0.8933708692068644, "coords": [[-0.37059, 0.23137], [-0.33922, 0.27843], [-0.29216, 0.30588], [-0.26471, 0.21961], [-0.20588, 0.32549], [-0.13922, 0.32549], [-0.08824, 0.30588], [-0.05686, 0.25882], [-0.06078, 0.04314], [-0.04118, -0.00392], [-0.00588, -0.02353], [0.17451, -0.03529], [0.2451, -0.00784], [0.30784, 0.05098], [0.34314, 0.14118], [0.3902, 0.07059], [0.42941, 0.1098], [0.49608, 0.06275], [0.5, 0.00392], [0.46471, -0.07451], [0.41765, -0.16471], [0.34314, -0.25098], [0.18627, -0.29804], [0.03725, -0.29804], [-0.21373, -0.24706], [-0.24902, -0.2549], [-0.31961, -0.20392], [-0.37451, -0.11765], [-0.39804, -0.04314], [-0.39412, 0.03529], [-0.34314, 0.12549], [-0.37059, 0.23137]]}