{"rank": 98, "key_id": "5165352591818752", "category": "duck", "n_points": 31, "bbox_aspect": 1.275, "n_extensions_spliced": 2, "main_perimeter_px": 630.6387093594182, "score": 0.892865092725757, "coords": [[-0.24118, 0.16471], [-0.34314, 0.13725], [-0.48824, 0.13333], [-0.5, 0.13725], [-0.48824, 0.14902], [-0.32745, 0.23529], [-0.09608, 0.31373], [0.02549, 0.39216], [0.07647, 0.38824], [0.11961, 0.36471], [0.16667, 0.25098], [0.18627, 0.07059], [0.18627, -0.07451], [0.17059, -0.14902], [0.04902, -0.31373], [-0.06863, -0.34118], [-0.11569, -0.33333], [-0.06863, -0.31765], [0.5, -0.24706], [0.43333, -0.3098], [0.31569, -0.31765], [0.37059, -0.28235], [0.4098, -0.39216], [0.4098, -0.39216], [0.37059, -0.28235], [0.17451, -0.38824], [0.17059, -0.31373], [0.17059, -0.31373], [0.17451, -0.38824], [0.31569, -0.31765], [0.43333, -0.3098], [-0.24118, 0.16471]]}