{"rank": 99, "key_id": "6189597887299584", "category": "duck", "n_points": 46, "bbox_aspect": 1.4488636363636365, "n_extensions_spliced": 2, "main_perimeter_px": 439.84945025854546, "score": 0.8926515472173235, "coords": [[0.14706, 0.16863], [0.14706, 0.16078], [0.23333, 0.16078], [0.41373, 0.18824], [0.5, 0.20784], [0.5, 0.22745], [0.47647, 0.2549], [0.4451, 0.26667], [0.14706, 0.26667], [0.11569, 0.27843], [0.11569, 0.27843], [0.14706, 0.26667], [0.4451, 0.26667], [0.47647, 0.2549], [0.5, 0.22745], [0.5, 0.20784], [0.41373, 0.18824], [0.23333, 0.16078], [0.14706, 0.16078], [0.17059, -0.16863], [0.14706, -0.22745], [0.08824, -0.28627], [0.03725, -0.31373], [-0.06863, -0.3451], [-0.27647, -0.3451], [-0.31569, -0.33333], [-0.38235, -0.30196], [-0.5, -0.0902], [-0.48039, -0.07451], [-0.17451, -0.08627], [-0.10392, -0.05098], [-0.03725, 0.01961], [-0.03725, 0.01569], [-0.04118, 0.23922], [-0.00588, 0.32549], [0.02941, 0.3451], [0.06471, 0.3451], [0.13137, 0.32157], [0.13529, 0.25882], [0.13529, 0.25882], [0.13137, 0.32157], [0.06471, 0.3451], [0.02941, 0.3451], [-0.00588, 0.32549], [-0.04118, 0.23922], [-0.03725, 0.01569], [0.14706, 0.16863]]}