{"rank": 100, "key_id": "5970325797863424", "category": "duck", "n_points": 35, "bbox_aspect": 1.6139240506329113, "n_extensions_spliced": 2, "main_perimeter_px": 701.9554837684623, "score": 0.8921292738094941, "coords": [[0.04902, -0.05098], [0.10392, -0.01176], [0.11961, 0.01961], [0.11569, 0.06667], [0.04902, 0.18431], [0.05686, 0.24314], [0.09216, 0.27059], [0.1902, 0.30196], [0.28039, 0.3098], [0.30392, 0.29804], [0.34314, 0.24314], [0.3549, 0.16078], [0.29216, 0.10588], [0.28431, 0.08235], [0.3549, 0.06275], [0.34706, 0.09804], [0.42941, 0.05882], [0.3549, 0.06275], [0.28431, 0.08235], [0.24118, -0.05098], [0.23725, -0.09804], [0.27255, -0.18039], [0.24902, -0.25098], [0.16275, -0.29412], [0.08431, -0.3098], [-0.12353, -0.29804], [-0.2098, -0.27451], [-0.35882, -0.21569], [-0.41765, -0.17647], [-0.46863, -0.11373], [-0.5, -0.01569], [-0.49216, 0.03922], [-0.1902, -0.06667], [-0.04902, -0.08235], [0.07647, -0.07059], [0.04902, -0.05098]]}