{"rank": 101, "key_id": "5517143133126656", "category": "duck", "n_points": 24, "bbox_aspect": 1.4166666666666667, "n_extensions_spliced": 2, "main_perimeter_px": 459.07482151293664, "score": 0.891715879647098, "coords": [[-0.48824, -0.22745], [-0.5, -0.20784], [-0.48824, -0.12549], [-0.47647, -0.09804], [-0.42941, -0.04314], [-0.30392, 0.01569], [-0.14706, 0.03922], [0.03333, 0.20392], [0.12745, 0.32941], [0.16275, 0.35294], [0.26863, 0.35294], [0.32745, 0.32941], [0.42549, 0.32549], [0.46471, 0.30196], [0.5, 0.2549], [0.48824, 0.21961], [0.45294, 0.19608], [0.40196, 0.18039], [0.29216, 0.18824], [0.2098, 0.05882], [0.22157, 0.00784], [0.24118, -0.01569], [0.24118, -0.0], [0.26471, -0.12549], [-0.48824, -0.22745]]}