{"rank": 102, "key_id": "4659289715113984", "category": "duck", "n_points": 44, "bbox_aspect": 1.4912280701754386, "n_extensions_spliced": 2, "main_perimeter_px": 465.76589779099186, "score": 0.889143906909146, "coords": [[-0.35882, 0.26078], [-0.38627, 0.24902], [-0.48039, 0.24118], [-0.5, 0.18627], [-0.38627, 0.14706], [-0.31961, 0.14314], [-0.3549, 0.15882], [-0.46078, 0.15098], [-0.46863, 0.11176], [-0.43333, 0.06078], [-0.31961, 0.05294], [-0.32745, 0.05686], [-0.31176, 0.06471], [-0.31961, 0.05294], [-0.43333, 0.06078], [-0.46863, 0.11176], [-0.46078, 0.15098], [-0.3549, 0.15882], [-0.31961, 0.14314], [-0.38627, 0.14706], [-0.5, 0.18627], [-0.48039, 0.24118], [-0.38627, 0.24902], [-0.3549, 0.26471], [-0.35098, 0.29608], [-0.30784, 0.33529], [-0.2451, 0.33529], [-0.17059, 0.29608], [-0.13137, 0.20196], [-0.14314, -0.02157], [-0.11569, -0.05294], [0.00588, -0.10392], [0.07255, -0.11961], [0.25686, -0.08824], [0.3, -0.06078], [0.37451, 0.02157], [0.38235, -0.0098], [0.37059, -0.06863], [0.46471, -0.02941], [0.43725, -0.07255], [0.5, -0.07255], [0.42549, -0.17843], [0.36667, -0.23725], [0.23333, -0.3], [-0.35882, 0.26078]]}