{"rank": 103, "key_id": "5961454425473024", "category": "duck", "n_points": 41, "bbox_aspect": 1.5454545454545454, "n_extensions_spliced": 2, "main_perimeter_px": 664.2954369572296, "score": 0.8891412490876905, "coords": [[-0.09216, 0.11176], [-0.30784, 0.17451], [-0.34706, 0.17059], [-0.39412, 0.15098], [-0.46471, 0.09216], [-0.5, 0.04118], [-0.5, -0.03333], [-0.45686, -0.11176], [-0.40196, -0.1549], [-0.25294, -0.20196], [-0.0098, -0.21373], [0.03725, -0.28039], [0.01373, -0.29608], [-0.08824, -0.32353], [-0.11961, -0.2098], [-0.16275, -0.19412], [-0.19804, -0.28039], [-0.17451, -0.29608], [-0.17451, -0.29608], [-0.19804, -0.28039], [-0.16275, -0.19412], [-0.11961, -0.2098], [-0.08824, -0.32353], [0.01373, -0.29608], [0.03725, -0.28039], [0.11569, -0.18627], [0.20588, -0.14706], [0.29216, -0.07255], [0.33529, 0.00588], [0.34706, 0.17843], [0.41373, 0.22157], [0.47255, 0.23333], [0.5, 0.26863], [0.40196, 0.26863], [0.29216, 0.32353], [0.24118, 0.31569], [0.19804, 0.29216], [0.1549, 0.2098], [0.04118, 0.13922], [-0.03725, 0.10784], [-0.11961, 0.10392], [-0.09216, 0.11176]]}