{"rank": 104, "key_id": "5075385077202944", "category": "duck", "n_points": 32, "bbox_aspect": 1.5644171779141105, "n_extensions_spliced": 2, "main_perimeter_px": 441.815488361949, "score": 0.888937891255351, "coords": [[-0.05294, 0.22549], [-0.06078, 0.21373], [-0.05686, 0.14314], [-0.07647, 0.04118], [0.14706, 0.05686], [0.2451, 0.01373], [0.31961, -0.06471], [0.33529, -0.12353], [0.33529, -0.10392], [0.33137, -0.21373], [0.33529, -0.12353], [0.31961, -0.06471], [0.2451, 0.01373], [0.14706, 0.05686], [-0.07647, 0.04118], [-0.05686, 0.14314], [-0.06078, 0.21373], [-0.1549, 0.30784], [-0.23725, 0.31961], [-0.27647, 0.28824], [-0.28431, 0.26078], [-0.2451, 0.17843], [-0.23333, 0.10392], [-0.5, 0.01373], [-0.47255, -0.0098], [-0.40196, -0.02941], [-0.19412, -0.0098], [-0.18627, -0.22157], [-0.12745, -0.30392], [0.10784, -0.31961], [0.17843, -0.29608], [0.21373, -0.26078], [-0.05294, 0.22549]]}