{"rank": 105, "key_id": "6728235427561472", "category": "duck", "n_points": 31, "bbox_aspect": 1.548780487804878, "n_extensions_spliced": 2, "main_perimeter_px": 721.3996741941229, "score": 0.8876364115321457, "coords": [[-0.28346, 0.13386], [-0.24409, 0.28346], [-0.22047, 0.31496], [-0.16535, 0.32283], [-0.0748, 0.29134], [-0.03937, 0.22835], [-0.01969, 0.09055], [0.0748, -0.0], [0.25984, -0.0315], [0.46457, -0.04724], [0.5, -0.10236], [0.48425, -0.15354], [0.44094, -0.18898], [0.33071, -0.21654], [0.3189, -0.22441], [0.26772, -0.21654], [0.05512, -0.1811], [0.1378, -0.20079], [-0.03543, -0.14961], [-0.10236, -0.08268], [-0.1378, 0.0315], [-0.17717, 0.07874], [-0.37008, 0.07087], [-0.49606, 0.1063], [-0.5, 0.12598], [-0.4685, 0.15354], [-0.40945, 0.16535], [-0.29134, 0.15354], [-0.27559, 0.12598], [-0.28346, 0.11811], [-0.49606, 0.12598], [-0.28346, 0.13386]]}