{"rank": 106, "key_id": "6241958051708928", "category": "duck", "n_points": 33, "bbox_aspect": 1.233009708737864, "n_extensions_spliced": 2, "main_perimeter_px": 618.5276405673976, "score": 0.8860901031254197, "coords": [[-0.27559, 0.27165], [-0.22441, 0.3622], [-0.1811, 0.3937], [-0.11811, 0.40551], [-0.02362, 0.3937], [0.01969, 0.36614], [0.05906, 0.29528], [0.06299, 0.12598], [0.15748, 0.08661], [0.45669, 0.08268], [0.48819, 0.05512], [0.5, 0.01575], [0.48819, -0.13386], [0.41732, -0.25984], [0.26378, -0.37008], [0.20472, -0.3937], [0.11024, -0.40551], [0.05118, -0.38189], [-0.02756, -0.3189], [-0.20472, -0.12598], [-0.23622, -0.06299], [-0.24409, 0.01969], [-0.20472, 0.12205], [-0.19291, 0.11811], [-0.48031, 0.11811], [-0.5, 0.13386], [-0.5, 0.1811], [-0.48425, 0.16535], [-0.47638, 0.22441], [-0.5, 0.1811], [-0.5, 0.13386], [-0.48031, 0.11811], [-0.19291, 0.11811], [-0.27559, 0.27165]]}