{"rank": 107, "key_id": "5986718782062592", "category": "duck", "n_points": 35, "bbox_aspect": 1.2028301886792452, "n_extensions_spliced": 2, "main_perimeter_px": 705.7887912023268, "score": 0.8854101903723072, "coords": [[-0.22549, 0.20784], [-0.23725, 0.29412], [-0.21373, 0.33725], [-0.17059, 0.37255], [-0.06863, 0.41569], [-0.02157, 0.40784], [-0.00196, 0.38824], [-0.00196, 0.28235], [-0.05294, 0.06667], [-0.03725, -0.07059], [-0.00588, -0.12157], [0.03333, -0.14902], [0.13922, -0.14902], [0.27255, -0.11373], [0.35098, -0.08235], [0.5, 0.06667], [0.37843, -0.1451], [0.31569, -0.2902], [0.27647, -0.34118], [0.17843, -0.38824], [0.06078, -0.41569], [-0.02549, -0.41176], [-0.1, -0.35294], [-0.13529, -0.24706], [-0.14706, -0.06275], [-0.16275, -0.01176], [-0.19412, 0.02745], [-0.23725, 0.05882], [-0.35098, -0.12549], [-0.37843, -0.12941], [-0.4098, -0.10196], [-0.5, -0.04706], [-0.37843, -0.12941], [-0.35098, -0.12549], [-0.23725, 0.05882], [-0.22549, 0.20784]]}