{"rank": 108, "key_id": "4532753301241856", "category": "duck", "n_points": 35, "bbox_aspect": 1.2028301886792452, "n_extensions_spliced": 2, "main_perimeter_px": 882.5406273716205, "score": 0.8854101903723072, "coords": [[-0.4098, 0.32157], [-0.36275, 0.4], [-0.30392, 0.41569], [-0.24902, 0.4], [-0.21373, 0.32941], [-0.21373, 0.1451], [-0.19804, 0.07059], [-0.16275, 0.02353], [-0.07255, -0.00784], [0.10392, -0.00784], [0.30784, 0.04706], [0.37451, 0.1098], [0.3902, 0.18039], [0.40588, 0.12157], [0.42549, 0.16863], [0.45686, 0.16471], [0.43333, 0.09804], [0.5, 0.10588], [0.44902, 0.06275], [0.42549, 0.02353], [0.3902, -0.10588], [0.31569, -0.20784], [0.17059, -0.24314], [0.10392, -0.23529], [-0.06471, -0.2549], [-0.27647, -0.16078], [-0.3549, -0.0902], [-0.37451, -0.04706], [-0.3902, 0.04706], [-0.3902, 0.30588], [-0.4098, 0.33333], [-0.48039, 0.33333], [-0.5, 0.28235], [-0.4098, 0.27059], [-0.3902, 0.29412], [-0.4098, 0.32157]]}