{"rank": 109, "key_id": "6202595297198080", "category": "duck", "n_points": 24, "bbox_aspect": 1.3709677419354838, "n_extensions_spliced": 2, "main_perimeter_px": 556.2031081628828, "score": 0.8853312443768084, "coords": [[-0.32353, 0.23529], [-0.32745, 0.23529], [-0.31569, 0.28627], [-0.26471, 0.3451], [-0.20588, 0.36471], [-0.15098, 0.36471], [-0.10784, 0.34118], [-0.07647, 0.29804], [-0.06471, 0.14902], [-0.05294, 0.11373], [0.0098, 0.08235], [0.06078, 0.08235], [0.19804, 0.12549], [0.29608, 0.18039], [0.44902, 0.29804], [0.5, 0.31373], [0.48431, 0.15686], [0.49608, -0.02353], [0.40588, -0.16078], [0.26078, -0.3098], [0.18235, -0.35294], [0.16275, -0.34118], [0.07647, -0.36471], [-0.03333, -0.32941], [-0.32353, 0.23529]]}