{"rank": 110, "key_id": "4629497942900736", "category": "duck", "n_points": 24, "bbox_aspect": 1.3709677419354838, "n_extensions_spliced": 2, "main_perimeter_px": 526.6714470973704, "score": 0.8853312443768084, "coords": [[-0.31176, 0.31373], [-0.24902, 0.3451], [-0.14706, 0.36471], [-0.09608, 0.36078], [-0.05686, 0.33725], [-0.02549, 0.2902], [-0.0098, 0.13333], [0.05294, 0.03529], [0.11176, -0.00784], [0.15882, -0.02353], [0.2098, -0.01961], [0.37451, 0.05098], [0.42549, 0.0902], [0.45294, 0.08235], [0.48824, 0.01176], [0.5, -0.03137], [0.49216, -0.20392], [0.46078, -0.28235], [0.39804, -0.32941], [0.25686, -0.36471], [0.12353, -0.36078], [-0.02549, -0.3098], [0.02549, -0.26275], [-0.11961, -0.23137], [-0.31176, 0.31373]]}