{"rank": 111, "key_id": "5278671696822272", "category": "duck", "n_points": 34, "bbox_aspect": 1.2142857142857142, "n_extensions_spliced": 2, "main_perimeter_px": 789.7178069900012, "score": 0.8837119778071544, "coords": [[-0.33529, 0.16471], [-0.47255, 0.16078], [-0.5, 0.16078], [-0.5, 0.17255], [-0.33922, 0.21961], [-0.33922, 0.32941], [-0.32353, 0.36078], [-0.29216, 0.39216], [-0.24118, 0.40784], [-0.14706, 0.41176], [-0.12745, 0.39608], [-0.09608, 0.33333], [-0.08431, 0.27843], [-0.08824, 0.16863], [-0.13137, 0.11373], [-0.14314, 0.01569], [-0.11961, 0.01569], [-0.03333, 0.06667], [0.17451, 0.09412], [0.33529, 0.08235], [0.46471, 0.00392], [0.49608, -0.05882], [0.5, -0.15686], [0.48039, -0.22353], [0.45686, -0.24706], [0.37059, -0.27451], [0.24118, -0.27451], [0.06471, -0.26667], [-0.14706, -0.21961], [-0.12353, -0.23137], [-0.23725, -0.17647], [-0.26078, -0.12549], [-0.26078, -0.03922], [-0.33529, 0.16078], [-0.33529, 0.16471]]}