{"rank": 112, "key_id": "5436223646597120", "category": "duck", "n_points": 29, "bbox_aspect": 1.5209580838323353, "n_extensions_spliced": 2, "main_perimeter_px": 723.0941566156705, "score": 0.8836589140802686, "coords": [[0.33858, -0.07677], [0.15748, -0.16339], [0.16142, -0.14764], [-0.12992, -0.14764], [-0.14567, -0.15157], [-0.18504, -0.13189], [-0.24803, -0.09252], [-0.29528, 0.00591], [-0.35039, 0.06496], [-0.42126, 0.0689], [-0.5, 0.02559], [-0.5, 0.08465], [-0.47638, 0.13976], [-0.5, 0.20669], [-0.5, 0.24606], [-0.4252, 0.32087], [-0.34646, 0.32874], [-0.26772, 0.28937], [-0.20472, 0.22244], [-0.09055, 0.04528], [0.01181, 0.00591], [0.12205, -0.01378], [0.23622, -0.00984], [0.32677, 0.02559], [0.4252, 0.08858], [0.5, 0.1752], [0.46457, 0.06496], [0.4252, 0.00984], [0.24409, -0.12008], [0.33858, -0.07677]]}