{"rank": 113, "key_id": "6101814191587328", "category": "duck", "n_points": 35, "bbox_aspect": 1.6346153846153846, "n_extensions_spliced": 2, "main_perimeter_px": 512.3359524044613, "score": 0.8832119557652933, "coords": [[0.33137, 0.09412], [0.35098, 0.18431], [0.32745, 0.24706], [0.26471, 0.30196], [0.17843, 0.30588], [0.12353, 0.27843], [0.04902, 0.20392], [0.02157, 0.1098], [0.01765, 0.01569], [-0.01765, -0.05098], [-0.16275, -0.01961], [-0.41373, -0.05098], [-0.48431, -0.08627], [-0.5, -0.13333], [-0.48824, -0.22353], [-0.42157, -0.27451], [-0.33922, -0.28627], [-0.15882, -0.23529], [-0.10392, -0.23922], [0.02549, -0.27843], [0.13137, -0.30196], [0.18235, -0.30588], [0.39412, -0.10196], [0.4098, -0.05098], [0.40588, 0.00784], [0.38235, 0.05098], [0.43725, 0.1098], [0.34706, 0.06275], [0.38235, 0.05098], [0.40588, 0.00784], [0.4098, -0.05098], [0.39412, -0.10196], [0.18235, -0.30588], [0.13137, -0.30196], [0.06471, -0.27451], [0.33137, 0.09412]]}