{"rank": 114, "key_id": "6032083753369600", "category": "duck", "n_points": 33, "bbox_aspect": 1.2259615384615385, "n_extensions_spliced": 2, "main_perimeter_px": 636.2924076439565, "score": 0.8820772601851267, "coords": [[-0.06078, 0.15686], [-0.06078, 0.09804], [-0.0451, 0.05882], [-0.00196, 0.01176], [0.07647, -0.01569], [0.13137, -0.01569], [0.17059, 0.00392], [0.27647, 0.12549], [0.33529, 0.16863], [0.41373, 0.17647], [0.44902, 0.15686], [0.48431, 0.09412], [0.5, -0.07451], [0.5, -0.22353], [0.46863, -0.32157], [0.42549, -0.37647], [0.38235, -0.4], [0.29608, -0.40784], [0.21765, -0.35686], [0.15882, -0.26275], [0.12745, -0.25882], [0.06863, -0.33725], [-0.00196, -0.38039], [-0.08431, -0.40392], [-0.16275, -0.39608], [-0.18235, -0.34118], [-0.18235, -0.25882], [-0.12745, -0.14902], [-0.11961, -0.10196], [-0.16275, -0.0549], [-0.16275, -0.03137], [-0.29608, 0.03137], [-0.1, 0.06667], [-0.06078, 0.15686]]}