{"rank": 115, "key_id": "6416377717981184", "category": "duck", "n_points": 35, "bbox_aspect": 1.191588785046729, "n_extensions_spliced": 2, "main_perimeter_px": 437.85422181043305, "score": 0.87883737212742, "coords": [[0.06863, -0.0], [0.10392, 0.07059], [0.19804, 0.11765], [0.40196, 0.10196], [0.46078, 0.07843], [0.5, 0.01176], [0.44902, -0.12549], [0.32745, -0.25098], [0.24902, -0.2902], [0.1, -0.28235], [0.08039, -0.21569], [0.00196, -0.22353], [0.1, -0.28235], [0.24902, -0.2902], [0.32745, -0.25098], [0.44902, -0.12549], [0.5, 0.01176], [0.46078, 0.07843], [0.40196, 0.10196], [0.19804, 0.11765], [0.10392, 0.07059], [0.04902, -0.00392], [-0.06078, 0.09412], [-0.07255, 0.35294], [-0.11961, 0.41176], [-0.21373, 0.39608], [-0.25294, 0.21961], [-0.4098, 0.24314], [-0.47255, 0.27059], [-0.5, 0.23529], [-0.48431, 0.13725], [-0.35882, 0.09412], [-0.24902, 0.11765], [-0.16667, -0.01176], [-0.0451, -0.0902], [0.06863, -0.0]]}