{"rank": 116, "key_id": "5844183245914112", "category": "duck", "n_points": 35, "bbox_aspect": 1.191588785046729, "n_extensions_spliced": 2, "main_perimeter_px": 760.2009186950154, "score": 0.87883737212742, "coords": [[0.22941, 0.21961], [0.18627, 0.20784], [0.48824, 0.21176], [0.49216, 0.19608], [0.44902, 0.18039], [0.4451, 0.18431], [0.14706, 0.18431], [0.44902, 0.18039], [0.49216, 0.19608], [0.48824, 0.21176], [0.18627, 0.20784], [0.22941, 0.29412], [0.18235, 0.36471], [0.0451, 0.41961], [-0.01765, 0.4], [-0.0451, 0.37255], [-0.06078, 0.29804], [-0.07255, 0.05098], [-0.1, 0.00784], [-0.1549, -0.01176], [-0.2451, -0.00392], [-0.33529, 0.06275], [-0.42549, 0.21961], [-0.49216, -0.03922], [-0.5, -0.16863], [-0.48824, -0.2], [-0.39412, -0.30588], [-0.21765, -0.39608], [-0.12745, -0.41569], [0.04118, -0.41961], [0.15098, -0.38824], [0.24118, -0.33333], [0.26863, -0.28235], [0.29608, -0.03529], [0.26078, 0.15686], [0.22941, 0.21961]]}