{"rank": 117, "key_id": "5911892067352576", "category": "duck", "n_points": 25, "bbox_aspect": 1.3421052631578947, "n_extensions_spliced": 2, "main_perimeter_px": 676.5518959121878, "score": 0.8787703987970422, "coords": [[-0.20588, 0.26667], [-0.36275, 0.37255], [-0.20196, 0.01176], [-0.18235, -0.05098], [-0.12745, -0.12157], [-0.09608, -0.12549], [-0.05294, -0.06667], [0.04902, -0.00784], [0.16667, -0.00392], [0.30392, -0.07059], [0.42941, -0.18824], [0.47647, -0.2], [0.5, -0.18039], [0.47647, -0.08235], [0.48431, -0.23529], [0.46863, -0.27451], [0.42157, -0.31373], [0.33137, -0.33333], [0.26863, -0.36863], [0.2098, -0.37255], [0.02549, -0.36863], [-0.09608, -0.3451], [-0.20196, -0.29804], [-0.27647, -0.21176], [-0.28824, 0.16863], [-0.20588, 0.26667]]}