{"rank": 118, "key_id": "6092927757451264", "category": "duck", "n_points": 35, "bbox_aspect": 1.6493506493506493, "n_extensions_spliced": 2, "main_perimeter_px": 731.3873894504392, "score": 0.8769300670780805, "coords": [[-0.44094, 0.00394], [-0.38976, -0.02362], [-0.20472, -0.02756], [-0.10236, 0.04331], [-0.0748, 0.08268], [-0.03937, 0.17717], [0.05906, 0.29134], [0.1811, 0.30315], [0.30709, 0.24409], [0.33858, 0.20079], [0.32677, 0.12992], [0.37795, 0.11811], [0.44094, 0.14173], [0.48031, 0.12205], [0.5, 0.05906], [0.48031, 0.04724], [0.45276, 0.07874], [0.39764, 0.06693], [0.49213, 0.00394], [0.48031, -0.03543], [0.43701, -0.02362], [0.33858, 0.05118], [0.24016, 0.05512], [0.22047, -0.01181], [0.12992, -0.14961], [0.09449, -0.18898], [0.00787, -0.22441], [-0.07874, -0.22441], [-0.14961, -0.20866], [-0.17717, -0.18504], [-0.25197, -0.20472], [-0.33071, -0.18504], [-0.46457, -0.09055], [-0.48819, -0.05512], [-0.5, 0.03543], [-0.44094, 0.00394]]}