{"rank": 119, "key_id": "5296932744331264", "category": "duck", "n_points": 29, "bbox_aspect": 1.536144578313253, "n_extensions_spliced": 2, "main_perimeter_px": 575.428490216037, "score": 0.8767042025401977, "coords": [[-0.49216, 0.1098], [-0.44118, 0.07059], [-0.34706, 0.06667], [-0.10784, 0.16863], [0.04118, 0.19608], [0.14706, 0.19216], [0.1549, 0.22745], [0.19412, 0.28235], [0.25686, 0.31373], [0.32353, 0.32549], [0.34314, 0.32549], [0.3549, 0.27843], [0.3549, 0.20392], [0.33922, 0.14902], [0.31569, 0.11373], [0.32745, 0.12941], [0.27647, 0.09412], [0.13137, 0.08235], [0.00196, -0.01176], [-0.15882, -0.05098], [-0.12745, -0.04706], [-0.26863, -0.10196], [-0.33529, -0.10196], [-0.40588, -0.09804], [-0.47647, -0.04706], [-0.49216, -0.01176], [-0.5, 0.07059], [-0.49608, 0.1098], [-0.46863, 0.18039], [-0.49216, 0.1098]]}