{"rank": 120, "key_id": "6091444378927104", "category": "duck", "n_points": 26, "bbox_aspect": 1.4825581395348837, "n_extensions_spliced": 2, "main_perimeter_px": 534.5131370528651, "score": 0.8765588844600345, "coords": [[-0.25686, 0.13333], [-0.26471, 0.21176], [-0.35098, 0.18824], [-0.22941, 0.26667], [-0.16275, 0.31373], [-0.09216, 0.33725], [-0.03333, 0.29804], [-0.01373, 0.23922], [-0.02157, 0.12157], [0.05294, 0.03922], [0.14706, 0.01176], [0.22941, 0.00392], [0.37059, 0.0549], [0.46078, 0.05882], [0.5, 0.02353], [0.49608, -0.02745], [0.40196, -0.07059], [0.28824, -0.14902], [0.23333, -0.16863], [0.11961, -0.16863], [0.10392, -0.16471], [-0.11961, -0.10588], [-0.17843, -0.02745], [-0.19804, 0.07059], [-0.22549, 0.09412], [-0.23725, 0.08627], [-0.25686, 0.13333]]}