{"rank": 121, "key_id": "5890656738213888", "category": "duck", "n_points": 25, "bbox_aspect": 1.4655172413793103, "n_extensions_spliced": 2, "main_perimeter_px": 650.2980469404023, "score": 0.8763181268074544, "coords": [[0.27647, 0.24706], [0.27647, 0.24314], [0.23725, 0.32157], [0.2098, 0.34118], [0.18235, 0.34118], [0.15098, 0.31373], [0.12745, 0.19216], [0.02941, -0.05098], [-0.01765, -0.11373], [-0.06863, -0.12157], [-0.23725, -0.08627], [-0.3549, -0.04314], [-0.42941, -0.04314], [-0.46863, -0.06275], [-0.5, -0.10588], [-0.5, -0.18039], [-0.48039, -0.22745], [-0.40588, -0.30196], [-0.31176, -0.34118], [0.15098, -0.33725], [0.22941, -0.28235], [0.27647, -0.20784], [0.29216, -0.13725], [0.31176, 0.18824], [0.30784, 0.18431], [0.27647, 0.24706]]}