{"rank": 122, "key_id": "4936686721040384", "category": "duck", "n_points": 34, "bbox_aspect": 1.632258064516129, "n_extensions_spliced": 2, "main_perimeter_px": 740.1006968556377, "score": 0.8758888387023908, "coords": [[0.22332, 0.16008], [0.20751, 0.18775], [0.20356, 0.23913], [0.25889, 0.30237], [0.31423, 0.30632], [0.37352, 0.21937], [0.39328, 0.14822], [0.5, 0.18379], [0.49209, 0.14427], [0.40119, 0.12451], [0.47233, 0.1166], [0.49209, 0.07312], [0.43676, 0.06522], [0.39328, 0.08498], [0.37747, 0.12055], [0.37747, 0.0415], [0.29447, -0.0415], [0.1917, -0.05731], [0.08103, -0.1166], [-0.00988, -0.1917], [0.02569, -0.17194], [-0.08893, -0.20356], [-0.14032, -0.16008], [-0.2747, -0.14427], [-0.22332, -0.15217], [-0.31818, -0.12055], [-0.36957, -0.0336], [-0.45257, 0.03755], [-0.5, 0.1996], [-0.28656, 0.16008], [-0.14032, 0.15613], [0.04941, 0.16798], [0.20356, 0.16403], [0.25494, 0.17589], [0.22332, 0.16008]]}