{"rank": 123, "key_id": "5243752337637376", "category": "duck", "n_points": 35, "bbox_aspect": 1.186046511627907, "n_extensions_spliced": 2, "main_perimeter_px": 423.0926263247649, "score": 0.8755739629533521, "coords": [[0.05294, 0.19804], [0.06863, 0.1], [0.04902, 0.00588], [0.19412, -0.03333], [0.36275, -0.02941], [0.40588, 0.00196], [0.41373, 0.09608], [0.47647, 0.06471], [0.5, -0.05294], [0.4451, -0.10784], [0.39804, -0.21765], [0.25294, -0.23725], [0.27255, -0.32353], [0.30392, -0.2451], [0.39804, -0.21765], [0.4451, -0.10784], [0.5, -0.05294], [0.47647, 0.06471], [0.41373, 0.09608], [0.40588, 0.00196], [0.36275, -0.02941], [0.19412, -0.03333], [0.04902, 0.00588], [0.06863, 0.1], [0.07255, 0.28039], [0.05294, 0.33529], [-0.03725, 0.40196], [-0.11569, 0.42157], [-0.15098, 0.36275], [-0.16275, 0.21765], [-0.37059, 0.24118], [-0.48039, 0.19412], [-0.47647, 0.15098], [-0.34314, 0.15098], [-0.24902, 0.11176], [0.05294, 0.19804]]}