{"rank": 124, "key_id": "4626931335036928", "category": "duck", "n_points": 33, "bbox_aspect": 1.6139240506329113, "n_extensions_spliced": 2, "main_perimeter_px": 749.3748155890718, "score": 0.8754626071428274, "coords": [[0.15098, -0.04706], [0.08431, -0.03529], [0.00196, -0.03529], [-0.33137, -0.07451], [-0.46078, -0.00392], [-0.45294, -0.02353], [-0.48431, -0.03137], [-0.46471, -0.03922], [-0.5, -0.0549], [-0.44118, -0.10196], [-0.18235, -0.2], [-0.05686, -0.20392], [-0.11961, -0.21569], [-0.06078, -0.28627], [-0.05686, -0.20392], [0.17059, -0.21176], [0.24118, -0.0902], [0.28431, 0.08235], [0.32745, 0.08235], [0.41765, 0.03137], [0.46863, 0.02353], [0.46863, 0.08627], [0.40196, 0.11373], [0.48431, 0.11373], [0.5, 0.13333], [0.48824, 0.15686], [0.45294, 0.18039], [0.36667, 0.21569], [0.33922, 0.29412], [0.28431, 0.3098], [0.2451, 0.28235], [0.13922, 0.01961], [0.09216, -0.06275], [0.15098, -0.04706]]}