{"rank": 125, "key_id": "6173820358492160", "category": "duck", "n_points": 38, "bbox_aspect": 1.1981132075471699, "n_extensions_spliced": 2, "main_perimeter_px": 719.4241206986336, "score": 0.8743263623410512, "coords": [[0.38189, 0.28346], [0.37008, 0.33465], [0.33465, 0.38189], [0.2874, 0.41732], [0.25984, 0.41339], [0.27165, 0.31102], [0.24016, 0.14173], [0.2126, 0.06299], [0.17323, 0.01969], [0.00394, -0.00787], [-0.36614, -0.02362], [-0.5, -0.05512], [-0.46457, -0.15354], [-0.41339, -0.19685], [-0.36614, -0.21654], [-0.27165, -0.21654], [-0.23228, -0.3937], [-0.21654, -0.41339], [-0.21654, -0.41339], [-0.23228, -0.3937], [-0.27165, -0.21654], [0.00394, -0.19685], [-0.02362, -0.2126], [0.03937, -0.41732], [0.03937, -0.41732], [-0.02362, -0.2126], [0.14961, -0.17323], [0.20472, -0.13386], [0.31102, 0.01181], [0.33465, 0.06299], [0.33465, 0.11024], [0.35433, 0.16142], [0.39764, 0.16929], [0.47244, 0.12992], [0.5, 0.1378], [0.48819, 0.2126], [0.44094, 0.25197], [0.38189, 0.32677], [0.38189, 0.28346]]}