{"rank": 126, "key_id": "5390014026350592", "category": "duck", "n_points": 42, "bbox_aspect": 1.2561576354679802, "n_extensions_spliced": 2, "main_perimeter_px": 649.1385156518819, "score": 0.8741097306467981, "coords": [[-0.33529, 0.24118], [-0.33529, 0.24118], [-0.37843, 0.24118], [-0.37843, 0.24118], [-0.33529, 0.24118], [-0.38627, 0.22549], [-0.46863, 0.22549], [-0.49608, 0.20588], [-0.5, 0.17843], [-0.41765, 0.14314], [-0.33922, 0.14314], [-0.31569, 0.1549], [-0.31569, 0.1549], [-0.33922, 0.14314], [-0.41765, 0.14314], [-0.5, 0.17843], [-0.49608, 0.20588], [-0.46863, 0.22549], [-0.38627, 0.22549], [-0.33137, 0.34314], [-0.3, 0.37843], [-0.2098, 0.39804], [-0.12745, 0.39804], [-0.10784, 0.35882], [-0.11176, 0.31569], [-0.16275, 0.23333], [-0.13529, 0.13137], [-0.01373, 0.11569], [0.43333, 0.12353], [0.48431, 0.07647], [0.5, 0.0098], [0.44902, -0.08039], [0.35098, -0.13137], [0.15098, -0.13922], [0.1549, -0.26471], [0.13529, -0.33922], [0.10784, -0.39804], [0.14706, -0.20196], [0.13137, -0.1549], [0.07647, -0.1549], [0.02549, -0.17451], [-0.02549, -0.35098], [-0.33529, 0.24118]]}