{"rank": 127, "key_id": "4676353318191104", "category": "duck", "n_points": 27, "bbox_aspect": 1.3010204081632653, "n_extensions_spliced": 2, "main_perimeter_px": 549.0736311467094, "score": 0.8736736545146873, "coords": [[-0.14314, 0.23529], [-0.3902, 0.23529], [-0.47255, 0.20784], [-0.5, 0.18431], [-0.43725, 0.13333], [-0.3902, 0.1098], [-0.27647, 0.10588], [-0.16667, 0.11373], [-0.16275, 0.0549], [-0.13137, 0.00784], [-0.10392, -0.01961], [-0.06471, -0.03529], [0.07647, -0.04314], [0.0098, -0.05098], [0.14314, -0.02745], [0.25686, 0.03529], [0.28431, 0.00392], [0.31569, 0.09804], [0.33137, 0.17255], [0.3, 0.28235], [0.27647, 0.33333], [0.1902, 0.36863], [0.11961, 0.38431], [-0.06471, 0.38039], [-0.14314, 0.31765], [-0.16275, 0.25882], [-0.15098, 0.21569], [-0.14314, 0.23529]]}