{"rank": 128, "key_id": "5024714206478336", "category": "duck", "n_points": 34, "bbox_aspect": 1.6387096774193548, "n_extensions_spliced": 2, "main_perimeter_px": 645.5576446650766, "score": 0.8731274938986794, "coords": [[0.35433, 0.13583], [0.33465, 0.13976], [0.35827, 0.13976], [0.42126, 0.10433], [0.49606, 0.04134], [0.5, 0.02165], [0.47244, 0.02165], [0.49606, 0.04134], [0.42126, 0.10433], [0.35827, 0.13976], [0.33465, 0.13976], [0.34252, 0.2185], [0.29528, 0.27362], [0.21654, 0.30512], [0.12205, 0.30512], [0.09055, 0.28543], [0.06693, 0.23819], [0.01575, 0.04921], [-0.02756, -0.00984], [-0.1063, -0.04921], [-0.23228, -0.05709], [-0.2874, -0.04528], [-0.36614, -0.00197], [-0.5, 0.15157], [-0.5, -0.02165], [-0.44882, -0.14764], [-0.35827, -0.25], [-0.22835, -0.30512], [-0.07087, -0.30118], [0.10236, -0.2185], [0.19685, -0.10827], [0.23622, 0.00591], [0.27165, 0.03346], [0.30709, 0.0374], [0.35433, 0.13583]]}