{"rank": 129, "key_id": "6591090612240384", "category": "duck", "n_points": 29, "bbox_aspect": 1.2686567164179106, "n_extensions_spliced": 2, "main_perimeter_px": 707.3269366348228, "score": 0.872707147001363, "coords": [[-0.28039, 0.38235], [-0.39412, 0.3902], [-0.5, 0.27647], [-0.47647, 0.20588], [-0.40196, 0.19412], [-0.37059, 0.17059], [-0.35098, -0.1], [-0.31176, -0.15098], [-0.19412, -0.21373], [-0.10392, -0.23725], [-0.12353, -0.26471], [-0.0098, -0.22549], [0.15098, -0.24902], [0.19804, -0.24118], [0.28039, -0.19804], [0.38627, -0.12353], [0.48431, -0.02157], [0.5, 0.02157], [0.49608, 0.11176], [0.43725, 0.16275], [0.3549, 0.18235], [0.25686, 0.18235], [0.14706, 0.11961], [0.08039, 0.1], [-0.00588, 0.1], [-0.04118, 0.11961], [-0.08431, 0.16667], [-0.13529, 0.29216], [-0.26863, 0.39412], [-0.28039, 0.38235]]}