{"rank": 130, "key_id": "5806904712364032", "category": "duck", "n_points": 35, "bbox_aspect": 1.1805555555555556, "n_extensions_spliced": 2, "main_perimeter_px": 798.8937283687794, "score": 0.8723256972638005, "coords": [[-0.47255, 0.2902], [-0.37843, 0.28627], [-0.32745, 0.26275], [-0.28824, 0.23137], [-0.23333, 0.1451], [-0.15882, 0.07843], [-0.09216, 0.03529], [-0.02157, 0.03137], [0.04902, 0.06667], [0.15098, 0.28235], [0.22549, 0.4], [0.27647, 0.42353], [0.33922, 0.3451], [0.49216, 0.33333], [0.5, 0.31373], [0.47255, 0.30196], [0.37451, 0.2902], [0.37059, 0.26275], [0.48824, 0.22353], [0.4451, 0.19608], [0.32745, 0.18039], [0.28824, 0.11373], [0.28824, 0.04706], [0.26471, -0.04314], [0.19804, -0.1098], [0.04902, -0.15294], [0.06863, -0.15686], [-0.17059, -0.15294], [-0.09608, -0.15686], [-0.23725, -0.12157], [-0.36667, 0.00392], [-0.46078, 0.15686], [-0.5, 0.18431], [-0.45686, 0.18824], [-0.4451, 0.20784], [-0.47255, 0.2902]]}