{"rank": 131, "key_id": "6097941594898432", "category": "duck", "n_points": 35, "bbox_aspect": 1.1805555555555556, "n_extensions_spliced": 2, "main_perimeter_px": 757.7166648846817, "score": 0.8723256972638005, "coords": [[-0.48824, 0.21569], [-0.41373, 0.36863], [-0.30784, 0.41961], [-0.22941, 0.42353], [-0.17059, 0.38039], [-0.09608, 0.23922], [-0.06471, 0.12549], [-0.04118, 0.0902], [0.03725, 0.09804], [0.16275, 0.14118], [0.26863, 0.20784], [0.37059, 0.22745], [0.41373, 0.20392], [0.4451, 0.16471], [0.47647, 0.10588], [0.5, 0.01961], [0.46863, -0.07451], [0.42941, -0.11765], [0.40196, -0.16863], [0.32745, -0.17647], [0.23333, -0.20392], [0.21765, -0.23137], [0.04118, -0.20392], [-0.09608, -0.16078], [-0.20196, -0.10196], [-0.25294, -0.01176], [-0.27255, 0.06275], [-0.27647, 0.14118], [-0.3, 0.16863], [-0.35882, 0.18824], [-0.4098, 0.19216], [-0.42941, 0.18039], [-0.46471, 0.11373], [-0.47647, 0.06275], [-0.5, 0.1451], [-0.48824, 0.21569]]}