{"rank": 132, "key_id": "6278745889439744", "category": "duck", "n_points": 28, "bbox_aspect": 1.2828282828282829, "n_extensions_spliced": 2, "main_perimeter_px": 582.6570669803345, "score": 0.8721498331252853, "coords": [[0.11417, 0.31102], [0.13386, 0.31102], [0.09449, 0.30315], [0.14173, 0.3622], [0.16535, 0.38583], [0.20472, 0.38976], [0.22441, 0.3189], [0.30315, 0.31102], [0.20472, 0.38976], [0.16535, 0.38583], [0.14173, 0.3622], [0.09449, 0.30315], [0.13386, 0.31102], [0.0748, 0.02362], [0.00394, -0.00787], [-0.28346, -0.01181], [-0.41732, 0.05512], [-0.5, 0.15748], [-0.5, -0.12992], [-0.4252, -0.27165], [-0.36614, -0.33071], [-0.24803, -0.38583], [-0.08661, -0.38976], [0.04331, -0.34646], [0.11811, -0.30315], [0.17717, -0.24803], [0.20866, -0.16929], [0.20866, -0.02362], [0.11417, 0.31102]]}