{"rank": 133, "key_id": "6609826681454592", "category": "duck", "n_points": 39, "bbox_aspect": 1.2085308056872037, "n_extensions_spliced": 2, "main_perimeter_px": 698.3744137455449, "score": 0.8720532225428027, "coords": [[0.46471, -0.10784], [0.32745, -0.11176], [0.23333, -0.09608], [0.11961, -0.04118], [0.06471, 0.00196], [0.00588, 0.06471], [-0.01765, 0.10784], [-0.06863, 0.3549], [-0.08824, 0.38627], [-0.12353, 0.4098], [-0.16667, 0.41373], [-0.22549, 0.40196], [-0.31569, 0.36667], [-0.33529, 0.34314], [-0.3549, 0.27647], [-0.3549, 0.22157], [-0.33137, 0.18235], [-0.5, 0.18235], [-0.47255, 0.16275], [-0.48039, 0.12353], [-0.32745, 0.09608], [-0.19804, -0.05294], [-0.06471, -0.13137], [0.30392, -0.22941], [0.39412, -0.2451], [0.3902, -0.31961], [0.37059, -0.3549], [0.37059, -0.3549], [0.3902, -0.31961], [0.39412, -0.2451], [0.24902, -0.2098], [0.13137, -0.41373], [0.11961, -0.4098], [0.11961, -0.4098], [0.13137, -0.41373], [0.24902, -0.2098], [0.48824, -0.22941], [0.5, -0.11961], [0.48431, -0.11569], [0.46471, -0.10784]]}