{"rank": 134, "key_id": "6735863704715264", "category": "duck", "n_points": 51, "bbox_aspect": 1.3934426229508197, "n_extensions_spliced": 2, "main_perimeter_px": 423.2675730193996, "score": 0.8717136089870546, "coords": [[-0.3, 0.00588], [-0.22157, 0.0451], [-0.29216, 0.0098], [-0.3549, -0.00588], [-0.5, 0.0451], [-0.27647, 0.05686], [-0.33529, 0.04902], [-0.45294, 0.10784], [-0.35098, 0.11961], [-0.24902, 0.15882], [-0.24902, 0.15882], [-0.35098, 0.11961], [-0.45294, 0.10784], [-0.33529, 0.04902], [-0.27647, 0.05686], [-0.5, 0.0451], [-0.3549, -0.00588], [-0.29216, 0.0098], [-0.22157, 0.0451], [-0.25686, -0.10392], [-0.20196, -0.15098], [0.07255, -0.24902], [0.13922, -0.28431], [0.20588, -0.34706], [0.27647, -0.35882], [0.40588, -0.31176], [0.47255, -0.26471], [0.5, -0.19412], [0.48824, -0.11176], [0.44902, -0.08824], [0.40588, -0.08431], [0.09216, -0.11961], [0.03333, 0.02549], [0.03333, 0.01765], [0.01373, 0.23333], [-0.03725, 0.29216], [-0.11176, 0.33529], [-0.22549, 0.35882], [-0.28431, 0.34706], [-0.31176, 0.33137], [-0.33137, 0.26078], [-0.27647, 0.1549], [-0.27647, 0.1549], [-0.33137, 0.26078], [-0.31176, 0.33137], [-0.28431, 0.34706], [-0.22549, 0.35882], [-0.11176, 0.33529], [-0.03725, 0.29216], [0.01373, 0.23333], [0.03333, 0.01765], [-0.3, 0.00588]]}