{"rank": 135, "key_id": "4666440315568128", "category": "duck", "n_points": 32, "bbox_aspect": 1.6037735849056605, "n_extensions_spliced": 2, "main_perimeter_px": 702.6548271685199, "score": 0.8715456922447794, "coords": [[-0.01373, -0.00588], [-0.28039, 0.01765], [-0.40588, 0.01373], [-0.47647, -0.0098], [-0.5, -0.06078], [-0.48039, -0.12353], [-0.44902, -0.16667], [-0.33529, -0.24902], [-0.2098, -0.28039], [-0.03725, -0.28431], [0.1549, -0.31176], [0.26471, -0.24118], [0.28431, -0.15882], [0.21765, -0.09216], [0.13922, -0.05294], [0.05686, -0.03333], [0.03333, -0.00196], [0.03333, 0.0098], [0.10392, 0.04118], [0.23725, 0.06078], [0.27647, 0.11569], [0.2451, 0.10392], [0.28824, 0.16275], [0.29216, 0.21373], [0.26863, 0.21373], [0.28039, 0.2451], [0.2451, 0.28431], [0.17059, 0.31176], [0.0451, 0.26863], [0.01765, 0.21373], [0.0098, 0.07647], [-0.01373, 0.01373], [-0.01373, -0.00588]]}