{"rank": 136, "key_id": "4509231308865536", "category": "duck", "n_points": 29, "bbox_aspect": 1.548780487804878, "n_extensions_spliced": 2, "main_perimeter_px": 410.74511873349394, "score": 0.870969744865479, "coords": [[-0.11417, 0.00787], [-0.07874, 0.00787], [-0.14961, 0.07874], [-0.22047, 0.05118], [-0.29921, 0.08661], [-0.3189, 0.09449], [-0.34646, 0.12992], [-0.29921, 0.08661], [-0.22047, 0.05118], [-0.14961, 0.07874], [-0.07874, 0.00787], [-0.03543, -0.05906], [-0.02756, -0.09843], [-0.07874, -0.15748], [-0.07087, -0.1811], [-0.00787, -0.27559], [0.03937, -0.3189], [0.27953, -0.32283], [0.36614, -0.30709], [0.40551, -0.2874], [0.45276, -0.20866], [0.49606, -0.09055], [0.5, -0.01969], [0.46063, 0.05512], [0.41732, 0.09449], [0.3622, 0.09843], [0.11024, 0.06693], [0.07874, 0.07087], [0.06693, 0.11024], [-0.11417, 0.00787]]}