{"rank": 137, "key_id": "6127185335156736", "category": "duck", "n_points": 22, "bbox_aspect": 1.4269662921348314, "n_extensions_spliced": 2, "main_perimeter_px": 503.1599001328894, "score": 0.8699783972596664, "coords": [[-0.11024, 0.10236], [-0.1378, 0.11024], [-0.09843, 0.07874], [-0.09055, 0.0315], [-0.10236, -0.0748], [-0.19685, -0.17717], [-0.19291, -0.19685], [-0.15748, -0.23228], [0.06693, -0.32283], [0.17717, -0.35039], [0.31102, -0.35039], [0.38189, -0.33071], [0.44094, -0.29921], [0.47638, -0.25197], [0.5, -0.1811], [0.49213, -0.09449], [0.47244, -0.08268], [0.25984, -0.08268], [0.20079, -0.01181], [0.11811, 0.19685], [0.06299, 0.29528], [0.01181, 0.35039], [-0.11024, 0.10236]]}