{"rank": 138, "key_id": "4682529732820992", "category": "duck", "n_points": 49, "bbox_aspect": 1.3563829787234043, "n_extensions_spliced": 2, "main_perimeter_px": 428.5736839475629, "score": 0.8695112086617516, "coords": [[-0.13922, 0.3098], [-0.12745, 0.36078], [-0.16667, 0.3451], [-0.15882, 0.36471], [-0.18627, 0.36863], [-0.32353, 0.30196], [-0.34706, 0.26275], [-0.33137, 0.22353], [-0.5, 0.15686], [-0.27255, 0.13333], [-0.2451, 0.07843], [-0.22157, -0.04314], [-0.1549, -0.12941], [-0.08824, -0.16863], [0.06078, -0.2], [0.06078, -0.2], [-0.08824, -0.16863], [-0.1549, -0.12941], [-0.22157, -0.04314], [-0.2451, 0.07843], [-0.27255, 0.13333], [-0.5, 0.15686], [-0.33137, 0.22353], [-0.34706, 0.26275], [-0.32353, 0.30196], [-0.18627, 0.36863], [-0.15882, 0.36471], [-0.16667, 0.3451], [-0.07255, 0.33725], [0.0098, 0.15294], [0.05294, 0.0902], [0.07255, 0.08235], [0.22941, 0.12549], [0.32353, 0.13333], [0.36275, 0.12549], [0.45686, 0.06667], [0.5, -0.0], [0.46863, -0.13725], [0.41765, -0.19608], [0.39412, -0.25098], [0.36667, -0.26275], [0.22157, -0.2902], [0.27647, -0.29412], [0.26471, -0.36863], [0.26471, -0.36863], [0.27647, -0.29412], [0.02941, -0.28235], [-0.03333, -0.2549], [-0.06863, -0.2], [-0.13922, 0.3098]]}