{"rank": 139, "key_id": "6669365552349184", "category": "duck", "n_points": 35, "bbox_aspect": 1.1751152073732718, "n_extensions_spliced": 2, "main_perimeter_px": 649.9996906127562, "score": 0.8690924351643943, "coords": [[-0.37059, 0.24902], [-0.5, 0.14314], [-0.48431, 0.15098], [-0.37059, 0.14706], [-0.5, 0.14314], [-0.39804, 0.22941], [-0.36275, 0.24118], [-0.3549, 0.31569], [-0.29608, 0.38235], [-0.22549, 0.42549], [-0.16275, 0.42549], [-0.11961, 0.36667], [-0.07255, 0.09608], [-0.06078, 0.08431], [0.16275, 0.06863], [0.26078, 0.03333], [0.33922, -0.01765], [0.46471, -0.14314], [0.5, -0.20196], [0.29608, -0.27647], [0.11961, -0.28824], [0.10784, -0.39412], [0.07255, -0.38627], [0.05686, -0.41373], [0.0451, -0.37451], [0.02549, -0.3902], [0.01765, -0.32353], [0.04902, -0.23725], [0.03725, -0.22941], [-0.07255, -0.24902], [-0.13922, -0.24902], [-0.15098, -0.26471], [-0.15098, -0.31569], [-0.11569, -0.42549], [-0.14706, -0.39804], [-0.37059, 0.24902]]}