{"rank": 140, "key_id": "5674497124335616", "category": "duck", "n_points": 33, "bbox_aspect": 1.2028301886792452, "n_extensions_spliced": 2, "main_perimeter_px": 744.5999058525335, "score": 0.8687435237056405, "coords": [[0.07647, 0.23529], [0.11961, 0.32941], [0.15882, 0.37255], [0.23333, 0.39216], [0.28431, 0.39216], [0.3549, 0.37255], [0.39804, 0.3451], [0.46078, 0.25882], [0.47255, 0.21176], [0.5, 0.19216], [0.48824, 0.16078], [0.40588, 0.16471], [0.34314, 0.27451], [0.2451, 0.27843], [0.17843, 0.21569], [0.15882, 0.17255], [0.14314, 0.07843], [0.08431, 0.03137], [0.01373, -0.00784], [-0.06078, -0.02353], [-0.19804, -0.02353], [-0.33529, 0.03137], [-0.39804, 0.07059], [-0.42157, 0.10588], [-0.43333, 0.15686], [-0.41765, 0.26275], [-0.48431, 0.34902], [-0.48039, 0.36078], [-0.40196, 0.23137], [-0.3549, 0.19608], [-0.29608, 0.18039], [-0.08039, 0.14902], [-0.0098, 0.17255], [0.07647, 0.23529]]}