{"rank": 141, "key_id": "5757659523317760", "category": "duck", "n_points": 24, "bbox_aspect": 1.4655172413793103, "n_extensions_spliced": 2, "main_perimeter_px": 526.0108675748223, "score": 0.867984793474121, "coords": [[-0.28824, 0.03529], [-0.22549, -0.12549], [-0.12745, -0.24314], [0.01373, -0.32941], [0.16275, -0.34118], [0.29216, -0.30196], [0.37843, -0.23529], [0.42157, -0.17255], [0.47255, -0.0549], [0.5, 0.10588], [0.31961, 0.03137], [0.18235, 0.00784], [-0.04902, 0.00784], [-0.28824, 0.05882], [-0.36667, 0.31765], [-0.38627, 0.2549], [-0.38627, 0.16471], [-0.37451, 0.11765], [-0.36275, 0.12941], [-0.34314, 0.08235], [-0.37451, 0.11765], [-0.38627, 0.16471], [-0.38627, 0.2549], [-0.36667, 0.31765], [-0.28824, 0.03529]]}