{"rank": 142, "key_id": "5760563403554816", "category": "duck", "n_points": 29, "bbox_aspect": 1.2587064676616915, "n_extensions_spliced": 2, "main_perimeter_px": 696.1638671660062, "score": 0.8671953074997287, "coords": [[-0.36166, 0.13241], [-0.29051, 0.1087], [-0.36166, 0.18775], [-0.34585, 0.21937], [-0.23518, 0.31818], [-0.08103, 0.38142], [0.1087, 0.39723], [0.16403, 0.36561], [0.17984, 0.32609], [0.17984, 0.24704], [0.17589, 0.21146], [0.12451, 0.12846], [0.07708, 0.00988], [0.09684, -0.00198], [0.32609, 0.00198], [0.40119, 0.03755], [0.48024, 0.1166], [0.5, 0.10474], [0.5, -0.00593], [0.44071, -0.13636], [0.39723, -0.18379], [0.31028, -0.23518], [0.19565, -0.28261], [-0.06522, -0.29051], [-0.05731, -0.28261], [-0.1917, -0.26285], [-0.28656, -0.1917], [-0.32609, -0.10079], [-0.31818, -0.01383], [-0.36166, 0.13241]]}