{"rank": 143, "key_id": "5513906334203904", "category": "duck", "n_points": 32, "bbox_aspect": 1.2142857142857142, "n_extensions_spliced": 2, "main_perimeter_px": 805.8101884157636, "score": 0.8670453111404878, "coords": [[-0.3549, 0.18824], [-0.3549, 0.18039], [-0.37059, 0.21961], [-0.37059, 0.27059], [-0.34706, 0.35294], [-0.28824, 0.39216], [-0.17059, 0.39216], [-0.11176, 0.31373], [-0.08824, 0.2549], [-0.09216, 0.03922], [-0.07255, -0.00784], [-0.04902, -0.01569], [0.04118, 0.03137], [0.15098, 0.13725], [0.28824, 0.31765], [0.35882, 0.37647], [0.42549, 0.41176], [0.46471, 0.39608], [0.5, 0.3098], [0.5, 0.21569], [0.3902, 0.00392], [0.33922, -0.06275], [0.2098, -0.2], [0.05686, -0.29412], [0.02157, -0.26275], [-0.15882, -0.36078], [-0.25294, -0.36471], [-0.27255, -0.35686], [-0.30784, -0.28627], [-0.31176, -0.1451], [-0.28431, -0.06667], [-0.26863, 0.06667], [-0.3549, 0.18824]]}