{"rank": 144, "key_id": "6217461705736192", "category": "duck", "n_points": 33, "bbox_aspect": 1.6346153846153846, "n_extensions_spliced": 2, "main_perimeter_px": 673.0658613187644, "score": 0.8665452890986266, "coords": [[-0.13529, 0.28627], [-0.18627, 0.30196], [-0.26471, 0.30588], [-0.31176, 0.28627], [-0.32745, 0.23137], [-0.33922, 0.23137], [-0.44118, 0.2549], [-0.5, 0.24706], [-0.49608, 0.21961], [-0.46863, 0.19608], [-0.36667, 0.18039], [-0.35098, 0.12549], [-0.30392, 0.08235], [-0.19804, 0.0549], [-0.16275, 0.02353], [-0.11569, -0.03922], [-0.09608, -0.15686], [0.02157, -0.20784], [-0.01765, -0.20392], [0.13137, -0.23137], [0.09216, -0.23922], [0.3549, -0.23922], [0.42941, -0.21569], [0.48824, -0.12941], [0.5, -0.04706], [0.48039, 0.03529], [0.4451, 0.10588], [0.37843, 0.14902], [0.26863, 0.18039], [0.08824, 0.18039], [-0.06078, 0.15686], [-0.10784, 0.2], [-0.12353, 0.29804], [-0.13529, 0.28627]]}