{"rank": 145, "key_id": "5983743514771456", "category": "duck", "n_points": 30, "bbox_aspect": 1.5776397515527951, "n_extensions_spliced": 2, "main_perimeter_px": 720.6398147408844, "score": 0.8663796342109975, "coords": [[-0.22441, 0.00197], [-0.27953, -0.01378], [-0.37402, -0.0689], [-0.40551, -0.1122], [-0.40945, -0.17126], [-0.38583, -0.22244], [-0.30709, -0.27362], [-0.21654, -0.30906], [0.07087, -0.31693], [0.39764, -0.24606], [0.48425, -0.19094], [0.48425, -0.15551], [0.39764, -0.10827], [0.12205, -0.08858], [0.03543, -0.06496], [0.02362, -0.03346], [0.0, -0.04921], [0.01181, 0.12795], [-0.00394, 0.18701], [-0.09449, 0.29331], [-0.16142, 0.31693], [-0.25984, 0.31299], [-0.31102, 0.28937], [-0.37402, 0.23031], [-0.38976, 0.22638], [-0.38583, 0.16339], [-0.24409, 0.1122], [-0.20079, 0.07677], [-0.20472, -0.01772], [-0.19685, -0.01772], [-0.22441, 0.00197]]}