{"rank": 146, "key_id": "5167509420376064", "category": "duck", "n_points": 31, "bbox_aspect": 1.5974842767295598, "n_extensions_spliced": 2, "main_perimeter_px": 731.3745328571442, "score": 0.8659628536093688, "coords": [[0.35039, 0.30512], [0.22047, 0.31299], [0.19685, 0.30118], [0.07087, 0.19094], [0.05906, 0.09252], [0.05118, 0.08465], [-0.1378, 0.10433], [-0.25984, 0.09646], [-0.45276, 0.04528], [-0.5, 0.00197], [-0.48819, -0.03346], [-0.43307, -0.10433], [-0.3189, -0.17913], [-0.22441, -0.19488], [-0.08661, -0.19488], [0.08268, -0.16732], [0.06299, -0.16732], [0.19685, -0.12795], [0.24016, -0.08071], [0.25197, -0.02953], [0.25197, 0.01378], [0.23228, 0.04528], [0.11024, 0.10433], [0.1063, 0.12402], [0.12205, 0.15157], [0.17323, 0.19882], [0.22835, 0.21457], [0.40157, 0.19488], [0.49213, 0.21457], [0.5, 0.23031], [0.35039, 0.30118], [0.35039, 0.30512]]}