{"rank": 147, "key_id": "5974554226720768", "category": "duck", "n_points": 37, "bbox_aspect": 1.1697247706422018, "n_extensions_spliced": 2, "main_perimeter_px": 780.7904479469514, "score": 0.8658740386903536, "coords": [[-0.34314, 0.21569], [-0.34314, 0.2549], [-0.30392, 0.35294], [-0.21765, 0.41961], [-0.1902, 0.42745], [-0.13137, 0.42353], [-0.07647, 0.38039], [0.02941, 0.16471], [0.04902, 0.06275], [0.06471, 0.05882], [0.26471, 0.1098], [0.49608, 0.22745], [0.5, 0.07843], [0.48824, -0.00392], [0.40196, -0.15294], [0.26863, -0.23137], [0.27647, -0.27843], [0.27647, -0.32157], [0.26078, -0.38824], [0.26078, -0.38824], [0.27647, -0.32157], [0.27647, -0.27843], [0.11176, -0.28235], [0.02549, -0.28235], [-0.10784, -0.25098], [-0.06471, -0.28235], [-0.15882, -0.42745], [-0.15882, -0.42745], [-0.06471, -0.28235], [-0.21373, -0.17647], [-0.26078, -0.10196], [-0.29216, -0.00784], [-0.31176, 0.15294], [-0.49608, 0.03922], [-0.5, 0.05882], [-0.48431, 0.08235], [-0.38235, 0.16863], [-0.34314, 0.21569]]}