{"rank": 148, "key_id": "5945114713128960", "category": "duck", "n_points": 34, "bbox_aspect": 1.655844155844156, "n_extensions_spliced": 2, "main_perimeter_px": 714.5664920674639, "score": 0.8658462390468243, "coords": [[0.29608, 0.12549], [0.39412, 0.17255], [0.41765, 0.19608], [0.42157, 0.23137], [0.37451, 0.27451], [0.28039, 0.30196], [0.16275, 0.2902], [0.1, 0.26275], [0.06078, 0.21961], [0.02157, 0.12157], [-0.00588, 0.12549], [-0.13922, 0.17255], [-0.19412, 0.16863], [-0.2451, 0.12549], [-0.39412, -0.10588], [-0.39412, -0.15294], [-0.30392, -0.16078], [-0.13922, -0.14118], [-0.18235, -0.16078], [0.1, 0.01176], [0.13529, 0.04706], [0.17059, 0.10588], [0.1902, 0.11373], [0.21765, 0.1098], [0.22157, 0.07451], [0.27647, 0.01176], [0.42549, -0.07059], [0.42941, -0.08235], [0.48431, -0.01961], [0.5, 0.03529], [0.37059, 0.03529], [0.29216, 0.0549], [0.24118, 0.10588], [0.30392, 0.12549], [0.29608, 0.12549]]}