{"rank": 149, "key_id": "5791330489860096", "category": "duck", "n_points": 49, "bbox_aspect": 1.3492063492063493, "n_extensions_spliced": 2, "main_perimeter_px": 583.3493493419794, "score": 0.8657976721009664, "coords": [[0.14314, 0.26471], [0.17451, -0.02157], [0.15882, -0.03333], [-0.11176, -0.05686], [-0.18627, -0.07647], [-0.40196, -0.07647], [-0.41765, -0.08431], [-0.48824, -0.18235], [-0.5, -0.22157], [-0.49608, -0.28039], [-0.44902, -0.35882], [-0.41765, -0.37059], [-0.29608, -0.37059], [0.13529, -0.29608], [0.18627, -0.27255], [0.22549, -0.22157], [0.23725, 0.03725], [0.26471, 0.07647], [0.32745, 0.09608], [0.32353, 0.10784], [0.39804, 0.11176], [0.46078, 0.13137], [0.49608, 0.15882], [0.5, 0.22157], [0.48039, 0.25294], [0.44902, 0.27255], [0.30392, 0.26863], [0.30392, 0.25686], [0.27255, 0.34706], [0.23333, 0.36667], [0.1902, 0.37059], [0.17451, 0.3549], [0.15882, 0.31961], [0.15882, 0.28039], [0.15882, 0.28039], [0.15882, 0.31961], [0.17451, 0.3549], [0.1902, 0.37059], [0.23333, 0.36667], [0.27255, 0.34706], [0.30392, 0.25686], [0.30392, 0.26863], [0.44902, 0.27255], [0.48039, 0.25294], [0.5, 0.22157], [0.49608, 0.15882], [0.46078, 0.13137], [0.39804, 0.11176], [0.32353, 0.10784], [0.14314, 0.26471]]}