{"rank": 150, "key_id": "6707261487448064", "category": "duck", "n_points": 33, "bbox_aspect": 1.1971830985915493, "n_extensions_spliced": 2, "main_perimeter_px": 735.7213944638988, "score": 0.8654493999794517, "coords": [[-0.29608, 0.26078], [-0.31176, 0.30392], [-0.30392, 0.35098], [-0.27255, 0.40196], [-0.2451, 0.41765], [-0.18235, 0.41765], [-0.09608, 0.39412], [-0.02157, 0.3549], [0.02157, 0.30784], [0.03725, 0.25686], [0.01373, 0.17843], [-0.0451, 0.13529], [-0.1, 0.11961], [-0.10784, 0.10392], [-0.09608, -0.0451], [-0.08039, -0.07255], [-0.02941, -0.05686], [0.17059, 0.04118], [0.28039, 0.05686], [0.35882, 0.04902], [0.41373, 0.02941], [0.45294, -0.02549], [0.48824, -0.10392], [0.5, -0.16275], [0.48824, -0.2098], [0.35882, -0.28431], [0.09608, -0.33137], [-0.00196, -0.31961], [0.02549, -0.31176], [-0.18235, -0.21765], [-0.22157, -0.15098], [-0.27255, -0.01373], [-0.27255, 0.1902], [-0.29608, 0.26078]]}