{"rank": 151, "key_id": "5856986560200704", "category": "duck", "n_points": 41, "bbox_aspect": 1.2259615384615385, "n_extensions_spliced": 2, "main_perimeter_px": 404.4941864094227, "score": 0.8654105935184601, "coords": [[0.21765, -0.01176], [0.4098, 0.00392], [0.47255, 0.01961], [0.5, 0.06275], [0.5, 0.09412], [0.45686, 0.12157], [0.37059, 0.13725], [0.26078, 0.13725], [0.2451, 0.16863], [0.24902, 0.36078], [0.23333, 0.38824], [0.09608, 0.40784], [0.04902, 0.38431], [-0.00196, 0.30196], [-0.02157, 0.21569], [-0.02157, 0.12157], [-0.0098, 0.07059], [0.02157, 0.04706], [0.03725, -0.01569], [0.03725, -0.09412], [-0.00196, -0.16863], [-0.21765, -0.27843], [-0.34314, -0.31373], [-0.35098, -0.31373], [-0.43333, -0.32941], [-0.49216, -0.36471], [-0.5, -0.38039], [-0.47255, -0.40784], [-0.47255, -0.40784], [-0.5, -0.38039], [-0.49216, -0.36471], [-0.43333, -0.32941], [-0.35098, -0.31373], [-0.34314, -0.31373], [-0.21765, -0.27843], [-0.00196, -0.16863], [0.03725, -0.09412], [0.03725, -0.01569], [0.02157, 0.04706], [0.06471, 0.03137], [0.19412, 0.00784], [0.21765, -0.01176]]}