{"rank": 152, "key_id": "6104783490383872", "category": "duck", "n_points": 26, "bbox_aspect": 1.3010204081632653, "n_extensions_spliced": 2, "main_perimeter_px": 640.2966729836496, "score": 0.8653403211813538, "coords": [[-0.33529, 0.28627], [-0.31569, 0.31765], [-0.26078, 0.35294], [-0.16667, 0.38431], [-0.13137, 0.37647], [-0.06863, 0.33333], [-0.0098, 0.17255], [0.03725, 0.12157], [0.08824, 0.09412], [0.42941, -0.01961], [0.49608, -0.08627], [0.5, -0.10588], [0.48431, -0.12549], [0.40196, -0.1451], [0.31176, -0.14902], [0.23725, -0.12157], [0.01373, -0.09804], [0.04902, -0.14118], [-0.21765, -0.09804], [-0.28039, -0.10196], [-0.45294, -0.05882], [-0.47255, -0.03137], [-0.5, 0.0902], [-0.37843, 0.21569], [-0.32353, 0.25098], [-0.31176, 0.30196], [-0.33529, 0.28627]]}