{"rank": 153, "key_id": "6724274695962624", "category": "duck", "n_points": 39, "bbox_aspect": 1.5454545454545454, "n_extensions_spliced": 2, "main_perimeter_px": 383.46479085247006, "score": 0.8644698928855323, "coords": [[-0.25294, 0.09608], [-0.28039, 0.1], [-0.39804, 0.09608], [-0.47647, 0.13137], [-0.47647, 0.13137], [-0.39804, 0.09608], [-0.28039, 0.1], [-0.25686, 0.04902], [-0.32353, -0.05294], [-0.40196, -0.11961], [-0.41373, -0.11569], [-0.36275, -0.01765], [-0.34706, 0.04118], [-0.45294, 0.0451], [-0.5, 0.07647], [-0.5, 0.07647], [-0.45294, 0.0451], [-0.34706, 0.04118], [-0.36275, -0.01765], [-0.41373, -0.11569], [-0.40196, -0.11961], [-0.32353, -0.05294], [-0.25686, 0.04902], [-0.27647, 0.1902], [-0.27647, 0.22549], [-0.25686, 0.26863], [-0.20588, 0.31569], [-0.15098, 0.32353], [-0.10784, 0.31569], [-0.07255, 0.27255], [-0.04902, 0.16275], [-0.04902, -0.2098], [-0.02549, -0.22157], [0.17843, -0.17451], [0.29608, -0.17843], [0.37451, -0.19804], [0.41765, -0.22549], [0.45294, -0.25294], [0.5, -0.32353], [-0.25294, 0.09608]]}