{"rank": 154, "key_id": "4751719810465792", "category": "duck", "n_points": 36, "bbox_aspect": 1.7, "n_extensions_spliced": 2, "main_perimeter_px": 453.2454620757704, "score": 0.8640907898913298, "coords": [[0.1549, 0.28627], [0.15098, 0.29412], [0.1902, 0.19216], [0.17843, 0.12941], [0.31569, 0.12549], [0.5, 0.07451], [0.39804, 0.06275], [0.41373, 0.07451], [0.15882, 0.06667], [0.15882, 0.06667], [0.41373, 0.07451], [0.11176, -0.03922], [0.11176, -0.03922], [0.39804, 0.06275], [0.5, 0.07451], [0.31569, 0.12549], [0.17843, 0.12941], [0.1902, 0.19216], [0.15098, 0.29412], [0.03725, 0.29412], [-0.02549, 0.27451], [-0.0451, 0.25098], [-0.07255, 0.16078], [-0.06471, 0.05098], [-0.18627, 0.05882], [-0.30392, 0.02353], [-0.45294, -0.08235], [-0.5, -0.1451], [-0.47255, -0.2], [-0.37059, -0.27451], [-0.28431, -0.29412], [-0.13922, -0.29412], [-0.01373, -0.2549], [0.03725, -0.21176], [0.13529, -0.06667], [0.09216, -0.02745], [0.1549, 0.28627]]}