{"rank": 155, "key_id": "5355519722127360", "category": "duck", "n_points": 36, "bbox_aspect": 1.1516587677725119, "n_extensions_spliced": 2, "main_perimeter_px": 547.6756329793377, "score": 0.8633117512702884, "coords": [[-0.13786, 0.34774], [-0.20782, 0.40123], [-0.14609, 0.36831], [-0.13374, 0.3107], [-0.16255, 0.23663], [-0.21605, 0.19136], [-0.29012, 0.20782], [-0.36831, 0.26132], [-0.38889, 0.25309], [-0.393, 0.29424], [-0.36831, 0.26132], [-0.29012, 0.20782], [-0.21605, 0.19136], [-0.16255, 0.23663], [-0.13374, 0.3107], [-0.14609, 0.36831], [-0.08436, 0.33539], [-0.04321, 0.28189], [-0.02675, 0.16255], [-0.03498, 0.10494], [-0.00206, 0.00617], [0.03498, -0.05144], [0.07202, -0.0679], [0.31481, -0.07202], [0.38889, -0.09259], [0.48765, -0.17078], [0.5, -0.26543], [0.45473, -0.34774], [0.40123, -0.39712], [0.33539, -0.43416], [0.15432, -0.43004], [0.02263, -0.38477], [-0.06379, -0.29424], [-0.14609, -0.11728], [-0.16667, -0.01852], [-0.18313, 0.19547], [-0.13786, 0.34774]]}