{"rank": 156, "key_id": "5764630792110080", "category": "duck", "n_points": 50, "bbox_aspect": 1.4406779661016949, "n_extensions_spliced": 2, "main_perimeter_px": 434.4217019334828, "score": 0.8632842301589645, "coords": [[0.03725, 0.02941], [0.03333, -0.00588], [-0.00196, -0.06471], [-0.15098, -0.11569], [-0.26863, -0.1], [-0.33137, -0.0451], [-0.42549, -0.02549], [-0.44118, -0.02941], [-0.5, -0.08431], [-0.4451, -0.17451], [-0.42157, -0.23725], [-0.35098, -0.26863], [-0.26863, -0.34706], [-0.16275, -0.28431], [-0.1, -0.33137], [0.07255, -0.24118], [0.13529, -0.13922], [0.16667, 0.02549], [0.18235, 0.09216], [0.10392, 0.02157], [0.03333, 0.01765], [0.01373, 0.06863], [-0.04118, 0.13137], [-0.04902, 0.22157], [0.05686, 0.34706], [0.17843, 0.34314], [0.21765, 0.29608], [0.21765, 0.22549], [0.19412, 0.24902], [0.27255, 0.23725], [0.46863, 0.1549], [0.5, 0.10784], [0.25686, 0.11961], [0.1902, 0.13529], [0.1902, 0.13529], [0.25686, 0.11961], [0.5, 0.10784], [0.46863, 0.1549], [0.27255, 0.23725], [0.19412, 0.24902], [0.21765, 0.22549], [0.21765, 0.29608], [0.17843, 0.34314], [0.05686, 0.34706], [-0.04902, 0.22157], [-0.04118, 0.13137], [0.01373, 0.06863], [0.03333, 0.01765], [0.10392, 0.02157], [0.18235, 0.09216], [0.03725, 0.02941]]}