{"rank": 157, "key_id": "6173492955316224", "category": "duck", "n_points": 23, "bbox_aspect": 1.3421052631578947, "n_extensions_spliced": 2, "main_perimeter_px": 626.2846788162167, "score": 0.8621037321303756, "coords": [[-0.00196, 0.31373], [-0.00196, 0.3098], [0.0451, 0.18039], [0.08039, -0.02353], [0.15098, -0.04314], [0.24118, -0.04706], [0.47255, 0.04706], [0.5, -0.06667], [0.49216, -0.16471], [0.42157, -0.26667], [0.34706, -0.32549], [0.09608, -0.36863], [-0.10784, -0.37255], [-0.25294, -0.37255], [-0.31176, -0.34118], [-0.37843, -0.25882], [-0.42549, -0.17647], [-0.44902, -0.0902], [-0.45294, -0.03529], [-0.43725, 0.01176], [-0.35882, 0.12157], [-0.30784, 0.15294], [-0.26863, 0.12941], [-0.00196, 0.31373]]}