{"rank": 158, "key_id": "6531772395290624", "category": "duck", "n_points": 35, "bbox_aspect": 1.1590909090909092, "n_extensions_spliced": 2, "main_perimeter_px": 872.9290140646805, "score": 0.859481300196063, "coords": [[-0.31961, 0.01569], [-0.30784, 0.25098], [-0.35882, 0.29412], [-0.47255, 0.29412], [-0.47255, 0.31765], [-0.37059, 0.33333], [-0.48824, 0.33333], [-0.5, 0.35686], [-0.46863, 0.37647], [-0.35882, 0.38039], [-0.34706, 0.41961], [-0.27647, 0.43137], [-0.25294, 0.41176], [-0.22549, 0.3451], [-0.19804, 0.19216], [-0.16667, 0.13725], [-0.07255, 0.06667], [0.01765, 0.05098], [0.15882, 0.0549], [0.35098, 0.14118], [0.32353, 0.07451], [0.46078, 0.07843], [0.45294, 0.04314], [0.35098, -0.04706], [0.5, -0.00392], [0.48824, -0.03529], [0.37843, -0.17255], [0.27647, -0.22745], [0.13137, -0.26275], [0.03333, -0.27843], [-0.06863, -0.26667], [-0.08431, -0.22353], [-0.13922, -0.24314], [-0.27647, -0.13333], [-0.29608, -0.00784], [-0.31961, 0.01569]]}