{"rank": 159, "key_id": "6451087559098368", "category": "duck", "n_points": 33, "bbox_aspect": 1.186046511627907, "n_extensions_spliced": 2, "main_perimeter_px": 739.1200054131364, "score": 0.8589072962866854, "coords": [[0.39412, 0.31176], [0.38235, 0.37451], [0.34314, 0.41765], [0.26078, 0.42157], [0.20196, 0.38235], [0.18235, 0.31961], [0.22941, 0.18235], [0.24118, 0.1], [0.22941, 0.08039], [0.19804, 0.07647], [0.13529, 0.08431], [0.04118, 0.21765], [-0.06471, 0.26471], [-0.19804, 0.26471], [-0.4098, 0.17451], [-0.4451, 0.17843], [-0.49216, 0.24118], [-0.5, 0.22157], [-0.49216, 0.17059], [-0.4451, 0.10784], [-0.39412, -0.00588], [-0.33922, -0.06471], [-0.20588, -0.12353], [-0.06863, -0.15098], [0.05686, -0.15098], [0.02941, -0.1549], [0.2098, -0.12745], [0.27255, -0.08824], [0.31569, -0.04902], [0.33529, 0.03333], [0.31176, 0.23333], [0.36275, 0.26471], [0.38235, 0.31569], [0.39412, 0.31176]]}