{"rank": 160, "key_id": "5687124479180800", "category": "duck", "n_points": 32, "bbox_aspect": 1.6346153846153846, "n_extensions_spliced": 2, "main_perimeter_px": 661.2208823086023, "score": 0.8582119557652933, "coords": [[-0.42157, 0.19216], [-0.39412, 0.24314], [-0.30784, 0.30196], [-0.19804, 0.30588], [-0.14706, 0.26667], [-0.07647, 0.09412], [-0.04118, 0.04314], [0.0451, -0.01961], [0.12353, -0.04314], [0.26471, -0.02745], [0.3902, 0.04706], [0.43725, 0.10588], [0.44902, 0.10588], [0.45686, 0.05882], [0.49608, 0.09412], [0.5, 0.04314], [0.4451, -0.08235], [0.31961, -0.14902], [0.17451, -0.18039], [0.00196, -0.19216], [0.02157, -0.2], [-0.10392, -0.17255], [-0.16275, -0.03137], [-0.18235, 0.0902], [-0.20588, 0.15294], [-0.22157, 0.16471], [-0.31176, 0.17255], [-0.33922, 0.18824], [-0.33529, 0.20392], [-0.3549, 0.21176], [-0.3549, 0.26667], [-0.34314, 0.27843], [-0.42157, 0.19216]]}