{"rank": 161, "key_id": "5021353818193920", "category": "duck", "n_points": 38, "bbox_aspect": 1.1705069124423964, "n_extensions_spliced": 2, "main_perimeter_px": 779.1510293830565, "score": 0.8580086071331382, "coords": [[0.30315, 0.23031], [0.29921, 0.25787], [0.44094, 0.24213], [0.48425, 0.2185], [0.49213, 0.19882], [0.5, 0.20669], [0.48819, 0.18307], [0.49213, 0.19882], [0.48425, 0.2185], [0.44094, 0.24213], [0.29921, 0.25787], [0.34646, 0.34449], [0.35039, 0.38386], [0.30315, 0.41929], [0.27165, 0.42717], [0.22047, 0.41142], [0.12598, 0.3248], [0.08268, 0.25787], [0.07087, 0.18701], [0.07874, -0.03346], [0.03937, -0.10433], [-0.01181, -0.13976], [-0.15354, -0.15551], [-0.26772, -0.12795], [-0.39764, -0.04921], [-0.41339, -0.05315], [-0.49213, -0.25787], [-0.5, -0.31693], [-0.39764, -0.36024], [-0.15354, -0.41142], [0.12598, -0.42717], [0.20079, -0.41535], [0.27559, -0.3878], [0.3189, -0.35236], [0.38189, -0.16732], [0.37008, -0.00197], [0.33071, 0.1122], [0.35827, 0.18307], [0.30315, 0.23031]]}