{"rank": 162, "key_id": "5460086874963968", "category": "duck", "n_points": 39, "bbox_aspect": 1.655844155844156, "n_extensions_spliced": 2, "main_perimeter_px": 673.554556689135, "score": 0.857512905713491, "coords": [[-0.36667, 0.15686], [-0.37059, 0.20784], [-0.3549, 0.25098], [-0.29216, 0.30196], [-0.23333, 0.27843], [-0.19412, 0.22745], [-0.13529, 0.18824], [-0.11961, 0.15686], [-0.05294, 0.12157], [0.22549, 0.13333], [0.43725, 0.21569], [0.5, 0.26667], [0.46863, 0.18431], [0.42157, 0.11765], [0.39804, 0.03137], [0.31569, -0.07843], [0.26078, -0.11765], [0.13137, -0.13333], [0.15882, -0.17647], [0.23333, -0.27451], [0.23333, -0.27451], [0.15882, -0.17647], [-0.03333, -0.12157], [0.01765, -0.08627], [0.02941, -0.18431], [0.02157, -0.30196], [0.02157, -0.30196], [0.02941, -0.18431], [0.01765, -0.08627], [-0.11961, -0.07843], [-0.1902, 0.01569], [-0.19804, 0.12157], [-0.21765, 0.17255], [-0.26863, 0.17647], [-0.30392, 0.13333], [-0.39412, 0.1098], [-0.47647, 0.10588], [-0.5, 0.12157], [-0.38235, 0.15686], [-0.36667, 0.15686]]}