{"rank": 163, "key_id": "5847891820150784", "category": "duck", "n_points": 31, "bbox_aspect": 1.2115384615384615, "n_extensions_spliced": 2, "main_perimeter_px": 716.2713648645307, "score": 0.857126473165558, "coords": [[-0.21429, 0.19048], [-0.21825, 0.20635], [-0.21429, 0.25], [-0.19444, 0.30952], [-0.13889, 0.36905], [-0.01984, 0.4127], [0.03571, 0.4127], [0.10317, 0.38889], [0.15079, 0.33333], [0.18254, 0.2619], [0.23413, 0.01984], [0.21032, -0.13492], [0.23016, -0.2381], [0.27778, -0.26984], [0.48016, -0.29365], [0.5, -0.32143], [0.5, -0.37698], [0.46032, -0.40079], [0.38492, -0.4127], [0.31746, -0.40476], [0.24206, -0.34921], [0.21032, -0.2381], [0.08333, -0.21032], [0.03571, -0.1746], [-0.04762, -0.35714], [-0.08333, -0.36905], [-0.21429, -0.36905], [-0.23413, -0.34524], [-0.23413, -0.28571], [-0.25, -0.31349], [-0.16667, 0.03175], [-0.21429, 0.19048]]}