{"rank": 164, "key_id": "6608681988784128", "category": "duck", "n_points": 34, "bbox_aspect": 1.6776315789473684, "n_extensions_spliced": 2, "main_perimeter_px": 635.138843001342, "score": 0.8566957819496774, "coords": [[0.19412, 0.11373], [0.5, 0.10196], [0.27647, 0.17647], [0.26471, 0.25098], [0.21765, 0.2902], [0.09608, 0.29804], [-0.01765, 0.25882], [-0.05686, 0.21176], [-0.07647, 0.12549], [-0.11569, 0.12549], [-0.16667, 0.10588], [-0.37843, -0.01569], [-0.4098, -0.05098], [-0.5, -0.19608], [-0.46863, -0.23529], [-0.40588, -0.25882], [-0.23725, -0.23922], [-0.15882, -0.18824], [-0.14314, -0.29804], [-0.02941, -0.29804], [-0.02941, -0.29804], [-0.14314, -0.29804], [-0.15882, -0.18824], [0.01765, -0.10196], [0.01765, -0.08627], [0.0098, -0.22353], [0.08039, -0.23137], [0.08039, -0.23137], [0.0098, -0.22353], [0.01765, -0.08627], [0.09608, -0.04314], [0.1549, 0.02353], [0.1902, 0.08235], [0.19804, 0.11373], [0.19412, 0.11373]]}