{"rank": 165, "key_id": "4916047708684288", "category": "duck", "n_points": 38, "bbox_aspect": 1.6776315789473684, "n_extensions_spliced": 2, "main_perimeter_px": 665.7709895755764, "score": 0.8566957819496774, "coords": [[-0.17451, 0.01569], [-0.18627, 0.00392], [-0.20588, -0.0902], [-0.19412, -0.17255], [-0.1549, -0.21961], [-0.07647, -0.26275], [-0.02941, -0.27451], [0.16275, -0.29804], [0.36667, -0.29804], [0.46863, -0.23529], [0.5, -0.10196], [0.4451, -0.12549], [0.20196, -0.12157], [0.06863, -0.07059], [0.05686, -0.05882], [-0.02157, 0.2], [-0.0451, 0.23529], [-0.13529, 0.28235], [-0.27255, 0.29804], [-0.34706, 0.26667], [-0.39412, 0.20784], [-0.41373, 0.15686], [-0.40196, 0.07059], [-0.40196, 0.07059], [-0.5, 0.07059], [-0.48431, 0.0902], [-0.40196, 0.11373], [-0.40196, 0.11373], [-0.48431, 0.0902], [-0.46078, 0.12941], [-0.42941, 0.14118], [-0.42941, 0.14118], [-0.46078, 0.12941], [-0.5, 0.07059], [-0.40196, 0.07059], [-0.36667, 0.01961], [-0.26471, 0.01569], [-0.18627, 0.04706], [-0.17451, 0.01569]]}