{"rank": 166, "key_id": "6739076860346368", "category": "duck", "n_points": 35, "bbox_aspect": 1.1486486486486487, "n_extensions_spliced": 2, "main_perimeter_px": 864.7413553297648, "score": 0.8531464153321204, "coords": [[0.31176, 0.34118], [0.28431, 0.39608], [0.22941, 0.42745], [0.17059, 0.43529], [0.11569, 0.40392], [0.07647, 0.35294], [0.04902, 0.27451], [0.03725, 0.12549], [0.05294, 0.06667], [0.04902, 0.01961], [0.02549, -0.04314], [-0.02157, -0.07843], [-0.07255, -0.0902], [-0.11176, -0.08235], [-0.26863, -0.01176], [-0.35882, 0.07451], [-0.42549, 0.21176], [-0.44118, 0.03529], [-0.48431, 0.09412], [-0.5, 0.05098], [-0.46078, -0.11373], [-0.42157, -0.21569], [-0.37059, -0.28627], [-0.28431, -0.35686], [-0.19412, -0.41176], [-0.14706, -0.42745], [-0.05294, -0.43529], [0.1549, -0.43529], [0.22941, -0.40784], [0.31569, -0.34902], [0.38235, -0.25882], [0.41373, -0.18039], [0.41765, -0.06667], [0.33137, 0.17647], [0.32745, 0.25098], [0.31176, 0.34118]]}