{"rank": 167, "key_id": "5915569901535232", "category": "duck", "n_points": 35, "bbox_aspect": 1.1486486486486487, "n_extensions_spliced": 2, "main_perimeter_px": 589.4785237352918, "score": 0.8531464153321204, "coords": [[-0.23725, 0.38824], [-0.31569, 0.42745], [-0.4098, 0.43529], [-0.46078, 0.37255], [-0.45686, 0.2902], [-0.41373, 0.30588], [-0.32353, 0.25882], [-0.45686, 0.2902], [-0.46078, 0.37255], [-0.4098, 0.43529], [-0.31569, 0.42745], [-0.26078, 0.39216], [-0.24902, 0.35686], [-0.19804, 0.37647], [-0.14706, 0.28627], [-0.17451, 0.18039], [-0.14706, 0.09804], [-0.03725, 0.15686], [0.1, 0.21176], [0.24118, 0.22745], [0.28039, 0.21569], [0.38235, 0.12549], [0.44118, 0.05882], [0.48824, -0.01961], [0.5, -0.15294], [0.46078, -0.19608], [0.37059, -0.2549], [0.28431, -0.28235], [0.24118, -0.27843], [0.13137, -0.22353], [0.05686, -0.20784], [0.06078, -0.42745], [-0.02157, -0.43529], [-0.02157, -0.22745], [-0.06863, -0.21569], [-0.23725, 0.38824]]}