{"rank": 168, "key_id": "6300847526903808", "category": "duck", "n_points": 33, "bbox_aspect": 1.6666666666666667, "n_extensions_spliced": 2, "main_perimeter_px": 439.6849081400235, "score": 0.8529526289986555, "coords": [[0.06078, 0.15098], [-0.26863, 0.13922], [-0.35098, 0.20588], [-0.37843, 0.2098], [-0.45294, 0.16275], [-0.47647, 0.12353], [-0.49608, 0.08039], [-0.5, -0.0098], [-0.41765, -0.11569], [-0.2451, -0.24902], [-0.17059, -0.29216], [-0.11961, -0.3], [-0.06863, -0.23333], [0.00588, -0.17059], [0.06863, -0.06078], [0.08039, 0.03333], [0.08039, 0.10392], [0.06863, 0.12745], [0.08824, 0.20588], [0.11961, 0.24902], [0.25294, 0.29216], [0.31176, 0.3], [0.34314, 0.26863], [0.36667, 0.22157], [0.37843, 0.21765], [0.37059, 0.1902], [0.36667, 0.22157], [0.34314, 0.26863], [0.31176, 0.3], [0.25294, 0.29216], [0.11961, 0.24902], [0.08824, 0.20588], [0.06863, 0.12745], [0.06078, 0.15098]]}