{"rank": 169, "key_id": "6616620162088960", "category": "duck", "n_points": 33, "bbox_aspect": 1.6666666666666667, "n_extensions_spliced": 2, "main_perimeter_px": 583.5802502258423, "score": 0.8529526289986555, "coords": [[-0.19412, 0.1902], [-0.20196, 0.18235], [-0.20196, 0.13137], [-0.34706, 0.22549], [-0.20196, 0.18235], [-0.12745, 0.26471], [-0.09216, 0.28824], [-0.03725, 0.3], [0.03333, 0.28824], [0.07255, 0.23333], [0.06863, 0.18235], [0.03333, 0.14706], [0.02941, 0.11569], [0.02941, -0.00196], [0.04902, -0.11961], [0.07647, -0.14706], [0.1, -0.14706], [0.23333, -0.1], [0.34314, -0.04118], [0.44118, -0.03333], [0.46863, -0.05686], [0.49608, -0.12353], [0.5, -0.18627], [0.48824, -0.22157], [0.47255, -0.24902], [0.43333, -0.27255], [0.32745, -0.29608], [0.17843, -0.3], [0.06078, -0.28431], [-0.15098, -0.18627], [-0.2098, -0.13922], [-0.2451, -0.08824], [-0.25686, 0.03333], [-0.19412, 0.1902]]}