{"rank": 170, "key_id": "6577650116067328", "category": "duck", "n_points": 43, "bbox_aspect": 1.233009708737864, "n_extensions_spliced": 2, "main_perimeter_px": 696.8880406650885, "score": 0.8527567697920864, "coords": [[-0.2874, 0.22047], [-0.2874, 0.20472], [-0.41732, 0.18504], [-0.47638, 0.16142], [-0.5, 0.1378], [-0.5, 0.1378], [-0.47638, 0.16142], [-0.41732, 0.18504], [-0.2874, 0.20472], [-0.25984, 0.31496], [-0.21654, 0.35433], [-0.13386, 0.40551], [-0.08268, 0.3937], [-0.01181, 0.33465], [0.05118, 0.20079], [0.06693, 0.1063], [0.04724, -0.05906], [0.05512, -0.09055], [0.11417, -0.09843], [0.29528, -0.08268], [0.43307, -0.1063], [0.47244, -0.1378], [0.5, -0.22047], [0.5, -0.31496], [0.46063, -0.38189], [0.40945, -0.40551], [0.15748, -0.40551], [-0.24409, -0.33465], [-0.32677, -0.26772], [-0.35039, -0.18504], [-0.35039, -0.10236], [-0.31496, 0.05512], [-0.27165, 0.09449], [-0.25197, 0.05906], [-0.32677, 0.07087], [-0.41339, 0.10236], [-0.4685, 0.12992], [-0.5, 0.16535], [-0.5, 0.16535], [-0.4685, 0.12992], [-0.41339, 0.10236], [-0.32677, 0.07087], [-0.25197, 0.05906], [-0.2874, 0.22047]]}