{"rank": 171, "key_id": "5170975962300416", "category": "duck", "n_points": 49, "bbox_aspect": 1.3212435233160622, "n_extensions_spliced": 2, "main_perimeter_px": 433.6737927586557, "score": 0.8511374504092961, "coords": [[0.46863, 0.02549], [0.48824, 0.01765], [0.47255, 0.00588], [0.27647, 0.0098], [0.17059, 0.04902], [0.1, 0.18627], [-0.01373, 0.35098], [-0.03725, 0.36667], [-0.20196, 0.37843], [-0.28824, 0.34314], [-0.28431, 0.32745], [-0.37843, 0.23333], [-0.5, 0.17843], [-0.46863, 0.14706], [-0.42157, 0.13529], [-0.33137, 0.17843], [-0.26471, 0.18235], [-0.26471, 0.18235], [-0.33137, 0.17843], [-0.42157, 0.13529], [-0.46863, 0.14706], [-0.5, 0.17843], [-0.37843, 0.23333], [-0.28431, 0.32745], [-0.28824, 0.34314], [-0.20196, 0.37843], [-0.03725, 0.36667], [-0.01373, 0.35098], [0.1, 0.18627], [0.17059, 0.04902], [0.27647, 0.0098], [0.47255, 0.00588], [0.48824, 0.01765], [0.5, -0.12353], [0.5, -0.22549], [0.45686, -0.31961], [0.39412, -0.35882], [0.33529, -0.37059], [0.19412, -0.37843], [0.04118, -0.37059], [-0.00588, -0.30392], [-0.03333, 0.00196], [-0.11176, 0.15882], [-0.21765, 0.17451], [-0.28431, 0.19804], [-0.30784, 0.22941], [-0.31569, 0.28431], [-0.3, 0.30784], [-0.25294, 0.32353], [0.46863, 0.02549]]}