{"rank": 172, "key_id": "5863657701376000", "category": "duck", "n_points": 42, "bbox_aspect": 1.5414012738853504, "n_extensions_spliced": 2, "main_perimeter_px": 386.8369286848302, "score": 0.8497385427810595, "coords": [[0.43802, 0.26653], [0.42562, 0.27479], [0.40083, 0.29959], [0.34298, 0.32438], [0.32645, 0.27066], [0.32645, 0.2624], [0.32645, 0.2624], [0.32645, 0.27066], [0.21901, 0.29959], [0.17769, 0.25413], [0.15289, 0.11777], [0.1157, 0.04752], [0.0124, -0.0186], [-0.32645, -0.02273], [-0.36364, -0.03099], [-0.42562, -0.07645], [-0.42562, -0.07645], [-0.36364, -0.03099], [-0.32645, -0.02273], [0.0124, -0.0186], [0.1157, 0.04752], [0.15289, 0.11777], [0.17769, 0.25413], [0.21901, 0.29959], [0.34298, 0.32438], [0.40083, 0.29959], [0.42562, 0.27479], [0.5, 0.25413], [0.32231, 0.18388], [0.24793, 0.0186], [0.20248, -0.04339], [0.02893, -0.23347], [-0.0124, -0.26653], [-0.09917, -0.30372], [-0.19421, -0.32025], [-0.3719, -0.32438], [-0.45041, -0.31612], [-0.48347, -0.29132], [-0.5, -0.25826], [-0.49174, -0.15083], [-0.46281, -0.10124], [-0.40496, -0.03926], [0.43802, 0.26653]]}