{"rank": 173, "key_id": "5241973264875520", "category": "duck", "n_points": 29, "bbox_aspect": 1.2259615384615385, "n_extensions_spliced": 2, "main_perimeter_px": 641.6384482050258, "score": 0.8487439268517933, "coords": [[-0.11176, 0.35686], [-0.11961, 0.38039], [-0.14706, 0.39608], [-0.22549, 0.40784], [-0.25686, 0.38431], [-0.28431, 0.32941], [-0.5, 0.25882], [-0.37451, 0.27059], [-0.26863, 0.29804], [-0.27647, 0.26667], [-0.23333, 0.17647], [-0.19804, 0.15686], [-0.17843, 0.10588], [-0.12353, 0.03529], [-0.0098, -0.02353], [0.00588, -0.04706], [0.06078, -0.03922], [0.21373, -0.03922], [0.24118, -0.05098], [0.32353, -0.0], [0.44902, 0.10588], [0.49216, 0.17255], [0.5, 0.23137], [0.44118, 0.23529], [0.21373, 0.19608], [0.0451, 0.18431], [0.00196, 0.21961], [-0.02549, 0.27059], [-0.1549, 0.35686], [-0.11176, 0.35686]]}