{"rank": 174, "key_id": "4872266624008192", "category": "duck", "n_points": 48, "bbox_aspect": 1.3350785340314135, "n_extensions_spliced": 2, "main_perimeter_px": 392.6583878029602, "score": 0.8484084858508089, "coords": [[0.04902, -0.09608], [-0.11176, -0.1], [-0.04902, -0.1], [0.13529, -0.14314], [0.13922, -0.25686], [0.0451, -0.34314], [-0.00196, -0.36275], [-0.1, -0.37451], [-0.19804, -0.37451], [-0.4451, -0.30784], [-0.46078, -0.29216], [-0.5, -0.25294], [-0.5, -0.22941], [-0.43725, -0.13529], [-0.39412, -0.1], [-0.35882, -0.08824], [-0.17059, -0.10784], [-0.08431, -0.09608], [-0.08431, -0.09608], [-0.17059, -0.10784], [-0.35882, -0.08824], [-0.39412, -0.1], [-0.43725, -0.13529], [-0.5, -0.22941], [-0.5, -0.25294], [-0.46078, -0.29216], [-0.4451, -0.30784], [-0.19804, -0.37451], [-0.1, -0.37451], [-0.00196, -0.36275], [0.0451, -0.34314], [0.13922, -0.25686], [0.13529, -0.14314], [-0.04902, -0.1], [-0.11176, -0.1], [0.15098, 0.30392], [0.17843, 0.36275], [0.19412, 0.37451], [0.24118, 0.37451], [0.37059, 0.34706], [0.38235, 0.32745], [0.38235, 0.21765], [0.49608, 0.19412], [0.5, 0.15882], [0.48431, 0.14706], [0.32353, 0.16667], [0.29216, 0.15882], [0.11961, -0.16275], [0.04902, -0.09608]]}