{"rank": 175, "key_id": "5150971346812928", "category": "duck", "n_points": 20, "bbox_aspect": 1.3636363636363635, "n_extensions_spliced": 2, "main_perimeter_px": 482.3729101298716, "score": 0.8482445508445053, "coords": [[-0.00196, 0.03333], [0.26863, 0.08431], [0.42941, 0.08431], [0.45294, 0.07647], [0.47647, 0.04902], [0.5, -0.03333], [0.49608, -0.1549], [0.4451, -0.30392], [0.40588, -0.35882], [0.3549, -0.36667], [0.21373, -0.35882], [0.0098, -0.33529], [-0.15098, -0.29216], [-0.19804, -0.24902], [-0.23333, -0.13529], [-0.26863, 0.07647], [-0.34706, 0.16667], [-0.33922, 0.1549], [-0.31961, 0.24118], [-0.34706, 0.16667], [-0.00196, 0.03333]]}