{"rank": 176, "key_id": "5001639683424256", "category": "duck", "n_points": 34, "bbox_aspect": 1.1538461538461537, "n_extensions_spliced": 2, "main_perimeter_px": 614.4555310024729, "score": 0.8479733582469555, "coords": [[-0.27647, 0.23725], [-0.28431, 0.23333], [-0.48824, 0.2451], [-0.5, 0.26863], [-0.45294, 0.28824], [-0.42157, 0.24118], [-0.33137, 0.28431], [-0.45294, 0.28824], [-0.5, 0.26863], [-0.48824, 0.2451], [-0.28431, 0.23333], [-0.22549, 0.4098], [-0.20196, 0.43333], [-0.16667, 0.42941], [-0.1, 0.37843], [-0.05686, 0.31569], [-0.02941, 0.24902], [-0.00588, 0.10392], [0.0098, 0.06863], [0.07647, 0.02549], [0.27647, -0.02941], [0.37451, -0.06863], [0.46471, -0.13529], [0.5, -0.18627], [0.49608, -0.21373], [0.45686, -0.2451], [0.2451, -0.38627], [0.1549, -0.42941], [0.06078, -0.43333], [-0.02549, -0.36667], [-0.08824, -0.3], [-0.18235, -0.16275], [-0.25294, -0.00588], [-0.26863, 0.10392], [-0.27647, 0.23725]]}