{"rank": 177, "key_id": "6309915003977728", "category": "duck", "n_points": 28, "bbox_aspect": 1.5838509316770186, "n_extensions_spliced": 2, "main_perimeter_px": 696.3112865213282, "score": 0.8469624728464081, "coords": [[-0.29216, 0.30784], [-0.0451, 0.31176], [-0.03333, 0.28431], [-0.02941, 0.18235], [-0.00588, 0.05686], [0.22941, 0.05686], [0.31176, 0.01373], [0.49608, -0.00196], [0.5, -0.09608], [0.45294, -0.11961], [0.30392, -0.13529], [0.19804, -0.16667], [0.17059, -0.16667], [0.16275, -0.15098], [0.12353, -0.14314], [-0.04118, -0.15098], [-0.06863, -0.12745], [-0.11569, -0.13529], [-0.30392, -0.15098], [-0.3, 0.02941], [-0.28431, 0.07255], [-0.36275, 0.11176], [-0.48431, 0.10392], [-0.5, 0.13922], [-0.48824, 0.15882], [-0.38627, 0.2098], [-0.31569, 0.22157], [-0.28431, 0.31569], [-0.29216, 0.30784]]}