{"rank": 178, "key_id": "6726924434931712", "category": "duck", "n_points": 31, "bbox_aspect": 1.192488262910798, "n_extensions_spliced": 2, "main_perimeter_px": 736.4627884808025, "score": 0.8460322386148623, "coords": [[0.17717, -0.13189], [-0.1378, -0.11614], [-0.09843, -0.10827], [-0.30709, -0.27756], [-0.35827, -0.30118], [-0.40157, -0.30512], [-0.46063, -0.28543], [-0.49606, -0.19094], [-0.5, -0.1122], [-0.45669, -0.02559], [-0.3937, 0.02953], [-0.35039, 0.04921], [-0.17717, 0.07283], [-0.03543, 0.05315], [0.09843, 0.06496], [0.14961, 0.1122], [0.16535, 0.31693], [0.18504, 0.36417], [0.22047, 0.3878], [0.38583, 0.41929], [0.48819, 0.37205], [0.5, 0.3248], [0.4685, 0.30512], [0.3937, 0.29724], [0.33858, 0.26181], [0.27953, 0.15551], [0.25591, 0.06496], [0.22835, 0.01378], [0.20472, -0.10039], [0.17717, -0.15551], [0.16142, -0.16732], [0.17717, -0.13189]]}