{"rank": 179, "key_id": "6298980906434560", "category": "duck", "n_points": 31, "bbox_aspect": 1.6451612903225807, "n_extensions_spliced": 2, "main_perimeter_px": 704.3826959917611, "score": 0.8453769992007567, "coords": [[-0.03333, 0.2098], [-0.13529, 0.30392], [-0.23333, 0.26863], [-0.31176, 0.18627], [-0.3, 0.13137], [-0.38627, 0.12745], [-0.5, 0.08824], [-0.48824, 0.06471], [-0.45686, 0.04902], [-0.35098, 0.04118], [-0.4098, 0.02549], [-0.42549, -0.02157], [-0.41373, -0.02941], [-0.38235, -0.03333], [-0.32353, 0.00196], [-0.25686, 0.01765], [-0.18235, -0.08824], [-0.11176, -0.15098], [0.00588, -0.20196], [0.05294, -0.2098], [0.10784, -0.2098], [0.26863, -0.15882], [0.37843, -0.1], [0.5, 0.05686], [0.49216, 0.08431], [0.46471, 0.11569], [0.32745, 0.16667], [0.11176, 0.10784], [0.03333, 0.05686], [0.0098, 0.07255], [-0.06863, 0.22941], [-0.03333, 0.2098]]}