{"rank": 180, "key_id": "5484932434493440", "category": "duck", "n_points": 36, "bbox_aspect": 1.7465753424657535, "n_extensions_spliced": 2, "main_perimeter_px": 581.7814100713679, "score": 0.8451707192197861, "coords": [[0.06863, 0.03922], [-0.01373, 0.04706], [-0.04902, 0.02353], [-0.19804, -0.01961], [-0.26863, -0.01961], [-0.49216, 0.03137], [-0.5, 0.01961], [-0.41765, -0.11765], [-0.35882, -0.18039], [-0.28431, -0.22353], [-0.11569, -0.27451], [0.02549, -0.28627], [0.23333, -0.28627], [0.31176, -0.27451], [0.38627, -0.25098], [0.40588, -0.20392], [0.3902, -0.07059], [0.31961, 0.04314], [0.22549, 0.09804], [0.22549, 0.15686], [0.1902, 0.16863], [0.16275, 0.2], [0.16275, 0.2549], [0.19412, 0.27843], [0.31569, 0.28627], [0.25686, 0.2549], [0.35098, 0.27843], [0.31569, 0.28627], [0.19412, 0.27843], [0.16275, 0.2549], [0.16275, 0.2], [0.1902, 0.16863], [0.22549, 0.15686], [0.22549, 0.09804], [0.17059, 0.0902], [-0.0098, 0.02745], [0.06863, 0.03922]]}