{"rank": 181, "key_id": "5896092895936512", "category": "duck", "n_points": 29, "bbox_aspect": 1.6075949367088607, "n_extensions_spliced": 2, "main_perimeter_px": 678.7695355076393, "score": 0.8448797685074169, "coords": [[-0.24803, 0.28346], [-0.33465, 0.19685], [-0.34646, 0.16142], [-0.35039, 0.16929], [-0.34252, 0.1063], [-0.12598, 0.10236], [-0.1063, 0.09449], [-0.09449, 0.07087], [-0.12205, -0.04724], [-0.0748, -0.09843], [-0.21654, -0.20472], [-0.22047, -0.26378], [-0.20472, -0.28346], [-0.14567, -0.29921], [0.05512, -0.31102], [0.17323, -0.29134], [0.35433, -0.22441], [0.45669, -0.1378], [0.49606, -0.04331], [0.5, 0.02362], [0.35433, -0.02756], [0.2874, -0.02756], [0.23228, -0.00394], [0.20472, 0.02362], [0.1378, 0.18504], [0.05118, 0.25197], [-0.09055, 0.30709], [-0.22835, 0.31102], [-0.25197, 0.29134], [-0.24803, 0.28346]]}