{"rank": 182, "key_id": "6514016966934528", "category": "duck", "n_points": 26, "bbox_aspect": 1.2623762376237624, "n_extensions_spliced": 2, "main_perimeter_px": 609.4269645674816, "score": 0.8442331944618726, "coords": [[-0.30784, 0.1098], [-0.30392, -0.13725], [-0.28431, -0.21569], [-0.23333, -0.30588], [-0.18235, -0.35294], [-0.11176, -0.38039], [0.05686, -0.39608], [0.16667, -0.36078], [0.26078, -0.3098], [0.31176, -0.26275], [0.38627, -0.14118], [0.43725, 0.03922], [0.5, 0.0549], [0.49608, 0.07059], [0.48431, 0.1098], [0.46471, 0.12549], [0.36275, 0.1098], [0.33529, 0.08627], [0.22549, -0.0902], [0.18627, -0.10588], [0.00588, -0.10196], [-0.07647, -0.07059], [-0.10392, -0.03137], [-0.1, 0.02353], [-0.08824, 0.07451], [-0.05686, 0.12941], [-0.30784, 0.1098]]}