{"rank": 183, "key_id": "4691047143702528", "category": "duck", "n_points": 35, "bbox_aspect": 1.1333333333333333, "n_extensions_spliced": 2, "main_perimeter_px": 842.7339376021458, "score": 0.8437503010996219, "coords": [[-0.27647, 0.28431], [-0.28431, 0.32745], [-0.24118, 0.3902], [-0.12745, 0.43725], [-0.03725, 0.44118], [-0.00588, 0.41765], [0.02157, 0.32745], [0.03333, 0.08431], [0.06471, 0.02157], [0.15098, -0.02157], [0.25294, -0.02549], [0.33922, -0.00588], [0.47647, 0.06078], [0.49216, 0.04902], [0.5, -0.10392], [0.45294, -0.22941], [0.41373, -0.29216], [0.3549, -0.34314], [0.27647, -0.38235], [0.14314, -0.3902], [0.09216, -0.36667], [0.04118, -0.32353], [-0.0451, -0.16275], [-0.06471, -0.06863], [-0.07647, 0.14706], [-0.09216, 0.1549], [-0.18235, 0.15098], [-0.21373, 0.15882], [-0.24118, 0.19412], [-0.26863, 0.27647], [-0.33529, 0.27255], [-0.44902, 0.22157], [-0.5, 0.2098], [-0.41765, 0.2098], [-0.22941, 0.18627], [-0.27647, 0.28431]]}