{"rank": 184, "key_id": "5539213120372736", "category": "duck", "n_points": 33, "bbox_aspect": 1.6887417218543046, "n_extensions_spliced": 2, "main_perimeter_px": 687.6774624732446, "score": 0.8437419697943978, "coords": [[0.14314, 0.11176], [0.11961, 0.07647], [0.06863, 0.04118], [-0.08431, 0.02941], [-0.23725, 0.08431], [-0.30784, 0.0451], [-0.37451, 0.11961], [-0.42941, 0.14314], [-0.47647, 0.14314], [-0.49608, 0.11569], [-0.5, 0.04118], [-0.3902, -0.03333], [-0.37059, -0.22549], [-0.34314, -0.25686], [-0.28431, -0.27647], [-0.15098, -0.29608], [0.01765, -0.29608], [0.13922, -0.26863], [0.17059, -0.2451], [0.21373, -0.15882], [0.23725, -0.04118], [0.23725, 0.10784], [0.2451, 0.12353], [0.35098, 0.13137], [0.37843, 0.18627], [0.38235, 0.17451], [0.3902, 0.1902], [0.37843, 0.22157], [0.3549, 0.26471], [0.29608, 0.29608], [0.24118, 0.29608], [0.18627, 0.27255], [0.12745, 0.11569], [0.14314, 0.11176]]}