{"rank": 185, "key_id": "5145180137062400", "category": "duck", "n_points": 25, "bbox_aspect": 1.536144578313253, "n_extensions_spliced": 2, "main_perimeter_px": 571.1438351675777, "score": 0.8433708692068643, "coords": [[-0.45686, -0.06275], [-0.44902, -0.08627], [-0.33137, -0.11765], [-0.22157, -0.1098], [-0.14314, -0.07843], [-0.10784, -0.02745], [-0.1, 0.27059], [-0.07647, 0.32157], [-0.02157, 0.31373], [0.00196, 0.26275], [0.08431, 0.2549], [0.09216, 0.23529], [0.30392, 0.2902], [0.07647, 0.22353], [0.01373, 0.23137], [0.00196, 0.21961], [-0.02941, -0.2549], [-0.06471, -0.28627], [-0.12353, -0.31373], [-0.25686, -0.32549], [-0.43725, -0.26667], [-0.47647, -0.21569], [-0.5, -0.14902], [-0.5, -0.08235], [-0.47255, -0.03529], [-0.45686, -0.06275]]}