{"rank": 186, "key_id": "5797026803482624", "category": "duck", "n_points": 22, "bbox_aspect": 1.4825581395348837, "n_extensions_spliced": 2, "main_perimeter_px": 438.6514103357733, "score": 0.8432255511267012, "coords": [[-0.09608, 0.01176], [-0.00196, 0.02353], [-0.01765, 0.13725], [0.01373, 0.20784], [0.1, 0.29804], [0.18627, 0.33725], [0.23725, 0.33333], [0.26863, 0.28627], [0.28039, 0.11765], [0.26078, 0.0549], [0.29608, 0.07843], [0.39412, 0.0902], [0.4451, 0.0902], [0.49608, 0.07451], [0.5, 0.05882], [0.4451, 0.04314], [0.23725, 0.00784], [0.25294, -0.02745], [0.25294, -0.10588], [0.1902, -0.27451], [0.17843, -0.2902], [0.1549, -0.30196], [-0.09608, 0.01176]]}