{"rank": 187, "key_id": "5280173781942272", "category": "duck", "n_points": 49, "bbox_aspect": 1.3041237113402062, "n_extensions_spliced": 2, "main_perimeter_px": 521.7170362623782, "score": 0.8420080317967522, "coords": [[-0.33399, 0.17391], [-0.36561, 0.16996], [-0.46838, 0.13439], [-0.46838, 0.13439], [-0.36561, 0.16996], [-0.29447, 0.05138], [-0.29447, -0.14625], [-0.28656, -0.20553], [-0.24704, -0.27668], [-0.1917, -0.33202], [-0.0415, -0.3834], [0.13241, -0.37154], [0.36166, -0.29249], [0.42885, -0.24901], [0.48024, -0.18182], [0.5, -0.11858], [0.5, -0.02372], [0.44466, 0.05929], [0.39723, 0.08696], [0.35375, 0.09881], [0.21937, 0.09486], [0.05731, 0.05929], [-0.04545, 0.00791], [-0.06126, -0.01186], [-0.08103, 0.26877], [-0.10474, 0.32806], [-0.14032, 0.35968], [-0.19565, 0.3834], [-0.27866, 0.36364], [-0.32609, 0.32411], [-0.39328, 0.2253], [-0.49209, 0.17391], [-0.5, 0.12253], [-0.45257, 0.08696], [-0.40514, 0.09486], [-0.31818, 0.13439], [-0.31818, 0.13439], [-0.40514, 0.09486], [-0.45257, 0.08696], [-0.5, 0.12253], [-0.49209, 0.17391], [-0.39328, 0.2253], [-0.32609, 0.32411], [-0.27866, 0.36364], [-0.19565, 0.3834], [-0.14032, 0.35968], [-0.10474, 0.32806], [-0.08103, 0.26877], [-0.06126, -0.01186], [-0.33399, 0.17391]]}