{"rank": 188, "key_id": "4946952766619648", "category": "duck", "n_points": 49, "bbox_aspect": 1.3025641025641026, "n_extensions_spliced": 2, "main_perimeter_px": 465.73199830985556, "score": 0.8411703969501706, "coords": [[-0.14961, 0.22244], [-0.1811, 0.19882], [-0.20079, 0.04134], [-0.26772, 0.0374], [-0.3189, 0.06496], [-0.35827, 0.12008], [-0.37402, 0.17126], [-0.38189, 0.26969], [-0.39764, 0.25787], [-0.47638, 0.12008], [-0.5, 0.00197], [-0.5, -0.09252], [-0.4685, -0.16732], [-0.37402, -0.31693], [-0.31496, -0.3563], [-0.16929, -0.38386], [-0.1811, -0.37598], [-0.09843, -0.36811], [-0.16929, -0.38386], [-0.31496, -0.3563], [-0.37402, -0.31693], [-0.4685, -0.16732], [-0.5, -0.09252], [-0.5, 0.00197], [-0.47638, 0.12008], [-0.39764, 0.25787], [-0.38189, 0.26969], [-0.37402, 0.17126], [-0.35827, 0.12008], [-0.3189, 0.06496], [-0.26772, 0.0374], [-0.20079, 0.04134], [-0.1811, 0.19882], [-0.07087, 0.33661], [-0.03543, 0.36811], [0.08661, 0.38386], [0.1378, 0.3563], [0.18504, 0.29724], [0.19685, 0.15551], [0.49213, 0.15157], [0.48425, 0.11614], [0.42126, 0.09252], [0.34252, 0.07677], [0.22441, 0.07283], [0.47244, 0.05315], [0.48425, 0.0374], [0.45276, -0.00197], [0.40157, -0.01378], [0.13386, -0.01772], [-0.14961, 0.22244]]}