{"rank": 189, "key_id": "6677033574727680", "category": "duck", "n_points": 20, "bbox_aspect": 1.3492063492063493, "n_extensions_spliced": 2, "main_perimeter_px": 501.3123373815502, "score": 0.8407976721009663, "coords": [[-0.05686, 0.08824], [0.07255, 0.08431], [0.19804, 0.05294], [0.35882, 0.03333], [0.42941, 0.0098], [0.47255, -0.01765], [0.49608, -0.06471], [0.5, -0.16667], [0.48039, -0.1902], [0.38235, -0.26078], [0.31176, -0.27255], [0.31569, -0.29216], [-0.17451, -0.28039], [-0.23333, -0.15882], [-0.2451, -0.00196], [-0.21765, 0.0451], [-0.15098, 0.09216], [-0.14706, 0.06863], [-0.1, 0.11569], [-0.02941, 0.12353], [-0.05686, 0.08824]]}