{"rank": 190, "key_id": "5806366096621568", "category": "duck", "n_points": 26, "bbox_aspect": 1.2561576354679802, "n_extensions_spliced": 2, "main_perimeter_px": 415.3823090128063, "score": 0.8407763973134648, "coords": [[-0.10784, 0.10784], [-0.08824, 0.08824], [0.08039, 0.11569], [0.19412, 0.1902], [0.23333, 0.2451], [0.22941, 0.23333], [0.24118, 0.29216], [0.23333, 0.2451], [0.19412, 0.1902], [0.08039, 0.11569], [-0.08824, 0.08824], [-0.1, -0.02549], [-0.0451, -0.21765], [-0.06863, -0.31176], [-0.10784, -0.36275], [-0.22549, -0.39804], [-0.31961, -0.39412], [-0.40196, -0.36275], [-0.42941, -0.34706], [-0.49608, -0.27255], [-0.5, -0.18627], [-0.47255, -0.10784], [-0.33922, 0.10784], [-0.21765, 0.20588], [-0.14706, 0.22941], [-0.10392, 0.22157], [-0.10784, 0.10784]]}