{"rank": 191, "key_id": "5505106701189120", "category": "duck", "n_points": 35, "bbox_aspect": 1.1283185840707965, "n_extensions_spliced": 2, "main_perimeter_px": 917.1212653223723, "score": 0.8406460831521159, "coords": [[-0.26078, -0.27059], [-0.30784, -0.26667], [-0.29608, -0.25098], [-0.36667, -0.23137], [-0.46471, -0.12157], [-0.5, -0.00784], [-0.5, 0.10588], [-0.44902, 0.05882], [-0.31569, -0.01176], [-0.22941, -0.01569], [-0.14706, 0.03529], [-0.16275, 0.11373], [-0.15098, 0.3098], [-0.12745, 0.37647], [-0.06471, 0.42745], [-0.01765, 0.43922], [0.10784, 0.44314], [0.18235, 0.42745], [0.19804, 0.40392], [0.20588, 0.31765], [0.5, 0.34902], [0.27647, 0.25882], [0.5, 0.25882], [0.32745, 0.19216], [0.16667, 0.17647], [0.18235, 0.16078], [0.18627, 0.10196], [0.16275, -0.03137], [0.11961, -0.12941], [0.05294, -0.19216], [-0.00196, -0.23137], [-0.09608, -0.26667], [-0.09608, -0.21961], [-0.18627, -0.28627], [-0.30784, -0.28627], [-0.26078, -0.27059]]}