{"rank": 192, "key_id": "5071254572761088", "category": "duck", "n_points": 28, "bbox_aspect": 1.2259615384615385, "n_extensions_spliced": 2, "main_perimeter_px": 618.1046183166673, "score": 0.84041059351846, "coords": [[-0.27255, 0.24706], [-0.28431, 0.2549], [-0.28824, 0.29804], [-0.26863, 0.3451], [-0.19412, 0.40392], [-0.11961, 0.40784], [-0.09216, 0.38431], [-0.05294, 0.29412], [-0.00588, 0.12157], [0.03333, 0.07843], [0.11176, 0.04706], [0.2451, 0.03529], [0.47255, 0.11765], [0.49608, 0.11765], [0.5, 0.09412], [0.48039, 0.02353], [0.43333, -0.08235], [0.3902, -0.15294], [0.33529, -0.2], [0.20588, -0.26667], [0.17843, -0.19608], [0.00588, -0.27059], [-0.08039, -0.24314], [-0.18627, -0.16078], [-0.2098, -0.08235], [-0.2098, 0.11765], [-0.22941, 0.14118], [-0.27255, 0.14902], [-0.27255, 0.24706]]}