{"rank": 193, "key_id": "6414937020694528", "category": "duck", "n_points": 35, "bbox_aspect": 1.7397260273972603, "n_extensions_spliced": 2, "main_perimeter_px": 578.4976062068689, "score": 0.8395878805843756, "coords": [[0.26378, 0.2126], [0.24803, 0.25591], [0.21654, 0.27953], [0.12205, 0.2874], [0.05512, 0.27165], [0.00787, 0.22441], [0.0, 0.16142], [0.01181, 0.10236], [0.0, 0.08661], [-0.05906, 0.07087], [-0.19685, 0.0748], [-0.26772, 0.06299], [-0.36614, 0.02362], [-0.45669, -0.04724], [-0.49606, -0.11417], [-0.5, -0.17717], [-0.48425, -0.20866], [-0.38583, -0.26378], [-0.25591, -0.2874], [-0.02756, -0.24016], [0.14567, -0.15748], [0.14173, -0.10236], [0.11811, -0.05118], [0.12205, 0.00787], [0.14567, 0.03543], [0.2126, 0.04331], [0.25591, 0.07087], [0.2874, 0.14567], [0.35039, 0.1811], [0.5, 0.18504], [0.48819, 0.16535], [0.44488, 0.24803], [0.5, 0.18504], [0.35039, 0.1811], [0.27559, 0.14173], [0.26378, 0.2126]]}