{"rank": 194, "key_id": "5490413475463168", "category": "duck", "n_points": 25, "bbox_aspect": 1.5454545454545454, "n_extensions_spliced": 2, "main_perimeter_px": 565.0778299708682, "score": 0.8391412490876905, "coords": [[-0.11176, 0.0451], [-0.09608, 0.00588], [-0.0451, 0.00588], [0.13137, -0.05294], [0.25686, -0.07647], [0.30392, -0.07255], [0.42549, 0.06863], [0.43333, 0.04118], [0.41373, -0.00196], [0.42941, -0.00588], [0.47647, 0.04118], [0.48431, -0.01373], [0.43725, -0.08039], [0.45686, -0.08824], [0.49216, -0.0451], [0.5, -0.07647], [0.3902, -0.23333], [0.33529, -0.27255], [0.28039, -0.29608], [0.14314, -0.32353], [-0.14706, -0.32353], [-0.1549, -0.30392], [-0.2451, -0.25294], [-0.31176, -0.12745], [-0.33922, 0.04118], [-0.11176, 0.0451]]}