{"rank": 195, "key_id": "5917536459685888", "category": "duck", "n_points": 39, "bbox_aspect": 1.7, "n_extensions_spliced": 2, "main_perimeter_px": 676.7629103351126, "score": 0.8390907898913298, "coords": [[-0.48039, 0.21961], [-0.41765, 0.22745], [-0.37843, 0.28627], [-0.35882, 0.29412], [-0.26078, 0.2902], [-0.22549, 0.2549], [-0.23333, 0.15294], [-0.21765, 0.0902], [-0.1902, 0.05882], [-0.12745, 0.02745], [0.05294, 0.02745], [0.22549, 0.0549], [0.49216, 0.15294], [0.48824, 0.07843], [0.44118, 0.00392], [0.4098, -0.02745], [0.30784, -0.07843], [0.21373, -0.11765], [0.1549, -0.12549], [0.17843, -0.09804], [0.14314, -0.18039], [0.14706, -0.2549], [0.08824, -0.29412], [0.04902, -0.26667], [0.10392, -0.21176], [0.12353, -0.10196], [0.11176, -0.20784], [0.04902, -0.26667], [0.08824, -0.29412], [0.14706, -0.2549], [0.14314, -0.18039], [0.17843, -0.09804], [-0.09216, -0.11373], [-0.22941, -0.08235], [-0.26863, -0.03922], [-0.3, 0.04706], [-0.29608, 0.19608], [-0.37059, 0.18039], [-0.46863, 0.18824], [-0.48039, 0.21961]]}