{"rank": 196, "key_id": "4700245013299200", "category": "duck", "n_points": 35, "bbox_aspect": 1.1643835616438356, "n_extensions_spliced": 2, "main_perimeter_px": 390.19735122211824, "score": 0.8381637498264609, "coords": [[-0.02941, -0.08431], [0.02157, -0.06471], [-0.01765, 0.31176], [-0.05686, 0.39804], [-0.08039, 0.42157], [-0.17843, 0.42941], [-0.2098, 0.41765], [-0.26863, 0.36275], [-0.31569, 0.28431], [-0.31176, 0.1549], [-0.1549, -0.12745], [-0.31176, 0.20588], [-0.31569, 0.28431], [-0.26863, 0.36275], [-0.2098, 0.41765], [-0.17843, 0.42941], [-0.08039, 0.42157], [-0.05686, 0.39804], [-0.01765, 0.31176], [0.02157, -0.06471], [0.03333, -0.05686], [0.25686, -0.02549], [0.45294, -0.01765], [0.48039, -0.02549], [0.5, -0.08039], [0.4451, -0.17059], [0.40196, -0.31961], [0.35882, -0.39412], [0.28039, -0.42941], [0.16275, -0.42157], [0.06471, -0.39412], [-0.07255, -0.3], [-0.10784, -0.2451], [-0.12353, -0.19804], [-0.11569, -0.18235], [-0.02941, -0.08431]]}