{"rank": 197, "key_id": "5391924062060544", "category": "duck", "n_points": 35, "bbox_aspect": 1.1238938053097345, "n_extensions_spliced": 2, "main_perimeter_px": 875.2802083713331, "score": 0.8378955884541932, "coords": [[-0.35827, 0.05118], [-0.46063, 0.0315], [-0.47638, -0.02362], [-0.41339, -0.0748], [-0.3189, -0.0748], [-0.26378, -0.02756], [-0.25984, 0.00394], [-0.33858, 0.24016], [-0.33858, 0.29921], [-0.29921, 0.37008], [-0.25197, 0.42126], [-0.1378, 0.44488], [-0.09449, 0.44094], [-0.04724, 0.37795], [-0.02362, 0.2126], [0.02756, 0.02362], [0.07874, -0.06299], [0.1811, -0.09055], [0.24016, -0.0748], [0.30709, -0.02756], [0.38189, 0.12205], [0.38189, 0.03937], [0.35039, -0.06299], [0.41732, -0.05118], [0.5, 0.00394], [0.5, -0.06693], [0.45276, -0.19291], [0.40945, -0.23228], [0.34252, -0.25591], [0.09843, -0.27559], [-0.05118, -0.24409], [-0.14173, -0.20472], [-0.2126, -0.15748], [-0.25197, -0.09843], [-0.26378, -0.02362], [-0.35827, 0.05118]]}