{"rank": 198, "key_id": "4649913365299200", "category": "duck", "n_points": 35, "bbox_aspect": 1.1233480176211454, "n_extensions_spliced": 2, "main_perimeter_px": 831.7511015073841, "score": 0.8375555704057341, "coords": [[0.30392, 0.36275], [0.32745, 0.13137], [0.08039, 0.14706], [0.00196, 0.12353], [-0.02157, 0.08824], [-0.02549, -0.05686], [-0.0451, -0.11569], [-0.06863, -0.1549], [-0.12745, -0.19804], [-0.11569, -0.19804], [-0.19412, -0.21373], [-0.3549, -0.2098], [-0.4451, -0.13922], [-0.48824, -0.06863], [-0.5, 0.13137], [-0.33922, -0.02941], [-0.28039, -0.03333], [-0.23333, -0.02157], [-0.17059, 0.02941], [-0.12353, 0.2451], [-0.09216, 0.30392], [-0.00588, 0.37843], [0.13529, 0.43333], [0.21765, 0.4451], [0.2451, 0.43333], [0.27647, 0.40588], [0.29608, 0.3549], [0.29216, 0.37451], [0.31569, 0.34314], [0.49608, 0.19412], [0.5, 0.17059], [0.46863, 0.12745], [0.42941, 0.10784], [0.35098, 0.11176], [0.34314, 0.14706], [0.30392, 0.36275]]}