{"rank": 199, "key_id": "5941049237176320", "category": "duck", "n_points": 35, "bbox_aspect": 1.7465753424657535, "n_extensions_spliced": 2, "main_perimeter_px": 548.9094263863054, "score": 0.8368373858864528, "coords": [[0.38627, 0.19216], [0.3902, 0.21569], [0.33529, 0.27451], [0.27647, 0.28627], [0.23725, 0.27451], [0.16275, 0.20392], [0.1, -0.02745], [-0.08039, -0.01176], [-0.26863, -0.02353], [-0.38235, -0.1098], [-0.35098, -0.15294], [-0.42157, -0.1451], [-0.5, -0.16078], [-0.5, -0.16078], [-0.42157, -0.1451], [-0.35098, -0.15294], [-0.41765, -0.17255], [-0.41373, -0.20392], [-0.3902, -0.22745], [-0.26863, -0.27451], [-0.11569, -0.28627], [-0.0098, -0.26667], [0.06471, -0.22745], [0.16667, -0.11765], [0.25294, -0.04706], [0.34314, 0.09804], [0.38235, 0.12549], [0.38235, 0.12157], [0.40588, 0.11373], [0.5, 0.14118], [0.37059, 0.2], [0.37059, 0.2], [0.5, 0.14118], [0.40588, 0.11373], [0.38235, 0.12157], [0.38627, 0.19216]]}