{"rank": 0, "source": "039_1621941553963-HR1XKRIGOK15TWLNHRBO.jpg", "category": "dog", "n_points": 40, "bbox_aspect": 1.3915171288743882, "area_frac": 0.30468717179294824, "score": 1.4957456624539784, "coords": [[-0.49355, 0.30188], [-0.47479, 0.29367], [-0.48769, 0.22157], [-0.47362, 0.15826], [-0.31301, 0.13189], [-0.22274, 0.04279], [-0.16237, -0.07444], [-0.10082, -0.1653], [-0.08499, -0.24853], [-0.14596, -0.26846], [-0.13658, -0.35932], [0.0551, -0.32122], [0.02814, -0.16647], [0.1354, -0.17351], [0.1864, -0.22685], [0.12368, -0.26143], [0.12544, -0.29836], [0.16589, -0.30539], [0.25909, -0.28019], [0.41266, -0.2544], [0.40211, -0.19402], [0.449, -0.13247], [0.43435, -0.10434], [0.5, -0.051], [0.4578, 0.04396], [0.42614, 0.07855], [0.38511, 0.04455], [0.40387, 0.00645], [0.432, 0.03634], [0.44314, -0.034], [0.3898, -0.04924], [0.36284, -0.02755], [0.21278, -0.02227], [0.15299, 0.03576], [0.02814, 0.12016], [0.00176, 0.11313], [-0.13599, 0.20106], [-0.10727, 0.29308], [-0.17175, 0.34174], [-0.26788, 0.35932], [-0.49355, 0.30188]]}