{"rank": 1, "source": "034_1626710025588-RSJCOBXUM8XCX49SLLVH.jpg", "category": "dog", "n_points": 39, "bbox_aspect": 1.4003254678600487, "area_frac": 0.37132389347336836, "score": 1.4923372849829957, "coords": [[-0.5, 0.19262], [-0.4907, 0.05782], [-0.47095, 0.05259], [-0.31871, 0.0613], [-0.30767, -0.00145], [-0.27862, -0.07118], [-0.27745, -0.17984], [-0.34079, -0.21121], [-0.4785, -0.25886], [-0.49942, -0.31348], [-0.47211, -0.35706], [-0.17461, -0.29082], [-0.00087, -0.22167], [0.06014, -0.22981], [0.15485, -0.19146], [0.11534, -0.25015], [0.13916, -0.31406], [0.21121, -0.28385], [0.36461, -0.15543], [0.47792, -0.10662], [0.46281, -0.03864], [0.46979, 0.05375], [0.43144, 0.12812], [0.48664, 0.17693], [0.49651, 0.22051], [0.40877, 0.18216], [0.32452, 0.13568], [0.21005, 0.10604], [0.1287, 0.0491], [0.02121, 0.01482], [-0.06653, 0.00494], [-0.09384, 0.01191], [-0.13277, 0.11069], [-0.18449, 0.34079], [-0.19436, 0.35706], [-0.2484, 0.32859], [-0.23736, 0.28617], [-0.31929, 0.25073], [-0.47095, 0.21063], [-0.5, 0.19262]]}