{"rank": 2, "source": "019_1641486166520-JZ77T7F6HF81SMPDNGET.jpg", "category": "dog", "n_points": 39, "bbox_aspect": 1.3040723981900453, "area_frac": 0.4385344937346815, "score": 1.4428138217985191, "coords": [[-0.49861, 0.10375], [-0.48334, 0.0177], [-0.5, -0.21895], [-0.31332, -0.30985], [-0.23005, -0.36676], [-0.17592, -0.29389], [-0.00173, -0.23352], [0.00798, -0.18772], [0.12942, -0.26752], [0.24601, -0.33206], [0.31818, -0.38341], [0.39313, -0.26058], [0.38064, -0.23144], [0.23005, -0.15579], [0.25642, -0.11971], [0.34802, -0.18286], [0.41811, -0.20576], [0.43754, -0.19535], [0.48959, -0.0982], [0.49375, -0.04545], [0.27446, 0.04962], [0.30291, 0.09126], [0.27307, 0.1322], [0.30638, 0.16482], [0.25156, 0.2467], [0.15163, 0.29459], [0.14192, 0.28487], [0.03227, 0.33137], [-0.06072, 0.38341], [-0.07668, 0.373], [-0.06974, 0.30361], [-0.11207, 0.29459], [-0.13428, 0.32512], [-0.23768, 0.30638], [-0.23629, 0.25781], [-0.35843, 0.2585], [-0.373, 0.23838], [-0.37578, 0.14192], [-0.45142, 0.13636], [-0.49861, 0.10375]]}