{"rank": 3, "source": "028_1632394888278-P3G574I652J427MI6XPQ.jpg", "category": "dog", "n_points": 40, "bbox_aspect": 1.18337617823479, "area_frac": 0.29295671641791043, "score": 1.3823294991510662, "coords": [[-0.20167, 0.42252], [-0.30014, 0.32839], [-0.33925, 0.26539], [-0.26032, 0.16474], [-0.18718, 0.18718], [-0.17125, 0.1307], [-0.08291, 0.03729], [-0.15387, 0.00109], [-0.26828, 0.11188], [-0.29001, 0.15677], [-0.30159, 0.09739], [-0.3769, 0.10319], [-0.38269, 0.07277], [-0.45221, 0.02571], [-0.5, -0.03946], [-0.45221, -0.11767], [-0.39428, -0.07929], [-0.4008, -0.14663], [-0.3588, -0.13143], [-0.34649, -0.18211], [-0.16908, -0.35301], [-0.19804, -0.42252], [-0.03295, -0.38487], [-0.04598, -0.3197], [-0.02498, -0.26756], [0.03657, -0.22846], [0.14953, -0.19804], [0.16112, -0.28277], [0.13143, -0.33707], [0.2929, -0.30811], [0.28277, -0.10319], [0.37038, -0.03874], [0.43555, -0.10391], [0.5, -0.06843], [0.38849, -0.01412], [0.29073, -0.03657], [0.21035, 0.11694], [0.15677, 0.17198], [0.04815, 0.2176], [-0.16329, 0.40514], [-0.20167, 0.42252]]}