{"rank": 4, "source": "013_1650196009091-7TE3JTCRKDXF7XO920HR.jpg", "category": "dog", "n_points": 39, "bbox_aspect": 1.3094245204336947, "area_frac": 0.2359113568215892, "score": 1.361148995615074, "coords": [[0.46752, 0.37803], [0.43758, 0.36338], [0.4242, 0.34299], [0.44331, 0.13535], [0.43694, 0.12389], [0.03694, 0.05828], [0.02611, 0.0965], [-0.05478, 0.08376], [-0.08662, 0.06592], [-0.10382, 0.16847], [-0.12866, 0.20987], [-0.14522, 0.25446], [-0.19745, 0.22643], [-0.49363, 0.02197], [-0.49363, -0.02771], [-0.45924, -0.02898], [-0.17962, 0.01688], [-0.1707, -0.0672], [-0.08471, -0.05382], [-0.06815, -0.26401], [-0.05096, -0.38185], [0.01783, -0.37293], [0.02866, -0.36401], [0.0242, -0.29013], [0.10828, -0.27293], [0.09745, -0.14745], [0.25096, -0.1207], [0.26306, -0.17866], [0.25541, -0.21624], [0.26369, -0.24236], [0.34841, -0.2328], [0.36369, -0.26911], [0.43312, -0.26083], [0.44013, -0.24554], [0.42484, -0.0914], [0.45924, -0.08503], [0.45478, 0.05382], [0.5, 0.07548], [0.48599, 0.14108], [0.46752, 0.37803]]}