{"rank": 5, "source": "049_1614769960210-C84XMDZOUX3MVSI17T5C.jpg", "category": "dog", "n_points": 40, "bbox_aspect": 1.0909822866344605, "area_frac": 0.24880026256564142, "score": 1.3182259393332636, "coords": [[0.48745, 0.37048], [0.27934, 0.4583], [0.1738, 0.44649], [0.12952, 0.36458], [0.1893, 0.22657], [0.08376, 0.18303], [0.01365, 0.12177], [-0.39299, 0.05314], [-0.43948, 0.22435], [-0.48155, 0.21476], [-0.42472, 0.01697], [-0.45793, 0.00369], [-0.45498, -0.06052], [-0.5, -0.20959], [-0.45055, -0.43838], [-0.39299, -0.40221], [-0.41439, -0.34022], [-0.33469, -0.26125], [-0.29262, -0.33727], [-0.34797, -0.42583], [-0.2786, -0.4583], [-0.28598, -0.40074], [-0.19225, -0.22878], [-0.01144, -0.10406], [0.11845, -0.1476], [0.20185, -0.19705], [0.28376, -0.30554], [0.34576, -0.29742], [0.30221, -0.24502], [0.3059, -0.12399], [0.42915, -0.16236], [0.44391, -0.11513], [0.36937, -0.11365], [0.31181, -0.07159], [0.30812, 0.09889], [0.27638, 0.22657], [0.34133, 0.23321], [0.5, 0.30554], [0.42472, 0.31218], [0.49262, 0.33432], [0.48745, 0.37048]]}