{"rank": 6, "source": "074_1606831489376-ZCVRHLZ65D2Y7A907VMS.jpg", "category": "dog", "n_points": 39, "bbox_aspect": 1.0180859080633007, "area_frac": 0.3273951817256653, "score": 1.2695164469047449, "coords": [[0.24389, 0.49112], [0.25056, 0.31495], [0.16543, 0.29719], [0.00925, 0.29127], [-0.07809, 0.26092], [-0.08401, 0.24019], [-0.07809, 0.16617], [-0.30607, 0.14841], [-0.44301, 0.14693], [-0.48816, 0.15211], [-0.5, 0.13286], [-0.5, 0.08771], [-0.48224, 0.02184], [-0.44671, 0.00703], [-0.4356, -0.01147], [-0.41636, -0.09067], [-0.4097, -0.16913], [-0.32013, -0.17728], [-0.21577, -0.16395], [-0.12472, -0.16987], [-0.04182, -0.15803], [0.00777, -0.18098], [0.01591, -0.20096], [0.00481, -0.48075], [0.01073, -0.49112], [0.24833, -0.45189], [0.27794, -0.45707], [0.30089, -0.44671], [0.43856, -0.41932], [0.41636, -0.36454], [0.41636, -0.3379], [0.5, -0.2624], [0.45189, -0.0248], [0.47409, 0.09956], [0.48224, 0.11066], [0.45781, 0.24167], [0.42598, 0.29497], [0.31421, 0.42968], [0.25648, 0.46817], [0.24389, 0.49112]]}