{"rank": 7, "source": "052_1613660678943-WE1FJDOFNXW10XJ3HNK8.jpg", "category": "dog", "n_points": 39, "bbox_aspect": 1.056573705179283, "area_frac": 0.24318623405851464, "score": 1.2546087621421853, "coords": [[-0.03167, 0.47323], [-0.06938, 0.38876], [-0.16742, 0.21983], [-0.04374, 0.17232], [0.00679, 0.09465], [0.09578, 0.02376], [0.01056, -0.05618], [-0.15762, 0.0856], [-0.18929, 0.15045], [-0.3009, 0.22587], [-0.23529, 0.14819], [-0.37707, -0.00641], [-0.4276, -0.01848], [-0.5, -0.10973], [-0.41327, -0.0313], [-0.30241, -0.1135], [-0.38688, -0.20701], [-0.3914, -0.23718], [-0.29563, -0.13009], [-0.19457, -0.22436], [-0.27225, -0.32617], [-0.25641, -0.33899], [-0.18929, -0.24548], [-0.08597, -0.33371], [-0.16063, -0.44005], [-0.08296, -0.35332], [-0.046, -0.3948], [0.02413, -0.34578], [0.04525, -0.3043], [0.13424, -0.26131], [0.16214, -0.18816], [0.21342, -0.12406], [0.28356, -0.08107], [0.30845, -0.03205], [0.49774, 0.18891], [0.35897, 0.29525], [0.29864, 0.29827], [0.25867, 0.34955], [0.16591, 0.37142], [-0.03167, 0.47323]]}