{"rank": 8, "source": "047_1617797958912-DBVZPOSJL5GUQFQRP9FV.jpg", "category": "dog", "n_points": 39, "bbox_aspect": 1.9895068205666318, "area_frac": 0.27265266316579145, "score": 1.2465098202223135, "coords": [[0.5, 0.24182], [0.41508, 0.21915], [0.32068, 0.22126], [0.19726, 0.20491], [0.10021, 0.16851], [-0.07384, 0.16429], [-0.20464, 0.11524], [-0.21783, 0.0567], [-0.29114, 0.1933], [-0.25105, 0.24024], [-0.34019, 0.22758], [-0.46624, 0.23602], [-0.5, 0.17537], [-0.38449, 0.11524], [-0.46677, 0.1068], [-0.48629, 0.07252], [-0.31593, 0.04826], [-0.31013, -0.0741], [-0.25105, -0.11524], [-0.27162, -0.23128], [-0.17669, -0.20069], [-0.15401, -0.13581], [-0.16245, -0.25132], [-0.07911, -0.21915], [-0.09177, -0.15216], [-0.05854, -0.08571], [0.06013, -0.04246], [0.12605, 0.02294], [0.19462, -0.00448], [0.20886, -0.08623], [0.28639, -0.05248], [0.24684, 0.03191], [0.30116, 0.01239], [0.29905, -0.07938], [0.37658, -0.0509], [0.35549, 0.05037], [0.28745, 0.14214], [0.34863, 0.20069], [0.44989, 0.20596], [0.5, 0.24182]]}