{"rank": 9, "source": "065_1609845278740-UXBF87215NEFVBB95PCR.jpg", "category": "dog", "n_points": 39, "bbox_aspect": 0.9620991253644315, "area_frac": 0.3048955044612217, "score": 1.229922979471361, "coords": [[-0.3914, 0.46356], [-0.29592, 0.39504], [-0.1895, 0.26458], [-0.30029, 0.21501], [-0.36662, 0.22376], [-0.48105, 0.14869], [-0.31706, 0.1137], [-0.23542, 0.15962], [-0.09621, -0.01458], [-0.04155, -0.05466], [-0.10131, -0.10423], [-0.1137, -0.20991], [-0.1516, -0.26531], [-0.2172, -0.27988], [-0.2777, -0.19242], [-0.38047, -0.19242], [-0.41545, -0.23178], [-0.38192, -0.30029], [-0.27478, -0.35641], [-0.21501, -0.3484], [-0.12391, -0.44606], [-0.01895, -0.49927], [0.11516, -0.47157], [0.33455, -0.39067], [0.48105, -0.37901], [0.44169, -0.31633], [0.37172, -0.29155], [0.35787, -0.21064], [0.30175, -0.14431], [0.27697, -0.0481], [0.19461, 0.01239], [0.30685, 0.12245], [0.37755, 0.30685], [0.33965, 0.42055], [0.20554, 0.34402], [0.07143, 0.39213], [-0.01166, 0.39504], [-0.12609, 0.33528], [-0.30175, 0.5], [-0.3914, 0.46356]]}