{"rank": 10, "source": "023_1638017959519-PRFKDO33AIPU5P36RZQD.jpg", "category": "dog", "n_points": 39, "bbox_aspect": 0.7921348314606742, "area_frac": 0.23122543135783946, "score": 0.9812054605724461, "coords": [[-0.21469, 0.45104], [-0.24839, 0.31059], [-0.39607, 0.23836], [-0.34149, 0.12761], [-0.28772, 0.11477], [-0.22191, 0.14366], [-0.24679, 0.07705], [-0.21067, -0.02889], [-0.2195, -0.08668], [-0.26364, -0.13323], [-0.21067, -0.28892], [-0.2797, -0.33628], [-0.23395, -0.44543], [-0.17857, -0.47352], [-0.08387, -0.43981], [-0.01645, -0.5], [0.04374, -0.45827], [0.13042, -0.44783], [0.23234, -0.47352], [0.34631, -0.39005], [0.39366, -0.33066], [0.38323, -0.22713], [0.3439, -0.19021], [0.39607, -0.11717], [0.3736, -0.00963], [0.25161, -0.11236], [0.21388, -0.18379], [0.15048, -0.09791], [0.1248, 0.02006], [0.06862, 0.08507], [0.0614, 0.15008], [0.01645, 0.25441], [0.05257, 0.29535], [0.02528, 0.38844], [-0.02929, 0.5], [-0.05417, 0.47833], [-0.05016, 0.38764], [-0.12961, 0.34751], [-0.19462, 0.45265], [-0.21469, 0.45104]]}