{"rank": 11, "source": "043_1619090769456-G9AVJK2C9MJYD3FBM2IM.jpg", "category": "dog", "n_points": 39, "bbox_aspect": 0.7973523421588594, "area_frac": 0.22475893898840163, "score": 0.9470020396409969, "coords": [[-0.39358, 0.49695], [-0.35081, 0.42872], [-0.24287, 0.36762], [-0.27851, 0.31976], [-0.29277, 0.25764], [-0.27444, 0.21079], [-0.2276, 0.1721], [-0.26324, 0.12424], [-0.25916, 0.05601], [-0.28462, -0.0224], [-0.23778, -0.08248], [-0.28564, -0.13136], [-0.35489, -0.14766], [-0.3335, -0.24542], [-0.26833, -0.3554], [-0.18686, -0.44094], [-0.16039, -0.5], [-0.03106, -0.37169], [0.09012, -0.31059], [0.11354, -0.22912], [0.19603, -0.2556], [0.27342, -0.21181], [0.33147, -0.14155], [0.39868, -0.02444], [0.32536, 0.01935], [0.32332, 0.06517], [0.2276, 0.10998], [0.15326, 0.19043], [0.19501, 0.27699], [0.17566, 0.39206], [0.1278, 0.38187], [0.03717, 0.30041], [-0.04022, 0.28819], [-0.0667, 0.30041], [-0.04124, 0.45825], [-0.05855, 0.5], [-0.17363, 0.4776], [-0.23065, 0.37882], [-0.33656, 0.43381], [-0.39358, 0.49695]]}