{"rank": 12, "source": "079_1605875250623-UHM4F8U9ZQ06B57DWWL3.jpg", "category": "dog", "n_points": 39, "bbox_aspect": 1.1107814045499504, "area_frac": 0.184553994336526, "score": 0.9378380153868873, "coords": [[0.12333, 0.42965], [0.28896, 0.21594], [0.26402, 0.17053], [0.36643, 0.07435], [0.33081, -0.03517], [0.44657, -0.07881], [0.41719, -0.18388], [0.33348, -0.26581], [0.15895, -0.15895], [0.15183, -0.08059], [0.03785, -0.09751], [-0.00312, -0.19368], [0.02271, -0.35841], [0.27471, -0.29875], [0.31745, -0.35129], [0.21238, -0.4163], [-0.35663, -0.40739], [-0.43767, -0.33348], [-0.23909, -0.2854], [-0.09484, -0.11621], [-0.16607, 0.07168], [-0.3878, 0.36643], [-0.32012, 0.40205], [-0.09216, 0.435], [-0.35396, 0.42342], [-0.46705, 0.30053], [-0.46883, 0.09038], [-0.5, 0.02271], [-0.47952, -0.31033], [-0.33526, -0.43589], [-0.10018, -0.41808], [0.23108, -0.44657], [0.33348, -0.38246], [0.35574, -0.27026], [0.45726, -0.18032], [0.49288, 0.0325], [0.31389, 0.15806], [0.32191, 0.21238], [0.20882, 0.36465], [0.12333, 0.42965]]}