{"rank": 13, "source": "022_1640698202414-O7KQS0IVIIZ8YJP937GU.jpg", "category": "dog", "n_points": 39, "bbox_aspect": 2.282576866764275, "area_frac": 0.21094549445583227, "score": 0.9159900257289524, "coords": [[0.5, 0.10359], [0.41212, 0.06126], [0.36466, 0.09076], [0.32425, 0.09076], [0.339, 0.13887], [0.27037, 0.01123], [0.23829, 0.00674], [0.23958, 0.05548], [0.21905, 0.12155], [0.178, 0.13759], [0.10552, 0.10487], [-0.05292, 0.11642], [-0.09333, 0.08691], [-0.13502, 0.09974], [-0.24471, 0.03368], [-0.29153, 0.04715], [-0.39545, 0.03047], [-0.49743, -0.04522], [-0.49294, -0.05997], [-0.37749, -0.01187], [-0.35247, -0.20237], [-0.26908, -0.21905], [-0.22033, -0.21392], [-0.17479, -0.18698], [-0.2043, -0.16774], [-0.21456, -0.11001], [-0.12284, -0.14978], [-0.02277, -0.1254], [0.10744, -0.07729], [0.14785, -0.08371], [0.16902, -0.14208], [0.29666, -0.15491], [0.3313, -0.10808], [0.33066, -0.07344], [0.28191, -0.07473], [0.2787, 0.017], [0.31976, 0.08371], [0.36273, 0.08499], [0.41405, 0.05548], [0.5, 0.10359]]}