{"rank": 14, "source": "012_1650196255996-KYESWI3AZR44QJXNENFV.jpg", "category": "dog", "n_points": 39, "bbox_aspect": 1.1540362438220757, "area_frac": 0.17256282820705177, "score": 0.8926323059097561, "coords": [[0.31299, 0.43326], [0.26374, 0.37616], [0.23662, 0.41113], [0.19807, 0.33904], [0.20807, 0.30335], [0.16524, 0.21056], [0.08173, 0.11492], [0.03248, -0.00428], [-0.06388, -0.05139], [-0.10029, -0.02998], [-0.18094, -0.07566], [-0.21021, -0.0364], [-0.2666, -0.02213], [-0.29372, 0.05924], [-0.37295, 0.04283], [-0.4065, 0.06638], [-0.5, 0.20485], [-0.47573, 0.08922], [-0.40864, 0.00214], [-0.31228, -0.02284], [-0.23376, -0.21271], [-0.07173, -0.37473], [-0.04889, -0.43326], [0.02534, -0.38901], [0.19236, -0.38544], [0.22877, -0.26267], [0.2152, -0.20628], [0.22734, -0.11278], [0.26089, -0.1242], [0.25517, -0.38044], [0.35867, -0.38401], [0.293, -0.3419], [0.303, -0.04211], [0.25303, -0.0257], [0.30086, 0.0985], [0.17309, 0.21485], [0.21592, 0.30335], [0.23947, 0.39258], [0.25517, 0.33762], [0.31299, 0.43326]]}