{"rank": 15, "source": "059_1611587624548-PVYSJYIG8Y0H4TZ1YZJK.jpg", "category": "dog", "n_points": 39, "bbox_aspect": 1.4326765188834154, "area_frac": 0.12418771090270872, "score": 0.7214757605944218, "coords": [[0.48739, 0.33352], [0.31719, 0.33696], [0.3149, 0.23668], [0.39398, 0.21089], [0.48682, 0.21719], [0.4851, -0.0086], [0.28682, -0.03324], [0.47708, -0.02407], [0.4765, -0.15129], [0.41748, -0.22865], [0.32636, -0.20917], [0.21805, -0.27679], [0.14585, -0.23324], [0.01519, -0.251], [-0.03926, -0.33926], [-0.13324, -0.33639], [-0.3086, -0.27278], [-0.36418, -0.18109], [-0.38768, -0.06934], [-0.33324, -0.07163], [-0.27421, 0.07679], [-0.18539, 0.12436], [-0.18997, 0.23152], [-0.49083, 0.22808], [-0.5, 0.17994], [-0.45874, -0.05559], [-0.39628, -0.0659], [-0.37049, -0.18395], [-0.31261, -0.27851], [-0.13496, -0.34269], [-0.03868, -0.349], [-0.03238, -0.2957], [0.01977, -0.25673], [0.14413, -0.24011], [0.21977, -0.28309], [0.33037, -0.21605], [0.42206, -0.2361], [0.48338, -0.15244], [0.49656, -0.0063], [0.48739, 0.33352]]}