{"rank": 16, "source": "024_1638016736724-UMY76445Z8N0JHY8O808.jpg", "category": "dog", "n_points": 39, "bbox_aspect": 1.145748987854251, "area_frac": 0.1400275693923481, "score": 0.692375843429922, "coords": [[-0.47314, 0.39258], [-0.49929, 0.31131], [-0.45689, 0.12756], [-0.42933, 0.09576], [-0.32261, 0.11767], [-0.29929, 0.09152], [-0.34523, -0.00389], [-0.16007, -0.11131], [-0.06608, -0.2371], [-0.04912, -0.38763], [0.02792, -0.4364], [0.13534, -0.35795], [0.24629, -0.20954], [0.42085, -0.07527], [0.5, 0.04417], [0.46113, 0.12898], [0.34382, 0.26678], [0.16431, 0.42297], [0.10071, 0.4364], [-0.21449, 0.4159], [0.12827, 0.42721], [0.19399, 0.39046], [0.13958, 0.34382], [0.10283, 0.19329], [0.07314, -0.01237], [0.10919, -0.10283], [0.23074, -0.21449], [0.12898, -0.353], [0.03004, -0.42862], [-0.04134, -0.38551], [-0.0576, -0.2364], [-0.08799, -0.16219], [-0.15371, -0.10636], [-0.33816, 0.00106], [-0.29152, 0.08869], [-0.32403, 0.12544], [-0.44841, 0.12968], [-0.49152, 0.3318], [-0.32332, 0.39682], [-0.47314, 0.39258]]}