{"rank": 17, "source": "006_1673528555865-MCSHRJ7FJSTVREQXBDF0.jpg", "category": "dog", "n_points": 37, "bbox_aspect": 1.6657303370786516, "area_frac": 0.119753375843961, "score": 0.5743662529966286, "coords": [[0.4629, 0.19843], [0.48257, 0.0118], [0.45953, -0.13378], [0.49044, -0.16133], [0.30214, -0.16863], [0.21164, -0.10961], [0.24311, -0.01743], [0.23637, 0.06858], [0.19646, 0.09556], [0.17285, 0.24115], [0.11664, 0.15852], [0.00534, 0.10736], [0.04918, 0.05958], [0.02277, -0.08432], [0.10708, -0.09387], [0.06099, -0.22766], [-0.10596, -0.2552], [-0.1706, -0.29399], [-0.22119, -0.24227], [-0.18746, -0.02192], [-0.22962, 0.04497], [-0.31169, 0.0697], [-0.41625, 0.06239], [-0.41006, 0.03092], [-0.30045, 0.07083], [-0.23243, 0.03822], [-0.18915, -0.04103], [-0.22681, -0.24452], [-0.16892, -0.30017], [-0.10596, -0.26138], [0.04525, -0.22934], [0.13856, -0.25689], [0.25379, -0.15177], [0.32912, -0.17819], [0.5, -0.16414], [0.46571, -0.13153], [0.48876, 0.01237], [0.4629, 0.19843]]}