{"rank": 18, "source": "040_1620047261854-0Z62BS0B5SCVSBQBYX86.jpg", "category": "dog", "n_points": 40, "bbox_aspect": 2.2843273231622745, "area_frac": 0.1526165622027936, "score": 0.5729798238267267, "coords": [[0.49211, 0.19095], [0.46114, 0.11081], [0.32939, 0.07802], [0.24742, 0.08531], [0.17638, 0.06284], [0.14724, 0.1442], [0.1946, 0.18974], [0.26624, 0.19338], [0.29903, 0.17456], [0.33546, 0.19399], [0.47389, 0.20067], [0.27717, 0.20188], [0.20067, 0.19338], [0.1697, 0.21888], [0.07195, 0.13206], [-0.16788, 0.05131], [-0.22617, 0.04038], [-0.32939, 0.05131], [-0.41196, 0.11445], [-0.47328, 0.20978], [-0.5, 0.19702], [-0.48786, 0.13692], [-0.37189, 0.05009], [-0.37614, -0.20431], [-0.25835, -0.21888], [-0.26138, -0.17092], [-0.30146, -0.15513], [-0.30449, -0.11263], [-0.19277, -0.08166], [-0.11931, -0.04098], [-0.04281, -0.02398], [0.0003, -0.13874], [0.06284, -0.2037], [0.14359, -0.19824], [0.16485, -0.1697], [0.10231, -0.09806], [0.06648, 0.0082], [0.2286, 0.07498], [0.3306, 0.07256], [0.47511, 0.10777], [0.49211, 0.19095]]}