{"rank": 19, "source": "057_1612022807052-M6891AQVGFMM6BLUS6DI.jpg", "category": "dog", "n_points": 37, "bbox_aspect": 1.7279344858962693, "area_frac": 0.12341504126031508, "score": 0.5706720837106743, "coords": [[0.44681, 0.20774], [0.38362, 0.19932], [0.32938, 0.28568], [0.26461, 0.25145], [0.21406, 0.2783], [0.16825, 0.15034], [0.13507, 0.13349], [-0.17773, 0.18299], [-0.23196, 0.20247], [-0.5, 0.15666], [-0.40679, 0.16351], [-0.23196, 0.19668], [-0.17035, 0.17615], [0.12612, 0.13349], [0.18931, 0.09084], [0.26935, -0.01711], [0.22722, -0.06767], [0.27988, -0.14192], [0.34729, -0.16877], [0.30569, -0.21617], [0.25566, -0.18141], [0.26777, -0.14876], [0.20247, -0.1119], [0.09347, -0.11401], [0.13244, -0.13454], [0.20142, -0.11717], [0.26145, -0.15034], [0.25092, -0.18457], [0.30674, -0.22196], [0.35308, -0.16772], [0.28515, -0.13823], [0.23354, -0.05714], [0.30885, -0.03028], [0.41311, -0.07241], [0.45577, -0.01185], [0.42996, 0.01185], [0.5, 0.08399], [0.44681, 0.20774]]}