{"rank": 20, "source": "064_1610365600904-JRGBY1VMK1X6TT0RF6MG.jpg", "category": "dog", "n_points": 39, "bbox_aspect": 0.8802710843373494, "area_frac": 0.1457721788502484, "score": 0.5423347494716239, "coords": [[-0.38065, 0.4872], [-0.42959, 0.43449], [-0.44014, 0.34488], [-0.38667, 0.32605], [-0.29556, 0.3366], [-0.27071, 0.30873], [-0.3573, 0.30648], [-0.28125, 0.28464], [-0.42206, 0.24849], [-0.37764, 0.16114], [-0.2805, 0.12199], [-0.17282, 0.12349], [-0.12613, 0.04367], [-0.17056, -0.12877], [-0.2677, -0.23645], [-0.29706, -0.31928], [-0.21047, -0.35542], [-0.16679, -0.33358], [-0.08697, -0.22364], [-0.07041, -0.07078], [-0.02824, -0.02711], [0.02071, -0.06401], [0.15776, -0.21913], [0.10505, -0.22741], [0.06589, -0.37123], [0.02523, -0.45783], [0.13441, -0.5], [0.16152, -0.44729], [0.17357, -0.33735], [0.22553, -0.24548], [0.28577, -0.17696], [0.07944, 0.04217], [-0.01694, 0.0384], [-0.12764, 0.15663], [-0.093, 0.19352], [-0.07944, 0.33886], [-0.10053, 0.39458], [-0.17809, 0.46009], [-0.32718, 0.5], [-0.38065, 0.4872]]}