{"rank": 21, "source": "046_1617798866896-1G411GTL6RNBHRILJLSD.jpg", "category": "dog", "n_points": 39, "bbox_aspect": 0.9667359667359667, "area_frac": 0.1274438024442371, "score": 0.4979513438676901, "coords": [[-0.48337, 0.43347], [-0.46258, 0.23701], [-0.3264, -0.01559], [-0.23805, -0.30977], [-0.14345, -0.5], [-0.00416, -0.4553], [-0.07069, -0.41892], [-0.12058, -0.20062], [-0.11642, -0.08732], [-0.15281, 0.01871], [-0.0738, 0.07692], [0.27859, -0.079], [0.38046, 0.04574], [0.47817, -0.02391], [0.33576, -0.09875], [0.3763, -0.14137], [0.44179, -0.3368], [0.32225, -0.23597], [0.17775, -0.38358], [0.17256, -0.41892], [0.32536, -0.24636], [0.3659, -0.37318], [0.39605, -0.28586], [0.44283, -0.32121], [0.39605, -0.15696], [0.34511, -0.09148], [0.47921, -0.04886], [0.48337, -0.00208], [0.38254, 0.05925], [0.31809, 0.01767], [0.28274, -0.07069], [-0.10083, 0.10915], [-0.17152, 0.06653], [-0.26403, 0.19854], [-0.35655, 0.2474], [-0.23181, 0.25572], [-0.18711, 0.32225], [-0.26611, 0.46881], [-0.36383, 0.5], [-0.48337, 0.43347]]}