{"rank": 22, "source": "030_1629988983818-2AO3V20K7K4UIYALVKFY.jpg", "category": "dog", "n_points": 36, "bbox_aspect": 1.2638762511373975, "area_frac": 0.09008830187869489, "score": 0.43892761748282594, "coords": [[-0.42585, 0.38553], [-0.5, -0.07091], [-0.48704, -0.17315], [-0.2797, -0.2365], [-0.04428, -0.24298], [0.0522, -0.29122], [0.08315, -0.32793], [0.13355, -0.33225], [0.2725, -0.39561], [0.5, -0.14579], [0.32721, 0.10403], [0.27538, 0.22066], [0.18395, 0.28546], [-0.01692, 0.35097], [-0.13715, 0.35601], [-0.40569, 0.39561], [-0.33225, 0.37113], [-0.14435, 0.34737], [-0.16163, 0.21418], [-0.20914, 0.06156], [-0.13427, -0.10547], [-0.04428, -0.06947], [0.00468, 0.0558], [0.00828, 0.33153], [0.13643, 0.30202], [0.25882, 0.22138], [0.32073, 0.09827], [0.48992, -0.14507], [0.27178, -0.38697], [0.23578, -0.38049], [-0.04428, -0.23434], [-0.28546, -0.22714], [-0.47912, -0.16523], [-0.49136, -0.07163], [-0.4496, 0.22642], [-0.42513, 0.31569], [-0.42585, 0.38553]]}