{"rank": 23, "source": "051_1613907124845-8SSVUFG9ILX1VX4SQHZI.jpg", "category": "dog", "n_points": 39, "bbox_aspect": 1.3846767757382283, "area_frac": 0.054499022516776664, "score": 0.3117902857052349, "coords": [[-0.5, 0.04006], [-0.43833, 0.06254], [-0.44063, 0.12882], [-0.22277, 0.217], [-0.25677, 0.3219], [-0.16052, 0.34092], [-0.09885, 0.24063], [-0.07925, 0.04813], [0.09712, 0.06945], [0.30634, 0.12075], [0.4585, -0.12651], [0.38991, -0.13401], [0.4585, -0.35533], [0.4268, -0.34611], [0.36859, -0.15937], [0.21297, -0.15418], [0.15764, -0.1196], [0.06945, -0.16513], [0.12305, -0.32536], [0.18184, -0.31787], [0.10865, -0.15533], [0.36513, -0.16628], [0.42219, -0.35245], [0.5, -0.35706], [0.4389, -0.13401], [0.46196, -0.09135], [0.3536, 0.05274], [0.34611, 0.15706], [0.45274, 0.27003], [0.32305, 0.17608], [0.30173, 0.12594], [0.09769, 0.07637], [-0.07579, 0.05504], [-0.0804, 0.19741], [-0.11326, 0.2902], [-0.21527, 0.3611], [-0.32594, 0.27291], [-0.32536, 0.18012], [-0.44467, 0.13458], [-0.5, 0.04006]]}