{"rank": 24, "source": "058_1611587973115-PX26YDDPQJ6RD2J011TH.jpg", "category": "dog", "n_points": 39, "bbox_aspect": 1.099041533546326, "area_frac": 0.07060352588147037, "score": 0.24669751643724486, "coords": [[0.5, 0.31395], [0.40334, 0.34084], [0.3423, 0.45494], [0.18169, 0.39898], [0.2173, 0.28852], [0.21221, 0.16715], [0.0516, -0.03052], [0.21366, 0.15189], [0.22456, 0.2907], [0.3343, 0.33794], [0.30669, 0.4375], [0.34012, 0.44695], [0.39826, 0.3343], [0.49273, 0.31105], [0.46366, 0.21512], [0.35392, 0.21802], [0.3452, 0.1548], [0.28997, 0.15625], [0.24709, 0.04797], [0.19259, -0.14971], [0.1875, -0.32122], [0.21875, -0.33067], [0.22965, -0.44186], [0.12064, -0.43968], [0.13372, -0.2798], [0.06977, -0.21657], [-0.09956, -0.21875], [-0.13299, -0.24927], [-0.20058, -0.42078], [0.01526, -0.45494], [0.30087, -0.45276], [0.24055, -0.44041], [0.22602, -0.32631], [0.19477, -0.31759], [0.20058, -0.14608], [0.29651, 0.15189], [0.34956, 0.1468], [0.36047, 0.21294], [0.46875, 0.20712], [0.5, 0.31395]]}