{"rank": 25, "source": "068_1608651181235-9QEV1A3K73ZIULLG2Z1F.jpg", "category": "dog", "n_points": 39, "bbox_aspect": 1.3911602209944751, "area_frac": 0.04210117368012105, "score": 0.24067313968697196, "coords": [[-0.44122, 0.31096], [-0.37371, 0.35147], [-0.31255, 0.31493], [-0.20373, 0.31493], [0.1116, -0.01946], [0.3054, 0.10207], [0.39515, -0.04647], [0.35941, -0.09412], [0.46585, -0.25457], [0.41819, -0.32605], [0.21882, -0.16005], [0.09968, -0.29587], [0.12907, -0.34909], [0.0417, -0.33876], [-0.0695, -0.23471], [-0.02423, -0.18785], [-0.10524, -0.07268], [-0.28237, 0.10445], [-0.37768, 0.14019], [-0.43884, 0.07744], [-0.35941, 0.0552], [-0.28872, 0.09968], [-0.1108, -0.07903], [-0.03376, -0.1807], [-0.09571, -0.32526], [0.13225, -0.35941], [0.10365, -0.30302], [0.2228, -0.1672], [0.41898, -0.33558], [0.5, -0.29905], [0.36497, -0.10365], [0.4031, -0.04964], [0.36815, 0.05282], [0.31017, 0.10921], [0.21247, 0.06394], [0.12033, -0.01708], [-0.19817, 0.32049], [-0.31255, 0.32367], [-0.3753, 0.35941], [-0.44122, 0.31096]]}