{"rank": 26, "source": "045_1617885226161-LFOJ1409JE1SBSKTE38T.jpg", "category": "dog", "n_points": 39, "bbox_aspect": 1.589962121212121, "area_frac": 0.05594123900791795, "score": 0.23908086471442294, "coords": [[0.49404, 0.28291], [0.45593, 0.31447], [0.34276, 0.31447], [0.27248, 0.29482], [0.17659, 0.29184], [0.12418, 0.23883], [0.08011, 0.0816], [0.04914, 0.08636], [-0.07475, 0.04288], [-0.14622, 0.03693], [-0.30822, 0.04824], [-0.43627, 0.10066], [-0.48928, 0.08874], [-0.48273, -0.16974], [-0.43448, -0.23824], [-0.3648, -0.24241], [-0.41066, -0.25968], [-0.40113, -0.31447], [-0.34753, -0.27338], [-0.20399, -0.25432], [-0.03425, -0.26504], [-0.18076, -0.24717], [-0.18612, -0.23228], [-0.43091, -0.23169], [-0.47618, -0.16677], [-0.48868, 0.02442], [-0.34991, 0.04348], [-0.18374, 0.03157], [-0.0539, 0.0405], [0.04854, 0.07862], [0.07594, 0.03633], [0.13073, 0.23585], [0.17957, 0.28529], [0.2701, 0.28648], [0.25521, 0.25015], [0.2838, 0.13818], [0.34336, 0.11614], [0.36599, 0.14056], [0.35765, 0.29303], [0.49404, 0.28291]]}