{"rank": 27, "source": "017_1642865690756-3V1GC7GSMZH39CIMZVE1.jpg", "category": "dog", "n_points": 39, "bbox_aspect": 1.321689683184403, "area_frac": 0.04498950524737631, "score": 0.2221441525736178, "coords": [[-0.5, 0.3783], [-0.40781, 0.16872], [-0.2732, 0.10356], [-0.36109, -0.1472], [-0.35618, -0.17978], [-0.25108, -0.18408], [-0.19392, -0.15396], [-0.17793, -0.09988], [0.08082, -0.18777], [0.03288, -0.30148], [0.15028, -0.3783], [0.14843, -0.33098], [0.26706, -0.05562], [0.37031, -0.08758], [0.5, -0.004], [0.36232, 0.18593], [0.23325, 0.20313], [0.05747, 0.12508], [0.22219, 0.03596], [0.25476, 0.09557], [0.34634, 0.03657], [0.34143, 0.11524], [0.25907, 0.10111], [0.27689, 0.15765], [0.23755, 0.19699], [0.35679, 0.18101], [0.49385, -0.00645], [0.3654, -0.07959], [0.26214, -0.05071], [0.12754, -0.34634], [0.03903, -0.29963], [0.08758, -0.18838], [0.04026, -0.16011], [-0.18531, -0.08758], [-0.23079, -0.0839], [-0.25292, -0.17855], [-0.35495, -0.15089], [-0.26337, 0.10541], [-0.40473, 0.17486], [-0.5, 0.3783]]}