{"rank": 28, "source": "021_1640698908058-PB3H5JQQG8N1MLY70ZMN.jpg", "category": "dog", "n_points": 39, "bbox_aspect": 1.448654037886341, "area_frac": 0.041997862820505494, "score": 0.22057332963203877, "coords": [[0.5, 0.18548], [0.43255, 0.0905], [0.29972, 0.06641], [0.20131, 0.11597], [0.15726, 0.00929], [0.29215, -0.24742], [0.23916, -0.28665], [0.12216, -0.0554], [-0.06091, -0.13386], [-0.10083, -0.19511], [-0.02237, -0.27908], [-0.18273, -0.31693], [-0.26325, -0.16552], [-0.39952, -0.20819], [-0.47385, -0.17722], [-0.28802, -0.14074], [-0.29009, 0.01342], [-0.10496, 0.16552], [0.14006, 0.27701], [0.2371, 0.20819], [0.30798, 0.28183], [0.21507, 0.34515], [0.15313, 0.2777], [-0.16208, 0.13937], [-0.29766, 0.01617], [-0.29491, -0.13593], [-0.47729, -0.17103], [-0.40089, -0.21507], [-0.26738, -0.17378], [-0.17309, -0.33138], [-0.09257, -0.34515], [-0.0148, -0.28045], [-0.09188, -0.19374], [0.11734, -0.06504], [0.23365, -0.29147], [0.29353, -0.23297], [0.16414, 0.01136], [0.26944, 0.12354], [0.35754, 0.04164], [0.5, 0.18548]]}