{"rank": 29, "source": "018_1641553995805-EPVRYNKALJG89BXXDWD0.jpg", "category": "dog", "n_points": 39, "bbox_aspect": 1.267593397046047, "area_frac": 0.043029091570300874, "score": 0.1811280816475883, "coords": [[0.5, 0.00103], [0.42735, 0.10521], [0.37114, 0.24435], [0.32317, 0.27587], [0.43694, 0.33687], [0.41432, 0.39445], [0.29095, 0.30466], [0.24023, 0.3355], [0.06683, 0.27587], [0.00171, 0.21761], [-0.03941, 0.23955], [-0.11206, 0.16758], [-0.18609, 0.1669], [-0.29027, 0.31631], [-0.32317, 0.22721], [-0.35881, 0.22104], [-0.37114, 0.14907], [-0.46642, 0.08465], [-0.48972, 0.0401], [-0.36361, 0.14222], [-0.28547, 0.30809], [-0.19157, 0.16073], [-0.10589, 0.1621], [-0.03598, 0.22858], [0.00377, 0.2087], [0.05929, 0.26354], [0.24092, 0.32728], [0.29301, 0.29232], [0.41501, 0.38622], [0.42803, 0.33962], [0.31289, 0.28547], [0.38897, 0.18472], [0.32248, 0.09082], [0.35127, 0.01748], [0.33208, -0.13194], [0.36703, -0.16552], [0.33482, 0.09493], [0.4013, 0.07162], [0.44585, -0.02707], [0.5, 0.00103]]}