{"rank": 30, "source": "027_1632395324847-RUTGWEQUT2L4XWC5Q7R3.jpg", "category": "dog", "n_points": 39, "bbox_aspect": 1.3515248796147672, "area_frac": 0.030977119279819956, "score": 0.1536955968624822, "coords": [[0.14014, 0.36995], [0.24169, 0.28088], [0.48278, -0.08135], [0.48397, -0.21971], [0.43468, -0.22922], [0.44418, -0.09857], [0.36105, -0.10867], [0.36342, -0.24347], [0.29929, -0.26128], [0.28207, -0.10451], [0.08729, -0.17399], [0.08135, -0.32304], [-0.11817, -0.36342], [-0.06651, -0.31591], [-0.12708, -0.22684], [-0.25, -0.13242], [-0.36342, 0.06295], [-0.43112, 0.01306], [-0.49347, 0.09323], [-0.36164, 0.2215], [-0.43943, 0.17993], [-0.5, 0.09264], [-0.43349, 0.00653], [-0.36283, 0.05641], [-0.25594, -0.1348], [-0.13361, -0.22922], [-0.07304, -0.31354], [-0.11995, -0.36995], [0.08729, -0.3272], [0.09264, -0.17755], [0.27732, -0.10986], [0.29632, -0.26781], [0.36995, -0.24644], [0.36817, -0.11045], [0.43824, -0.10392], [0.42815, -0.231], [0.4905, -0.22031], [0.48812, -0.07838], [0.24644, 0.28504], [0.14014, 0.36995]]}