{"rank": 31, "source": "050_1614607159951-RK8YKGOO4QTT794DWWY5.jpg", "category": "dog", "n_points": 39, "bbox_aspect": 1.5349417637271214, "area_frac": 0.03753882220555139, "score": 0.1533187899025251, "coords": [[0.5, 0.14472], [0.41762, 0.19783], [0.37263, 0.25691], [0.24743, 0.32575], [0.24255, 0.26612], [0.16287, 0.12141], [0.10108, 0.17236], [-0.01274, 0.18645], [-0.14661, 0.12846], [-0.30813, 0.13496], [-0.37696, 0.04499], [-0.37209, -0.01518], [-0.46531, -0.00379], [-0.49404, -0.04336], [-0.39377, -0.09539], [-0.45718, -0.12846], [-0.44905, -0.15664], [-0.49241, -0.22927], [-0.43333, -0.23198], [-0.35854, -0.0981], [-0.2458, -0.0103], [-0.25718, -0.00488], [-0.39431, -0.12954], [-0.44146, -0.22927], [-0.48753, -0.21355], [-0.44201, -0.15989], [-0.4523, -0.13117], [-0.37317, -0.07534], [-0.37154, 0.0439], [-0.30054, 0.13659], [-0.25501, 0.1187], [-0.1477, 0.12304], [-0.01328, 0.18157], [0.09892, 0.16748], [0.16504, 0.11599], [0.24743, 0.26396], [0.24688, 0.32033], [0.37967, 0.24282], [0.43821, 0.17453], [0.5, 0.14472]]}