{"rank": 32, "source": "042_1619094174185-3RSFKI5QERX9D3H9X3SF.jpg", "category": "dog", "n_points": 40, "bbox_aspect": 0.9763593380614657, "area_frac": 0.06730303877451024, "score": 0.1515404567525408, "coords": [[-0.48424, 0.36604], [-0.42199, 0.22892], [-0.31954, 0.27463], [-0.30299, 0.23916], [-0.14381, 0.35028], [-0.11545, 0.25256], [-0.1777, 0.19976], [-0.34318, 0.12963], [-0.39204, 0.02719], [-0.38258, -0.12096], [-0.28723, -0.13672], [-0.25099, -0.08944], [-0.36131, -0.05634], [-0.37707, 0.06895], [-0.33767, 0.12254], [-0.17061, 0.19346], [-0.10205, 0.26044], [-0.02325, 0.13042], [0.11308, 0.07604], [0.19819, 0.01537], [0.33215, -0.3353], [0.27699, -0.35106], [0.19031, -0.22025], [-0.02955, -0.13042], [-0.07841, -0.12648], [0.18558, -0.22813], [0.26911, -0.35737], [0.10205, -0.38337], [0.0721, -0.34712], [0.00039, -0.39913], [0.06501, -0.5], [0.21316, -0.40623], [0.48818, -0.28408], [0.46217, -0.25256], [0.33688, -0.32742], [0.20607, 0.02088], [-0.03664, 0.15406], [-0.08865, 0.25256], [-0.14697, 0.45745], [-0.18479, 0.49685], [-0.48424, 0.36604]]}