{"rank": 33, "source": "011_1652186536351-PDSSGRV7HAYTLJPHNX1R.jpg", "category": "dog", "n_points": 39, "bbox_aspect": 1.0524752475247525, "area_frac": 0.059608004541583874, "score": 0.1504187995693042, "coords": [[-0.42098, 0.43368], [-0.35042, 0.45908], [-0.38241, 0.33584], [-0.28645, 0.25306], [-0.10677, 0.26623], [0.40969, 0.23895], [0.47648, 0.38382], [0.49059, 0.28316], [0.45202, 0.14111], [0.33725, 0.06397], [0.32596, -0.07714], [0.38993, -0.26999], [0.35419, -0.36312], [0.1143, -0.41392], [0.04563, -0.03857], [0.20179, -0.03387], [0.17733, 0.05456], [-0.13594, -0.04233], [-0.17262, 0.03857], [-0.23471, -0.02164], [-0.16134, -0.0715], [0.03904, -0.05268], [0.04939, -0.21072], [-0.0588, -0.23142], [0.00706, -0.41204], [0.07573, -0.47507], [0.11524, -0.42521], [0.36171, -0.37065], [0.40028, -0.26999], [0.33537, -0.07432], [0.34666, 0.05833], [0.46143, 0.13829], [0.5, 0.28316], [0.46331, 0.39887], [0.40405, 0.24741], [-0.09454, 0.27563], [-0.28457, 0.26246], [-0.37206, 0.33584], [-0.33067, 0.47507], [-0.42098, 0.43368]]}