{"rank": 34, "source": "031_1629806682029-TMBEX2RZICL2OTFGQPI4.jpg", "category": "dog", "n_points": 38, "bbox_aspect": 1.208133971291866, "area_frac": 0.04185577644411103, "score": 0.13295799075523956, "coords": [[0.5, 0.2396], [0.32442, 0.41386], [0.13432, 0.36238], [0.09406, 0.31749], [-0.02673, 0.32607], [-0.02079, 0.20924], [-0.15149, 0.14587], [-0.33102, 0.11617], [-0.37195, 0.2033], [-0.32574, 0.27657], [-0.44653, 0.24224], [-0.46634, 0.00792], [-0.42343, -0.15446], [-0.5, -0.35776], [-0.49076, -0.41386], [-0.37921, -0.39208], [-0.40429, -0.30957], [-0.2868, -0.19274], [-0.39307, -0.26205], [-0.38779, -0.38944], [-0.48152, -0.4099], [-0.49406, -0.36436], [-0.41617, -0.1571], [-0.45908, 0.01056], [-0.43993, 0.23696], [-0.33102, 0.26733], [-0.37921, 0.20594], [-0.36205, 0.12937], [-0.25248, 0.10891], [-0.01419, 0.21386], [-0.02145, 0.32013], [0.10396, 0.31023], [0.1264, 0.3505], [0.32508, 0.40594], [0.35743, 0.38218], [0.23927, 0.32805], [0.3099, 0.28251], [0.35611, 0.37096], [0.5, 0.2396]]}