{"rank": 35, "source": "067_1608732893787-UPJS0I6A30OPIJ6BGKY3.jpg", "category": "dog", "n_points": 38, "bbox_aspect": 1.300929839391378, "area_frac": 0.032690158236891295, "score": 0.1297658726888435, "coords": [[0.49805, 0.00942], [0.32456, 0.0783], [0.26933, 0.11923], [0.13808, 0.29402], [0.10624, 0.32001], [0.19786, 0.19201], [0.21475, 0.14198], [0.20435, 0.0614], [0.00487, -0.0835], [-0.14003, -0.14198], [-0.2063, -0.13678], [-0.25763, -0.0822], [-0.12638, 0.00097], [-0.2128, -0.03801], [-0.26998, -0.0796], [-0.2102, -0.14392], [-0.10754, -0.14263], [0.01137, -0.08804], [0.2076, 0.05426], [0.2206, 0.15952], [0.31871, 0.0731], [0.4909, 0.00617], [0.49415, -0.01332], [0.43632, -0.05686], [0.31741, -0.00812], [0.26673, -0.03801], [0.33691, -0.13093], [0.26998, -0.15757], [0.18746, -0.05101], [0.03606, -0.16927], [0.04061, -0.17511], [0.18876, -0.0588], [0.28428, -0.18031], [0.34925, -0.13483], [0.27388, -0.02437], [0.31546, -0.01527], [0.44152, -0.06855], [0.5, -0.02242], [0.49805, 0.00942]]}