{"rank": 36, "source": "062_1611242398024-JOEMBP12A93XBK0X17M8.jpg", "category": "dog", "n_points": 41, "bbox_aspect": 1.2017474185861796, "area_frac": 0.0384152288072018, "score": 0.11610448302916798, "coords": [[-0.25017, 0.41606], [-0.25611, 0.25149], [0.03139, 0.14045], [0.05981, 0.21712], [-0.01223, 0.25611], [0.04726, 0.40945], [0.22703, 0.34997], [0.16887, 0.27462], [0.23629, 0.2495], [0.23629, 0.34534], [0.32089, 0.31692], [0.41804, 0.25413], [0.39227, 0.18275], [0.47224, 0.13979], [0.45175, 0.08956], [0.24818, 0.15962], [0.22769, 0.15433], [0.45043, 0.07832], [0.42928, 0.01355], [0.22241, 0.06444], [0.1616, -0.11798], [0.06973, -0.17944], [0.0347, -0.3004], [0.04329, -0.40615], [-0.09088, -0.36649], [0.01751, -0.05651], [-0.09815, -0.36847], [0.04395, -0.41606], [0.04131, -0.30304], [0.07568, -0.18407], [0.16821, -0.12062], [0.22505, 0.05519], [0.42796, 0.00297], [0.5, 0.18738], [0.42928, 0.25545], [0.30767, 0.3308], [0.03999, 0.41606], [-0.02148, 0.25215], [0.05453, 0.22108], [0.02809, 0.14904], [-0.2495, 0.25479], [-0.25017, 0.41606]]}