{"rank": 37, "source": "063_1610633676851-92L7BDEUBH6VQAT2VPLM.jpg", "category": "dog", "n_points": 39, "bbox_aspect": 1.497557003257329, "area_frac": 0.0284463615903976, "score": 0.11602415404917127, "coords": [[0.48695, 0.03045], [0.45541, 0.10604], [0.37439, 0.23437], [0.382, 0.20011], [0.33904, 0.20392], [0.14763, 0.11202], [0.09869, 0.07178], [-0.03834, 0.01033], [-0.16504, 0.0397], [-0.27651, 0.03317], [-0.3037, 0.05057], [-0.40647, -0.07341], [-0.32055, 0.00544], [-0.30098, 0.04513], [-0.27433, 0.02664], [-0.16612, 0.03371], [-0.03779, 0.00435], [0.35101, 0.2012], [0.3907, 0.18923], [0.44943, 0.10332], [0.48097, 0.02882], [0.47444, -0.0696], [0.49347, -0.12779], [0.42496, -0.21316], [0.38853, -0.21098], [0.37221, -0.16476], [0.41735, -0.08864], [0.33687, -0.09407], [0.29608, -0.11854], [0.2814, -0.08157], [0.32273, -0.04676], [0.27107, -0.03045], [0.29337, -0.12398], [0.33578, -0.1006], [0.37276, -0.12289], [0.38363, -0.21479], [0.42659, -0.21914], [0.5, -0.12887], [0.48097, -0.06906], [0.48695, 0.03045]]}