{"rank": 38, "source": "015_1644673955377-87PMGXL3KE4LW99T8BD5.jpg", "category": "dog", "n_points": 39, "bbox_aspect": 0.5539858728557013, "area_frac": 0.1254224365642639, "score": 0.0960727887764144, "coords": [[0.17608, 0.5], [-0.00757, 0.39606], [-0.00656, 0.26892], [0.03582, 0.26387], [-0.00454, 0.20333], [-0.04087, 0.04894], [-0.13068, 0.01463], [-0.1781, -0.0328], [-0.12866, -0.06609], [-0.04793, -0.02674], [-0.04995, -0.07215], [-0.00959, -0.1115], [-0.02069, -0.16902], [0.00858, -0.27397], [-0.02674, -0.40414], [-0.11453, -0.42432], [-0.08325, -0.46973], [0.0439, -0.45459], [0.03582, -0.41726], [0.08022, -0.3335], [0.11352, -0.31231], [0.1004, -0.22452], [0.11958, -0.2114], [0.13774, -0.30928], [0.18214, -0.31029], [0.13875, -0.43441], [0.0671, -0.45459], [0.06509, -0.5], [0.23764, -0.47074], [0.22856, -0.40817], [0.2669, -0.32341], [0.21645, -0.1448], [0.21948, -0.04793], [0.27699, 0.26085], [0.19324, 0.26287], [0.19021, 0.32139], [0.25681, 0.34965], [0.24975, 0.41927], [0.20535, 0.49294], [0.17608, 0.5]]}