{"rank": 39, "source": "001_1709567032012-WCAEZ37Y53X08LNO9GZV.jpg", "category": "dog", "n_points": 40, "bbox_aspect": 1.256855575868373, "area_frac": 0.028281507630754325, "score": 0.0941875991327986, "coords": [[0.5, 0.17236], [0.36618, 0.17891], [0.37418, 0.21236], [0.28909, 0.18327], [0.156, 0.08509], [0.13782, 0.03491], [0.01782, -0.064], [0.10145, -0.016], [0.172, 0.09018], [0.23891, 0.11709], [0.33927, 0.19564], [0.37564, 0.16655], [0.492, 0.16945], [0.46655, 0.11636], [0.40618, 0.09236], [0.43091, 0.02255], [0.40909, -0.03345], [0.44327, -0.10691], [0.42509, -0.20655], [0.37782, -0.20145], [0.33564, -0.23782], [0.33273, -0.05164], [0.01418, -0.15564], [-0.01127, -0.30909], [0.00545, -0.37236], [-0.08109, -0.392], [-0.15818, -0.22982], [-0.12909, -0.32436], [-0.08618, -0.39782], [0.00618, -0.38109], [0.00182, -0.18255], [0.02364, -0.15927], [0.32691, -0.05964], [0.32909, -0.24364], [0.43309, -0.20945], [0.452, -0.10545], [0.41709, -0.03491], [0.44473, -0.01382], [0.41564, 0.08582], [0.47818, 0.11782], [0.5, 0.17236]]}