{"rank": 40, "source": "055_1612612828793-Z6WY5A0T5KSCKFKMN94F.jpg", "category": "dog", "n_points": 40, "bbox_aspect": 1.0853242320819112, "area_frac": 0.04486104166015564, "score": 0.09095082596026147, "coords": [[0.49843, 0.27909], [0.35456, 0.29088], [0.33019, 0.45204], [0.10928, 0.46069], [0.08491, 0.07075], [-0.49607, 0.06682], [-0.5, -0.15566], [-0.45362, -0.16824], [-0.45204, -0.42296], [-0.16667, -0.42374], [-0.16667, -0.31368], [-0.23192, -0.30818], [-0.23742, -0.21619], [0.06918, -0.21305], [0.07154, -0.2044], [-0.24135, -0.20755], [-0.25, -0.30267], [-0.17453, -0.32075], [-0.17453, -0.41431], [-0.4434, -0.41509], [-0.43711, -0.03223], [-0.45676, -0.15487], [-0.48664, -0.15645], [-0.49057, 0.05896], [0.08805, 0.06132], [0.1022, 0.08333], [0.10299, 0.27123], [0.22013, 0.26887], [0.24921, 0.4489], [0.31525, 0.45047], [0.34591, 0.28538], [0.43082, 0.2783], [0.49135, 0.18711], [0.48978, 0.06368], [0.30975, 0.07233], [0.28066, 0.04953], [0.28616, -0.21069], [0.28931, 0.04638], [0.31447, 0.06368], [0.5, 0.0566], [0.49843, 0.27909]]}