{"rank": 41, "source": "044_1618925827853-7XX6BUQ7H85VJLVY4GK5.jpg", "category": "dog", "n_points": 39, "bbox_aspect": 1.2716950527169506, "area_frac": 0.027384932533733135, "score": 0.08952451798975603, "coords": [[-0.36543, 0.39318], [-0.42602, 0.31346], [-0.39541, 0.27264], [-0.48023, 0.20568], [-0.5, 0.14892], [-0.46875, 0.11001], [-0.3986, 0.13935], [-0.40561, 0.08514], [-0.36288, 0.1081], [-0.3176, 0.03922], [-0.42666, -0.11575], [-0.47321, -0.14828], [-0.47321, -0.19483], [-0.40306, -0.18144], [-0.35204, -0.12085], [-0.19069, -0.09598], [-0.18495, -0.07557], [-0.10077, -0.05198], [-0.12628, -0.04177], [-0.19707, -0.09024], [-0.35332, -0.11384], [-0.4088, -0.1757], [-0.4662, -0.18782], [-0.4662, -0.1521], [-0.42028, -0.11958], [-0.30995, 0.04177], [-0.35842, 0.11511], [-0.40242, 0.09279], [-0.40051, 0.14955], [-0.43941, 0.11703], [-0.49107, 0.14892], [-0.38648, 0.27136], [-0.41645, 0.31154], [-0.36224, 0.38616], [-0.32781, 0.35427], [-0.32717, 0.29815], [-0.28763, 0.30517], [-0.29145, 0.37213], [-0.32143, 0.35874], [-0.36543, 0.39318]]}