{"rank": 42, "source": "041_1619518323926-LETQFGQMIDPGZ6YUXACR.jpg", "category": "dog", "n_points": 38, "bbox_aspect": 1.2223113964686998, "area_frac": 0.03310813343328336, "score": 0.08863879244828544, "coords": [[0.47702, 0.32633], [0.37853, 0.34668], [0.25509, 0.40906], [0.18286, 0.37032], [0.15791, 0.3388], [0.13559, 0.21274], [0.16645, 0.18779], [0.09816, 0.15167], [-0.02528, 0.02035], [-0.19271, -0.02232], [-0.28661, -0.08798], [-0.36605, -0.03677], [-0.39232, -0.04728], [-0.2564, -0.18844], [-0.38181, -0.04728], [-0.21898, -0.1438], [-0.27741, -0.0893], [-0.17236, -0.02167], [-0.08503, -0.01248], [-0.02397, 0.01313], [0.10013, 0.14051], [0.1763, 0.18582], [0.14675, 0.2088], [0.16776, 0.3434], [0.24261, 0.39593], [0.28332, 0.35062], [0.28267, 0.27643], [0.326, 0.29941], [0.27807, 0.38805], [0.37787, 0.34012], [0.46783, 0.32305], [0.49409, 0.2784], [0.45666, 0.23375], [0.2912, 0.12344], [0.34242, -0.03677], [0.30105, 0.12738], [0.38116, 0.16415], [0.5, 0.26527], [0.47702, 0.32633]]}