{"rank": 43, "source": "000_1711801406068-PRJX9NYNPHK3TX62M7RP.jpg", "category": "dog", "n_points": 38, "bbox_aspect": 1.2531223980016652, "area_frac": 0.029608964741185295, "score": 0.08507007138435753, "coords": [[0.4608, 0.399], [0.36246, 0.39169], [0.30997, 0.33322], [0.28007, 0.34983], [0.18173, 0.32126], [0.12791, 0.34651], [0.03223, 0.24419], [0.09668, 0.21163], [0.14452, 0.22558], [0.08937, 0.2814], [0.1299, 0.33522], [0.17841, 0.31462], [0.27874, 0.34252], [0.3093, 0.32326], [0.36445, 0.38439], [0.46346, 0.34651], [0.49336, 0.26545], [0.47608, 0.16312], [0.42226, 0.08405], [0.33787, 0.05083], [0.2814, -0.00831], [0.2103, 0.01827], [0.10997, -0.02558], [-0.04153, -0.02226], [-0.06279, -0.15781], [-0.13056, -0.39169], [-0.26545, -0.34053], [-0.35714, -0.32259], [-0.13721, -0.399], [-0.05017, -0.20233], [-0.03688, -0.02957], [0.1093, -0.03289], [0.21296, 0.01096], [0.28272, -0.01561], [0.34053, 0.04419], [0.4289, 0.08007], [0.49801, 0.20631], [0.5, 0.2701], [0.4608, 0.399]]}