{"rank": 44, "source": "073_1607172916705-H7PU8OHSR0WB3KQH907U.jpg", "category": "dog", "n_points": 50, "bbox_aspect": 2.228235294117647, "area_frac": 0.08055477815699659, "score": 0.08301228759366565, "coords": [[0.48786, 0.22439], [0.45671, 0.22386], [0.46568, 0.14467], [0.31837, 0.12038], [-0.27033, 0.08765], [-0.3094, 0.07445], [-0.36325, 0.1114], [-0.40707, 0.09029], [-0.47571, 0.10507], [-0.5, 0.08237], [-0.46304, 0.03379], [-0.39388, -0.01214], [-0.31785, -0.01056], [-0.30834, -0.17476], [-0.32629, -0.217], [-0.26135, -0.21911], [-0.26716, -0.09609], [-0.23442, -0.09398], [-0.24129, -0.22017], [-0.18479, -0.21331], [-0.18479, -0.08923], [0.11563, -0.07286], [0.11932, -0.06758], [-0.1943, -0.08817], [-0.19007, -0.20908], [-0.24023, -0.21489], [-0.22914, -0.0924], [-0.26452, -0.0887], [-0.26663, -0.21542], [-0.32101, -0.21383], [-0.30359, -0.17899], [-0.31309, -0.00528], [-0.38912, -0.00634], [-0.47571, 0.05333], [-0.48363, 0.09609], [-0.40602, 0.08501], [-0.37223, 0.10296], [-0.3548, 0.03273], [-0.31362, 0.06969], [-0.24498, 0.08289], [-0.23548, 0.03749], [-0.17159, 0.04382], [-0.15681, -0.03801], [-0.08501, 0.00317], [-0.07973, -0.03854], [0.15681, -0.02112], [0.15576, 0.10718], [0.25766, 0.10612], [0.46832, 0.13992], [0.46515, 0.22281], [0.48786, 0.22439]]}