{"rank": 45, "source": "072_1608125663706-VZ52SGOD8CFB2075DF0Y.jpg", "category": "dog", "n_points": 39, "bbox_aspect": 1.2106261859582543, "area_frac": 0.030967617198672918, "score": 0.07657155191958781, "coords": [[0.29624, 0.33621], [0.08777, 0.41301], [0.02978, 0.38245], [-0.06818, 0.25784], [0.03527, 0.37696], [0.08777, 0.40517], [0.28448, 0.33386], [0.29232, 0.26803], [0.3221, 0.24295], [0.28762, 0.18809], [0.20141, 0.10972], [0.25157, 0.07053], [0.29232, 0.1152], [0.29937, 0.07915], [0.44828, -0.08699], [0.40047, -0.13871], [0.43495, -0.21865], [0.35502, -0.31113], [0.25627, -0.25862], [0.22649, -0.21003], [0.16066, -0.16536], [0.04937, -0.28213], [0.0768, -0.34796], [0.01646, -0.40596], [-0.48433, -0.29859], [-0.48746, -0.30799], [0.02116, -0.41301], [0.08464, -0.3511], [0.05799, -0.27821], [0.15752, -0.1732], [0.221, -0.21552], [0.25078, -0.26411], [0.35815, -0.32053], [0.44279, -0.22179], [0.5, -0.12774], [0.30486, 0.08542], [0.29467, 0.18652], [0.33072, 0.2453], [0.29937, 0.27194], [0.29624, 0.33621]]}