{"rank": 46, "source": "036_1625836642307-PQ69YE2HH7WQCTMQE2CY.jpg", "category": "dog", "n_points": 39, "bbox_aspect": 1.1524486571879937, "area_frac": 0.03453935532233883, "score": 0.06352782837224888, "coords": [[0.5, 0.22344], [0.30672, 0.305], [0.24572, 0.36463], [0.17718, 0.36463], [0.15182, 0.30158], [0.2231, 0.26388], [0.24503, 0.35778], [0.30329, 0.29952], [0.45888, 0.2392], [0.39034, 0.12474], [0.27862, 0.16107], [0.07916, 0.15422], [0.07162, 0.11857], [0.17375, 0.02399], [0.13331, -0.1172], [0.07574, -0.13708], [0.05106, -0.24812], [0.07368, -0.29404], [-0.01953, -0.31734], [0.02022, -0.26045], [0.05312, -0.02742], [0.03461, -0.01714], [-0.02433, -0.25291], [-0.12029, -0.27759], [-0.06203, -0.31528], [-0.36292, -0.33996], [-0.11275, -0.33448], [-0.02296, -0.26799], [0.04695, -0.0562], [0.01748, -0.24469], [-0.02707, -0.32077], [0.07779, -0.30158], [0.07231, -0.15422], [0.13948, -0.12063], [0.18129, 0.0233], [0.07779, 0.122], [0.08533, 0.1501], [0.27862, 0.15422], [0.39034, 0.11789], [0.5, 0.22344]]}