{"rank": 47, "source": "070_1608641019017-ETNX40XSI6REY2SJJYPL.jpg", "category": "dog", "n_points": 43, "bbox_aspect": 1.730174081237911, "area_frac": 0.03709012715033658, "score": 0.051815908628627276, "coords": [[-0.5, -0.04863], [-0.47261, -0.03354], [-0.47261, -0.08552], [-0.44131, -0.16378], [-0.46814, -0.02571], [-0.40106, 0.01174], [-0.26076, 0.13639], [-0.31889, 0.09782], [-0.25182, 0.28284], [-0.04332, 0.25936], [-0.0422, 0.12241], [0.05338, 0.10453], [0.03158, 0.25545], [0.08692, 0.2711], [0.13667, 0.14813], [0.19368, 0.17887], [0.30995, 0.13248], [0.48882, 0.21353], [0.39827, -0.00783], [0.35411, -0.06037], [0.32225, -0.06372], [0.27082, -0.12856], [0.15791, -0.19676], [0.09586, -0.2834], [0.04388, -0.24539], [-0.1976, -0.13359], [0.04108, -0.24986], [0.09698, -0.28899], [0.16182, -0.20067], [0.27697, -0.13136], [0.3256, -0.06875], [0.3569, -0.06484], [0.40274, -0.01118], [0.5, 0.22079], [0.30827, 0.13751], [0.19592, 0.18614], [0.13499, 0.15428], [0.09083, 0.27837], [0.03829, 0.26216], [-0.18083, 0.27446], [-0.24958, 0.28899], [-0.32951, 0.08999], [-0.4033, 0.01677], [-0.5, -0.04863]]}