{"rank": 48, "source": "061_1611247075071-GYZKPSEB5VVKLSSAKF69.jpg", "category": "dog", "n_points": 41, "bbox_aspect": 1.6306382978723404, "area_frac": 0.02691547976011994, "score": 0.04724337182878612, "coords": [[-0.5, 0.10569], [-0.36065, -0.02479], [-0.20251, 0.05506], [-0.12004, -0.10569], [-0.15292, -0.17406], [-0.05741, -0.21686], [-0.00522, -0.30663], [0.12213, -0.23617], [0.07724, -0.08638], [0.13831, -0.02688], [0.22599, -0.13492], [0.41023, 0.01592], [0.41493, 0.07385], [0.33873, 0.15005], [0.18058, 0.1511], [0.12578, 0.22521], [0.09186, 0.20381], [-0.02766, 0.24504], [-0.13727, 0.137], [-0.28914, 0.27114], [-0.20407, 0.21634], [-0.13727, 0.13126], [-0.02453, 0.23826], [0.09029, 0.19859], [0.12422, 0.21947], [0.18267, 0.14588], [0.32672, 0.14744], [0.4118, 0.06811], [0.40553, 0.01905], [0.22495, -0.12813], [0.20146, -0.06446], [0.13413, -0.0227], [0.07463, -0.08011], [0.11587, -0.23565], [-0.00365, -0.29984], [-0.05428, -0.21164], [-0.14823, -0.17093], [-0.1143, -0.10465], [-0.19937, 0.06185], [-0.37735, -0.02114], [-0.42902, 0.06185], [-0.5, 0.10569]]}