{"rank": 49, "source": "014_1649155754502-YWLNA1DEFZDS5BRM1X55.jpg", "category": "dog", "n_points": 36, "bbox_aspect": 1.5523724261414502, "area_frac": 0.024158664666166542, "score": 0.042633502841947835, "coords": [[0.5, 0.21367], [0.36217, 0.24769], [0.28201, 0.2846], [0.26471, 0.32209], [0.2128, 0.29671], [0.24164, 0.2229], [0.23933, 0.17791], [0.05248, 0.09775], [0.00173, 0.04296], [-0.24337, 0.1387], [-0.27739, 0.18368], [-0.44464, 0.26672], [-0.5, 0.27076], [-0.43426, 0.20963], [-0.39504, 0.11851], [-0.31546, 0.05392], [-0.28835, -0.0049], [-0.312, -0.18829], [-0.2872, -0.08506], [-0.28316, -0.00144], [-0.31084, 0.05911], [-0.39043, 0.12255], [-0.42907, 0.21251], [-0.48962, 0.26615], [-0.37716, 0.2327], [-0.28143, 0.17907], [-0.24683, 0.13408], [0.00115, 0.0372], [0.05479, 0.09256], [0.12976, 0.11621], [0.24567, 0.17618], [0.2474, 0.2252], [0.21857, 0.29268], [0.26067, 0.31574], [0.27739, 0.27999], [0.36678, 0.23962], [0.5, 0.21367]]}