{"rank": 50, "source": "005_1673528938046-F51XWFO48PXC5K7PH9W2.jpg", "category": "dog", "n_points": 41, "bbox_aspect": 1.0994983277591974, "area_frac": 0.03637828207051763, "score": 0.04163693385915835, "coords": [[0.37757, 0.38403], [0.26046, 0.33384], [0.25589, 0.45475], [0.14259, 0.35361], [0.05741, 0.13384], [-0.10304, -0.02281], [-0.25437, -0.10342], [-0.36236, -0.20608], [-0.5, -0.12167], [-0.46578, -0.21597], [-0.39582, -0.24943], [-0.29392, -0.39772], [-0.18897, -0.45475], [-0.08479, -0.35589], [0.05513, -0.30342], [0.10608, -0.18403], [0.01483, -0.30798], [-0.18821, -0.44639], [-0.29087, -0.38859], [-0.45133, -0.16502], [-0.36236, -0.21521], [-0.25133, -0.11179], [-0.14411, -0.06464], [0.0019, 0.06692], [0.10304, 0.10494], [0.12738, 0.03118], [0.227, 0.00532], [0.08479, 0.14905], [0.14791, 0.34449], [0.24068, 0.44791], [0.24905, 0.34221], [0.34183, 0.32548], [0.373, 0.37034], [0.41787, 0.22586], [0.48935, 0.13536], [0.37224, 0.00608], [0.32433, 0.03574], [0.26198, -0.03802], [0.37452, -0.00532], [0.5, 0.13688], [0.42167, 0.23878], [0.37757, 0.38403]]}