{"rank": 51, "source": "032_1629805781053-0UFLAKHCQTGWMNB84K1N.jpg", "category": "dog", "n_points": 41, "bbox_aspect": 1.17377812257564, "area_frac": 0.027978870787983594, "score": 0.03700205668747054, "coords": [[-0.5, 0.27859], [-0.47819, 0.12194], [-0.45241, 0.08163], [-0.3156, 0.08956], [-0.08229, -0.00364], [-0.17085, -0.24025], [-0.09022, -0.29841], [0.00297, -0.31956], [0.07634, -0.07766], [0.23034, -0.13648], [0.14904, -0.35129], [0.26669, -0.42597], [0.30701, -0.41474], [0.38962, -0.16689], [0.40549, -0.0803], [0.5, 0.18077], [0.32882, 0.24752], [0.27462, 0.13318], [-0.07436, 0.25017], [0.27462, 0.12525], [0.33344, 0.23827], [0.49141, 0.17217], [0.39822, -0.07766], [0.3004, -0.41011], [0.2733, -0.42069], [0.15763, -0.34798], [0.24223, -0.12591], [0.07237, -0.06775], [-0.00099, -0.30899], [-0.08757, -0.29114], [-0.1649, -0.23166], [-0.07369, -0.00165], [-0.11996, 0.03139], [-0.31428, 0.09683], [-0.44514, 0.08757], [-0.4696, 0.15697], [-0.18605, 0.16094], [-0.19332, 0.17548], [-0.47026, 0.16821], [-0.4848, 0.25017], [-0.31362, 0.33278], [-0.5, 0.27859]]}