{"rank": 52, "source": "010_1654270526945-9X0GWCAI3UVO4ZIAJP67.jpg", "category": "dog", "n_points": 39, "bbox_aspect": 1.1390095569070373, "area_frac": 0.029149063529598004, "score": 0.022975168072011005, "coords": [[0.49542, 0.32838], [0.37643, 0.34058], [0.35202, 0.38711], [0.25896, 0.40389], [0.25133, 0.43898], [0.15751, 0.43669], [0.17582, 0.33143], [0.17201, 0.16895], [-0.03623, 0.08124], [-0.13692, -0.09191], [-0.23913, -0.16743], [-0.5, -0.17735], [-0.31083, -0.19413], [-0.27193, -0.29405], [-0.1659, -0.35584], [-0.16133, -0.43745], [0.08352, -0.43898], [0.08352, -0.39703], [-0.07056, -0.38177], [-0.04996, -0.26964], [0.03318, -0.26583], [0.1476, -0.09802], [0.09344, -0.12624], [0.02326, -0.25896], [-0.06903, -0.2582], [-0.07895, -0.38787], [0.07666, -0.43059], [-0.15446, -0.4283], [-0.15751, -0.34744], [-0.26354, -0.29024], [-0.3032, -0.18345], [-0.23684, -0.17658], [-0.13005, -0.09954], [-0.02937, 0.07285], [0.18268, 0.16285], [0.18497, 0.33219], [0.1659, 0.42982], [0.34211, 0.37948], [0.36804, 0.33143], [0.49542, 0.32838]]}