{"rank": 53, "source": "008_1655822717941-9LOCV56X69FDXR3R7LWD.jpg", "category": "dog", "n_points": 41, "bbox_aspect": 2.0839694656488548, "area_frac": 0.05110363568215892, "score": 0.020660249339136856, "coords": [[0.5, 0.00078], [0.34615, 0.04265], [0.38645, 0.19492], [0.33412, 0.23312], [0.25458, 0.22894], [0.22841, 0.18864], [0.26033, 0.09341], [0.23731, 0.05939], [-0.01858, 0.09602], [-0.04526, 0.15411], [-0.29173, 0.0416], [-0.34249, 0.04579], [-0.43197, -0.02276], [-0.4932, -0.04108], [-0.5, -0.11068], [-0.46023, -0.09027], [-0.43825, -0.16719], [-0.41156, -0.14835], [-0.40686, -0.0887], [-0.35924, -0.06253], [-0.32889, -0.12271], [-0.32732, -0.06463], [-0.3001, -0.11015], [-0.29278, 0.0348], [-0.04369, 0.14887], [-0.02015, 0.09131], [0.23993, 0.05416], [0.26557, 0.09498], [0.23365, 0.18707], [0.25824, 0.22527], [0.33255, 0.22841], [0.38174, 0.19178], [0.34092, 0.04003], [0.44192, 0.00811], [0.48378, 0.0191], [0.47122, -0.02852], [0.34458, 0.00497], [0.33359, -0.00706], [0.30429, -0.15829], [0.34511, -0.00131], [0.47436, -0.03323], [0.5, 0.00078]]}