{"rank": 54, "source": "071_1608570136352-1BKSXLB4WWFBDWFLKW8V.jpg", "category": "dog", "n_points": 43, "bbox_aspect": 1.1751227495908347, "area_frac": 0.0268225, "score": 0.015865261278791197, "coords": [[-0.5, 0.1546], [-0.30501, 0.28621], [-0.17409, 0.34123], [-0.14903, 0.41783], [-0.05571, 0.29875], [-0.01184, 0.17479], [0.21448, 0.18175], [0.32103, 0.23955], [0.33287, 0.13579], [0.46379, -0.17827], [0.49513, -0.29875], [0.43384, -0.32939], [0.37813, -0.16017], [0.31058, -0.17479], [0.31198, -0.33357], [0.19916, -0.3461], [0.1734, -0.17897], [0.10794, -0.17201], [0.03621, -0.10028], [0.01532, -0.13858], [0.01323, -0.2507], [0.03552, -0.10794], [0.10446, -0.17967], [0.16713, -0.18454], [0.19359, -0.35446], [0.31894, -0.34053], [0.31825, -0.17479], [0.37326, -0.16922], [0.42688, -0.33635], [0.5, -0.31894], [0.49582, -0.2493], [0.3851, 0.00766], [0.33844, 0.14554], [0.32173, 0.25], [0.21518, 0.18942], [-0.00975, 0.18175], [-0.04178, 0.2883], [-0.10794, 0.37326], [-0.10028, 0.42409], [-0.1546, 0.42549], [-0.17897, 0.3468], [-0.3085, 0.29248], [-0.47075, 0.18872], [-0.5, 0.1546]]}