{"rank": 55, "source": "029_1631540389677-G82ORULGSHWB1H5DNW0C.jpg", "category": "dog", "n_points": 34, "bbox_aspect": 0.989763779527559, "area_frac": 0.047270630157539385, "score": -0.004109064293285378, "coords": [[-0.25315, 0.47953], [-0.30039, 0.45433], [-0.38228, 0.36378], [-0.33583, 0.31417], [-0.2878, 0.32992], [-0.31378, 0.37165], [-0.36811, 0.36378], [-0.3248, 0.42283], [-0.25157, 0.47008], [-0.26969, 0.37795], [-0.24134, 0.27953], [-0.15866, 0.22205], [-0.0311, 0.29685], [-0.04055, 0.15118], [0.00906, 0.05512], [0.03583, 0.04488], [0.26654, -0.17638], [0.34134, -0.29134], [0.30433, -0.30157], [0.30276, -0.35748], [0.19409, -0.45118], [0.10197, -0.49213], [0.03268, -0.44094], [-0.03504, -0.42441], [0.10669, -0.5], [0.27992, -0.40157], [0.31378, -0.30866], [0.49488, -0.22441], [0.3374, -0.27953], [0.27283, -0.17165], [0.04134, 0.05039], [-0.03189, 0.14882], [-0.02087, 0.31969], [-0.14606, 0.5], [-0.25315, 0.47953]]}