{"rank": 56, "source": "060_1611584086904-RNZRB97W8ZQ2VTX2D9Z9.jpg", "category": "dog", "n_points": 37, "bbox_aspect": 1.0218623481781377, "area_frac": 0.03820855213803451, "score": -0.0136404969792853, "coords": [[-0.30507, 0.48772], [-0.33439, 0.25158], [-0.36212, 0.2088], [-0.43265, -0.31181], [-0.5, -0.31815], [-0.4897, -0.38946], [-0.39065, -0.41323], [-0.27496, -0.37282], [-0.22821, -0.13114], [0.14739, -0.17393], [0.13391, -0.29754], [0.05547, -0.31656], [0.04992, -0.47821], [0.2916, -0.4893], [0.31775, -0.40769], [0.40808, 0.3855], [0.28605, -0.48217], [0.16719, -0.48217], [0.21236, -0.38391], [0.22979, -0.19295], [0.15769, -0.48059], [0.05468, -0.46949], [0.06339, -0.31894], [0.14184, -0.30071], [0.1561, -0.15491], [0.09905, -0.16442], [-0.22979, -0.12242], [-0.2813, -0.36331], [-0.41046, -0.40452], [-0.48257, -0.38471], [-0.49208, -0.32211], [-0.42868, -0.31973], [-0.3542, 0.20563], [-0.32567, 0.30071], [-0.19572, 0.28883], [-0.22979, 0.38867], [-0.29239, 0.39025], [-0.30507, 0.48772]]}