{"rank": 57, "source": "069_1608649897468-2AROQA53Q6ED1XP6O6SR.jpg", "category": "dog", "n_points": 40, "bbox_aspect": 1.0545868081880212, "area_frac": 0.02384492273730684, "score": -0.05525670176671818, "coords": [[-0.4468, 0.39145], [-0.39792, 0.25054], [-0.41661, 0.21531], [-0.32387, 0.14127], [-0.41517, -0.01546], [-0.5, -0.06147], [-0.30518, -0.25126], [-0.29008, -0.31308], [-0.19806, -0.44033], [-0.14198, -0.47412], [-0.05931, -0.30661], [-0.04421, -0.23904], [0.16211, -0.15277], [0.26851, -0.03846], [0.39863, -0.03055], [0.5, 0.01977], [0.46405, 0.09094], [0.4734, 0.18368], [0.40367, 0.17937], [0.49065, 0.02336], [0.40151, -0.02193], [0.26636, -0.03127], [0.15636, -0.14774], [-0.05212, -0.23544], [-0.1427, -0.46549], [-0.19159, -0.43602], [-0.28361, -0.30877], [-0.29871, -0.24694], [-0.49209, -0.06003], [-0.41014, -0.02121], [-0.29871, 0.08375], [-0.31812, 0.14702], [-0.40942, 0.21891], [-0.38929, 0.24982], [-0.41876, 0.36844], [-0.35334, 0.33249], [-0.3785, 0.4317], [-0.23257, 0.24766], [-0.39576, 0.47412], [-0.36053, 0.35119], [-0.4468, 0.39145]]}