{"rank": 58, "source": "048_1617018905109-Y993KW6IO75X5BH6W9VD.jpg", "category": "dog", "n_points": 39, "bbox_aspect": 0.8312202852614897, "area_frac": 0.05097861965491373, "score": -0.06656115199876955, "coords": [[0.38233, 0.5], [0.15174, 0.38669], [0.12005, 0.34548], [0.1771, 0.21712], [0.23811, -0.01981], [0.30071, -0.00951], [0.35935, -0.16799], [0.30388, -0.18542], [0.23574, -0.07528], [0.1771, -0.04279], [0.07409, -0.08082], [-0.08597, -0.229], [-0.0939, -0.28368], [-0.05586, -0.39303], [-0.11688, -0.45404], [-0.22068, -0.49208], [-0.25792, -0.27655], [-0.32924, -0.08241], [-0.32448, -0.14897], [-0.26506, -0.28368], [-0.22623, -0.5], [-0.15887, -0.48811], [-0.05983, -0.43265], [-0.04635, -0.39303], [-0.08518, -0.28209], [-0.07805, -0.23296], [0.07726, -0.08875], [0.17472, -0.0523], [0.24208, -0.09271], [0.29754, -0.19176], [0.36886, -0.19334], [0.30943, -0.0], [0.24604, -0.01268], [0.22702, 0.05388], [0.39422, 0.06973], [0.40055, 0.1252], [0.2191, 0.10063], [0.18502, 0.21078], [0.3958, 0.34152], [0.38233, 0.5]]}