{"rank": 59, "source": "003_1690889137648-HT28TIL7TEJNUYWLKTNA.jpg", "category": "dog", "n_points": 36, "bbox_aspect": 1.1254416961130742, "area_frac": 0.0191486131934033, "score": -0.06791598231614293, "coords": [[-0.5, 0.36028], [-0.44505, 0.28179], [-0.31868, 0.26845], [-0.2708, 0.16013], [-0.281, 0.10597], [-0.2708, -0.01727], [-0.24411, -0.04631], [-0.21429, -0.21978], [-0.23626, -0.0416], [-0.27237, 0.03061], [-0.25981, 0.1617], [-0.31162, 0.27394], [-0.42936, 0.28807], [-0.49137, 0.35479], [-0.45133, 0.38697], [-0.37755, 0.39874], [-0.35557, 0.43093], [-0.30141, 0.42936], [-0.32967, 0.38226], [-0.32339, 0.3179], [-0.25118, 0.3383], [-0.23469, 0.38383], [-0.1821, 0.30298], [-0.12559, 0.27551], [-0.05416, 0.18838], [0.00549, 0.13972], [0.219, 0.13422], [0.2237, 0.14207], [0.0102, 0.146], [-0.09262, 0.25981], [-0.17425, 0.31083], [-0.20644, 0.37363], [-0.28728, 0.44427], [-0.35793, 0.43878], [-0.37991, 0.40659], [-0.45369, 0.39482], [-0.5, 0.36028]]}