{"rank": 60, "source": "016_1643813960500-AJXUC2WKUSCGKCF00Z26.jpg", "category": "dog", "n_points": 40, "bbox_aspect": 0.9084278768233387, "area_frac": 0.03906451612903226, "score": -0.06837131583587674, "coords": [[0.44044, 0.5], [0.4137, 0.39384], [0.29943, 0.25527], [0.30511, -0.18395], [0.39263, -0.31929], [0.35454, -0.35008], [0.18679, -0.05024], [0.21596, -0.14425], [0.08549, -0.23177], [-0.06199, -0.27391], [-0.109, -0.41815], [-0.109, -0.2423], [-0.15276, -0.22853], [-0.18517, -0.44652], [-0.22326, -0.44652], [-0.19246, -0.14425], [-0.15519, -0.10211], [-0.27674, 0.03971], [-0.39344, -0.04295], [-0.39749, 0.10859], [-0.45421, 0.07861], [-0.40316, -0.05186], [-0.28404, 0.03241], [-0.16653, -0.10211], [-0.20057, -0.141], [-0.23622, -0.5], [-0.18193, -0.49433], [-0.14384, -0.23825], [-0.11386, -0.4295], [0.02229, -0.44327], [-0.05794, -0.38412], [-0.05389, -0.2812], [0.14546, -0.2034], [0.19327, -0.27715], [0.27188, -0.23015], [0.36669, -0.38817], [0.42099, -0.359], [0.3278, -0.20178], [0.30997, 0.25365], [0.44368, 0.41086], [0.44044, 0.5]]}