{"rank": 61, "source": "078_1606213422153-TMHNJCCX9SM9NH2TARXU.jpg", "category": "dog", "n_points": 39, "bbox_aspect": 2.1319052987598646, "area_frac": 0.03780918788713008, "score": -0.07502556748658507, "coords": [[0.49788, 0.15627], [0.31438, 0.15891], [0.31333, -0.188], [0.07694, -0.20492], [0.09439, -0.14146], [0.21602, -0.13406], [0.21021, -0.07377], [0.13035, -0.09545], [0.06901, -0.04469], [-0.03041, -0.06108], [-0.11555, -0.13141], [-0.19064, -0.06795], [-0.33818, -0.15574], [-0.30645, -0.08699], [-0.36515, 0.06742], [-0.43231, 0.10867], [-0.1917, 0.0981], [0.00767, 0.07166], [0.16896, 0.11237], [0.27102, 0.07906], [0.25674, 0.2229], [0.21655, 0.1293], [0.00661, 0.07694], [-0.18958, 0.10338], [-0.42544, 0.11343], [-0.37943, 0.07483], [-0.31174, -0.09915], [-0.35775, -0.11925], [-0.35246, -0.23453], [-0.28318, -0.1991], [-0.33236, -0.15891], [-0.19064, -0.0743], [-0.13617, -0.1293], [0.06901, -0.0505], [0.21232, -0.12824], [0.09122, -0.13511], [0.07113, -0.21021], [0.31861, -0.19381], [0.3202, 0.15362], [0.49788, 0.15627]]}