{"rank": 62, "source": "020_1640703591006-KKTEWK9HJIWMAA4PAPJY.jpg", "category": "dog", "n_points": 36, "bbox_aspect": 1.064139941690962, "area_frac": 0.024386536899247326, "score": -0.075694509747779, "coords": [[-0.09543, 0.46986], [-0.23881, 0.3], [-0.09909, 0.44429], [-0.11096, 0.26073], [0.06347, 0.16941], [0.13836, 0.0863], [0.05708, 0.03333], [0.02237, 0.04886], [0.0379, 0.1137], [-0.0105, 0.10822], [-0.01872, 0.05525], [0.06073, 0.01963], [0.14475, 0.07534], [0.18402, 0.02603], [0.32831, -0.01142], [0.49178, -0.12466], [0.39498, -0.23516], [0.25251, -0.10091], [0.21963, -0.10731], [0.22603, -0.19498], [0.32648, -0.30183], [0.24886, -0.37306], [-0.0242, -0.25342], [-0.02329, -0.26347], [0.2516, -0.38128], [0.33744, -0.30091], [0.23242, -0.18676], [0.24886, -0.11096], [0.39589, -0.24521], [0.48721, -0.15936], [0.5, -0.11826], [0.33105, -0.0032], [0.18767, 0.03425], [0.09726, 0.17489], [-0.10091, 0.26621], [-0.08265, 0.39315], [-0.09543, 0.46986]]}