{"rank": 63, "source": "076_1606219590784-HWM10DZBCX2TPEWJ3H78.jpg", "category": "dog", "n_points": 38, "bbox_aspect": 2.17440543601359, "area_frac": 0.0407672213622291, "score": -0.07859479128428336, "coords": [[-0.5, 0.08203], [-0.46354, -0.01901], [-0.40104, -0.04922], [-0.34427, -0.04557], [-0.28542, -0.09505], [-0.1151, -0.07057], [-0.11719, -0.03776], [-0.03177, -0.03724], [0.00885, -0.17161], [-0.0151, -0.18724], [0.0099, -0.22995], [0.12656, -0.19036], [0.1, -0.07786], [0.38385, 0.00755], [0.09792, -0.07266], [0.03385, 0.1138], [0.12292, -0.18672], [0.0125, -0.22474], [0.0151, -0.17318], [-0.02813, -0.03307], [-0.06302, -0.01641], [-0.12656, -0.02839], [-0.11823, -0.06536], [-0.28437, -0.09036], [-0.34323, -0.04089], [-0.40052, -0.04453], [-0.4526, -0.02109], [-0.49479, 0.08151], [-0.37083, 0.14974], [-0.30312, 0.20234], [-0.26771, 0.15755], [-0.18177, 0.09766], [-0.18646, 0.17318], [-0.23646, 0.22682], [0.21719, 0.2263], [0.37656, 0.20755], [0.32604, 0.2263], [-0.25417, 0.22995], [-0.5, 0.08203]]}