{"rank": 64, "source": "066_1609251911574-NL1HW77BD6CQNMOR45QW.jpg", "category": "dog", "n_points": 39, "bbox_aspect": 2.367888748419722, "area_frac": 0.04938460144927536, "score": -0.07906093994300317, "coords": [[-0.47491, 0.11506], [-0.33983, 0.03497], [-0.34463, -0.00187], [-0.48452, -0.08462], [-0.49786, -0.12787], [-0.41564, -0.12306], [-0.36813, -0.067], [-0.26241, -0.04885], [-0.2464, -0.09797], [-0.35585, -0.17592], [-0.29765, -0.19514], [-0.16524, -0.08996], [-0.04458, -0.06861], [0.03978, -0.03284], [0.0937, -0.04618], [0.15403, -0.00721], [0.17058, -0.04885], [0.25814, -0.08516], [0.27896, -0.13267], [0.34463, -0.14442], [0.36492, -0.21116], [0.40123, -0.19995], [0.3788, -0.10331], [0.22664, -0.07501], [0.15563, -0.00027], [0.09263, -0.04031], [0.03924, -0.02696], [-0.14762, -0.08462], [-0.20689, -0.03978], [-0.3756, -0.0638], [-0.41885, -0.11826], [-0.48025, -0.08889], [-0.3393, -0.00507], [-0.33769, 0.04511], [-0.46957, 0.10438], [-0.40336, 0.185], [-0.23358, 0.16898], [-0.28003, 0.21116], [-0.40924, 0.19034], [-0.47491, 0.11506]]}