{"rank": 65, "source": "035_1626707825412-DFU0KWBCKND9PXRS0G7D.jpg", "category": "dog", "n_points": 44, "bbox_aspect": 1.07085346215781, "area_frac": 0.022610411352040817, "score": -0.08194892641694126, "coords": [[0.16541, 0.42256], [0.02857, 0.40376], [-0.00602, 0.46692], [-0.10602, 0.38872], [-0.15263, 0.28947], [-0.13534, 0.24662], [-0.13609, 0.12406], [-0.1782, 0.07068], [-0.10677, -0.02782], [-0.13835, -0.06391], [-0.23985, -0.12331], [-0.33835, -0.24286], [-0.37368, -0.32105], [-0.5, -0.42256], [-0.42556, -0.46692], [-0.42256, -0.43083], [-0.35489, -0.39774], [-0.3391, -0.36692], [-0.26316, -0.35263], [-0.22406, -0.37293], [-0.1218, -0.33835], [-0.05564, -0.35865], [-0.01053, -0.20902], [-0.0188, -0.2015], [-0.06165, -0.34962], [-0.12481, -0.33008], [-0.2391, -0.36391], [-0.26391, -0.3406], [-0.35113, -0.36165], [-0.35789, -0.38797], [-0.45564, -0.45263], [-0.48872, -0.42556], [-0.36842, -0.32932], [-0.32932, -0.24586], [-0.23383, -0.13083], [-0.13233, -0.06992], [-0.09023, -0.02556], [-0.16241, 0.04511], [-0.12782, 0.11955], [-0.12406, 0.24586], [-0.14361, 0.28797], [-0.09699, 0.38496], [-0.00677, 0.45639], [0.02632, 0.38045], [0.16541, 0.42256]]}