{"rank": 66, "source": "025_1636551430318-843FXZBSO8HSDKMQOF7D.jpg", "category": "dog", "n_points": 39, "bbox_aspect": 1.0139794967381175, "area_frac": 0.02434599854219565, "score": -0.08723669503204248, "coords": [[-0.17096, 0.49311], [-0.1829, 0.43612], [-0.32353, 0.30836], [-0.5, 0.06847], [-0.31893, 0.29366], [-0.27482, 0.2523], [-0.25092, 0.30469], [-0.29504, 0.32307], [-0.17831, 0.42693], [-0.15993, 0.47472], [-0.13143, 0.38925], [-0.02849, 0.30377], [0.0818, 0.09881], [0.17831, -0.01517], [0.25827, -0.19164], [0.29963, -0.34329], [0.33272, -0.38189], [0.41085, -0.31664], [0.48621, -0.34421], [0.48805, -0.41039], [0.39246, -0.45083], [0.35478, -0.40947], [0.30699, -0.42417], [0.28585, -0.48483], [-0.24449, -0.21369], [-0.25276, -0.21921], [0.28309, -0.49311], [0.33364, -0.41406], [0.38879, -0.4591], [0.5, -0.4159], [0.49724, -0.34237], [0.40717, -0.30561], [0.33732, -0.36259], [0.30515, -0.33042], [0.26654, -0.18612], [0.22886, -0.15119], [0.20037, -0.03539], [-0.0046, 0.26425], [-0.08824, 0.34881], [-0.17096, 0.49311]]}