{"rank": 67, "source": "075_1606224522851-1UPB2WLWADETAJU1W0YU.jpg", "category": "dog", "n_points": 39, "bbox_aspect": 0.9983935742971888, "area_frac": 0.024302113702623907, "score": -0.09834328559077335, "coords": [[0.46546, 0.5], [0.48956, 0.39639], [0.33052, 0.41727], [0.24618, 0.37229], [0.28715, 0.17149], [0.36827, 0.06948], [0.33695, 0.01004], [0.21566, 0.08474], [0.09197, 0.09598], [0.0012, 0.13293], [-0.18916, 0.09357], [-0.11687, -0.08233], [-0.2502, -0.01486], [-0.26948, -0.06787], [-0.36345, -0.14418], [-0.34096, -0.16104], [-0.22369, -0.04779], [-0.16827, -0.08394], [-0.21245, -0.1506], [-0.10964, -0.09036], [-0.18032, 0.09036], [0.00522, 0.1249], [0.12008, 0.08072], [0.0743, -0.04779], [-0.18594, -0.16827], [-0.38032, -0.32169], [-0.36426, -0.35141], [-0.27751, -0.251], [-0.12892, -0.15622], [0.07831, -0.05904], [0.13775, 0.08394], [0.18112, 0.08956], [0.3739, -0.03896], [0.37631, 0.07189], [0.29518, 0.17309], [0.25422, 0.36988], [0.41406, 0.41406], [0.45502, 0.36265], [0.4992, 0.39558], [0.46546, 0.5]]}