{"rank": 68, "source": "004_1673530078691-6X5FZ4H69GHYMTIA3OK7.jpg", "category": "dog", "n_points": 40, "bbox_aspect": 2.490883590462833, "area_frac": 0.04709491158426561, "score": -0.12074621705603089, "coords": [[0.5, 0.15963], [0.40203, 0.15738], [0.34797, 0.20073], [0.21903, 0.17877], [0.20214, 0.0701], [-0.45721, 0.02675], [-0.45777, 0.01661], [0.20833, 0.06447], [0.2241, 0.17427], [0.34291, 0.1951], [0.35191, 0.154], [0.49324, 0.15569], [0.46678, 0.09544], [0.30743, 0.05377], [0.27365, -0.06109], [0.16667, -0.08024], [0.13232, -0.15963], [0.11486, -0.06503], [-0.15372, -0.0853], [-0.36655, -0.0763], [-0.38063, -0.096], [-0.3277, -0.18947], [-0.26577, -0.19172], [-0.31532, -0.09657], [-0.26295, -0.08136], [-0.15709, -0.09206], [0.11205, -0.07292], [0.12782, -0.16639], [0.18694, -0.16301], [0.15484, -0.12472], [0.17286, -0.08587], [0.27027, -0.0701], [0.36261, -0.08756], [0.37613, -0.12078], [0.42905, -0.11064], [0.41104, -0.0487], [0.33896, -0.05602], [0.29955, 0.02449], [0.37725, 0.07517], [0.47072, 0.08925], [0.5, 0.15963]]}