{"rank": 69, "source": "038_1624205411141-5HCGITYPWD5RPG84LRWZ.jpg", "category": "dog", "n_points": 41, "bbox_aspect": 0.9392744479495269, "area_frac": 0.026459864966241562, "score": -0.12812467178670936, "coords": [[0.25276, 0.5], [0.19361, 0.41956], [0.13683, 0.48975], [0.12263, 0.36593], [0.08241, 0.33517], [0.0138, 0.22792], [0.12973, 0.36278], [0.14235, 0.46609], [0.19519, 0.41246], [0.24803, 0.49369], [0.28273, 0.45505], [0.28036, 0.39196], [0.34582, 0.31546], [0.34897, 0.23502], [0.31112, 0.2989], [0.30244, 0.24921], [0.43809, 0.16483], [0.46175, 0.11199], [0.33084, 0.02524], [0.2567, 0.1317], [0.19598, 0.10331], [0.20938, -0.13565], [0.22989, -0.20741], [0.29771, -0.31309], [0.35213, -0.27997], [0.37658, -0.31151], [0.25276, -0.40773], [0.38683, -0.3194], [0.36711, -0.27208], [0.30244, -0.30442], [0.23699, -0.20426], [0.21727, -0.13407], [0.20465, 0.10174], [0.25434, 0.12303], [0.33005, 0.01577], [0.46964, 0.11356], [0.44756, 0.16562], [0.35607, 0.2295], [0.35213, 0.32256], [0.28746, 0.39511], [0.28509, 0.4724], [0.25276, 0.5]]}