{"rank": 70, "source": "026_1634038471555-VFBT3JXMTUM0PPI02BGP.jpg", "category": "dog", "n_points": 35, "bbox_aspect": 0.967741935483871, "area_frac": 0.024209677419354838, "score": -0.1507253770948136, "coords": [[0.47994, 0.23879], [0.27695, 0.23958], [0.27301, 0.35366], [0.14005, 0.35681], [0.06924, 0.5], [0.06452, 0.1192], [-0.4406, 0.12628], [-0.48387, 0.18607], [-0.48151, 0.0712], [-0.44847, 0.05232], [-0.44296, -0.5], [-0.33045, -0.49607], [-0.33202, -0.19315], [0.06766, -0.18371], [0.06924, -0.49213], [0.0771, -0.48899], [0.07789, -0.1845], [0.01888, -0.17585], [-0.33832, -0.18607], [-0.33674, -0.48741], [-0.43588, -0.49292], [-0.44217, 0.05704], [-0.47443, 0.07435], [-0.47522, 0.18057], [-0.44296, 0.1192], [0.06373, 0.11054], [0.07632, 0.12864], [0.07868, 0.45673], [0.13297, 0.35051], [0.26593, 0.34815], [0.23997, 0.26711], [0.27223, 0.23328], [0.4107, 0.23328], [0.41935, 0.17663], [0.47443, 0.17506], [0.47994, 0.23879]]}