{"rank": 71, "source": "002_1706183192869-6BFI980AFJRA6SFB3ISD.jpg", "category": "dog", "n_points": 42, "bbox_aspect": 0.8801619433198381, "area_frac": 0.025243916328157624, "score": -0.18842162102451093, "coords": [[0.40931, 0.37449], [0.27166, 0.39069], [0.2587, 0.47166], [0.22308, 0.5], [0.14696, 0.43603], [0.13806, 0.3332], [0.16073, 0.30567], [0.07328, 0.25385], [-0.06113, 0.01498], [-0.0085, 0.03684], [-0.01174, 0.0919], [0.08057, 0.24737], [0.17126, 0.30081], [0.14858, 0.33806], [0.15911, 0.43846], [0.22065, 0.49028], [0.26761, 0.38178], [0.3996, 0.36964], [0.40769, 0.27004], [0.29595, 0.25628], [0.24332, 0.20283], [0.1915, 0.10324], [0.1996, -0.0085], [0.23846, -0.03279], [0.23441, -0.16559], [0.30486, -0.22065], [0.25142, -0.31134], [0.29757, -0.32591], [0.40283, -0.41579], [0.43522, -0.4749], [0.44008, -0.40769], [0.40607, -0.40688], [0.30405, -0.31862], [0.26032, -0.30648], [0.31538, -0.21822], [0.24413, -0.16235], [0.25223, -0.02713], [0.21012, -0.00445], [0.25223, 0.19798], [0.30324, 0.24413], [0.41579, 0.26194], [0.43522, 0.33077], [0.40931, 0.37449]]}