{"rank": 72, "source": "077_1606215188030-0EM4T4GXG35BRGLAGJGB.jpg", "category": "dog", "n_points": 39, "bbox_aspect": 0.9074509803921569, "area_frac": 0.015557464892830747, "score": -0.21766678755705948, "coords": [[0.45373, 0.26157], [0.44353, 0.26863], [0.09529, 0.27098], [-0.10549, 0.40745], [-0.17843, 0.41608], [-0.2451, 0.39255], [-0.35804, 0.38157], [-0.37686, 0.46863], [-0.41608, 0.39882], [-0.4451, 0.28353], [-0.41216, 0.15333], [-0.43569, 0.28667], [-0.38549, 0.44588], [-0.3651, 0.37137], [-0.24196, 0.38471], [-0.17765, 0.40745], [-0.1102, 0.39961], [0.09216, 0.26314], [0.43725, 0.25608], [0.42784, 0.15255], [0.39176, 0.13608], [0.35961, 0.06627], [0.22627, 0.02627], [0.12353, -0.06941], [-0.02784, -0.10706], [-0.12667, -0.16275], [-0.15569, -0.22], [-0.18, -0.37608], [-0.31961, -0.5], [-0.17373, -0.38157], [-0.14784, -0.22392], [-0.11961, -0.16824], [-0.02706, -0.11569], [0.12745, -0.07647], [0.23176, 0.02], [0.36588, 0.06078], [0.39804, 0.1298], [0.43569, 0.14863], [0.43098, 0.19412], [0.45373, 0.26157]]}