{"rank": 73, "source": "054_1612968595507-OAAI1AN7BKV47WK0DP8R.jpg", "category": "dog", "n_points": 39, "bbox_aspect": 0.7160983346550357, "area_frac": 0.04107164291072768, "score": -0.23035715595403677, "coords": [[-0.01784, 0.5], [-0.12966, 0.45718], [-0.11697, 0.36281], [-0.18358, 0.3755], [-0.21531, 0.26764], [-0.06701, 0.24227], [-0.08763, 0.15821], [-0.26368, -0.05274], [-0.3517, -0.08208], [-0.31602, -0.22006], [-0.09715, -0.48731], [-0.00674, -0.47304], [-0.07018, -0.43735], [-0.1019, -0.3517], [-0.08842, -0.24465], [-0.15345, -0.14711], [-0.12807, -0.09318], [0.0797, 0.09873], [0.00991, 0.05987], [-0.16138, -0.12807], [-0.09952, -0.26527], [-0.12411, -0.43497], [-0.3073, -0.2161], [-0.34615, -0.0908], [-0.26685, -0.06701], [-0.1368, 0.07335], [-0.06146, 0.19707], [-0.20817, 0.27478], [-0.19944, 0.35012], [0.13997, 0.31761], [0.0797, 0.25416], [0.28588, 0.11697], [0.27478, 0.05353], [0.35805, 0.07653], [0.33267, 0.11935], [0.22641, 0.15028], [0.13283, 0.22958], [0.1479, 0.33029], [0.05353, 0.36519], [-0.01784, 0.5]]}