{"rank": 74, "source": "007_1655828481821-2YVVHVBHXTTXORG6YR9S.jpg", "category": "dog", "n_points": 42, "bbox_aspect": 2.532520325203252, "area_frac": 0.025728073463268365, "score": -0.27555148158410403, "coords": [[0.5, -0.00535], [0.49732, 0.05243], [0.43098, 0.04922], [0.38818, 0.06421], [0.33307, 0.14981], [0.23997, 0.14714], [0.23997, 0.07865], [0.17737, 0.07758], [0.17844, 0.145], [0.15169, 0.19743], [-0.35179, 0.19315], [-0.36463, 0.18352], [-0.35661, -0.19743], [-0.29829, -0.1878], [-0.30364, -0.06902], [-0.26458, -0.0626], [-0.26297, -0.18085], [-0.20787, -0.18031], [-0.20733, -0.04548], [-0.21536, -0.0428], [-0.21215, -0.17657], [-0.25762, -0.1771], [-0.25923, -0.06153], [-0.30899, -0.06742], [-0.30417, -0.18459], [-0.3534, -0.18566], [-0.36089, 0.00321], [-0.3534, 0.18727], [0.15115, 0.19208], [0.17309, 0.14286], [0.17576, 0.07223], [0.24639, 0.07598], [0.24318, 0.14125], [0.32076, 0.14607], [0.36838, 0.07544], [0.40209, 0.05136], [0.49411, 0.04601], [0.49465, -0.00268], [0.44436, -0.03692], [0.1763, -0.03799], [0.18218, -0.04334], [0.44596, -0.04227], [0.5, -0.00535]]}