{"rank": 75, "source": "053_1613403391630-HUDCG4ISTA98OY0QW3FJ.jpg", "category": "dog", "n_points": 39, "bbox_aspect": 0.6975648075412412, "area_frac": 0.033615067466266864, "score": -0.2934520597329133, "coords": [[-0.03771, 0.5], [-0.08484, 0.41438], [-0.18539, 0.40102], [-0.17596, 0.24548], [-0.08248, 0.24548], [-0.08091, -0.02082], [-0.09427, -0.15593], [-0.28987, -0.14022], [-0.01728, -0.18107], [-0.08641, -0.15043], [-0.07306, -0.02474], [-0.07384, 0.25177], [-0.16889, 0.25255], [-0.17675, 0.39709], [-0.0707, 0.40102], [-0.02121, 0.4458], [-0.01571, 0.23291], [0.04556, 0.23841], [0.05577, 0.37431], [0.09898, 0.34446], [0.14611, 0.04124], [0.18775, -0.10094], [0.18617, -0.20385], [-0.00079, -0.18342], [0.33936, -0.23763], [0.30793, -0.48743], [0.1846, -0.48193], [-0.33386, -0.41359], [-0.30951, -0.21328], [-0.34878, -0.41673], [-0.16732, -0.44894], [0.30872, -0.5], [0.34878, -0.23213], [0.19717, -0.20542], [0.1956, -0.09623], [0.15475, 0.0436], [0.12647, 0.2557], [0.08955, 0.41673], [0.00786, 0.49372], [-0.03771, 0.5]]}