{"rank": 76, "source": "009_1655803847781-YQS3JYDMQTZUK0LA96F7.jpg", "category": "dog", "n_points": 38, "bbox_aspect": 0.6967278531524341, "area_frac": 0.03292835708927232, "score": -0.30591270243874147, "coords": [[0.31325, 0.4601], [0.33879, 0.38827], [0.27414, 0.3332], [0.26856, 0.28292], [0.23424, 0.32043], [0.1664, 0.3324], [0.13927, 0.39785], [0.07223, 0.45052], [0.05706, 0.36273], [0.01716, 0.31085], [0.02434, 0.2494], [0.07542, 0.18715], [0.15682, 0.18555], [0.15443, 0.05626], [0.09377, -0.35475], [-0.04828, -0.2071], [-0.18635, -0.17678], [-0.22945, -0.21508], [-0.29888, -0.36273], [-0.34757, -0.43296], [-0.2925, -0.42498], [-0.30766, -0.38747], [-0.23344, -0.30447], [-0.19274, -0.3332], [-0.16081, -0.30527], [-0.19832, -0.19673], [-0.05068, -0.21429], [0.04828, -0.32761], [0.10016, -0.36193], [0.16002, 0.03631], [0.16241, 0.19513], [0.10415, 0.19433], [0.15443, 0.25818], [0.18875, 0.26377], [0.19034, 0.32043], [0.27015, 0.27095], [0.27973, 0.32362], [0.34836, 0.38188], [0.31325, 0.4601]]}