{"rank": 77, "source": "037_1625571016489-MYQYL7QLUZL7QJ2EY9SN.jpg", "category": "dog", "n_points": 44, "bbox_aspect": 0.6712218649517685, "area_frac": 0.026308139534883722, "score": -0.3867406123393352, "coords": [[-0.0213, 0.5], [-0.19413, 0.49839], [-0.19092, 0.29823], [-0.15394, 0.21141], [-0.23031, 0.2074], [-0.23513, 0.11817], [-0.11616, 0.13264], [-0.11133, 0.041], [-0.17002, 0.03296], [-0.18368, -0.09566], [-0.24638, -0.10852], [-0.25603, -0.44936], [-0.18047, -0.4365], [0.09847, -0.20338], [0.0422, -0.10852], [-0.02613, -0.09887], [-0.03095, 0.00643], [0.00362, 0.01768], [0.01085, 0.11334], [0.05426, 0.10048], [0.15635, 0.11736], [-0.00281, 0.11093], [-0.00523, 0.02331], [-0.03899, 0.01125], [-0.03175, -0.10691], [0.03658, -0.11576], [0.07757, -0.20177], [-0.1676, -0.41881], [-0.24638, -0.44373], [-0.23754, -0.11576], [-0.17564, -0.10209], [-0.16359, 0.02492], [-0.1033, 0.03537], [-0.11053, 0.14228], [-0.22629, 0.11977], [-0.22307, 0.19855], [-0.15394, 0.20177], [-0.18207, 0.30064], [-0.18368, 0.49518], [-0.01085, 0.48714], [-0.04944, 0.45016], [-0.0824, 0.36334], [0.00121, 0.34003], [0.03416, 0.38505], [-0.0213, 0.5]]}