{"rank": 78, "source": "033_1627918526527-WP2WHCG4WAH2QDEME3PO.jpg", "category": "dog", "n_points": 36, "bbox_aspect": 3.1719532554257097, "area_frac": 0.02018122188905547, "score": -0.4814253999581759, "coords": [[-0.5, 0.15763], [-0.42368, 0.10184], [-0.44053, 0.06605], [-0.42789, 0.01553], [-0.31842, -0.00447], [-0.33, -0.02763], [-0.32263, -0.05711], [-0.28211, -0.10658], [-0.27842, -0.12816], [-0.24526, -0.09447], [-0.25421, -0.07342], [-0.21053, -0.02289], [0.23053, -0.105], [0.22947, -0.09921], [-0.21211, -0.01711], [-0.25947, -0.06974], [-0.25, -0.09132], [-0.27579, -0.12237], [-0.27684, -0.10447], [-0.31737, -0.055], [-0.32368, -0.02763], [-0.31053, -0.00079], [-0.42368, 0.02026], [-0.43526, 0.06342], [-0.41684, 0.10342], [-0.48211, 0.15237], [-0.41316, 0.13184], [-0.37842, 0.11079], [-0.01263, 0.04868], [0.01842, 0.02974], [0.20105, 0.00395], [0.20211, 0.00921], [0.01737, 0.03553], [-0.00895, 0.05342], [-0.37947, 0.11658], [-0.46526, 0.15658], [-0.5, 0.15763]]}