{"rank": 79, "source": "056_1612191561418-FQEOY733FWP6LZYG0LS8.jpg", "category": "dog", "n_points": 47, "bbox_aspect": 0.5837912087912088, "area_frac": 0.019260095619880607, "score": -0.5492183074061536, "coords": [[-0.05838, 0.5], [-0.04602, 0.37775], [-0.18063, 0.34753], [-0.19162, 0.2967], [-0.15041, 0.24863], [-0.07212, 0.25], [0.01717, 0.20742], [0.04464, 0.12775], [0.05151, 0.03022], [0.00893, -0.00962], [-0.11882, -0.18407], [0.06113, 0.0261], [0.05563, 0.12637], [0.02404, 0.21566], [-0.06799, 0.25962], [-0.14492, 0.25824], [-0.17376, 0.33791], [-0.0364, 0.36401], [-0.03777, 0.46566], [0.05701, 0.32692], [0.15453, 0.21291], [0.22459, 0.09066], [0.21635, 0.01236], [0.28091, -0.06044], [0.27129, -0.13599], [0.22047, -0.1772], [0.23695, -0.23077], [0.19299, -0.31456], [0.24519, -0.3228], [0.2397, -0.45742], [0.16964, -0.4739], [0.09547, -0.41896], [0.01717, -0.41209], [-0.0419, -0.5], [0.02953, -0.42308], [0.0831, -0.4272], [0.15865, -0.48352], [0.24931, -0.46566], [0.25618, -0.31181], [0.20673, -0.31181], [0.24794, -0.23626], [0.2342, -0.17582], [0.27953, -0.14698], [0.2919, -0.05907], [0.22459, 0.01923], [0.23558, 0.09341], [0.16415, 0.21703], [-0.05838, 0.5]]}