{"rank": 0, "key_id": "5401428975681536", "category": "elephant", "n_points": 35, "bbox_aspect": 1.4033149171270718, "n_extensions_spliced": 2, "main_perimeter_px": 685.2913503721194, "score": 0.9900111672746181, "coords": [[-0.31496, 0.24213], [-0.31496, 0.29724], [-0.29528, 0.33268], [-0.25591, 0.3563], [-0.20866, 0.35236], [-0.17717, 0.33268], [-0.14961, 0.28937], [-0.12205, 0.27756], [-0.14173, 0.1437], [-0.18504, 0.06102], [-0.24803, 0.07283], [-0.33071, 0.19094], [-0.32283, 0.29331], [-0.33858, 0.29724], [-0.38583, 0.26181], [-0.3937, 0.1752], [-0.43307, 0.09252], [-0.38976, 0.06496], [-0.44094, 0.08858], [-0.4685, -0.09252], [-0.5, -0.17913], [-0.5, -0.23425], [-0.47638, -0.24213], [-0.38976, -0.01378], [-0.29921, 0.00591], [-0.34646, 0.00197], [-0.34252, -0.0374], [-0.26772, -0.0374], [-0.24016, -0.07283], [-0.17323, -0.09252], [-0.16535, -0.10827], [-0.14961, -0.34055], [-0.12598, -0.35236], [-0.09843, -0.28543], [-0.07087, -0.09646], [-0.31496, 0.24213]]}