{"rank": 1, "key_id": "6593325182222336", "category": "elephant", "n_points": 35, "bbox_aspect": 1.3934426229508197, "n_extensions_spliced": 2, "main_perimeter_px": 803.4216287684349, "score": 0.9883802756537213, "coords": [[-0.38235, 0.24118], [-0.38235, 0.32745], [-0.29216, 0.35882], [-0.13137, 0.35882], [-0.10392, 0.33137], [-0.07647, 0.21373], [-0.06078, 0.20196], [0.39412, 0.23333], [0.46863, 0.16667], [0.5, -0.01373], [0.49216, -0.07647], [0.45686, -0.11176], [0.33529, -0.11176], [0.31961, -0.31961], [0.3, -0.3549], [0.26471, -0.35882], [0.20196, -0.32353], [0.18235, -0.21765], [0.17843, -0.13529], [0.13529, -0.12353], [0.09216, -0.14706], [0.07255, -0.20588], [0.05294, -0.22941], [0.00196, -0.22941], [-0.07647, -0.26863], [-0.16667, -0.28039], [-0.21765, -0.30392], [-0.26863, -0.3], [-0.30784, -0.23333], [-0.31569, -0.16667], [-0.30392, -0.11176], [-0.26863, -0.0451], [-0.26078, 0.10392], [-0.28824, 0.18235], [-0.35098, 0.19412], [-0.38235, 0.24118]]}