{"rank": 2, "key_id": "4516775590887424", "category": "elephant", "n_points": 35, "bbox_aspect": 1.408839779005525, "n_extensions_spliced": 2, "main_perimeter_px": 978.2091338623961, "score": 0.9872606725766955, "coords": [[-0.1549, 0.05686], [-0.25294, 0.00588], [-0.27255, 0.00196], [-0.27255, -0.0451], [-0.25294, -0.07647], [-0.17451, -0.05686], [-0.14314, -0.35098], [-0.02157, -0.33137], [-0.02157, -0.10784], [0.01373, -0.08824], [0.03725, -0.09216], [0.04902, -0.10784], [0.03333, -0.28039], [0.05294, -0.22549], [0.1902, -0.23333], [0.20196, -0.06863], [0.3549, -0.18235], [0.33529, -0.27255], [0.33922, -0.3549], [0.41765, -0.3549], [0.49216, -0.33529], [0.5, -0.08039], [0.5, -0.11569], [0.47647, -0.0451], [0.24902, 0.26471], [0.15098, 0.3549], [-0.15098, 0.28824], [-0.2098, 0.25686], [-0.21765, 0.11569], [-0.34706, 0.13529], [-0.34314, 0.02549], [-0.32745, -0.01373], [-0.31176, -0.02941], [-0.2451, -0.03725], [-0.25686, -0.02941], [-0.1549, 0.05686]]}