{"rank": 3, "key_id": "4985501511581696", "category": "elephant", "n_points": 35, "bbox_aspect": 1.3858695652173914, "n_extensions_spliced": 2, "main_perimeter_px": 597.8056163014506, "score": 0.9845655523164261, "coords": [[-0.1549, 0.21176], [-0.17451, 0.22353], [-0.16667, 0.23137], [-0.22941, 0.22353], [-0.27647, 0.19608], [-0.33922, 0.12549], [-0.37451, 0.1098], [-0.42157, 0.11373], [-0.43725, 0.13333], [-0.4451, 0.16471], [-0.44118, 0.26667], [-0.39804, 0.36078], [-0.42157, 0.35294], [-0.47647, 0.2902], [-0.5, 0.21176], [-0.49608, 0.02353], [-0.47647, -0.04314], [-0.4451, -0.07451], [-0.4098, -0.07843], [-0.28431, -0.06275], [-0.26863, -0.11373], [-0.26863, -0.32941], [-0.24902, -0.34902], [-0.16275, -0.35294], [-0.14706, -0.20784], [-0.09608, -0.17255], [-0.02157, -0.16471], [-0.00196, -0.18431], [0.00196, -0.32549], [0.01373, -0.35294], [0.10392, -0.36078], [0.12745, -0.34902], [0.13922, -0.32941], [0.14706, -0.21961], [0.19804, -0.27451], [-0.1549, 0.21176]]}