{"rank": 4, "key_id": "6185668612980736", "category": "elephant", "n_points": 35, "bbox_aspect": 1.4166666666666667, "n_extensions_spliced": 2, "main_perimeter_px": 602.6368205692927, "score": 0.9833825463137646, "coords": [[0.00196, 0.13725], [0.10392, 0.19216], [0.17451, 0.21176], [0.25686, 0.21569], [0.38235, 0.13725], [0.46471, 0.06275], [0.49608, -0.00784], [0.5, -0.31373], [0.45294, -0.35294], [0.36275, -0.35294], [0.34314, -0.12157], [0.3, -0.10588], [0.1549, -0.09804], [0.11961, -0.14902], [0.10784, -0.2549], [0.08824, -0.30588], [-0.02157, -0.29804], [-0.12353, -0.17647], [-0.13922, -0.03137], [-0.08039, 0.07451], [0.00588, 0.13725], [0.01373, 0.18824], [0.00196, 0.24314], [-0.0451, 0.30588], [-0.13529, 0.35294], [-0.17843, 0.32549], [-0.24902, 0.21961], [-0.26471, 0.11765], [-0.26863, 0.16078], [-0.24902, 0.21961], [-0.17843, 0.32549], [-0.13529, 0.35294], [-0.0451, 0.30588], [0.00196, 0.24314], [0.01373, 0.18824], [0.00196, 0.13725]]}