{"rank": 5, "key_id": "4615851070193664", "category": "elephant", "n_points": 35, "bbox_aspect": 1.4342857142857144, "n_extensions_spliced": 2, "main_perimeter_px": 767.4008856269705, "score": 0.9747303566557268, "coords": [[-0.21713, 0.1255], [-0.24104, 0.03386], [-0.27291, -0.02988], [-0.37649, -0.10558], [-0.49602, -0.13347], [-0.5, -0.1494], [-0.48008, -0.17331], [-0.43227, -0.16932], [-0.38048, -0.12948], [-0.27291, -0.08964], [-0.13347, 0.00199], [-0.08566, 0.00996], [-0.05378, -0.02191], [-0.01394, -0.13347], [0.00598, -0.19721], [0.00598, -0.3008], [0.02191, -0.31275], [0.30876, -0.28486], [0.3247, -0.2251], [0.38048, -0.26892], [0.4243, -0.27689], [0.46414, -0.25299], [0.4761, -0.20518], [0.45618, 0.0498], [0.46813, 0.08566], [0.4243, 0.16932], [0.36853, 0.25697], [0.29681, 0.31275], [0.14143, 0.34861], [0.04183, 0.34861], [0.00199, 0.33665], [-0.12948, 0.18924], [-0.17331, 0.16135], [-0.19721, 0.17729], [-0.22112, 0.09761], [-0.21713, 0.1255]]}