{"rank": 6, "key_id": "6517336829853696", "category": "elephant", "n_points": 35, "bbox_aspect": 1.358288770053476, "n_extensions_spliced": 2, "main_perimeter_px": 925.6300764278243, "score": 0.9704940561465827, "coords": [[-0.14961, 0.26969], [-0.18504, 0.26181], [-0.22441, 0.23425], [-0.24803, 0.16732], [-0.24803, 0.12402], [-0.27559, 0.12008], [-0.20866, 0.04921], [-0.13386, 0.00197], [-0.12598, -0.01378], [-0.11024, -0.2815], [0.03543, -0.33268], [0.0315, -0.1752], [0.02362, -0.29331], [0.03543, -0.32874], [0.05906, -0.34843], [0.10236, -0.34843], [0.12205, -0.30906], [0.10236, -0.02559], [0.12992, -0.08071], [0.21654, -0.10827], [0.27953, -0.10433], [0.35827, -0.05709], [0.3622, -0.2815], [0.46063, -0.3248], [0.43307, -0.10433], [0.45276, -0.17913], [0.46457, -0.33661], [0.49606, -0.36811], [0.5, -0.35236], [0.48425, 0.04134], [0.45276, 0.1752], [0.4252, 0.21063], [0.37402, 0.23425], [0.26772, 0.23819], [0.05118, 0.19882], [-0.14961, 0.26969]]}