{"rank": 7, "key_id": "5251307101224960", "category": "elephant", "n_points": 36, "bbox_aspect": 1.3421052631578947, "n_extensions_spliced": 2, "main_perimeter_px": 725.368802504506, "score": 0.9704370654637089, "coords": [[0.03333, 0.31373], [0.05294, 0.29412], [0.11569, 0.32941], [0.15882, 0.27451], [0.11569, 0.35686], [0.11569, 0.32941], [0.06078, 0.2549], [-0.04118, 0.29804], [-0.27255, 0.29412], [-0.42157, 0.21176], [-0.48824, 0.1098], [-0.5, 0.04706], [-0.46471, -0.01961], [-0.40196, -0.05098], [-0.37843, -0.08235], [-0.42157, -0.26667], [-0.41765, -0.37255], [-0.26863, -0.31373], [-0.26078, -0.25098], [-0.29216, -0.15294], [-0.29216, -0.26667], [-0.25686, -0.32157], [-0.17843, -0.34902], [-0.17451, -0.28627], [-0.19804, -0.2], [-0.17843, -0.14118], [-0.16275, -0.2], [-0.08824, -0.27843], [0.01373, -0.33333], [0.01373, -0.28235], [-0.02941, -0.19216], [-0.02941, -0.12941], [-0.00196, -0.19608], [0.06078, -0.25882], [0.08431, -0.30196], [0.08824, -0.22353], [0.03333, 0.31373]]}