{"rank": 8, "key_id": "5419775297585152", "category": "elephant", "n_points": 35, "bbox_aspect": 1.3563829787234043, "n_extensions_spliced": 2, "main_perimeter_px": 786.1880042508516, "score": 0.9695112086617516, "coords": [[-0.17843, 0.14902], [-0.26078, 0.27843], [-0.31569, 0.28235], [-0.36275, 0.20392], [-0.4098, 0.16863], [-0.3902, 0.26275], [-0.31569, 0.33725], [-0.24118, 0.36863], [-0.16275, 0.36078], [-0.11176, 0.3098], [-0.05686, 0.20392], [0.01765, 0.30196], [0.06471, 0.32157], [0.12745, 0.24314], [0.14314, 0.19608], [0.02549, 0.11373], [0.01373, -0.01176], [0.05294, -0.02353], [0.24118, 0.01176], [0.33922, 0.00392], [0.39804, -0.05098], [0.41765, -0.12157], [0.41373, -0.2549], [0.37843, -0.29412], [0.25294, -0.31373], [0.16667, -0.30196], [0.13529, -0.36078], [0.08431, -0.36471], [0.06078, -0.30196], [-0.0451, -0.36471], [-0.08824, -0.33725], [-0.0451, -0.3098], [-0.04902, -0.25882], [-0.1, -0.15294], [-0.1549, -0.09412], [-0.17843, 0.14902]]}