{"rank": 9, "key_id": "6261376504823808", "category": "elephant", "n_points": 35, "bbox_aspect": 1.4514285714285715, "n_extensions_spliced": 2, "main_perimeter_px": 540.988758622343, "score": 0.9664134271349999, "coords": [[-0.17323, 0.03346], [-0.18898, 0.02559], [-0.24016, -0.04921], [-0.29921, -0.07677], [-0.3622, -0.09252], [-0.4252, -0.09252], [-0.48031, -0.06102], [-0.5, -0.01772], [-0.49606, 0.02953], [-0.46063, -0.00591], [-0.42913, -0.01378], [-0.34646, -0.00984], [-0.30315, 0.00984], [-0.2874, 0.05315], [-0.30709, 0.13583], [-0.30709, 0.22638], [-0.25984, 0.28937], [-0.20472, 0.32874], [-0.15354, 0.34449], [-0.10236, 0.34055], [-0.0748, 0.3248], [-0.04331, 0.26969], [0.00787, 0.31299], [0.05906, 0.32087], [0.1378, 0.26575], [0.15748, 0.1437], [0.11417, 0.05709], [0.05906, 0.03346], [0.05906, -0.01378], [0.09449, -0.04528], [0.19685, -0.05709], [0.30709, -0.04921], [0.34252, -0.01378], [0.34646, -0.04134], [0.31102, -0.03346], [-0.17323, 0.03346]]}