{"rank": 10, "key_id": "4719082387537920", "category": "elephant", "n_points": 32, "bbox_aspect": 1.3934426229508197, "n_extensions_spliced": 2, "main_perimeter_px": 516.9143168454477, "score": 0.9633802756537213, "coords": [[-0.13922, 0.24118], [-0.17843, 0.21765], [-0.20588, 0.17451], [-0.21373, 0.1], [-0.18627, 0.06078], [-0.12353, 0.03333], [-0.06471, -0.0451], [-0.04118, -0.12745], [-0.03725, -0.2098], [-0.06078, -0.25686], [-0.13137, -0.30392], [-0.20588, -0.32745], [-0.29608, -0.32745], [-0.29608, -0.35098], [-0.26863, -0.35882], [-0.2098, -0.35882], [-0.09216, -0.32745], [-0.01765, -0.26078], [0.00588, -0.21373], [0.01765, -0.13137], [0.00196, -0.00196], [0.06863, 0.07255], [0.08824, 0.06078], [0.08431, 0.11569], [0.08824, 0.19804], [0.04118, 0.27647], [0.01765, 0.29216], [-0.03333, 0.30392], [-0.10784, 0.30392], [-0.15882, 0.28039], [-0.14314, 0.29608], [-0.17059, 0.2451], [-0.13922, 0.24118]]}