{"rank": 11, "key_id": "6514194469879808", "category": "elephant", "n_points": 35, "bbox_aspect": 1.3421052631578947, "n_extensions_spliced": 2, "main_perimeter_px": 675.211159881798, "score": 0.9621037321303756, "coords": [[-0.46863, -0.12549], [-0.41765, -0.1451], [-0.49216, -0.24314], [-0.49608, -0.26275], [-0.46078, -0.2902], [-0.41373, -0.27843], [-0.34314, -0.22745], [-0.3, -0.16471], [-0.14706, 0.3451], [-0.15098, 0.36863], [-0.22157, 0.22745], [-0.14706, 0.3451], [-0.13529, -0.1098], [-0.12353, -0.16863], [-0.13529, -0.31765], [-0.11961, -0.35686], [-0.09216, -0.37255], [-0.04902, -0.36078], [-0.01765, -0.32941], [-0.00196, -0.17647], [0.02941, -0.27451], [0.08431, -0.3098], [0.11961, -0.13725], [0.27647, -0.13333], [0.29608, -0.15294], [0.3, -0.31765], [0.31176, -0.33725], [0.35098, -0.31765], [0.38235, -0.27843], [0.39412, -0.14118], [0.3902, -0.28627], [0.39804, -0.34118], [0.42157, -0.35294], [0.49608, -0.29804], [0.5, -0.16863], [-0.46863, -0.12549]]}