{"rank": 12, "key_id": "5345507964616704", "category": "elephant", "n_points": 35, "bbox_aspect": 1.4655172413793103, "n_extensions_spliced": 2, "main_perimeter_px": 739.5992040824417, "score": 0.9596514601407877, "coords": [[0.39412, 0.23922], [0.28039, 0.27059], [0.45294, 0.07843], [0.49608, -0.10196], [0.5, -0.18824], [0.48039, -0.30196], [0.43725, -0.34118], [0.38627, -0.28627], [0.3549, -0.18431], [0.36275, -0.03137], [0.33529, 0.01961], [0.3, 0.03922], [0.19412, 0.04314], [0.11176, -0.03137], [0.08431, -0.0902], [0.11961, -0.11765], [0.20196, -0.13333], [0.2451, -0.21176], [0.15882, -0.23922], [0.06078, -0.18039], [0.03333, -0.13725], [0.00196, -0.13725], [-0.04902, -0.09412], [-0.14706, -0.09804], [-0.21765, -0.06275], [-0.24902, -0.08235], [-0.25686, -0.13333], [-0.2098, -0.23137], [-0.25686, -0.28627], [-0.32745, -0.21176], [-0.33922, -0.12549], [-0.39412, -0.23137], [-0.43725, -0.23529], [-0.49216, -0.18431], [-0.5, -0.13725], [0.39412, 0.23922]]}