{"rank": 13, "key_id": "4876556994347008", "category": "elephant", "n_points": 35, "bbox_aspect": 1.4655172413793103, "n_extensions_spliced": 2, "main_perimeter_px": 735.2622243502838, "score": 0.9596514601407877, "coords": [[0.0098, 0.20784], [0.11176, 0.23137], [0.28039, 0.22353], [0.36667, 0.18824], [0.40588, 0.1451], [0.46078, 0.04314], [0.5, -0.12549], [0.48039, -0.27451], [0.45294, -0.32941], [0.40588, -0.33725], [0.32353, -0.2902], [0.31961, -0.17647], [0.30392, -0.17647], [0.28431, -0.29412], [0.26471, -0.32549], [0.19412, -0.32549], [0.17059, -0.28627], [0.17451, -0.13333], [0.14314, -0.11765], [-0.06863, -0.13333], [-0.08039, -0.16078], [-0.06863, -0.29412], [-0.09608, -0.30588], [-0.1902, -0.27843], [-0.23725, -0.20784], [-0.25686, -0.27059], [-0.3, -0.28235], [-0.33529, -0.20784], [-0.31569, -0.10588], [-0.33137, -0.07059], [-0.32745, 0.08235], [-0.41373, 0.12157], [-0.42549, 0.20392], [-0.3549, 0.08235], [-0.41373, 0.12157], [0.0098, 0.20784]]}