{"rank": 14, "key_id": "5171815175421952", "category": "elephant", "n_points": 35, "bbox_aspect": 1.3350785340314135, "n_extensions_spliced": 2, "main_perimeter_px": 707.502958055689, "score": 0.9584291830100751, "coords": [[0.13529, 0.20196], [0.10392, 0.26863], [0.06863, 0.28039], [0.00196, 0.26863], [-0.07255, 0.20588], [-0.10392, 0.14706], [-0.11961, 0.08039], [-0.12353, -0.08824], [-0.13529, -0.15098], [-0.18627, -0.22941], [-0.29608, -0.28431], [-0.33137, -0.28431], [-0.3902, -0.23333], [-0.44902, -0.14706], [-0.48824, -0.14314], [-0.5, -0.22941], [-0.47647, -0.26471], [-0.40196, -0.33922], [-0.35882, -0.36275], [-0.29608, -0.37451], [-0.22157, -0.37059], [-0.12353, -0.31176], [-0.05686, -0.2098], [-0.03725, -0.08431], [0.00196, -0.02941], [0.04118, -0.02941], [0.11569, -0.08039], [0.21765, -0.08824], [0.2451, -0.07255], [0.3, 0.05686], [0.3, 0.13137], [0.27255, 0.19412], [0.17451, 0.26863], [0.10784, 0.26471], [0.09216, 0.20196], [0.13529, 0.20196]]}