{"rank": 15, "key_id": "5923895943102464", "category": "elephant", "n_points": 34, "bbox_aspect": 1.457142857142857, "n_extensions_spliced": 2, "main_perimeter_px": 609.5100446034857, "score": 0.9553295991037439, "coords": [[-0.06078, 0.14314], [0.13137, 0.20196], [0.19804, 0.20196], [0.33137, 0.16667], [0.42549, 0.1], [0.46078, 0.04902], [0.48431, -0.01765], [0.5, -0.19412], [0.49216, -0.31961], [0.46078, -0.34314], [0.38627, -0.34314], [0.37059, -0.3], [0.35098, -0.19412], [0.33137, -0.14706], [0.3, -0.10784], [0.26078, -0.08824], [0.24118, -0.08824], [0.22941, -0.11176], [0.22157, -0.18235], [0.22941, -0.25686], [0.22157, -0.27647], [0.19804, -0.29216], [0.11176, -0.29216], [0.07647, -0.26471], [0.06863, -0.24118], [0.06863, -0.11569], [0.03725, -0.09608], [0.01765, -0.11961], [-0.02941, -0.24902], [-0.09608, -0.24902], [-0.13137, -0.20588], [-0.11961, -0.10392], [-0.13529, -0.03725], [-0.12353, -0.06078], [-0.06078, 0.14314]]}