{"rank": 16, "key_id": "4610556973547520", "category": "elephant", "n_points": 35, "bbox_aspect": 1.328125, "n_extensions_spliced": 2, "main_perimeter_px": 854.97583023193, "score": 0.9547738222232689, "coords": [[-0.25686, 0.17255], [-0.2098, 0.29412], [-0.15882, 0.31765], [-0.10784, 0.27843], [-0.06078, 0.37647], [-0.03725, 0.26275], [0.12745, 0.25882], [0.26863, 0.18431], [0.33529, 0.13333], [0.36275, 0.0902], [0.36667, 0.03922], [0.35098, -0.10588], [0.46471, -0.1098], [0.5, -0.17647], [0.48431, -0.2], [0.42941, -0.2], [0.34706, -0.15294], [0.30392, -0.28627], [0.2451, -0.37647], [0.18627, -0.35294], [0.15882, -0.22353], [0.15882, -0.15294], [0.13529, -0.33333], [0.10392, -0.37255], [0.07647, -0.37255], [0.00588, -0.23922], [-0.01373, -0.11765], [-0.0451, -0.15294], [-0.09216, -0.27059], [-0.13529, -0.3098], [-0.16667, -0.27843], [-0.18627, -0.17647], [-0.11569, 0.04706], [-0.11961, 0.13333], [-0.16275, 0.18039], [-0.25686, 0.17255]]}