{"rank": 17, "key_id": "5950271739920384", "category": "elephant", "n_points": 34, "bbox_aspect": 1.4597701149425288, "n_extensions_spliced": 2, "main_perimeter_px": 847.5184937087862, "score": 0.954068621505377, "coords": [[-0.21654, 0.3189], [-0.2126, 0.32283], [-0.26378, 0.29134], [-0.28346, 0.25591], [-0.24016, 0.21654], [-0.30315, 0.20472], [-0.28346, 0.25591], [-0.26378, 0.29134], [-0.2126, 0.32283], [-0.19685, 0.06693], [-0.18504, -0.01181], [-0.16929, -0.02362], [-0.05118, -0.01181], [-0.02362, 0.03543], [-0.04331, 0.16535], [-0.1063, 0.28346], [-0.14173, 0.33071], [-0.13386, 0.33465], [0.20079, 0.3189], [0.41732, 0.34252], [0.4685, 0.30709], [0.5, 0.24803], [0.5, 0.09449], [0.45276, -0.34252], [0.3622, -0.33858], [0.3622, -0.13386], [0.20472, -0.16535], [0.0748, -0.1378], [0.00394, -0.09449], [-0.01969, -0.14961], [-0.05118, -0.29528], [-0.11417, -0.29921], [-0.14173, -0.14961], [-0.12992, -0.04331], [-0.21654, 0.3189]]}