{"rank": 18, "key_id": "5964066424094720", "category": "elephant", "n_points": 33, "bbox_aspect": 1.3563829787234043, "n_extensions_spliced": 2, "main_perimeter_px": 833.7928083112898, "score": 0.9528445419950848, "coords": [[-0.29216, 0.01176], [-0.10784, 0.10196], [-0.01765, 0.11373], [-0.0451, 0.18824], [0.04902, 0.11373], [0.17843, 0.02745], [0.23333, 0.03922], [0.28431, 0.10196], [0.31569, 0.22745], [0.40196, 0.31765], [0.4451, 0.29804], [0.5, 0.22745], [0.48824, 0.17647], [0.46078, 0.13333], [0.28431, -0.0902], [0.23725, -0.09804], [0.09216, -0.06667], [0.07647, -0.14902], [0.08039, -0.25882], [0.05294, -0.26667], [-0.06471, -0.25098], [-0.09608, -0.21961], [-0.11176, -0.12157], [-0.22549, -0.1098], [-0.24118, -0.16471], [-0.25686, -0.36863], [-0.32745, -0.3451], [-0.46863, -0.36471], [-0.5, -0.36078], [-0.49608, -0.13725], [-0.45686, -0.01569], [-0.33922, 0.02353], [-0.28824, 0.00392], [-0.29216, 0.01176]]}