{"rank": 19, "key_id": "6071002096205824", "category": "elephant", "n_points": 34, "bbox_aspect": 1.4655172413793103, "n_extensions_spliced": 2, "main_perimeter_px": 820.4587895586293, "score": 0.9513181268074543, "coords": [[-0.36667, 0.20784], [-0.37059, 0.20784], [-0.35098, 0.27059], [-0.31569, 0.31373], [-0.24902, 0.33725], [-0.19412, 0.34118], [-0.14706, 0.32157], [-0.09608, 0.24706], [-0.00196, 0.24706], [0.21373, 0.27451], [0.37059, 0.27059], [0.43333, 0.24706], [0.47255, 0.2], [0.49608, 0.09804], [0.5, -0.01569], [0.49216, -0.29804], [0.48039, -0.32157], [0.3549, -0.32549], [0.34314, -0.3098], [0.33529, -0.03922], [0.31176, -0.02353], [0.24118, -0.04706], [0.2098, -0.2902], [0.19412, -0.31765], [0.15098, -0.32157], [0.09216, -0.29804], [0.11961, -0.08235], [0.11961, -0.05882], [0.10784, -0.05098], [-0.07647, -0.05098], [-0.09216, -0.07451], [-0.13529, -0.29412], [-0.22549, -0.27843], [-0.23333, -0.25882], [-0.36667, 0.20784]]}