{"rank": 20, "key_id": "5148362607165440", "category": "elephant", "n_points": 35, "bbox_aspect": 1.3212435233160622, "n_extensions_spliced": 2, "main_perimeter_px": 757.0783509499904, "score": 0.9511374504092961, "coords": [[-0.16667, 0.13137], [-0.15098, 0.19804], [-0.1, 0.30784], [-0.02157, 0.36275], [0.04902, 0.37843], [0.09216, 0.35098], [0.15098, 0.26863], [0.1902, 0.14314], [0.21765, 0.10784], [0.28039, 0.08824], [0.42157, 0.08039], [0.47647, 0.01373], [0.49216, -0.12353], [0.48431, -0.28431], [0.5, -0.31961], [0.48039, -0.36275], [0.42157, -0.37843], [0.36667, -0.36275], [0.33137, -0.31176], [0.3, -0.18235], [0.27255, -0.1549], [0.21373, -0.1902], [0.16667, -0.31176], [0.09608, -0.33529], [0.07647, -0.3], [0.09216, -0.17843], [0.04902, -0.24118], [0.06078, -0.35882], [-0.0451, -0.37843], [-0.07255, -0.35882], [-0.06863, -0.24118], [-0.08039, -0.19412], [-0.13137, -0.13137], [-0.15098, 0.08824], [-0.15098, 0.01765], [-0.16667, 0.13137]]}