{"rank": 21, "key_id": "5737255589117952", "category": "elephant", "n_points": 31, "bbox_aspect": 1.4189944134078212, "n_extensions_spliced": 2, "main_perimeter_px": 570.6288495183135, "score": 0.9488999761437353, "coords": [[-0.04331, 0.26181], [-0.02362, 0.27362], [-0.10236, 0.30118], [-0.1378, 0.30906], [-0.25984, 0.23031], [-0.30315, 0.15945], [-0.30709, 0.08071], [-0.29134, 0.02559], [-0.22441, -0.10827], [-0.22441, -0.13189], [-0.27953, -0.19094], [-0.38583, -0.20276], [-0.4252, -0.17913], [-0.48031, -0.07283], [-0.5, -0.17913], [-0.49606, -0.26969], [-0.46457, -0.32874], [-0.40551, -0.35236], [-0.27165, -0.34449], [-0.2126, -0.30906], [-0.16535, -0.25394], [-0.1378, -0.18307], [-0.13386, -0.08071], [-0.16929, 0.00984], [-0.16929, 0.05315], [-0.1378, 0.04134], [-0.08268, -0.05709], [-0.05906, -0.05709], [-0.02756, -0.09646], [0.01969, -0.08858], [0.05512, -0.0374], [-0.04331, 0.26181]]}