{"rank": 22, "key_id": "5791995299627008", "category": "elephant", "n_points": 41, "bbox_aspect": 1.3709677419354838, "n_extensions_spliced": 2, "main_perimeter_px": 488.8552234985853, "score": 0.9436645777101418, "coords": [[-0.21373, 0.3098], [-0.2098, 0.35294], [-0.10392, 0.30588], [0.19804, 0.28627], [0.21765, 0.2902], [0.31176, 0.36078], [0.36667, 0.36471], [0.40588, 0.2902], [0.42549, 0.19216], [0.42157, 0.02745], [0.41765, 0.03529], [0.39804, -0.01961], [0.42157, 0.02745], [0.42549, 0.19216], [0.40588, 0.2902], [0.36667, 0.36471], [0.31176, 0.36078], [0.21765, 0.2902], [0.19804, 0.28627], [-0.10392, 0.30588], [-0.2098, 0.35294], [-0.37059, 0.31765], [-0.44118, 0.27451], [-0.48039, 0.20784], [-0.5, 0.13333], [-0.49608, -0.20392], [-0.48039, -0.27059], [-0.44118, -0.32941], [-0.42549, -0.32941], [-0.3902, -0.30196], [-0.36275, -0.26275], [-0.3549, -0.14902], [-0.19412, -0.12549], [-0.06863, -0.12941], [-0.08824, -0.25882], [-0.03725, -0.29804], [0.01765, -0.27843], [0.06471, -0.23137], [0.07255, -0.19608], [0.07255, -0.1451], [0.0451, -0.01961], [-0.21373, 0.3098]]}