{"rank": 23, "key_id": "6206082022113280", "category": "elephant", "n_points": 34, "bbox_aspect": 1.4825581395348837, "n_extensions_spliced": 2, "main_perimeter_px": 640.9741605205668, "score": 0.9432255511267011, "coords": [[-0.09216, -0.0902], [-0.09608, -0.0902], [-0.16275, -0.19608], [-0.22941, -0.20392], [-0.26471, -0.18039], [-0.33137, -0.24706], [-0.3902, -0.24706], [-0.42941, -0.20784], [-0.46863, -0.09804], [-0.49608, 0.02353], [-0.5, 0.14902], [-0.49216, 0.16863], [-0.42549, 0.16863], [-0.4098, 0.10588], [-0.36275, 0.01176], [-0.31961, -0.01961], [-0.26078, -0.02353], [-0.25294, 0.05098], [-0.1902, 0.18431], [-0.12353, 0.21176], [-0.11961, 0.16863], [-0.11569, 0.21176], [-0.08039, 0.27059], [0.03725, 0.32549], [0.11176, 0.33725], [0.16275, 0.30588], [0.1902, 0.25098], [0.18235, 0.23137], [0.19412, 0.11765], [0.15882, 0.03529], [0.06078, -0.01961], [-0.01373, -0.02745], [-0.06078, 0.02353], [-0.08824, 0.09412], [-0.09216, -0.0902]]}