{"rank": 24, "key_id": "6733002199531520", "category": "elephant", "n_points": 35, "bbox_aspect": 1.3025641025641026, "n_extensions_spliced": 2, "main_perimeter_px": 782.3593036978831, "score": 0.9411703969501706, "coords": [[-0.30709, 0.26181], [-0.35827, 0.31693], [-0.43307, 0.33661], [-0.5, 0.27756], [-0.5, 0.16339], [-0.45276, 0.12008], [-0.35827, 0.07283], [-0.34252, 0.09646], [-0.24409, 0.10827], [-0.16142, 0.08465], [-0.11811, 0.05315], [-0.07874, -0.00591], [-0.06299, -0.05315], [-0.02756, -0.27362], [0.01181, -0.36811], [0.03543, -0.38386], [0.04724, -0.29331], [0.1063, -0.17913], [0.11417, -0.1437], [0.18898, -0.02559], [0.20079, -0.02953], [0.24409, 0.05315], [0.38976, 0.06496], [0.47244, 0.11614], [0.5, 0.16732], [0.48819, 0.26181], [0.41339, 0.34055], [0.26772, 0.38386], [0.24016, 0.37598], [0.11811, 0.30118], [0.05512, 0.28543], [-0.11024, 0.28543], [-0.18504, 0.30118], [-0.22835, 0.3248], [-0.33858, 0.32087], [-0.30709, 0.26181]]}