{"rank": 25, "key_id": "5303881611345920", "category": "elephant", "n_points": 31, "bbox_aspect": 1.3636363636363635, "n_extensions_spliced": 2, "main_perimeter_px": 755.3754349952678, "score": 0.939911217511172, "coords": [[-0.40196, 0.28824], [-0.44118, 0.22941], [-0.42157, 0.22941], [-0.45686, 0.1549], [-0.44118, -0.20196], [-0.45294, -0.23725], [-0.5, -0.27255], [-0.48431, -0.28039], [-0.42941, -0.27647], [-0.39804, -0.25686], [-0.38627, 0.17059], [-0.35098, 0.2098], [-0.30392, 0.17843], [-0.29216, 0.14706], [-0.26863, 0.0451], [-0.26471, -0.13529], [-0.22941, -0.22941], [-0.20196, -0.26471], [-0.13137, -0.3], [0.06471, -0.31961], [0.27255, -0.30784], [0.33137, -0.27647], [0.36667, -0.21373], [0.37059, -0.09216], [0.32353, -0.06078], [0.31961, 0.02941], [0.26863, 0.07255], [0.22549, 0.09216], [0.02157, 0.1], [-0.00196, 0.10392], [-0.01373, 0.13529], [-0.40196, 0.28824]]}