{"rank": 26, "key_id": "5441019967438848", "category": "elephant", "n_points": 35, "bbox_aspect": 1.5178571428571428, "n_extensions_spliced": 2, "main_perimeter_px": 840.180839589847, "score": 0.9350875362728986, "coords": [[-0.28431, 0.28627], [-0.28431, 0.26667], [-0.13137, 0.32157], [-0.00196, 0.32941], [0.13529, 0.32157], [0.28824, 0.28627], [0.3549, 0.26275], [0.45294, 0.17647], [0.5, 0.09412], [0.40196, -0.07451], [0.33529, -0.1451], [0.3, -0.1451], [0.2451, -0.04314], [0.20196, -0.04314], [0.19412, -0.10588], [0.20588, -0.18431], [0.18235, -0.21176], [0.10784, -0.18824], [0.06471, -0.03529], [0.0098, -0.08627], [-0.01373, -0.26275], [-0.05686, -0.29412], [-0.09216, -0.22353], [-0.05294, -0.0549], [-0.08431, -0.09804], [-0.11176, -0.23137], [-0.13529, -0.23529], [-0.17843, -0.18824], [-0.18235, -0.11765], [-0.15882, 0.01569], [-0.17843, -0.01961], [-0.23725, -0.23922], [-0.30784, -0.32941], [-0.33137, -0.27451], [-0.29608, -0.25882], [-0.28431, 0.28627]]}