{"rank": 27, "key_id": "4700818127192064", "category": "elephant", "n_points": 31, "bbox_aspect": 1.3492063492063493, "n_extensions_spliced": 2, "main_perimeter_px": 738.8627859303716, "score": 0.932464338767633, "coords": [[-0.1902, -0.37059], [-0.12745, -0.35098], [-0.12353, -0.33529], [-0.10784, -0.13922], [-0.1, -0.13137], [0.11569, -0.14314], [0.31961, -0.10784], [0.30392, -0.32353], [0.44902, -0.32745], [0.47255, -0.2451], [0.47255, -0.13529], [0.5, -0.0098], [0.49216, 0.07255], [0.45294, 0.14706], [0.32745, 0.20588], [0.1902, 0.2451], [0.02157, 0.25686], [-0.11961, 0.19804], [-0.22941, 0.13137], [-0.27255, 0.16275], [-0.32745, 0.17059], [-0.38627, 0.17059], [-0.42941, 0.13922], [-0.3902, 0.09608], [-0.47255, 0.06863], [-0.47255, 0.03333], [-0.46078, 0.01765], [-0.41373, -0.0098], [-0.42549, 0.00588], [-0.28431, -0.03725], [-0.22941, -0.02941], [-0.1902, -0.37059]]}