{"rank": 28, "key_id": "6076194866855936", "category": "elephant", "n_points": 35, "bbox_aspect": 1.526946107784431, "n_extensions_spliced": 2, "main_perimeter_px": 836.3672393056482, "score": 0.930908419382346, "coords": [[0.05686, 0.28824], [0.13529, 0.32745], [0.17451, 0.32353], [0.2451, 0.22549], [0.27255, 0.03333], [0.32353, -0.0098], [0.36275, -0.01373], [0.4451, 0.02941], [0.46471, 0.07647], [0.46471, 0.13922], [0.48431, 0.1549], [0.5, 0.07255], [0.47647, 0.00588], [0.39412, -0.08039], [0.33529, -0.1], [0.19412, -0.1], [0.14706, -0.08039], [0.09216, -0.01373], [0.07647, -0.01765], [0.02157, 0.11569], [0.02941, -0.06863], [0.10392, -0.2098], [0.05294, -0.28824], [-0.03725, -0.32353], [-0.08039, -0.32745], [-0.09608, -0.25686], [-0.0451, -0.2098], [-0.08431, -0.11176], [-0.11961, -0.06471], [-0.22941, -0.07255], [-0.25294, -0.21373], [-0.31569, -0.28824], [-0.39804, -0.31961], [-0.46078, -0.28824], [-0.45686, -0.25294], [0.05686, 0.28824]]}