{"rank": 29, "key_id": "5487037660528640", "category": "elephant", "n_points": 35, "bbox_aspect": 1.2814070351758795, "n_extensions_spliced": 2, "main_perimeter_px": 629.2121133420582, "score": 0.9297072053355714, "coords": [[-0.01765, 0.1], [-0.02941, 0.08039], [-0.02157, -0.00196], [0.00588, -0.05294], [-0.04118, -0.14314], [0.06078, -0.11176], [0.07647, -0.16667], [0.03725, -0.23333], [-0.0098, -0.26078], [-0.08039, -0.26471], [-0.12353, -0.24902], [-0.22941, -0.1549], [-0.26863, -0.06471], [-0.27255, -0.0451], [-0.22549, -0.02941], [-0.23333, -0.00588], [-0.29608, 0.02549], [-0.37059, 0.02941], [-0.4098, 0.0098], [-0.40196, -0.01765], [-0.47647, -0.01765], [-0.5, -0.04902], [-0.48824, -0.13137], [-0.42941, -0.16275], [-0.35098, -0.14314], [-0.24902, -0.27255], [-0.09608, -0.37059], [-0.0098, -0.3902], [0.03725, -0.38235], [0.16275, -0.31569], [0.19804, -0.26078], [0.2098, -0.16275], [0.13529, 0.0098], [0.13529, 0.03725], [0.15098, 0.0451], [-0.01765, 0.1]]}