{"rank": 30, "key_id": "6309012138098688", "category": "elephant", "n_points": 35, "bbox_aspect": 1.2814070351758795, "n_extensions_spliced": 2, "main_perimeter_px": 706.1100969237451, "score": 0.9297072053355714, "coords": [[-0.03333, 0.1549], [-0.03333, -0.07255], [-0.08431, -0.22941], [-0.17451, -0.31569], [-0.25294, -0.36667], [-0.31569, -0.38627], [-0.40588, -0.3902], [-0.47255, -0.33922], [-0.5, -0.28431], [-0.4451, -0.28824], [-0.42157, -0.23725], [-0.34706, -0.26863], [-0.28824, -0.26471], [-0.24902, -0.2098], [-0.16667, -0.02941], [-0.16667, 0.02157], [-0.2098, 0.08039], [-0.26078, 0.22549], [-0.26078, 0.29608], [-0.22157, 0.34314], [-0.14706, 0.37843], [0.0451, 0.3902], [0.21373, 0.34314], [0.25294, 0.30392], [0.30392, 0.2098], [0.30392, 0.17059], [0.28824, 0.13922], [0.2451, 0.10784], [0.32353, 0.02941], [0.28431, -0.01765], [0.28431, -0.08824], [0.32353, 0.02941], [0.1902, 0.09608], [0.14706, 0.09608], [0.06471, 0.13529], [-0.03333, 0.1549]]}