{"rank": 31, "key_id": "6593926163070976", "category": "elephant", "n_points": 28, "bbox_aspect": 1.408839779005525, "n_extensions_spliced": 2, "main_perimeter_px": 688.8750818650808, "score": 0.9289273392433621, "coords": [[-0.3902, 0.11569], [-0.28824, 0.25294], [-0.16667, 0.32745], [-0.05294, 0.3549], [0.06078, 0.33922], [0.12745, 0.27255], [0.13137, 0.16275], [0.15882, 0.08824], [0.33529, -0.03725], [0.43333, -0.12353], [0.5, -0.22941], [0.46078, -0.25686], [0.37059, -0.27255], [0.28431, -0.22549], [0.14706, -0.04902], [0.08039, 0.01373], [0.0451, -0.00196], [0.02941, -0.05294], [-0.0098, -0.07647], [-0.26863, -0.09608], [-0.22941, -0.14314], [-0.46078, -0.08824], [-0.42941, -0.1], [-0.48431, -0.07647], [-0.5, -0.0451], [-0.49608, 0.01373], [-0.42941, 0.09608], [-0.40196, 0.11176], [-0.3902, 0.11569]]}