{"rank": 32, "key_id": "5269485818740736", "category": "elephant", "n_points": 33, "bbox_aspect": 1.309278350515464, "n_extensions_spliced": 2, "main_perimeter_px": 784.166991318578, "score": 0.9281027099337968, "coords": [[-0.15748, 0.32677], [-0.17717, 0.35433], [-0.24803, 0.37402], [-0.35433, 0.37402], [-0.38189, 0.36614], [-0.42913, 0.29134], [-0.49213, 0.08268], [-0.5, -0.06693], [-0.44882, -0.16535], [-0.40551, -0.19291], [-0.38189, -0.19685], [-0.27165, -0.12992], [-0.22835, -0.07874], [-0.16929, 0.04724], [-0.14173, 0.05118], [-0.15354, -0.0], [-0.10236, -0.05512], [0.0315, -0.06299], [0.09055, -0.02756], [0.15748, 0.0748], [0.18504, 0.07874], [0.22047, -0.04331], [0.38189, -0.11811], [0.43307, -0.11811], [0.5, -0.05906], [0.5, 0.08268], [0.37402, 0.22441], [0.25984, 0.3189], [0.23228, 0.36614], [0.20472, 0.38189], [-0.0315, 0.37795], [-0.0748, 0.34252], [-0.1811, 0.33465], [-0.15748, 0.32677]]}