{"rank": 33, "key_id": "5268807851442176", "category": "elephant", "n_points": 32, "bbox_aspect": 1.4825581395348837, "n_extensions_spliced": 2, "main_perimeter_px": 733.2782156609424, "score": 0.9265588844600345, "coords": [[-0.47255, 0.16863], [-0.46471, 0.2], [-0.49216, -0.01961], [-0.5, -0.20392], [-0.5, -0.28235], [-0.48431, -0.32941], [-0.3902, -0.33725], [-0.37843, -0.16471], [-0.33529, -0.06667], [-0.23333, -0.11373], [-0.14314, -0.14118], [-0.07255, -0.13333], [-0.03333, -0.1098], [-0.01765, -0.13333], [-0.01765, -0.31373], [-0.00196, -0.32549], [0.08431, -0.32549], [0.11176, -0.19608], [0.1, 0.01961], [0.14314, 0.09804], [0.18235, 0.10196], [0.23725, 0.03137], [0.3, 0.01569], [0.31961, -0.07451], [0.36667, -0.11765], [0.42157, -0.1098], [0.5, -0.01569], [0.4098, -0.01569], [0.36667, 0.11765], [0.26863, 0.20392], [0.24902, 0.2], [0.25294, 0.23529], [-0.47255, 0.16863]]}