{"rank": 34, "key_id": "4517266269929472", "category": "elephant", "n_points": 35, "bbox_aspect": 1.27, "n_extensions_spliced": 2, "main_perimeter_px": 658.1865076488656, "score": 0.9234479313611677, "coords": [[-0.21654, 0.08268], [-0.17323, -0.07874], [-0.20079, -0.17717], [-0.24409, -0.24016], [-0.31102, -0.27165], [-0.40157, -0.2874], [-0.5, -0.26772], [-0.49213, -0.33465], [-0.4685, -0.35827], [-0.43701, -0.37008], [-0.32677, -0.35039], [-0.20079, -0.29134], [-0.13386, -0.24409], [-0.10236, -0.18898], [-0.09449, -0.11811], [-0.1063, -0.04724], [-0.15354, 0.03543], [-0.15748, 0.07874], [-0.12205, 0.07874], [-0.20866, 0.09843], [-0.24016, 0.12992], [-0.26378, 0.17323], [-0.24409, 0.25984], [-0.20472, 0.32677], [-0.13386, 0.38189], [-0.05118, 0.3937], [0.0315, 0.35433], [0.08661, 0.2874], [0.09055, 0.24016], [0.0748, 0.19685], [0.02362, 0.11417], [-0.03937, 0.06693], [-0.03543, 0.0748], [-0.08661, 0.05512], [-0.10236, 0.0748], [-0.21654, 0.08268]]}