{"rank": 35, "key_id": "5536094638571520", "category": "elephant", "n_points": 29, "bbox_aspect": 1.3636363636363635, "n_extensions_spliced": 2, "main_perimeter_px": 806.1698039581166, "score": 0.9232445508445053, "coords": [[-0.21765, -0.28431], [-0.26078, -0.16667], [-0.27255, 0.00588], [-0.2451, 0.09216], [-0.25686, 0.07255], [-0.16275, 0.17059], [-0.04902, 0.22157], [0.02941, 0.23725], [0.25294, 0.23333], [0.37059, 0.18627], [0.46078, 0.11569], [0.48431, 0.07255], [0.5, -0.14706], [0.48824, -0.35882], [0.41765, -0.35882], [0.38627, -0.13529], [0.2451, -0.08431], [0.11961, -0.09216], [0.01765, -0.17059], [-0.0098, -0.22941], [-0.01373, -0.36667], [-0.00588, -0.13922], [-0.0451, -0.09608], [-0.10392, -0.08431], [-0.17059, -0.09216], [-0.15098, -0.08824], [-0.21765, -0.17451], [-0.20196, -0.24902], [-0.22157, -0.25686], [-0.21765, -0.28431]]}