{"rank": 36, "key_id": "6469297016668160", "category": "elephant", "n_points": 34, "bbox_aspect": 1.526946107784431, "n_extensions_spliced": 2, "main_perimeter_px": 539.0331612677796, "score": 0.9225750860490126, "coords": [[-0.01373, 0.1902], [-0.02549, 0.22941], [0.0098, 0.26863], [0.13529, 0.32353], [0.23333, 0.32745], [0.35882, 0.26471], [0.40588, 0.2098], [0.45686, 0.04118], [0.5, -0.01765], [0.46078, -0.02941], [0.45294, -0.04902], [0.4451, -0.17059], [0.42157, -0.23725], [0.40196, -0.25686], [0.3549, -0.26863], [0.32353, -0.21765], [0.30392, -0.20588], [0.27647, -0.23333], [0.27647, -0.28431], [0.21373, -0.3], [0.20588, -0.25294], [0.18235, -0.23725], [0.10392, -0.23725], [0.08824, -0.26078], [0.08824, -0.31569], [0.06471, -0.32745], [0.02549, -0.32745], [0.01373, -0.28431], [-0.0098, -0.28431], [-0.03333, -0.30784], [-0.1, -0.32745], [-0.17059, -0.16667], [-0.19804, -0.06471], [-0.16275, -0.00588], [-0.01373, 0.1902]]}