{"rank": 37, "key_id": "5472740653924352", "category": "elephant", "n_points": 35, "bbox_aspect": 1.5454545454545454, "n_extensions_spliced": 2, "main_perimeter_px": 640.6818604245952, "score": 0.9224745824210239, "coords": [[0.03333, 0.16667], [-0.02157, 0.20196], [-0.10392, 0.19412], [-0.13137, 0.18627], [-0.17451, 0.08039], [-0.17451, 0.01373], [-0.19412, 0.00588], [-0.28824, 0.03333], [-0.45686, 0.1549], [-0.46078, 0.14314], [-0.44118, 0.09608], [-0.48431, 0.11569], [-0.5, 0.10784], [-0.46471, 0.05686], [-0.41765, 0.01765], [-0.22157, -0.08431], [-0.14314, -0.09608], [-0.12353, -0.14314], [-0.08039, -0.19412], [0.01765, -0.23725], [0.03333, -0.29216], [0.09608, -0.3], [0.10784, -0.25294], [0.15098, -0.27255], [0.33529, -0.26863], [0.34706, -0.27647], [0.35882, -0.32353], [0.42157, -0.32353], [0.47255, -0.3], [0.5, -0.24902], [0.47647, -0.17451], [0.44118, -0.1], [0.3549, -0.00588], [0.29608, 0.01765], [0.23725, 0.02549], [0.03333, 0.16667]]}