{"rank": 38, "key_id": "5019135262064640", "category": "elephant", "n_points": 35, "bbox_aspect": 1.5454545454545454, "n_extensions_spliced": 2, "main_perimeter_px": 592.4268024640385, "score": 0.9224745824210239, "coords": [[-0.41765, -0.00588], [-0.42941, 0.09216], [-0.39412, 0.12745], [-0.32353, 0.15882], [-0.14314, 0.15882], [-0.0098, 0.17451], [0.10784, 0.14314], [0.13922, 0.17059], [0.14706, 0.21765], [0.14706, 0.23333], [0.11569, 0.26471], [0.0451, 0.27647], [-0.03333, 0.24118], [-0.05294, 0.23725], [-0.05294, 0.25294], [-0.01373, 0.29216], [0.11569, 0.32353], [0.14706, 0.32353], [0.1902, 0.3], [0.20588, 0.27255], [0.29216, 0.29216], [0.32353, 0.26863], [0.34314, 0.23725], [0.35098, 0.16667], [0.46863, 0.07255], [0.5, -0.02549], [0.5, -0.06078], [0.45294, -0.08824], [0.4098, -0.04118], [0.37451, 0.05686], [0.33922, 0.09608], [0.31176, 0.09608], [0.22941, 0.03333], [0.14314, 0.02549], [0.12353, 0.0098], [-0.41765, -0.00588]]}