{"rank": 39, "key_id": "4742249793454080", "category": "elephant", "n_points": 29, "bbox_aspect": 1.3602150537634408, "n_extensions_spliced": 2, "main_perimeter_px": 611.449029592313, "score": 0.9214860715418408, "coords": [[-0.38538, -0.01186], [-0.5, -0.04348], [-0.35375, 0.02372], [-0.32609, 0.08696], [-0.30237, 0.30435], [-0.25494, 0.33992], [-0.16403, 0.36759], [-0.08893, 0.35968], [0.02569, 0.31225], [0.05336, 0.28458], [0.1087, 0.19368], [0.15217, 0.15415], [0.24704, 0.13834], [0.33004, 0.1581], [0.39723, 0.1581], [0.46047, 0.11858], [0.5, 0.06719], [0.5, -0.07115], [0.43676, -0.16601], [0.39723, -0.19368], [0.20356, -0.19763], [0.05336, -0.16601], [-0.02569, -0.12648], [0.00198, -0.14625], [-0.14822, -0.01976], [-0.1917, -0.0], [-0.21937, -0.0], [-0.27075, -0.03162], [-0.36957, -0.05138], [-0.38538, -0.01186]]}