{"rank": 40, "key_id": "6167013187649536", "category": "elephant", "n_points": 35, "bbox_aspect": 1.2574257425742574, "n_extensions_spliced": 2, "main_perimeter_px": 839.555197173291, "score": 0.9164826997639499, "coords": [[0.11811, -0.07087], [0.16535, -0.11811], [0.2126, -0.08268], [0.28346, -0.0748], [0.35827, -0.02362], [0.45669, 0.11024], [0.5, 0.22441], [0.49213, 0.24409], [0.3937, 0.22835], [0.38976, 0.15354], [0.3622, 0.08268], [0.31496, 0.0315], [0.21654, 0.00787], [0.15748, 0.01575], [0.13386, 0.09843], [0.10236, 0.11811], [0.05118, 0.08661], [0.05118, 0.11811], [-0.01969, 0.00394], [-0.25984, 0.04331], [-0.3937, 0.02362], [-0.47638, -0.04331], [-0.49213, -0.12598], [-0.42126, -0.19685], [-0.45276, -0.38189], [-0.38583, -0.38976], [-0.34646, -0.35039], [-0.2874, -0.2126], [-0.18898, -0.24409], [-0.18898, -0.38189], [-0.14567, -0.39764], [-0.06693, -0.38189], [-0.00787, -0.31496], [-0.02756, -0.16535], [0.12205, -0.08268], [0.11811, -0.07087]]}