{"rank": 41, "key_id": "5612367469608960", "category": "elephant", "n_points": 32, "bbox_aspect": 1.3010204081632653, "n_extensions_spliced": 2, "main_perimeter_px": 646.7086594284698, "score": 0.9153403211813539, "coords": [[-0.15098, 0.31373], [-0.15098, 0.30588], [-0.10392, 0.32941], [-0.02549, 0.33333], [0.05294, 0.3098], [0.09608, 0.28627], [0.15882, 0.18431], [0.2098, -0.0], [0.23725, -0.04706], [0.28039, -0.07451], [0.32745, -0.07843], [0.36275, -0.05882], [0.4098, 0.01569], [0.4098, 0.09412], [0.36667, 0.18824], [0.43725, 0.16471], [0.47647, 0.12157], [0.5, 0.04314], [0.49608, -0.04706], [0.46078, -0.11765], [0.37451, -0.19608], [0.28824, -0.23137], [0.22157, -0.23137], [0.1549, -0.19216], [0.12745, -0.21569], [-0.04902, -0.23922], [-0.15098, -0.24706], [-0.26078, -0.18824], [-0.31961, -0.12157], [-0.36275, -0.00392], [-0.34314, 0.0549], [-0.30784, 0.09412], [-0.15098, 0.31373]]}