{"rank": 42, "key_id": "5901423550136320", "category": "elephant", "n_points": 28, "bbox_aspect": 1.3636363636363635, "n_extensions_spliced": 2, "main_perimeter_px": 672.3116791626904, "score": 0.914911217511172, "coords": [[-0.18627, 0.21765], [-0.23333, 0.21765], [-0.28824, 0.10392], [-0.29608, 0.05686], [-0.3, -0.12745], [-0.42941, -0.34706], [-0.17059, -0.36667], [-0.14314, -0.33922], [-0.13137, -0.25686], [-0.10784, -0.24118], [-0.06863, -0.25686], [-0.07647, -0.3549], [0.02941, -0.33529], [0.17843, -0.33529], [0.17451, -0.25294], [0.1902, -0.21373], [0.29216, -0.10784], [0.33137, -0.01373], [0.33137, 0.05294], [0.28039, 0.14314], [0.24902, 0.17059], [0.17843, 0.22549], [-0.02157, 0.28431], [-0.08039, 0.28431], [-0.16667, 0.26078], [-0.15882, 0.26471], [-0.2451, 0.21373], [-0.26078, 0.17059], [-0.18627, 0.21765]]}