{"rank": 43, "key_id": "6464203684577280", "category": "elephant", "n_points": 38, "bbox_aspect": 1.5548780487804879, "n_extensions_spliced": 2, "main_perimeter_px": 612.5284822032547, "score": 0.9098859168342229, "coords": [[0.01373, 0.21176], [-0.01765, 0.25882], [0.1, 0.31373], [0.17059, 0.32157], [0.20196, 0.3098], [0.25686, 0.26667], [0.27647, 0.20392], [0.27647, 0.21176], [0.26471, 0.16471], [0.27647, 0.20392], [0.25686, 0.26667], [0.20196, 0.3098], [0.17059, 0.32157], [0.1, 0.31373], [-0.01765, 0.25882], [-0.14706, 0.25098], [-0.26078, 0.25098], [-0.37059, 0.20784], [-0.48039, 0.1098], [-0.5, 0.02745], [-0.47255, -0.21569], [-0.4451, -0.29412], [-0.40588, -0.32157], [-0.33529, -0.32157], [-0.31961, -0.3098], [-0.32353, -0.14118], [-0.11961, -0.12549], [-0.10392, -0.12941], [-0.1, -0.2902], [-0.06863, -0.29804], [0.02157, -0.29804], [0.01373, -0.0902], [0.1549, -0.09804], [0.20196, -0.07451], [0.22549, -0.02745], [0.24118, 0.04706], [0.24118, 0.1098], [0.22941, 0.14902], [0.01373, 0.21176]]}