{"rank": 44, "key_id": "5919420469739520", "category": "elephant", "n_points": 29, "bbox_aspect": 1.4655172413793103, "n_extensions_spliced": 2, "main_perimeter_px": 489.0665922509989, "score": 0.9096514601407877, "coords": [[-0.05294, 0.24706], [0.02941, 0.23922], [0.04902, 0.32549], [0.14314, 0.34118], [0.19412, 0.32157], [0.23725, 0.2], [0.25294, -0.07843], [0.26078, -0.1098], [0.30392, -0.15686], [0.33137, -0.16863], [0.37059, -0.16471], [0.44118, -0.09804], [0.45294, -0.04314], [0.43725, -0.00784], [0.5, -0.03529], [0.48431, -0.10196], [0.4451, -0.18431], [0.39412, -0.21569], [0.34314, -0.21569], [0.28431, -0.20784], [0.23725, -0.17647], [0.21373, -0.11765], [0.21765, -0.01961], [0.18627, 0.03922], [0.15098, -0.01176], [0.11961, -0.03922], [0.06863, -0.04314], [0.03333, -0.03529], [0.04118, -0.03922], [-0.05294, 0.24706]]}