{"rank": 45, "key_id": "6197846002892800", "category": "elephant", "n_points": 34, "bbox_aspect": 1.5582822085889572, "n_extensions_spliced": 2, "main_perimeter_px": 517.6685523998838, "score": 0.9083550526199403, "coords": [[-0.49606, -0.02559], [-0.49213, -0.02165], [-0.5, -0.25394], [-0.44882, -0.29331], [-0.3622, -0.32087], [-0.33071, -0.31693], [-0.29921, -0.2815], [-0.2874, -0.25787], [-0.27953, -0.13583], [-0.29921, -0.2815], [-0.33071, -0.31693], [-0.3622, -0.32087], [-0.44882, -0.29331], [-0.5, -0.25394], [-0.49213, -0.02165], [-0.49213, 0.18701], [-0.40945, 0.25], [-0.3189, 0.28543], [-0.22441, 0.28937], [0.05512, 0.24213], [0.17323, 0.31693], [0.22047, 0.32087], [0.27559, 0.29331], [0.32283, 0.22244], [0.44094, 0.16339], [0.49606, 0.07677], [0.5, -0.07677], [0.48425, -0.09646], [0.43701, 0.02559], [0.3937, 0.10039], [0.37795, 0.10827], [0.34646, 0.08858], [0.37008, -0.08071], [0.3622, -0.13583], [-0.49606, -0.02559]]}