{"rank": 46, "key_id": "6089552210952192", "category": "elephant", "n_points": 26, "bbox_aspect": 1.4189944134078212, "n_extensions_spliced": 2, "main_perimeter_px": 550.7237552776897, "score": 0.9072333094770686, "coords": [[0.04331, -0.07283], [0.00394, -0.09646], [0.06693, -0.06496], [0.09843, -0.02953], [0.17323, 0.12795], [0.23622, 0.17913], [0.26772, 0.17913], [0.30315, 0.13189], [0.33858, 0.04528], [0.38976, 0.00984], [0.43701, 0.00984], [0.5, 0.07283], [0.41732, 0.14764], [0.33465, 0.18307], [0.2874, 0.22244], [0.1811, 0.35236], [0.06693, 0.30512], [-0.04331, 0.20669], [-0.2874, 0.17913], [-0.35827, 0.15157], [-0.42126, 0.10827], [-0.4685, 0.04921], [-0.5, -0.07283], [-0.43701, -0.10039], [-0.4252, -0.35236], [-0.35039, -0.10827], [0.04331, -0.07283]]}