{"rank": 47, "key_id": "6698029723680768", "category": "elephant", "n_points": 35, "bbox_aspect": 1.5838509316770186, "n_extensions_spliced": 2, "main_perimeter_px": 787.8744896127569, "score": 0.9052958061797415, "coords": [[-0.06078, 0.17451], [-0.05294, 0.1549], [-0.11961, 0.16667], [-0.1549, 0.14314], [-0.20588, 0.06078], [-0.22549, -0.0098], [-0.28824, -0.06863], [-0.33529, -0.06471], [-0.37451, -0.01765], [-0.36667, 0.08824], [-0.48039, 0.06863], [-0.5, -0.08039], [-0.46078, -0.13137], [-0.39804, -0.17059], [-0.30784, -0.18235], [-0.2451, -0.1549], [-0.17451, -0.08824], [-0.17059, -0.14314], [-0.13529, -0.14706], [-0.04118, -0.06471], [-0.06863, -0.13922], [-0.01373, -0.12353], [0.08431, -0.04118], [0.09216, -0.12353], [0.07255, -0.21373], [0.02549, -0.27647], [0.1, -0.30392], [0.20196, -0.15098], [0.20196, -0.31569], [0.34314, -0.27647], [0.44902, -0.06078], [0.33529, -0.01373], [0.37059, -0.04118], [0.19412, -0.00196], [0.21373, 0.01765], [-0.06078, 0.17451]]}