{"rank": 48, "key_id": "6142097411276800", "category": "elephant", "n_points": 26, "bbox_aspect": 1.4245810055865922, "n_extensions_spliced": 2, "main_perimeter_px": 772.1404973938697, "score": 0.9044828147791458, "coords": [[-0.47255, -0.09216], [-0.48431, -0.09608], [-0.32353, -0.07255], [-0.16275, -0.07255], [-0.14314, -0.0451], [-0.0098, -0.05686], [0.31176, 0.00196], [0.43333, -0.33922], [0.5, -0.27647], [0.45686, -0.13137], [0.43725, -0.08824], [0.31569, 0.09608], [0.28824, 0.25294], [0.21765, 0.33922], [0.20196, 0.34706], [0.08039, 0.31176], [0.00196, 0.26471], [-0.07255, 0.29216], [-0.16667, 0.35098], [-0.24902, 0.35098], [-0.31176, 0.32745], [-0.42549, 0.14314], [-0.44902, 0.11961], [-0.5, 0.10392], [-0.4451, -0.00196], [-0.43725, -0.09608], [-0.47255, -0.09216]]}