{"rank": 49, "key_id": "4788367445196800", "category": "elephant", "n_points": 30, "bbox_aspect": 1.4941176470588236, "n_extensions_spliced": 2, "main_perimeter_px": 803.3386513773063, "score": 0.9044554846570566, "coords": [[-0.03937, 0.33465], [-0.05906, 0.32283], [-0.06299, 0.24803], [-0.05118, 0.22047], [0.33858, 0.14173], [0.37795, 0.12598], [0.46063, 0.03543], [0.5, -0.06299], [0.5, -0.12598], [0.41732, -0.16929], [0.3937, -0.16535], [0.27165, 0.01969], [0.20472, 0.02362], [0.20866, -0.05512], [0.27559, -0.26378], [0.27953, -0.33465], [0.22441, -0.32283], [0.13386, -0.17717], [0.13386, -0.06299], [0.09449, 0.12992], [0.01575, 0.14567], [-0.00787, 0.11417], [-0.00394, -0.20472], [-0.01181, -0.26378], [-0.04724, -0.30315], [-0.08268, -0.29528], [-0.11024, -0.17323], [-0.11417, 0.01575], [-0.14567, 0.1063], [-0.30315, 0.19685], [-0.03937, 0.33465]]}