{"rank": 50, "key_id": "6117459465601024", "category": "elephant", "n_points": 26, "bbox_aspect": 1.3709677419354838, "n_extensions_spliced": 2, "main_perimeter_px": 818.4570359095238, "score": 0.901997911043475, "coords": [[0.05686, 0.10196], [-0.06078, 0.12549], [-0.18235, 0.13333], [-0.33922, 0.06667], [-0.41373, 0.01176], [-0.44118, -0.02745], [-0.49608, -0.19216], [-0.5, -0.27843], [-0.49216, -0.31373], [-0.47255, -0.32941], [-0.32353, -0.3451], [-0.31961, -0.26667], [-0.28431, -0.12549], [-0.1902, -0.36471], [-0.02157, -0.01176], [-0.01765, -0.26275], [0.02549, -0.11373], [0.13137, -0.17647], [0.13529, -0.17647], [0.21373, -0.07843], [0.13137, -0.17647], [0.07647, -0.29412], [0.22157, -0.01961], [0.32353, 0.22353], [0.35098, 0.31373], [0.34314, 0.36471], [0.05686, 0.10196]]}