{"rank": 51, "key_id": "4787444190806016", "category": "elephant", "n_points": 31, "bbox_aspect": 1.2878787878787878, "n_extensions_spliced": 2, "main_perimeter_px": 597.3385001559129, "score": 0.899900327823208, "coords": [[0.33529, 0.36078], [0.18235, 0.38824], [0.09216, 0.38431], [0.00196, 0.35294], [-0.06863, 0.27843], [-0.10392, 0.25882], [-0.35098, 0.25098], [-0.42941, 0.21176], [-0.45294, 0.14118], [-0.42549, 0.03529], [-0.43725, 0.01569], [-0.5, -0.00784], [-0.46078, -0.03137], [-0.42549, -0.02353], [-0.41373, -0.06667], [-0.39412, -0.08627], [-0.38235, -0.08627], [-0.37451, -0.06667], [-0.37059, 0.10196], [-0.30392, 0.15294], [-0.22549, 0.16078], [-0.08824, 0.1098], [-0.02157, 0.11765], [0.03333, 0.1451], [-0.06863, 0.06667], [-0.05686, 0.06275], [0.03333, 0.08235], [0.11569, 0.12941], [0.14706, 0.14902], [0.29216, 0.06275], [0.00196, 0.07059], [0.33529, 0.36078]]}