{"rank": 52, "key_id": "4776235500568576", "category": "elephant", "n_points": 24, "bbox_aspect": 1.401098901098901, "n_extensions_spliced": 2, "main_perimeter_px": 498.4124104665707, "score": 0.8994507649777075, "coords": [[-0.29216, 0.07059], [-0.20588, 0.07059], [-0.13922, 0.0902], [-0.15882, -0.09412], [-0.06471, -0.16078], [-0.04118, -0.19216], [-0.02941, -0.27451], [-0.04902, -0.32549], [-0.04118, -0.3451], [0.10784, -0.35686], [0.08824, -0.21176], [0.10392, -0.16078], [0.11569, -0.14902], [0.18627, -0.25098], [0.2098, -0.3451], [0.31569, -0.34902], [0.37843, -0.33333], [0.3549, -0.23529], [0.29608, -0.12549], [0.30392, -0.12157], [0.40196, -0.16078], [0.43333, -0.18824], [0.48824, -0.25882], [0.5, -0.32941], [-0.29216, 0.07059]]}