{"rank": 53, "key_id": "6499431778091008", "category": "elephant", "n_points": 29, "bbox_aspect": 1.3144329896907216, "n_extensions_spliced": 2, "main_perimeter_px": 486.9114039269201, "score": 0.8975198712983863, "coords": [[-0.33137, -0.25098], [-0.32353, -0.2549], [-0.24118, -0.23922], [-0.33529, -0.12941], [-0.35882, -0.07059], [-0.38235, -0.07843], [-0.48039, -0.18824], [-0.49608, -0.18431], [-0.5, -0.15686], [-0.46863, -0.08627], [-0.40588, -0.03529], [-0.35882, 0.0549], [-0.28431, 0.14118], [-0.19804, 0.16471], [-0.02941, 0.18039], [0.07255, 0.16078], [0.1549, 0.12549], [0.19412, 0.12941], [0.25294, 0.17255], [0.31569, 0.26275], [0.32745, 0.29804], [0.31569, 0.35294], [0.39804, 0.38039], [0.46078, 0.36863], [0.5, 0.33333], [0.49608, 0.30588], [0.44902, 0.23529], [0.45686, 0.21569], [0.48431, 0.20392], [-0.33137, -0.25098]]}