{"rank": 54, "key_id": "4662022018957312", "category": "elephant", "n_points": 33, "bbox_aspect": 1.526946107784431, "n_extensions_spliced": 2, "main_perimeter_px": 393.19428381119434, "score": 0.8972274622436651, "coords": [[-0.0098, -0.09216], [-0.11961, -0.10392], [-0.22941, -0.14314], [-0.48431, -0.17059], [-0.5, -0.15882], [-0.5, -0.04118], [-0.47255, 0.06471], [-0.43333, 0.16275], [-0.37059, 0.23333], [-0.28431, 0.28824], [-0.17059, 0.32353], [-0.09216, 0.32745], [-0.02941, 0.30392], [0.07255, 0.20588], [0.13529, 0.12353], [0.15098, 0.18235], [0.1, 0.16275], [0.0098, 0.06863], [0.00196, -0.0451], [0.03333, -0.09216], [0.07255, -0.12353], [0.13922, -0.13529], [0.22549, -0.1], [0.22157, -0.09608], [0.28039, -0.03725], [0.22549, -0.1], [0.13922, -0.13529], [0.07255, -0.12353], [0.03333, -0.09216], [0.00196, -0.0451], [0.0098, 0.06863], [0.1, 0.16275], [0.15098, 0.18235], [-0.0098, -0.09216]]}