{"rank": 55, "key_id": "5681211420704768", "category": "elephant", "n_points": 34, "bbox_aspect": 1.2378640776699028, "n_extensions_spliced": 2, "main_perimeter_px": 673.8881720844403, "score": 0.8971739311566758, "coords": [[0.16275, 0.2902], [0.06471, 0.34118], [-0.00196, 0.35294], [-0.06078, 0.35294], [-0.13137, 0.33333], [-0.18235, 0.29412], [-0.16667, 0.30588], [-0.22157, 0.23529], [-0.23333, 0.17255], [-0.22157, 0.0902], [-0.14706, 0.01176], [-0.10392, -0.01569], [-0.0451, -0.03529], [-0.04118, -0.04314], [0.03333, -0.01961], [0.09608, 0.03137], [0.14314, 0.11373], [0.14314, 0.24706], [0.11961, 0.32549], [0.24902, 0.37647], [0.33529, 0.37255], [0.38235, 0.36078], [0.42157, 0.34118], [0.47255, 0.28627], [0.5, 0.18039], [0.48824, 0.08627], [0.43333, -0.02353], [0.41765, -0.15294], [0.38627, -0.19216], [0.34314, -0.21176], [0.26471, -0.20784], [0.16275, -0.10588], [0.11176, -0.02745], [0.01765, -0.03137], [0.16275, 0.2902]]}