{"rank": 56, "key_id": "4560488388100096", "category": "elephant", "n_points": 35, "bbox_aspect": 1.6037735849056605, "n_extensions_spliced": 2, "main_perimeter_px": 851.3937105998372, "score": 0.8965456922447794, "coords": [[-0.12353, 0.25294], [-0.16667, 0.30392], [-0.23333, 0.31176], [-0.31176, 0.24118], [-0.3902, 0.07647], [-0.5, 0.06471], [-0.44118, -0.07647], [-0.3902, 0.07647], [-0.31176, 0.24118], [-0.23333, 0.31176], [-0.16667, 0.30392], [-0.07647, 0.19804], [-0.03725, 0.18627], [0.43725, 0.18627], [0.46863, 0.16667], [0.49608, 0.12353], [0.5, 0.02941], [0.46863, -0.27255], [0.45686, -0.30784], [0.3902, -0.30392], [0.36275, -0.05686], [0.31176, -0.08039], [0.31961, -0.30784], [0.24902, -0.31176], [0.24118, -0.16667], [0.21765, -0.0451], [0.19412, -0.04118], [0.0451, -0.05294], [0.0451, -0.28431], [-0.02941, -0.28824], [-0.02941, -0.05294], [-0.06863, -0.0451], [-0.08824, -0.26471], [-0.13529, -0.27255], [-0.13529, -0.01765], [-0.12353, 0.25294]]}