{"rank": 57, "key_id": "5743959580082176", "category": "elephant", "n_points": 31, "bbox_aspect": 1.2814070351758795, "n_extensions_spliced": 2, "main_perimeter_px": 740.8315885137148, "score": 0.8963738720022381, "coords": [[-0.2098, 0.32745], [-0.19804, 0.31961], [-0.1549, 0.37843], [-0.04118, 0.3902], [-0.02157, 0.37059], [-0.00588, 0.28824], [0.04118, 0.24902], [0.06863, 0.2451], [0.10784, 0.29608], [0.15882, 0.32353], [0.33137, 0.29608], [0.43725, 0.26078], [0.48039, 0.21373], [0.5, 0.10392], [0.5, 0.00588], [0.45294, -0.26078], [0.35882, -0.3902], [0.32353, -0.38627], [0.30392, -0.31569], [0.35098, -0.04902], [0.35098, 0.00588], [0.34314, 0.02941], [0.29608, 0.04902], [0.21765, 0.04902], [0.20196, -0.14706], [0.15882, -0.26078], [0.14706, -0.33137], [0.10392, -0.31569], [0.11176, -0.08039], [-0.00588, -0.03333], [0.15098, 0.05686], [-0.2098, 0.32745]]}