{"rank": 58, "key_id": "6324588155764736", "category": "elephant", "n_points": 35, "bbox_aspect": 1.2211538461538463, "n_extensions_spliced": 2, "main_perimeter_px": 851.5700431883948, "score": 0.8959934321538707, "coords": [[-0.16142, -0.06299], [-0.05512, -0.0748], [-0.05906, -0.37008], [-0.04724, -0.37795], [0.1063, -0.35433], [0.11811, -0.05118], [0.32283, -0.17323], [0.38976, -0.18504], [0.4252, -0.16535], [0.44882, -0.11811], [0.44882, -0.06693], [0.42913, -0.08661], [0.38976, 0.09449], [0.31102, 0.1811], [0.20866, 0.2126], [0.21654, 0.27165], [0.26772, 0.29528], [0.29528, 0.33071], [0.29134, 0.37402], [0.25591, 0.40551], [0.22441, 0.3937], [0.19291, 0.32283], [0.14961, 0.38976], [0.10236, 0.40551], [0.09843, 0.34252], [0.12598, 0.26772], [0.05512, 0.25197], [-0.00394, 0.29528], [-0.09055, 0.31102], [-0.17323, 0.31102], [-0.22047, 0.29134], [-0.3622, 0.16535], [-0.5, 0.14173], [-0.41339, 0.09449], [-0.30315, -0.03543], [-0.16142, -0.06299]]}