{"rank": 59, "key_id": "5451695309979648", "category": "elephant", "n_points": 35, "bbox_aspect": 1.2200956937799043, "n_extensions_spliced": 2, "main_perimeter_px": 1035.2786733089304, "score": 0.8953866062673483, "coords": [[-0.13137, 0.31176], [-0.21373, 0.31961], [-0.26471, 0.3], [-0.31961, 0.17451], [-0.31961, 0.0098], [-0.34314, -0.06078], [-0.3549, -0.22549], [-0.33529, -0.31176], [-0.3, -0.35882], [-0.26863, -0.24902], [-0.28431, -0.04118], [-0.25294, 0.0098], [-0.1902, 0.02549], [-0.1549, -0.0451], [-0.06863, -0.09608], [-0.08431, -0.3549], [-0.04118, -0.37451], [0.00196, -0.17451], [0.00588, -0.36667], [0.02157, -0.38627], [0.06078, -0.31176], [0.07647, -0.13137], [0.13922, -0.1], [0.25294, -0.07255], [0.30392, -0.08039], [0.30392, -0.20588], [0.33922, -0.3], [0.3549, -0.4098], [0.38235, -0.29608], [0.36667, -0.12745], [0.42549, -0.31176], [0.46078, -0.35098], [0.5, -0.22157], [0.5, -0.06863], [0.46078, 0.09216], [-0.13137, 0.31176]]}