{"rank": 60, "key_id": "5035576883412992", "category": "elephant", "n_points": 29, "bbox_aspect": 1.3076923076923077, "n_extensions_spliced": 2, "main_perimeter_px": 679.5502519406281, "score": 0.8939208916480932, "coords": [[-0.36667, 0.18627], [-0.45686, 0.1549], [-0.49608, 0.24118], [-0.5, 0.31176], [-0.40588, 0.35882], [-0.32745, 0.3549], [-0.26863, 0.33922], [-0.18627, 0.37843], [0.07647, 0.38235], [0.25686, 0.3549], [0.3549, 0.31961], [0.42157, 0.27255], [0.47647, 0.20196], [0.49608, 0.13529], [0.5, 0.02157], [0.47255, -0.07255], [0.42157, -0.14314], [0.3549, -0.19804], [0.28431, -0.22549], [0.2098, -0.18627], [0.09608, -0.22941], [0.02549, -0.1902], [0.00588, -0.15098], [-0.06471, -0.09608], [-0.11961, -0.01765], [-0.14706, 0.0451], [-0.18627, 0.2098], [-0.20196, 0.21765], [-0.26863, 0.21765], [-0.36667, 0.18627]]}