{"rank": 61, "key_id": "5238937729630208", "category": "elephant", "n_points": 29, "bbox_aspect": 1.3076923076923077, "n_extensions_spliced": 2, "main_perimeter_px": 564.8654046493753, "score": 0.8939208916480932, "coords": [[0.06863, 0.30392], [0.01765, 0.32353], [-0.02941, 0.32353], [-0.1, 0.28039], [-0.17059, 0.1902], [-0.18627, 0.08039], [-0.17843, 0.07647], [-0.17843, -0.05686], [-0.12745, -0.16667], [-0.06078, -0.23333], [0.05294, -0.24902], [0.12353, -0.20588], [0.17059, -0.13922], [0.2098, -0.0451], [0.23725, 0.09608], [0.24902, 0.1], [0.27647, 0.04902], [0.3, 0.03333], [0.36275, 0.03333], [0.45294, 0.11961], [0.48039, 0.16275], [0.5, 0.23725], [0.5, 0.31569], [0.46078, 0.34314], [0.43333, 0.31961], [0.38235, 0.34314], [0.28039, 0.29216], [0.15882, 0.31569], [0.08824, 0.31176], [0.06863, 0.30392]]}