{"rank": 62, "key_id": "5918591255838720", "category": "elephant", "n_points": 29, "bbox_aspect": 1.3076923076923077, "n_extensions_spliced": 2, "main_perimeter_px": 516.9066448450541, "score": 0.8939208916480932, "coords": [[-0.19804, -0.09608], [-0.40196, -0.08431], [-0.46078, -0.09608], [-0.48824, -0.11176], [-0.5, -0.21373], [-0.44118, -0.37059], [-0.41765, -0.38235], [-0.4098, -0.37451], [-0.36667, -0.3], [-0.35098, -0.22157], [-0.32745, -0.29608], [-0.28039, -0.34706], [-0.22549, -0.27647], [-0.22157, -0.18627], [-0.14314, -0.18235], [-0.06471, -0.13137], [-0.01765, -0.29216], [0.0098, -0.33137], [0.02941, -0.33922], [0.05686, -0.31961], [0.08431, -0.25294], [0.07647, -0.1902], [0.08431, -0.22549], [0.12745, -0.27255], [0.1549, -0.2451], [0.16275, -0.16667], [0.11569, -0.09608], [0.14706, -0.05686], [0.16275, -0.05294], [-0.19804, -0.09608]]}