{"rank": 63, "key_id": "6681665428520960", "category": "elephant", "n_points": 33, "bbox_aspect": 1.2439024390243902, "n_extensions_spliced": 2, "main_perimeter_px": 636.5459115144805, "score": 0.8922469305791635, "coords": [[0.17059, 0.28431], [0.02941, 0.26471], [-0.12353, 0.19804], [-0.14706, 0.14706], [-0.14314, 0.01373], [-0.1549, 0.00588], [-0.26471, -0.03333], [-0.32745, -0.09216], [-0.42157, -0.1], [-0.48431, -0.14706], [-0.5, -0.13529], [-0.43725, -0.17059], [-0.48431, -0.14706], [-0.42157, -0.1], [-0.32745, -0.09216], [-0.26471, -0.03333], [-0.1549, 0.00588], [-0.11961, -0.05294], [-0.05294, -0.14314], [-0.02549, -0.17059], [0.04118, -0.18235], [0.04118, -0.40196], [0.30392, -0.39804], [0.29216, -0.22941], [0.30392, -0.2098], [0.41373, -0.17059], [0.46863, -0.10392], [0.5, 0.18235], [0.43725, 0.35098], [0.34314, 0.40196], [0.27647, 0.40196], [0.25294, 0.38627], [0.13922, 0.27255], [0.17059, 0.28431]]}