{"rank": 64, "key_id": "5392629174894592", "category": "elephant", "n_points": 35, "bbox_aspect": 1.6139240506329113, "n_extensions_spliced": 2, "main_perimeter_px": 902.3313030450505, "score": 0.8921292738094941, "coords": [[-0.05294, 0.20392], [-0.10392, 0.19608], [-0.15098, 0.11373], [-0.24118, 0.06667], [-0.40588, 0.10588], [-0.45294, 0.14118], [-0.40196, 0.18824], [-0.5, 0.15686], [-0.40588, 0.10588], [-0.3549, 0.01961], [-0.23725, -0.01176], [-0.06471, 0.03922], [-0.08431, -0.12549], [-0.02941, -0.18824], [0.03333, -0.04314], [0.07255, -0.26275], [0.13529, -0.24314], [0.16667, -0.13725], [0.18235, -0.28627], [0.23333, -0.3098], [0.26471, -0.12941], [0.30784, -0.29412], [0.39412, -0.25098], [0.40196, -0.13725], [0.36667, -0.00392], [0.44902, -0.01961], [0.5, -0.07451], [0.48431, 0.03529], [0.41765, 0.05098], [0.26471, 0.03922], [0.16275, 0.09412], [0.11176, 0.15294], [0.11961, 0.23137], [0.06078, 0.30588], [-0.05686, 0.2549], [-0.05294, 0.20392]]}