{"rank": 65, "key_id": "4819007016271872", "category": "elephant", "n_points": 30, "bbox_aspect": 1.5209580838323353, "n_extensions_spliced": 2, "main_perimeter_px": 512.9501397192995, "score": 0.891992247413602, "coords": [[0.12992, 0.2185], [0.33071, 0.17126], [0.37402, 0.15157], [0.42913, 0.10039], [0.48819, -0.03346], [0.5, -0.13976], [0.5, -0.29331], [0.47244, -0.30906], [0.40945, -0.30118], [0.35827, -0.17126], [0.34646, -0.16732], [0.32283, -0.20669], [0.33465, -0.30118], [0.3189, -0.3248], [0.27953, -0.32874], [0.25591, -0.29724], [0.24409, -0.22244], [0.20866, -0.15551], [0.12598, -0.13976], [0.09055, -0.1437], [0.05512, -0.1752], [0.01575, -0.29331], [0.00394, -0.30512], [-0.0748, -0.2815], [-0.07874, -0.19882], [-0.09843, -0.18307], [-0.12598, 0.0374], [-0.13386, -0.19882], [-0.1811, -0.25394], [-0.20472, -0.24213], [0.12992, 0.2185]]}