{"rank": 66, "key_id": "5483618174500864", "category": "elephant", "n_points": 23, "bbox_aspect": 1.401098901098901, "n_extensions_spliced": 2, "main_perimeter_px": 549.0221857195799, "score": 0.8911174316443742, "coords": [[-0.12745, 0.21176], [-0.14706, 0.18431], [-0.15882, 0.29804], [-0.24118, 0.35686], [-0.29216, 0.35686], [-0.36275, 0.29804], [-0.41373, 0.2], [-0.5, -0.03922], [-0.49216, -0.12941], [-0.40196, -0.27843], [-0.32353, -0.31765], [-0.3, -0.30588], [-0.26471, -0.26275], [-0.22549, -0.17647], [-0.18627, 0.01569], [-0.17843, -0.19608], [-0.16275, -0.23529], [-0.12745, -0.28235], [-0.06471, -0.32941], [-0.02157, -0.34118], [0.06078, -0.32549], [0.18627, -0.16078], [0.17451, -0.18431], [-0.12745, 0.21176]]}