{"rank": 67, "key_id": "6228707893051392", "category": "elephant", "n_points": 31, "bbox_aspect": 1.5454545454545454, "n_extensions_spliced": 2, "main_perimeter_px": 594.1905271220154, "score": 0.8891412490876905, "coords": [[0.10784, 0.19804], [0.04902, 0.24902], [-0.01765, 0.26863], [-0.06471, 0.25686], [-0.1, 0.26078], [-0.10784, 0.21765], [-0.13529, 0.12745], [-0.13137, -0.11961], [-0.1549, -0.17843], [-0.18627, -0.21373], [-0.26863, -0.23725], [-0.32745, -0.23333], [-0.37843, -0.18627], [-0.38627, -0.11176], [-0.5, -0.19412], [-0.42157, -0.28824], [-0.35882, -0.31569], [-0.19412, -0.32353], [-0.1, -0.29216], [-0.04902, -0.2451], [-0.01373, -0.1902], [0.02157, -0.11569], [0.03333, -0.03333], [0.08039, -0.04118], [0.13922, -0.02157], [0.1902, 0.01765], [0.20588, 0.1], [0.20196, 0.1549], [0.17059, 0.2098], [0.11569, 0.24118], [0.08431, 0.25686], [0.10784, 0.19804]]}