{"rank": 68, "key_id": "5784026541457408", "category": "elephant", "n_points": 24, "bbox_aspect": 1.3783783783783783, "n_extensions_spliced": 2, "main_perimeter_px": 588.1142013048977, "score": 0.8891048384212219, "coords": [[0.18235, 0.06863], [0.18235, 0.06471], [0.16275, 0.06471], [0.10392, -0.05686], [0.10784, -0.08431], [0.18235, -0.20196], [0.18235, -0.3549], [0.17451, -0.36275], [-0.03725, -0.35882], [-0.00588, -0.25686], [-0.00588, -0.08431], [-0.03333, -0.06471], [-0.08824, -0.0451], [-0.13529, -0.0451], [-0.14706, -0.06471], [-0.13922, -0.34706], [-0.28824, -0.34314], [-0.28039, 0.00196], [-0.36275, 0.07255], [-0.40196, 0.06863], [-0.43725, 0.03725], [-0.46471, -0.02941], [-0.46863, -0.11569], [-0.5, -0.13529], [0.18235, 0.06863]]}