{"rank": 69, "key_id": "4953809581244416", "category": "elephant", "n_points": 25, "bbox_aspect": 1.3563829787234043, "n_extensions_spliced": 2, "main_perimeter_px": 713.2265343132743, "score": 0.8861778753284182, "coords": [[0.5, 0.25098], [0.36667, 0.33725], [0.11961, 0.36863], [0.05686, 0.36863], [-0.11176, 0.32549], [-0.22549, 0.29412], [-0.31176, 0.25098], [-0.40588, 0.1451], [-0.42549, 0.10588], [-0.5, -0.13333], [-0.49608, -0.21569], [-0.48824, -0.23137], [-0.46078, -0.1098], [-0.39804, 0.04706], [-0.37451, 0.07059], [-0.35098, 0.03137], [-0.35882, -0.16863], [-0.32745, -0.28235], [-0.31961, -0.36863], [-0.11176, -0.35294], [-0.07647, -0.33333], [-0.06863, -0.29804], [-0.13922, -0.19216], [-0.18235, 0.01569], [-0.10392, 0.00392], [0.5, 0.25098]]}