{"rank": 70, "key_id": "5696415235833856", "category": "elephant", "n_points": 33, "bbox_aspect": 1.2318840579710144, "n_extensions_spliced": 2, "main_perimeter_px": 460.2460926413388, "score": 0.8854507606902908, "coords": [[-0.0098, 0.25686], [-0.30392, 0.24902], [-0.31569, 0.22549], [-0.40588, 0.18627], [-0.5, 0.06863], [-0.49216, -0.08824], [-0.34706, -0.22941], [-0.30392, -0.08039], [-0.2451, -0.26078], [-0.34706, -0.22941], [-0.49216, -0.08824], [-0.5, 0.06863], [-0.40588, 0.18627], [-0.31569, 0.22549], [-0.30392, 0.24902], [0.00588, 0.33529], [0.10392, 0.40588], [0.36667, 0.3549], [0.46471, 0.26471], [0.5, 0.21373], [0.49216, 0.1], [0.45294, -0.00196], [0.42549, -0.01373], [0.40588, -0.18627], [0.45686, -0.27255], [0.49608, -0.27255], [0.49216, -0.31176], [0.46078, -0.33529], [0.39804, -0.32353], [0.22941, -0.32353], [0.14706, -0.30392], [0.04902, -0.22941], [0.03725, -0.17451], [-0.0098, 0.25686]]}