{"rank": 71, "key_id": "4986442021339136", "category": "elephant", "n_points": 31, "bbox_aspect": 1.5548780487804879, "n_extensions_spliced": 2, "main_perimeter_px": 590.1152277904928, "score": 0.884885916834223, "coords": [[-0.3549, -0.02745], [-0.39804, -0.05882], [-0.38235, -0.03922], [-0.46078, -0.14902], [-0.49216, -0.26667], [-0.5, -0.23529], [-0.49216, -0.16863], [-0.43333, -0.00784], [-0.38627, 0.03137], [-0.36275, 0.0902], [-0.29216, 0.15686], [-0.23725, 0.19216], [-0.17451, 0.19608], [-0.03333, 0.1451], [0.06471, 0.12941], [0.08431, 0.1451], [0.1, 0.22353], [0.13137, 0.27059], [0.19804, 0.3098], [0.24902, 0.32157], [0.31961, 0.3098], [0.47647, 0.21569], [0.5, 0.16863], [0.48431, 0.11373], [0.45686, 0.12549], [0.45686, 0.0902], [0.37059, 0.0902], [0.33529, 0.07451], [0.28039, -0.01569], [0.13137, -0.03922], [0.0451, -0.03922], [-0.3549, -0.02745]]}