{"rank": 72, "key_id": "6570812272279552", "category": "elephant", "n_points": 29, "bbox_aspect": 1.2893401015228427, "n_extensions_spliced": 2, "main_perimeter_px": 705.4430189780732, "score": 0.8840274778282013, "coords": [[-0.44882, 0.04528], [-0.48819, -0.07677], [-0.5, -0.25], [-0.3937, -0.26969], [-0.37402, -0.15945], [-0.37008, -0.01378], [-0.35827, 0.00984], [-0.30709, -0.04528], [-0.24409, -0.0689], [-0.14173, -0.07283], [-0.08661, -0.03346], [-0.05906, -0.13189], [0.07874, -0.3878], [0.08661, -0.19488], [0.03937, -0.06496], [0.03543, -0.01772], [0.34252, -0.02559], [0.42913, 0.0374], [0.34646, 0.09646], [0.47638, 0.12402], [0.47638, 0.18307], [0.45276, 0.23819], [0.3937, 0.30906], [0.35433, 0.33268], [0.30709, 0.34055], [0.25197, 0.33661], [0.19685, 0.30906], [0.14961, 0.26575], [0.14567, 0.26575], [-0.44882, 0.04528]]}