{"rank": 73, "key_id": "5801944843026432", "category": "elephant", "n_points": 35, "bbox_aspect": 1.1979166666666667, "n_extensions_spliced": 2, "main_perimeter_px": 641.0826938681843, "score": 0.8825448568586074, "coords": [[-0.01739, -0.06522], [-0.04348, -0.06957], [-0.08261, -0.1087], [-0.14783, -0.25217], [-0.2087, -0.28696], [-0.25217, -0.27826], [-0.36087, -0.11304], [-0.42609, -0.1087], [-0.46522, -0.13913], [-0.4913, -0.1913], [-0.5, -0.3], [-0.43043, -0.4087], [-0.36522, -0.41739], [-0.32174, -0.38696], [-0.27826, -0.30435], [-0.25652, -0.2087], [-0.26087, -0.11304], [-0.30435, -0.03043], [-0.26087, -0.00435], [-0.18696, -0.0], [-0.1913, -0.06087], [-0.15217, -0.22174], [-0.15217, -0.31304], [-0.20435, -0.36087], [-0.3087, -0.36522], [-0.4, -0.28696], [-0.40435, -0.23478], [-0.3913, -0.20435], [-0.34348, -0.19565], [-0.26957, -0.23913], [-0.1087, -0.27391], [-0.03913, -0.22609], [-0.02174, -0.1913], [0.16522, -0.21304], [-0.01739, -0.12609], [-0.01739, -0.06522]]}