{"rank": 74, "key_id": "6475627609718784", "category": "elephant", "n_points": 25, "bbox_aspect": 1.3492063492063493, "n_extensions_spliced": 2, "main_perimeter_px": 557.5264893497115, "score": 0.882464338767633, "coords": [[0.10392, 0.16667], [0.1549, 0.1902], [0.1, 0.15098], [-0.23333, 0.18235], [-0.37843, 0.17059], [-0.47255, 0.12745], [-0.49608, 0.08039], [-0.5, 0.02549], [-0.47255, -0.33529], [-0.44902, -0.36667], [-0.42157, -0.35882], [-0.40196, -0.33137], [-0.40196, -0.17059], [-0.38627, -0.12353], [-0.3549, -0.10392], [-0.2451, -0.10784], [-0.1, -0.08431], [-0.05294, -0.09216], [-0.02549, -0.13922], [-0.02941, -0.32745], [0.0098, -0.36667], [0.03333, -0.37059], [0.07255, -0.34706], [0.10784, -0.30784], [0.11961, -0.25294], [0.10392, 0.16667]]}