{"rank": 75, "key_id": "4771171436331008", "category": "elephant", "n_points": 26, "bbox_aspect": 1.4709302325581395, "n_extensions_spliced": 2, "main_perimeter_px": 675.5208470200578, "score": 0.8820707239616686, "coords": [[-0.10474, 0.05929], [-0.17589, -0.19368], [-0.18379, -0.33202], [-0.11265, -0.33992], [-0.0415, -0.29249], [0.00198, -0.22134], [0.00198, -0.14229], [0.17589, -0.16601], [0.33004, -0.13439], [0.40909, -0.10672], [0.37352, -0.22134], [0.36957, -0.28063], [0.38142, -0.29644], [0.42095, -0.28854], [0.46047, -0.2332], [0.5, -0.12253], [0.5, 0.03953], [0.48024, 0.09486], [0.30632, 0.3083], [0.25494, 0.33202], [0.18379, 0.33992], [-0.0336, 0.31621], [-0.18379, 0.27668], [-0.23123, 0.25296], [-0.2668, 0.20949], [-0.27866, 0.19763], [-0.10474, 0.05929]]}