{"rank": 76, "key_id": "6142723721527296", "category": "elephant", "n_points": 32, "bbox_aspect": 1.5838509316770186, "n_extensions_spliced": 2, "main_perimeter_px": 546.0278759555108, "score": 0.8802958061797415, "coords": [[0.15882, 0.06078], [0.16667, 0.07255], [0.11569, -0.06078], [0.06078, -0.02549], [0.11569, -0.10392], [0.11569, -0.06078], [0.16667, 0.07255], [0.18235, 0.09608], [0.22157, 0.12353], [0.37059, 0.11961], [0.41765, 0.15098], [0.5, 0.26078], [0.46863, 0.30392], [0.42549, 0.22157], [0.36275, 0.16667], [0.31961, 0.15098], [0.20588, 0.15882], [0.1549, 0.11176], [0.16667, 0.23333], [0.10392, 0.29216], [0.01373, 0.31176], [-0.06863, 0.31569], [-0.14314, 0.28824], [-0.18235, 0.26471], [-0.21373, 0.22157], [-0.23333, 0.13529], [-0.24902, -0.10392], [-0.3, -0.14314], [-0.4098, -0.15098], [-0.46863, -0.17451], [-0.49608, -0.21765], [-0.5, -0.28824], [0.15882, 0.06078]]}