{"rank": 77, "key_id": "4743678893490176", "category": "elephant", "n_points": 35, "bbox_aspect": 1.192488262910798, "n_extensions_spliced": 2, "main_perimeter_px": 785.8399812498005, "score": 0.8793655719481956, "coords": [[-0.49213, -0.21457], [-0.48425, -0.33661], [-0.46063, -0.38386], [-0.38976, -0.35236], [-0.34252, -0.23425], [-0.33071, -0.34843], [-0.30709, -0.38386], [-0.22441, -0.41142], [-0.1811, -0.39173], [-0.13386, -0.33268], [-0.11811, -0.25787], [-0.11024, -0.36024], [-0.07874, -0.39961], [-0.03543, -0.40748], [0.04331, -0.34055], [0.08268, -0.26969], [0.11417, -0.39567], [0.19685, -0.41535], [0.25197, -0.34843], [0.27953, -0.26575], [0.15748, -0.18701], [0.13386, -0.11614], [0.2874, -0.08071], [0.3937, -0.02953], [0.41339, 0.00591], [0.38583, 0.13976], [0.32677, 0.20669], [0.21654, 0.25787], [0.20079, 0.23819], [0.12205, 0.26969], [0.00787, 0.25787], [-0.0315, 0.18701], [-0.04724, 0.04528], [-0.01575, -0.02165], [0.05906, -0.06496], [-0.49213, -0.21457]]}