{"rank": 78, "key_id": "6384637842554880", "category": "elephant", "n_points": 25, "bbox_aspect": 1.3421052631578947, "n_extensions_spliced": 2, "main_perimeter_px": 435.32496563549284, "score": 0.8787703987970422, "coords": [[-0.14706, 0.19216], [-0.17451, 0.18431], [-0.16667, 0.09412], [-0.17059, -0.08627], [-0.14314, -0.12941], [-0.09216, -0.12941], [-0.06471, -0.14902], [-0.03333, -0.26667], [-0.02549, -0.32941], [-0.00196, -0.37255], [0.02549, -0.37255], [0.05294, -0.32157], [0.05686, -0.21176], [0.04118, -0.12941], [0.10392, -0.11765], [0.12745, -0.13333], [0.18627, -0.13333], [0.22549, -0.07451], [0.24118, 0.01176], [0.20196, 0.12157], [0.17059, 0.15686], [0.18627, 0.17255], [0.11961, 0.18824], [0.0098, 0.20784], [-0.11961, 0.17647], [-0.14706, 0.19216]]}