{"rank": 79, "key_id": "5056466262163456", "category": "elephant", "n_points": 47, "bbox_aspect": 1.4655172413793103, "n_extensions_spliced": 2, "main_perimeter_px": 573.7788647894275, "score": 0.8763181268074544, "coords": [[0.18627, 0.2549], [0.2098, -0.01569], [0.25294, -0.0902], [0.34314, -0.1451], [0.40588, -0.15294], [0.46471, -0.11373], [0.5, -0.05882], [0.47647, 0.15294], [0.44902, 0.21961], [0.38235, 0.30588], [0.32745, 0.33725], [0.22941, 0.33725], [0.24118, 0.30588], [0.18235, 0.30588], [0.22941, 0.33725], [0.32745, 0.33725], [0.38235, 0.30588], [0.44902, 0.21961], [0.47647, 0.15294], [0.5, -0.05882], [0.46471, -0.11373], [0.40588, -0.15294], [0.34314, -0.1451], [0.25294, -0.0902], [0.2098, -0.01569], [0.17843, 0.27059], [0.00588, 0.28235], [-0.11176, 0.21569], [-0.13922, 0.12941], [-0.09216, 0.02745], [-0.08039, -0.08627], [-0.11176, -0.16078], [-0.19412, -0.21569], [-0.29216, -0.21569], [-0.49216, -0.18431], [-0.5, -0.20784], [-0.4451, -0.28627], [-0.3902, -0.32157], [-0.22941, -0.34118], [-0.13922, -0.31373], [-0.07255, -0.24706], [-0.05294, -0.16471], [-0.0451, -0.02745], [0.02157, -0.12157], [0.07255, -0.16078], [0.17843, -0.16863], [0.25294, -0.13333], [0.18627, 0.2549]]}