{"rank": 80, "key_id": "4553727040028672", "category": "elephant", "n_points": 31, "bbox_aspect": 1.5740740740740742, "n_extensions_spliced": 2, "main_perimeter_px": 604.171237775894, "score": 0.8762968520199529, "coords": [[-0.28824, 0.01176], [-0.35098, 0.03529], [-0.38235, 0.07843], [-0.39412, 0.12157], [-0.38627, 0.20784], [-0.34314, 0.27059], [-0.3, 0.29804], [-0.25686, 0.31373], [-0.18627, 0.31765], [-0.11961, 0.2902], [-0.08824, 0.2549], [-0.06471, 0.18039], [-0.06471, 0.12157], [-0.06863, 0.10588], [-0.10784, 0.06667], [-0.19412, 0.03922], [-0.20588, 0.0549], [-0.02157, -0.11765], [0.03725, -0.14902], [0.1902, -0.18039], [0.28824, -0.18039], [0.38235, -0.14902], [0.42549, -0.1098], [0.47647, -0.01569], [0.44902, -0.05098], [0.46863, 0.01961], [0.40588, 0.07059], [0.28039, 0.10196], [0.1549, 0.11373], [-0.08431, 0.11373], [-0.10392, 0.09804], [-0.28824, 0.01176]]}