{"rank": 81, "key_id": "6714547362594816", "category": "elephant", "n_points": 28, "bbox_aspect": 1.2878787878787878, "n_extensions_spliced": 2, "main_perimeter_px": 628.540586277789, "score": 0.8749003278232079, "coords": [[0.1549, -0.11373], [0.1549, -0.00392], [0.16667, 0.01569], [0.46471, -0.00392], [0.48824, 0.10588], [0.5, 0.24706], [0.48039, 0.31373], [0.45686, 0.35686], [0.42157, 0.38824], [0.28431, 0.38039], [0.21765, 0.35294], [0.11569, 0.2902], [0.09608, 0.24706], [0.09608, 0.16471], [0.13922, 0.00392], [0.14706, 0.09804], [0.13922, 0.17647], [0.09216, 0.26275], [0.06863, 0.27059], [-0.19412, 0.23922], [-0.37843, 0.2], [-0.39804, 0.17647], [-0.41765, 0.1098], [-0.41765, 0.05098], [-0.39804, 0.04706], [-0.40196, 0.02745], [-0.35098, 0.01961], [-0.33137, 0.01176], [0.1549, -0.11373]]}