{"rank": 82, "key_id": "5502382785953792", "category": "elephant", "n_points": 21, "bbox_aspect": 1.401098901098901, "n_extensions_spliced": 2, "main_perimeter_px": 477.05272384903594, "score": 0.8744507649777075, "coords": [[-0.02157, 0.02353], [-0.03725, -0.01176], [-0.03725, 0.04706], [-0.0451, 0.13333], [-0.01765, 0.26275], [0.02549, 0.31373], [0.06471, 0.33333], [0.15098, 0.35294], [0.26471, 0.33333], [0.37451, 0.26275], [0.45686, 0.15686], [0.5, 0.02353], [0.48824, -0.07451], [0.45294, -0.16863], [0.37451, -0.29412], [0.29216, -0.35686], [0.13529, -0.35294], [0.02941, -0.31765], [-0.00196, -0.28235], [-0.01373, -0.1451], [-0.08431, -0.12157], [-0.02157, 0.02353]]}