{"rank": 83, "key_id": "6726090204643328", "category": "elephant", "n_points": 29, "bbox_aspect": 1.2686567164179106, "n_extensions_spliced": 2, "main_perimeter_px": 594.476095911031, "score": 0.872707147001363, "coords": [[-0.1902, 0.14314], [-0.00196, 0.38627], [-0.0098, 0.37843], [0.06471, 0.39412], [-0.00196, 0.38627], [-0.3, 0.14314], [-0.38235, 0.12353], [-0.47255, 0.01373], [-0.5, -0.07255], [-0.5, -0.29216], [-0.48039, -0.37059], [-0.45686, -0.3902], [-0.42157, -0.3902], [-0.38235, -0.36667], [-0.29608, -0.3549], [-0.28824, -0.33137], [-0.29216, -0.15882], [-0.23725, -0.12353], [-0.22157, -0.14314], [-0.21765, -0.35098], [-0.14314, -0.39412], [-0.13529, -0.10392], [-0.06863, -0.08039], [-0.05294, -0.1], [-0.03333, -0.18627], [-0.01373, -0.38235], [0.03725, -0.3902], [0.05294, -0.37059], [0.06078, -0.29608], [-0.1902, 0.14314]]}