{"rank": 84, "key_id": "5521543155154944", "category": "elephant", "n_points": 29, "bbox_aspect": 1.2686567164179106, "n_extensions_spliced": 2, "main_perimeter_px": 592.4921122859512, "score": 0.872707147001363, "coords": [[-0.06078, 0.31961], [-0.1, 0.31961], [-0.15098, 0.3], [-0.16275, 0.33137], [-0.19412, 0.21765], [-0.20588, 0.17059], [-0.20588, 0.07255], [-0.17059, -0.02549], [-0.37451, -0.12745], [-0.48039, -0.23725], [-0.5, -0.34314], [-0.48039, -0.38627], [-0.46078, -0.39412], [-0.4451, -0.38235], [-0.4451, -0.33137], [-0.42157, -0.27647], [-0.28039, -0.15098], [-0.22157, -0.11569], [-0.02941, -0.07647], [0.0451, -0.04118], [0.11176, 0.02157], [0.12745, 0.02157], [0.17059, 0.17059], [0.16275, 0.23333], [0.12353, 0.31176], [0.08039, 0.36275], [0.01765, 0.38627], [-0.04902, 0.37059], [-0.07647, 0.31961], [-0.06078, 0.31961]]}