{"rank": 85, "key_id": "5275885152239616", "category": "elephant", "n_points": 21, "bbox_aspect": 1.408839779005525, "n_extensions_spliced": 2, "main_perimeter_px": 457.43057150227486, "score": 0.8705940059100288, "coords": [[-0.19804, 0.32745], [-0.23725, 0.28039], [-0.27647, 0.20588], [-0.26863, 0.23725], [-0.29608, 0.1], [-0.29608, 0.0098], [-0.23333, -0.21765], [-0.20588, -0.25686], [-0.14314, -0.30784], [-0.01765, -0.31569], [0.06471, -0.24902], [0.13529, -0.11961], [0.15098, -0.04902], [0.15098, 0.08039], [0.13529, 0.16275], [0.09216, 0.25294], [0.13137, 0.31569], [0.02157, 0.32353], [-0.05686, 0.35098], [-0.15098, 0.34314], [-0.1902, 0.32353], [-0.19804, 0.32745]]}