{"rank": 86, "key_id": "5234448146628608", "category": "elephant", "n_points": 34, "bbox_aspect": 1.191588785046729, "n_extensions_spliced": 2, "main_perimeter_px": 617.0146310316289, "score": 0.8705040387940866, "coords": [[0.25686, -0.1098], [0.19804, -0.07843], [0.17451, -0.08235], [0.13922, -0.10588], [0.11961, -0.14118], [0.11176, -0.2902], [0.09216, -0.34902], [0.24118, -0.40784], [0.04118, -0.40784], [-0.0098, -0.41961], [-0.04118, -0.39608], [-0.05686, -0.36471], [-0.05294, -0.07059], [-0.06471, -0.06275], [-0.11961, -0.05882], [-0.14706, -0.07451], [-0.17451, -0.14902], [-0.18235, -0.31765], [-0.20588, -0.35294], [-0.26863, -0.36078], [-0.29216, -0.32549], [-0.3, -0.21176], [-0.28824, -0.06667], [-0.3, -0.0549], [-0.34706, -0.06667], [-0.39412, -0.11373], [-0.4098, -0.15686], [-0.39804, -0.32549], [-0.42941, -0.33333], [-0.45294, -0.32549], [-0.5, -0.23922], [-0.49608, -0.02745], [-0.47255, -0.0], [-0.4451, 0.01176], [0.25686, -0.1098]]}