{"rank": 87, "key_id": "4726143213109248", "category": "elephant", "n_points": 27, "bbox_aspect": 1.4269662921348314, "n_extensions_spliced": 2, "main_perimeter_px": 383.36418288072315, "score": 0.8700555211281409, "coords": [[-0.20866, 0.33858], [-0.23622, 0.35039], [-0.27953, 0.35039], [-0.30709, 0.33465], [-0.34252, 0.25984], [-0.33858, 0.20866], [-0.38189, 0.1811], [-0.41732, 0.1378], [-0.46063, -0.01969], [-0.5, -0.0748], [-0.4685, -0.08661], [-0.46063, -0.07874], [-0.44882, -0.01575], [-0.40157, 0.03543], [-0.39764, 0.10236], [-0.37402, 0.1378], [-0.31102, 0.15354], [-0.23622, 0.09843], [-0.16929, 0.09055], [-0.1811, 0.07874], [-0.10236, 0.12992], [-0.0748, 0.16929], [-0.05512, 0.22835], [-0.05512, 0.24016], [-0.09055, 0.2874], [-0.16142, 0.33465], [-0.23622, 0.35039], [-0.20866, 0.33858]]}