{"rank": 88, "key_id": "5065737754378240", "category": "elephant", "n_points": 33, "bbox_aspect": 1.2047619047619047, "n_extensions_spliced": 2, "main_perimeter_px": 651.2050124383228, "score": 0.869866804972187, "coords": [[-0.08498, 0.28854], [-0.14822, 0.28458], [-0.1996, 0.24111], [-0.1996, 0.22925], [-0.20751, 0.16601], [-0.19565, 0.09881], [-0.12055, -0.00395], [-0.10079, -0.03162], [-0.01383, -0.06719], [0.04941, -0.06324], [0.07708, -0.01976], [0.09684, 0.0751], [0.09684, 0.20158], [0.0336, 0.27668], [-0.06522, 0.3004], [-0.14822, 0.3004], [-0.14822, 0.31621], [-0.02569, 0.40711], [0.06522, 0.41502], [0.08893, 0.38735], [0.1087, 0.33202], [0.20356, 0.35178], [0.39328, 0.33992], [0.43676, 0.32411], [0.5, 0.25692], [0.5, 0.18182], [0.46838, 0.11462], [0.38142, 0.01581], [0.3419, -0.01186], [0.2668, -0.03557], [0.15217, -0.03953], [0.06522, 0.01186], [0.05336, 0.03162], [-0.08498, 0.28854]]}