{"rank": 89, "key_id": "6045596827779072", "category": "elephant", "n_points": 29, "bbox_aspect": 1.5521472392638036, "n_extensions_spliced": 2, "main_perimeter_px": 556.4857164339984, "score": 0.8694497307569852, "coords": [[-0.07708, 0.32213], [-0.07312, 0.30632], [0.01383, 0.29051], [0.13241, 0.29051], [0.24704, 0.25889], [0.42095, 0.05731], [0.46047, -0.01383], [0.49605, -0.12055], [0.5, -0.25099], [0.47628, -0.30237], [0.44071, -0.31818], [0.3498, -0.32213], [0.31818, -0.31028], [0.28656, -0.24308], [0.2747, -0.15613], [0.24704, -0.1087], [0.1996, -0.07312], [0.13636, -0.06917], [0.04941, -0.06917], [0.02174, -0.08893], [0.01383, -0.13241], [0.02964, -0.22727], [0.01383, -0.24308], [-0.08893, -0.24704], [-0.10474, -0.22727], [-0.1087, -0.10474], [-0.08498, -0.01383], [-0.08498, 0.07312], [-0.09684, 0.13241], [-0.07708, 0.32213]]}