{"rank": 90, "key_id": "5307830833774592", "category": "elephant", "n_points": 33, "bbox_aspect": 1.6282051282051282, "n_extensions_spliced": 2, "main_perimeter_px": 623.4487596744929, "score": 0.8692957837965493, "coords": [[-0.1811, 0.16142], [-0.19685, 0.20472], [-0.23622, 0.23228], [-0.2874, 0.22047], [-0.32677, 0.17717], [-0.33071, 0.12205], [-0.30315, 0.07087], [-0.29528, 0.00394], [-0.33858, -0.06693], [-0.33858, -0.10236], [-0.25591, -0.14961], [-0.21654, -0.14961], [-0.14567, -0.11024], [-0.09843, -0.11417], [-0.03937, -0.14961], [-0.0315, -0.19685], [-0.11024, -0.24803], [-0.19291, -0.28346], [-0.29921, -0.28346], [-0.37008, -0.24803], [-0.4252, -0.16929], [-0.44488, -0.09055], [-0.5, -0.11417], [-0.49606, -0.16142], [-0.45669, -0.20866], [-0.39764, -0.24409], [-0.27165, -0.29134], [-0.11417, -0.30709], [-0.03543, -0.27953], [0.00394, -0.24803], [0.12992, -0.09843], [0.27559, -0.1063], [0.2874, -0.09449], [-0.1811, 0.16142]]}