{"rank": 91, "key_id": "6125782055256064", "category": "elephant", "n_points": 25, "bbox_aspect": 1.3212435233160622, "n_extensions_spliced": 2, "main_perimeter_px": 437.8499657220717, "score": 0.8678041170759627, "coords": [[-0.13529, 0.08431], [-0.13529, 0.0098], [-0.31569, -0.05294], [-0.43333, -0.02941], [-0.16275, -0.10392], [-0.31569, -0.05294], [-0.11569, -0.07647], [-0.05686, -0.19412], [0.01373, -0.22157], [0.1902, -0.22157], [0.27255, -0.2451], [0.3549, -0.30784], [0.39804, -0.36667], [0.43725, -0.37843], [0.48824, -0.35098], [0.5, -0.32353], [0.49608, -0.28824], [0.4451, -0.22941], [0.37843, -0.19804], [0.20196, -0.17059], [0.08431, -0.08824], [-0.00196, 0.00196], [-0.06863, 0.02549], [-0.08431, 0.05294], [-0.08431, 0.09608], [-0.13529, 0.08431]]}