{"rank": 92, "key_id": "5010103956668416", "category": "elephant", "n_points": 35, "bbox_aspect": 1.1705069124423964, "n_extensions_spliced": 2, "main_perimeter_px": 742.0617048796258, "score": 0.8663419404664716, "coords": [[0.42126, 0.15551], [0.48031, 0.21063], [0.4685, 0.10827], [0.49213, -0.0374], [0.5, -0.25787], [0.47244, -0.30906], [0.40945, -0.34843], [0.3937, -0.34055], [0.36614, -0.28543], [0.34252, -0.11614], [0.33465, -0.27362], [0.3189, -0.33661], [0.30709, -0.3563], [0.24803, -0.37205], [0.20079, -0.37205], [0.18504, -0.3563], [0.17717, -0.26181], [0.20079, -0.11614], [0.15748, -0.2815], [0.11024, -0.37205], [0.08661, -0.38386], [0.02756, -0.3878], [-0.00787, -0.36024], [-0.0315, -0.28937], [-0.03543, -0.17126], [-0.02362, -0.13189], [-0.07874, -0.39567], [-0.09055, -0.41929], [-0.12598, -0.42717], [-0.15748, -0.40748], [-0.17717, -0.32874], [-0.17717, -0.2185], [-0.12992, -0.02559], [-0.12992, -0.0374], [-0.2126, -0.05709], [0.42126, 0.15551]]}