{"rank": 93, "key_id": "6348066397356032", "category": "elephant", "n_points": 29, "bbox_aspect": 1.2561576354679802, "n_extensions_spliced": 2, "main_perimeter_px": 490.4074484390028, "score": 0.8657763973134648, "coords": [[0.48824, 0.13922], [0.40196, 0.18235], [0.26078, 0.18627], [0.14314, 0.15882], [0.05686, 0.11176], [0.06863, 0.1], [0.02157, 0.11961], [-0.04118, 0.10784], [-0.07647, 0.07647], [-0.09608, 0.11569], [-0.16667, -0.04902], [-0.07647, 0.07647], [-0.04118, 0.10784], [0.02157, 0.11961], [0.06863, 0.1], [0.0098, 0.07647], [-0.04902, -0.00196], [-0.08431, -0.07255], [-0.09608, -0.12745], [-0.09216, -0.19804], [-0.05686, -0.35882], [-0.02549, -0.38627], [0.13137, -0.39804], [0.30392, -0.3549], [0.42157, -0.28824], [0.46078, -0.22549], [0.48824, -0.11961], [0.5, 0.09216], [0.48431, 0.11961], [0.48824, 0.13922]]}