{"rank": 94, "key_id": "5319953131503616", "category": "elephant", "n_points": 33, "bbox_aspect": 1.6387096774193548, "n_extensions_spliced": 2, "main_perimeter_px": 561.4111703093806, "score": 0.8647941605653461, "coords": [[0.26378, 0.26969], [0.27165, 0.27756], [0.29528, 0.25787], [0.31496, 0.22638], [0.31102, 0.11614], [0.34252, 0.06102], [0.34252, 0.00197], [0.40945, -0.05315], [0.5, -0.06102], [0.49606, -0.12795], [0.39764, -0.11614], [0.35827, -0.09646], [0.30709, -0.04528], [0.29528, 0.02559], [0.26772, 0.06102], [0.22047, -0.00197], [0.20866, -0.04134], [0.17323, -0.07677], [0.07874, -0.10039], [0.0748, -0.22244], [0.15748, -0.22638], [0.16142, -0.24213], [0.1063, -0.28937], [0.0748, -0.29331], [0.01969, -0.26969], [-0.05512, -0.27756], [-0.09055, -0.26181], [-0.09449, -0.12008], [-0.33071, -0.12795], [-0.33465, -0.22638], [-0.27953, -0.21457], [-0.25197, -0.22638], [-0.29134, -0.29331], [0.26378, 0.26969]]}