{"rank": 95, "key_id": "5699189986033664", "category": "elephant", "n_points": 38, "bbox_aspect": 1.1805555555555556, "n_extensions_spliced": 2, "main_perimeter_px": 588.2471497954091, "score": 0.8639923639304671, "coords": [[0.39804, 0.13333], [0.42941, -0.0], [0.43333, -0.18039], [0.35098, -0.29412], [0.29608, -0.2902], [0.19804, -0.01961], [0.20196, -0.32941], [0.15882, -0.39216], [0.05686, -0.38039], [0.03333, -0.07843], [-0.01373, -0.39608], [-0.06863, -0.42353], [-0.09608, -0.23529], [-0.08431, -0.13725], [-0.20196, -0.22745], [-0.34706, -0.25882], [-0.44118, -0.18039], [-0.5, -0.07451], [-0.32745, -0.04314], [-0.23333, 0.11373], [-0.1902, 0.33333], [-0.10784, 0.40784], [0.13137, 0.42353], [0.24118, 0.4], [0.30784, 0.34118], [0.31961, 0.40392], [0.3549, 0.26667], [0.24118, 0.4], [0.13137, 0.42353], [-0.10784, 0.40784], [-0.1902, 0.33333], [-0.23333, 0.11373], [-0.32745, -0.04314], [-0.5, -0.07451], [-0.44118, -0.18039], [-0.34706, -0.25882], [-0.20196, -0.22745], [-0.08431, -0.13725], [0.39804, 0.13333]]}