{"rank": 96, "key_id": "5977273347866624", "category": "elephant", "n_points": 35, "bbox_aspect": 1.1643835616438356, "n_extensions_spliced": 2, "main_perimeter_px": 723.6913550793392, "score": 0.8626703717711655, "coords": [[-0.40196, -0.17059], [-0.43333, -0.26078], [-0.44118, -0.33922], [-0.38235, -0.42941], [-0.34706, -0.42941], [-0.28039, -0.40196], [-0.26863, -0.35098], [-0.26078, -0.24902], [-0.22157, -0.16275], [-0.19412, -0.13922], [-0.0451, -0.16275], [-0.03333, -0.19804], [-0.02549, -0.34314], [-0.01765, -0.37843], [0.01373, -0.40588], [0.05294, -0.41765], [0.1549, -0.3902], [0.1549, -0.31176], [0.10392, -0.13137], [0.11176, -0.09608], [0.18627, -0.02549], [0.18235, 0.04902], [0.19804, 0.01373], [0.03725, 0.2098], [-0.05294, 0.24118], [-0.22941, 0.25686], [-0.3549, 0.24118], [-0.40588, 0.22157], [-0.46078, 0.1549], [-0.5, 0.03333], [-0.5, -0.00196], [-0.47647, -0.04902], [-0.41765, -0.09608], [-0.40196, -0.13529], [-0.4098, -0.17059], [-0.40196, -0.17059]]}