{"rank": 97, "key_id": "5547393825112064", "category": "elephant", "n_points": 46, "bbox_aspect": 1.5178571428571428, "n_extensions_spliced": 2, "main_perimeter_px": 454.11873778235037, "score": 0.8600875362728986, "coords": [[0.1, 0.29804], [0.09608, 0.10196], [0.18627, -0.18431], [0.22157, -0.24314], [0.32745, -0.32157], [0.41373, -0.32941], [0.43725, -0.31373], [0.48824, -0.23922], [0.5, -0.09804], [0.46863, 0.03529], [0.4098, 0.14902], [0.37059, 0.2], [0.26863, 0.28235], [0.16667, 0.32157], [0.06863, 0.32941], [0.01765, 0.28235], [-0.20196, 0.31373], [-0.16667, 0.24314], [-0.15882, 0.12549], [-0.22941, -0.0902], [-0.31961, -0.21569], [-0.38235, -0.26275], [-0.46078, -0.2549], [-0.5, -0.15294], [-0.5, -0.16471], [-0.47647, 0.05882], [-0.4098, 0.23529], [-0.35882, 0.28235], [-0.29216, 0.3098], [-0.23333, 0.3098], [-0.18627, 0.29412], [-0.18627, 0.29412], [-0.23333, 0.3098], [-0.29216, 0.3098], [-0.35882, 0.28235], [-0.4098, 0.23529], [-0.47647, 0.05882], [-0.5, -0.16471], [-0.5, -0.15294], [-0.46078, -0.2549], [-0.38235, -0.26275], [-0.31961, -0.21569], [-0.22941, -0.0902], [-0.15882, 0.12549], [-0.16667, 0.24314], [-0.20196, 0.31373], [0.1, 0.29804]]}