{"rank": 98, "key_id": "4913085271769088", "category": "elephant", "n_points": 46, "bbox_aspect": 1.4488636363636365, "n_extensions_spliced": 2, "main_perimeter_px": 386.41804471773315, "score": 0.8586966590116564, "coords": [[0.07647, 0.07059], [-0.04118, -0.3451], [0.05294, -0.27059], [0.1, -0.19608], [0.10784, -0.13333], [0.08431, -0.07843], [0.03333, -0.0549], [-0.26863, -0.19608], [-0.28431, -0.18431], [-0.32745, -0.09412], [-0.3902, -0.03137], [-0.45686, -0.04314], [-0.4451, -0.02745], [-0.5, -0.0902], [-0.45686, -0.04314], [-0.3902, -0.03137], [-0.32745, -0.09412], [-0.28431, -0.18431], [-0.26863, -0.19608], [0.03333, -0.0549], [0.08431, -0.07843], [0.10784, -0.13333], [0.1, -0.19608], [0.05294, -0.27059], [-0.04118, -0.3451], [0.23725, 0.1098], [0.36667, 0.18824], [0.37451, 0.21569], [0.36667, 0.24314], [0.33137, 0.27843], [0.28039, 0.29804], [0.22941, 0.27451], [0.2098, 0.23137], [0.21765, 0.11765], [0.27647, -0.00392], [0.32353, -0.03529], [0.37059, -0.03922], [0.41765, -0.01569], [0.46863, 0.03529], [0.49608, 0.08235], [0.5, 0.14902], [0.46471, 0.23137], [0.40588, 0.27843], [0.33922, 0.31765], [0.28431, 0.32941], [0.24902, 0.32157], [0.07647, 0.07059]]}