{"rank": 99, "key_id": "5813474011643904", "category": "elephant", "n_points": 21, "bbox_aspect": 1.3655913978494623, "n_extensions_spliced": 2, "main_perimeter_px": 517.2272598629187, "score": 0.8575807496788856, "coords": [[0.19685, 0.0315], [0.20866, 0.02362], [0.1063, -0.0315], [0.00787, -0.05906], [0.00787, -0.12205], [-0.03543, -0.26772], [-0.12205, -0.2874], [-0.11417, -0.36614], [-0.35433, -0.29921], [-0.43307, -0.3189], [-0.42913, -0.10236], [-0.5, -0.16535], [-0.5, -0.15748], [-0.48425, -0.12992], [-0.42913, -0.08268], [-0.31102, 0.19685], [-0.28346, 0.24016], [-0.05118, 0.23228], [0.02362, 0.21654], [0.05118, 0.17717], [0.05512, 0.1063], [0.19685, 0.0315]]}