{"rank": 100, "key_id": "5377379641851904", "category": "elephant", "n_points": 24, "bbox_aspect": 1.3144329896907216, "n_extensions_spliced": 2, "main_perimeter_px": 492.95981234838285, "score": 0.8558532046317197, "coords": [[0.10392, 0.21569], [0.08431, 0.21176], [0.1, 0.23922], [0.12353, 0.2902], [0.19804, 0.36863], [0.22549, 0.38039], [0.34706, 0.38039], [0.36667, 0.36471], [0.46471, 0.13725], [0.5, 0.20392], [0.48824, 0.01176], [0.48824, -0.07843], [0.43725, -0.2], [0.37451, -0.27451], [0.26863, -0.3451], [0.13922, -0.35686], [0.09608, -0.33333], [0.05294, -0.26667], [0.02157, -0.1098], [0.02549, -0.04314], [0.04118, 0.03137], [0.08824, 0.10588], [0.11961, 0.18824], [0.11176, 0.19216], [0.10392, 0.21569]]}