{"rank": 101, "key_id": "5450043442069504", "category": "elephant", "n_points": 23, "bbox_aspect": 1.4739884393063585, "n_extensions_spliced": 2, "main_perimeter_px": 561.0346950366982, "score": 0.8556168668390627, "coords": [[-0.04902, 0.17451], [0.09608, 0.18235], [0.20196, 0.16667], [0.31569, 0.12745], [0.41765, 0.04902], [0.47647, -0.02941], [0.5, -0.10784], [0.49216, -0.21765], [0.4451, -0.29608], [0.37059, -0.32353], [0.28431, -0.18235], [0.24118, -0.25294], [0.08431, -0.31569], [-0.17451, -0.28824], [-0.20196, -0.24118], [-0.19412, -0.33137], [-0.22157, -0.33922], [-0.3, -0.28824], [-0.31961, -0.23725], [-0.31569, -0.15882], [-0.29216, -0.08039], [-0.29216, -0.00196], [-0.25686, 0.1], [-0.04902, 0.17451]]}