{"rank": 102, "key_id": "6149216906772480", "category": "elephant", "n_points": 21, "bbox_aspect": 1.4406779661016949, "n_extensions_spliced": 2, "main_perimeter_px": 402.9443170625254, "score": 0.8549508968256312, "coords": [[-0.02549, 0.15882], [0.15098, 0.25686], [0.01373, 0.32745], [0.24902, 0.22549], [0.15098, 0.25686], [-0.06078, 0.10392], [-0.09608, 0.08039], [-0.25294, 0.05294], [-0.34314, 0.05294], [-0.43333, 0.02549], [-0.46471, -0.00196], [-0.5, -0.09216], [-0.49608, -0.17843], [-0.47255, -0.26471], [-0.48039, -0.33922], [-0.26078, -0.34706], [-0.27647, -0.14314], [-0.18627, -0.14706], [-0.16275, -0.33529], [-0.1549, -0.34706], [-0.13529, -0.33922], [-0.02549, 0.15882]]}