{"rank": 103, "key_id": "5763233463926784", "category": "elephant", "n_points": 35, "bbox_aspect": 1.7046979865771812, "n_extensions_spliced": 2, "main_perimeter_px": 1016.2638982809732, "score": 0.8538256595503615, "coords": [[-0.45669, -0.00984], [-0.48031, -0.17126], [-0.48031, -0.26575], [-0.4685, -0.29331], [-0.42913, -0.25], [-0.40551, -0.0374], [-0.37795, -0.02953], [-0.24016, -0.03346], [-0.23228, -0.25394], [-0.22047, -0.28543], [-0.18504, -0.27756], [-0.16929, -0.23819], [-0.17323, -0.03346], [-0.13386, -0.00984], [-0.03543, -0.01772], [-0.0315, -0.25787], [0.03543, -0.26575], [0.04331, -0.22638], [0.00787, -0.00984], [0.08661, 0.00591], [0.11024, -0.06102], [0.1378, -0.26181], [0.19685, -0.27362], [0.20079, -0.23425], [0.17323, -0.10827], [0.1378, -0.02953], [0.12598, 0.04921], [0.23228, 0.13583], [0.27165, 0.18307], [0.26772, 0.25], [0.11417, 0.2815], [-0.35039, 0.22244], [-0.47638, 0.18701], [-0.49606, 0.17126], [-0.5, 0.04921], [-0.45669, -0.00984]]}