{"rank": 104, "key_id": "6164298030120960", "category": "elephant", "n_points": 20, "bbox_aspect": 1.3709677419354838, "n_extensions_spliced": 2, "main_perimeter_px": 447.6698708704501, "score": 0.8519979110434751, "coords": [[0.13922, 0.21176], [0.11961, 0.23137], [0.09216, 0.22745], [-0.03333, 0.22745], [-0.07255, 0.20392], [-0.09608, 0.11765], [-0.10392, -0.07059], [-0.13922, -0.1451], [-0.2098, -0.20392], [-0.27647, -0.23922], [-0.36275, -0.26275], [-0.41765, -0.26275], [-0.5, -0.23137], [-0.37843, -0.36078], [-0.28431, -0.36471], [-0.09608, -0.30588], [-0.04118, -0.26667], [-0.02941, -0.10588], [-0.0098, -0.03137], [0.0098, -0.07059], [0.13922, 0.21176]]}