{"rank": 105, "key_id": "5318260557873152", "category": "elephant", "n_points": 28, "bbox_aspect": 1.5740740740740742, "n_extensions_spliced": 2, "main_perimeter_px": 434.62080124054523, "score": 0.8512968520199529, "coords": [[0.14706, -0.01569], [0.11176, 0.00784], [0.05686, 0.08235], [0.05294, 0.13333], [0.07255, 0.15686], [0.06471, 0.16078], [0.13529, 0.16078], [0.1902, 0.12549], [0.22941, 0.05882], [0.25686, -0.03922], [0.31176, -0.08627], [0.38627, -0.08627], [0.42941, -0.06275], [0.44118, 0.02353], [0.42157, 0.07451], [0.46471, 0.08627], [0.49608, 0.01176], [0.5, -0.05098], [0.47255, -0.1098], [0.44118, -0.13333], [0.34706, -0.15294], [0.28824, -0.12549], [0.25686, -0.18039], [0.23725, -0.19216], [0.07255, -0.19216], [0.04902, -0.17255], [-0.02549, -0.20392], [0.02941, -0.06667], [0.14706, -0.01569]]}