{"rank": 106, "key_id": "6118553340084224", "category": "elephant", "n_points": 35, "bbox_aspect": 1.7114093959731544, "n_extensions_spliced": 2, "main_perimeter_px": 831.1847265265296, "score": 0.8510751648524388, "coords": [[-0.33137, 0.11176], [-0.37843, 0.0098], [-0.40588, 0.00196], [-0.49608, 0.03333], [-0.5, -0.02941], [-0.44118, -0.03725], [-0.36667, -0.01373], [-0.28039, 0.07647], [-0.2451, 0.08039], [-0.23333, 0.01765], [-0.2451, -0.13529], [-0.21373, -0.21765], [-0.21765, -0.28824], [-0.08824, -0.29216], [-0.07255, -0.17843], [-0.01373, -0.28039], [0.08824, -0.28039], [0.10392, -0.1549], [0.15882, -0.27647], [0.26078, -0.26863], [0.24902, -0.15098], [0.29216, -0.26471], [0.35882, -0.25686], [0.38627, -0.24118], [0.37059, -0.09216], [0.40588, -0.02157], [0.3902, -0.03725], [0.41373, 0.03333], [0.39412, 0.07255], [0.34706, 0.10392], [0.17059, 0.13137], [-0.12745, 0.11176], [-0.1902, 0.14314], [-0.25686, 0.14706], [-0.27647, 0.12745], [-0.33137, 0.11176]]}