{"rank": 107, "key_id": "4512313484771328", "category": "elephant", "n_points": 25, "bbox_aspect": 1.2878787878787878, "n_extensions_spliced": 2, "main_perimeter_px": 698.9601140994104, "score": 0.8499003278232079, "coords": [[0.44118, -0.27843], [0.5, -0.28627], [0.39412, -0.26275], [0.32745, -0.18431], [0.31176, 0.07451], [0.29608, 0.07059], [0.24902, -0.01961], [0.23333, -0.08627], [0.22941, -0.21961], [0.24902, -0.3098], [0.24902, -0.36863], [0.04118, -0.37255], [0.01765, -0.11765], [0.05686, 0.00392], [0.05294, -0.03137], [0.02157, -0.05098], [-0.1, -0.04706], [-0.1549, -0.03137], [-0.11569, -0.36863], [-0.1902, -0.38824], [-0.32353, -0.38824], [-0.33137, -0.36078], [-0.32745, -0.05098], [-0.30784, -0.03529], [-0.20588, -0.03137], [0.44118, -0.27843]]}