{"rank": 108, "key_id": "5515008261750784", "category": "elephant", "n_points": 32, "bbox_aspect": 1.655844155844156, "n_extensions_spliced": 2, "main_perimeter_px": 760.2803410486081, "score": 0.8491795723801577, "coords": [[0.01373, -0.06275], [-0.0098, -0.18431], [-0.0098, -0.28627], [0.10784, -0.2902], [0.11961, -0.20392], [0.11176, -0.0549], [0.17451, -0.04706], [0.1902, -0.02745], [0.2098, 0.14118], [0.28039, 0.13333], [0.36275, 0.04706], [0.43333, -0.07451], [0.46471, -0.18039], [0.5, -0.16863], [0.42941, -0.00784], [0.35882, 0.10196], [0.33529, 0.12549], [0.20196, 0.16471], [0.18235, 0.25882], [0.16667, 0.29412], [0.13922, 0.30196], [-0.03725, 0.28627], [-0.15098, 0.23529], [-0.30392, 0.22353], [-0.37843, 0.20392], [-0.44902, 0.16863], [-0.49608, 0.09804], [-0.5, 0.03137], [-0.48824, 0.01569], [-0.4451, -0.01569], [-0.26078, -0.05098], [-0.18627, -0.06275], [0.01373, -0.06275]]}