{"rank": 109, "key_id": "6703031145988096", "category": "elephant", "n_points": 35, "bbox_aspect": 1.7162162162162162, "n_extensions_spliced": 2, "main_perimeter_px": 780.3262609768701, "score": 0.8491118370234206, "coords": [[-0.44488, -0.26772], [-0.46457, -0.27165], [-0.3937, -0.28346], [-0.33858, -0.27953], [-0.3189, -0.20079], [-0.3189, -0.0748], [-0.29528, -0.03543], [-0.25197, -0.01969], [-0.21654, -0.03543], [-0.20472, -0.07087], [-0.22441, -0.2126], [-0.22047, -0.2874], [-0.12205, -0.29134], [-0.08268, -0.04331], [-0.05512, -0.02756], [-0.01575, -0.02756], [0.05906, -0.03543], [0.14567, -0.07874], [0.15748, -0.23622], [0.17717, -0.2874], [0.20472, -0.29134], [0.30315, -0.26378], [0.29921, -0.17717], [0.25591, 0.00394], [0.39764, -0.0], [0.41339, -0.24409], [0.42913, -0.27559], [0.48425, -0.23622], [0.47244, -0.1063], [0.42126, 0.1378], [0.45276, 0.13386], [0.48031, 0.09055], [0.48819, 0.03937], [0.48031, -0.05906], [0.5, -0.03937], [-0.44488, -0.26772]]}