{"rank": 110, "key_id": "4623390079975424", "category": "elephant", "n_points": 31, "bbox_aspect": 1.1971830985915493, "n_extensions_spliced": 2, "main_perimeter_px": 627.7300561668695, "score": 0.8487827333127851, "coords": [[-0.26863, 0.29216], [-0.24902, 0.29216], [-0.19804, 0.30392], [-0.06471, 0.36667], [0.03725, 0.37843], [0.11569, 0.34706], [0.18235, 0.26471], [0.24902, 0.3549], [0.31569, 0.41373], [0.42157, 0.41765], [0.44902, 0.41373], [0.47255, 0.38627], [0.47255, 0.30784], [0.40196, 0.17843], [0.49608, 0.02157], [0.5, -0.04118], [0.46863, -0.11569], [0.41765, -0.1549], [0.33529, -0.16275], [0.25686, -0.12745], [0.17059, -0.05686], [0.16667, -0.06863], [0.17843, -0.12353], [0.25294, -0.2098], [0.31569, -0.25686], [0.38235, -0.27255], [0.29216, -0.26863], [0.1902, -0.23333], [0.13922, -0.20196], [0.07255, -0.13529], [0.06471, -0.10784], [-0.26863, 0.29216]]}