{"rank": 111, "key_id": "5296571295989760", "category": "elephant", "n_points": 26, "bbox_aspect": 1.2686567164179106, "n_extensions_spliced": 2, "main_perimeter_px": 679.4185468517335, "score": 0.847707147001363, "coords": [[-0.04902, 0.3], [-0.08431, 0.34314], [-0.2451, 0.2451], [-0.29216, 0.18235], [-0.33137, 0.07647], [-0.36667, 0.06863], [-0.43333, 0.08431], [-0.5, 0.03333], [-0.4098, -0.06471], [-0.37059, -0.04902], [-0.31961, -0.00196], [-0.32353, -0.07647], [-0.27647, -0.35882], [-0.23725, -0.38235], [-0.03725, -0.38627], [-0.07255, -0.32353], [-0.1, -0.19804], [-0.08824, -0.13922], [-0.04902, -0.09608], [0.06863, -0.10784], [0.04118, -0.23725], [0.04118, -0.34314], [0.24118, -0.33137], [0.29216, -0.31569], [0.24118, -0.08824], [0.29608, -0.04902], [-0.04902, 0.3]]}