{"rank": 112, "key_id": "5754609169596416", "category": "elephant", "n_points": 26, "bbox_aspect": 1.2686567164179106, "n_extensions_spliced": 2, "main_perimeter_px": 505.1732174350569, "score": 0.847707147001363, "coords": [[-0.10392, 0.31569], [-0.15882, 0.29216], [-0.20588, 0.22549], [-0.23333, 0.15098], [-0.23333, 0.09608], [-0.24118, 0.08824], [-0.17451, -0.01765], [-0.11569, -0.04118], [-0.13922, -0.15098], [-0.10784, -0.29216], [-0.05294, -0.36275], [0.03725, -0.39412], [0.06863, -0.35098], [0.00196, -0.31176], [-0.02157, -0.27647], [-0.03333, -0.23725], [-0.02941, -0.06078], [0.06863, -0.05294], [0.10392, -0.02941], [0.16275, 0.06471], [0.17059, 0.15882], [0.11569, 0.25294], [0.12745, 0.23725], [0.07255, 0.30392], [0.02941, 0.31961], [-0.08431, 0.31569], [-0.10392, 0.31569]]}