{"rank": 113, "key_id": "5067028996030464", "category": "elephant", "n_points": 33, "bbox_aspect": 1.165137614678899, "n_extensions_spliced": 2, "main_perimeter_px": 760.8856697633945, "score": 0.8464568773257642, "coords": [[-0.01575, 0.16535], [-0.00394, 0.37402], [-0.04724, 0.34252], [-0.17717, 0.12598], [-0.1811, 0.01575], [-0.14961, -0.0315], [-0.09843, -0.05512], [-0.02362, -0.05118], [0.02756, -0.01969], [0.03543, 0.01575], [0.09449, -0.08268], [0.04331, -0.09843], [0.14173, -0.13386], [0.18898, -0.22441], [0.30315, -0.37402], [0.4252, -0.42913], [0.47638, -0.42913], [0.49213, -0.3937], [0.5, -0.31496], [0.48819, -0.29134], [0.37402, -0.24409], [0.29134, -0.14961], [0.23622, -0.02362], [0.25591, 0.09843], [0.29921, 0.20472], [0.30315, 0.26772], [0.29921, 0.36614], [0.27559, 0.40551], [0.23228, 0.42913], [0.17717, 0.40945], [0.08268, 0.27559], [0.05512, 0.19685], [-0.02362, 0.14567], [-0.01575, 0.16535]]}