{"rank": 114, "key_id": "5312966457032704", "category": "elephant", "n_points": 32, "bbox_aspect": 1.6666666666666667, "n_extensions_spliced": 2, "main_perimeter_px": 703.5172294885562, "score": 0.8446192956653222, "coords": [[-0.01765, 0.11176], [0.00196, 0.10392], [-0.16667, 0.17451], [-0.32353, 0.1902], [-0.3902, 0.16667], [-0.49216, 0.10392], [-0.5, -0.23333], [-0.42549, -0.27647], [-0.40196, -0.28039], [-0.3902, -0.26078], [-0.37451, -0.19804], [-0.4098, -0.17059], [-0.39804, -0.05686], [-0.38235, -0.04902], [-0.36667, -0.1], [-0.37843, -0.14314], [-0.37843, -0.28824], [-0.25294, -0.29216], [-0.31569, -0.22549], [-0.29216, -0.03333], [-0.25294, -0.05686], [-0.13922, -0.08039], [-0.10392, -0.08039], [-0.06863, -0.05686], [-0.06078, -0.08039], [-0.08039, -0.3], [0.0451, -0.29608], [0.05686, -0.26471], [0.01373, -0.24902], [0.00588, -0.23333], [0.0098, -0.05686], [0.0098, -0.06078], [-0.01765, 0.11176]]}