{"rank": 115, "key_id": "6674830910816256", "category": "elephant", "n_points": 38, "bbox_aspect": 1.7114093959731544, "n_extensions_spliced": 2, "main_perimeter_px": 754.8106508101347, "score": 0.8427418315191054, "coords": [[-0.2098, 0.18235], [-0.29216, 0.16667], [-0.37843, 0.04118], [-0.49216, -0.03333], [-0.36667, -0.06863], [-0.31569, 0.06471], [-0.3902, -0.07255], [-0.49216, -0.03333], [-0.37843, 0.04118], [-0.33137, 0.12745], [-0.26471, 0.17843], [-0.2098, 0.17451], [-0.17843, 0.28824], [-0.04902, 0.29216], [0.00196, 0.25294], [0.01765, 0.16275], [0.11569, 0.14314], [0.3, 0.14314], [0.45686, 0.09216], [0.5, 0.00196], [0.49216, -0.19412], [0.4451, -0.27255], [0.34706, -0.27255], [0.31569, -0.09216], [0.24902, -0.08039], [0.17451, -0.12353], [0.16275, -0.25294], [0.11569, -0.28039], [0.03333, -0.2451], [0.06078, -0.09216], [-0.02549, -0.07255], [-0.08824, -0.11569], [-0.1, -0.26078], [-0.15882, -0.29216], [-0.23333, -0.25686], [-0.24902, -0.17451], [-0.20196, -0.12353], [-0.16667, 0.06078], [-0.2098, 0.18235]]}