{"rank": 116, "key_id": "4504745790144512", "category": "elephant", "n_points": 19, "bbox_aspect": 1.4166666666666667, "n_extensions_spliced": 2, "main_perimeter_px": 395.1652402516793, "score": 0.8379623136096295, "coords": [[-0.18235, -0.00392], [-0.08431, 0.12157], [-0.18235, -0.23529], [-0.1549, -0.35294], [-0.08039, -0.34118], [-0.1, -0.18039], [-0.03333, -0.17647], [0.0098, -0.25098], [0.01373, -0.33333], [0.02549, -0.33333], [0.12353, -0.3098], [0.13137, -0.16471], [0.22157, -0.11765], [0.31961, -0.08235], [0.36667, -0.08627], [0.41373, -0.12157], [0.45294, -0.16863], [0.47255, -0.22745], [0.5, -0.21176], [-0.18235, -0.00392]]}