{"rank": 117, "key_id": "5317912044765184", "category": "elephant", "n_points": 35, "bbox_aspect": 1.1233480176211454, "n_extensions_spliced": 2, "main_perimeter_px": 975.9176109676164, "score": 0.8375555704057341, "coords": [[-0.1902, 0.41765], [-0.17451, 0.4451], [-0.3549, 0.39804], [-0.43333, 0.32745], [-0.47647, 0.25686], [-0.5, 0.03333], [-0.44902, -0.23333], [-0.45686, -0.30784], [-0.5, -0.38627], [-0.46078, -0.4451], [-0.40588, -0.4098], [-0.36275, -0.31961], [-0.3549, 0.01373], [-0.28039, -0.00196], [-0.16667, 0.0098], [-0.1549, -0.00588], [-0.07255, 0.06471], [-0.12745, -0.15882], [-0.11961, -0.3549], [-0.10392, -0.38235], [-0.01373, -0.37843], [0.01373, -0.34314], [0.01765, -0.22941], [-0.01373, -0.07255], [0.00196, -0.05294], [0.10784, -0.05686], [0.13137, -0.07647], [0.1549, -0.33922], [0.23333, -0.35882], [0.27255, -0.33137], [0.28431, -0.17451], [0.26471, -0.08824], [0.37451, -0.10784], [0.39412, -0.30784], [0.5, -0.31961], [-0.1902, 0.41765]]}