{"rank": 118, "key_id": "6629848627806208", "category": "elephant", "n_points": 37, "bbox_aspect": 1.1233480176211454, "n_extensions_spliced": 2, "main_perimeter_px": 682.1267021823743, "score": 0.8375555704057341, "coords": [[0.15098, 0.28824], [0.17843, 0.30784], [0.08039, 0.39412], [-0.01765, 0.43725], [-0.45294, 0.4451], [-0.5, 0.3902], [-0.47647, 0.39412], [-0.43725, 0.3902], [-0.5, 0.3902], [-0.45294, 0.4451], [-0.01765, 0.43725], [0.08039, 0.39412], [0.17843, 0.30784], [0.17843, 0.03333], [0.2098, -0.09216], [0.25686, -0.19804], [0.31569, -0.28039], [0.36275, -0.31569], [0.48039, -0.31569], [0.5, -0.29608], [0.5, -0.31569], [0.41373, -0.39804], [0.39804, -0.44118], [0.27255, -0.4451], [0.20588, -0.41765], [0.16275, -0.34314], [0.11961, -0.18627], [0.04118, -0.03725], [0.03725, 0.04902], [0.0098, 0.16275], [0.00588, 0.01373], [0.02941, -0.11961], [0.02941, -0.20588], [0.01765, -0.22941], [-0.17843, -0.24118], [-0.22157, -0.27647], [-0.43725, -0.26863], [0.15098, 0.28824]]}