{"rank": 119, "key_id": "6719898841513984", "category": "elephant", "n_points": 35, "bbox_aspect": 1.1233480176211454, "n_extensions_spliced": 2, "main_perimeter_px": 979.6920836286412, "score": 0.8375555704057341, "coords": [[0.26078, 0.14314], [0.31176, 0.08431], [0.37451, 0.10392], [0.41765, 0.14706], [0.35098, 0.17451], [0.43333, 0.18627], [0.37451, 0.10392], [0.31176, 0.08431], [0.24902, 0.16275], [0.26078, -0.01373], [0.21765, -0.06078], [0.23333, -0.25294], [0.21765, -0.31569], [0.16275, -0.2451], [0.12745, -0.40196], [0.08039, -0.35098], [0.05294, -0.27647], [0.04118, -0.15882], [0.04118, 0.0451], [-0.06471, -0.02549], [-0.19804, -0.06078], [-0.32745, -0.06078], [-0.3, -0.31961], [-0.31961, -0.41765], [-0.37451, -0.30392], [-0.3902, -0.20588], [-0.38235, -0.08431], [-0.37843, -0.37843], [-0.40588, -0.4451], [-0.46078, -0.35882], [-0.49608, -0.20588], [-0.48824, -0.08824], [-0.40588, 0.04902], [-0.5, 0.06078], [-0.46471, 0.14706], [0.26078, 0.14314]]}