{"rank": 120, "key_id": "5792482929410048", "category": "elephant", "n_points": 35, "bbox_aspect": 1.7465753424657535, "n_extensions_spliced": 2, "main_perimeter_px": 630.7643763982892, "score": 0.8368373858864528, "coords": [[-0.34706, -0.12549], [-0.35098, -0.13333], [-0.3549, -0.08235], [-0.40588, -0.07451], [-0.47647, -0.1098], [-0.5, -0.1098], [-0.43725, -0.07451], [-0.34314, -0.04706], [-0.33137, 0.02745], [-0.31569, 0.04706], [-0.11569, 0.11373], [0.03333, 0.12157], [0.07647, 0.10588], [0.08039, 0.14902], [0.04902, 0.2], [0.04902, 0.23922], [0.09216, 0.27059], [0.15098, 0.28627], [0.19804, 0.28627], [0.22941, 0.27451], [0.24118, 0.09412], [0.33529, 0.10196], [0.3902, 0.08627], [0.4098, 0.06667], [0.48824, -0.10196], [0.5, -0.19608], [0.46863, -0.17647], [0.43725, -0.0549], [0.39804, 0.00784], [0.37451, 0.00784], [0.36275, -0.00392], [0.35882, -0.10588], [0.34314, -0.11765], [0.18627, -0.12549], [0.12353, -0.10588], [-0.34706, -0.12549]]}