{"rank": 121, "key_id": "5421614768324608", "category": "elephant", "n_points": 36, "bbox_aspect": 1.7708333333333333, "n_extensions_spliced": 2, "main_perimeter_px": 489.79713997295175, "score": 0.8355153937271511, "coords": [[-0.45686, 0.08235], [-0.45686, 0.11373], [-0.26863, 0.23137], [-0.12353, 0.27843], [0.06078, 0.28235], [0.16275, 0.27059], [0.3, 0.23529], [0.37059, 0.19216], [0.43725, 0.12941], [0.5, 0.03529], [0.48431, -0.0549], [0.4451, -0.09412], [0.35882, -0.11373], [0.28824, -0.07451], [0.26863, -0.03137], [0.34706, -0.0], [0.39412, -0.05882], [0.42941, 0.01176], [0.3902, 0.07451], [0.31569, 0.05098], [0.18235, -0.02745], [0.14706, -0.06667], [0.14706, -0.13333], [0.1902, -0.25882], [0.06471, -0.25882], [0.03725, -0.10196], [-0.03725, -0.12549], [-0.01373, -0.27059], [-0.02941, -0.1098], [0.03725, -0.10196], [0.06471, -0.25882], [0.1902, -0.25882], [0.14706, -0.13333], [0.14706, -0.06667], [0.18235, -0.02745], [0.29216, 0.04706], [-0.45686, 0.08235]]}