{"rank": 122, "key_id": "6192007045185536", "category": "elephant", "n_points": 29, "bbox_aspect": 1.2028301886792452, "n_extensions_spliced": 2, "main_perimeter_px": 634.8959357410803, "score": 0.8354101903723071, "coords": [[-0.09216, 0.35686], [-0.20196, 0.40784], [-0.3, 0.41569], [-0.40196, 0.36471], [-0.41765, 0.31765], [-0.42549, 0.04314], [-0.45686, -0.00784], [-0.5, -0.04314], [-0.44118, -0.06667], [-0.39804, -0.05882], [-0.30392, -0.01569], [-0.18235, 0.06275], [-0.1902, -0.07451], [-0.14706, -0.10196], [-0.10784, -0.10196], [-0.04902, -0.07451], [0.05294, -0.02353], [0.10784, 0.02353], [0.13922, 0.08235], [0.13529, 0.07451], [0.15098, 0.13725], [0.14314, 0.31373], [0.08824, 0.34118], [-0.01373, 0.36471], [-0.07647, 0.34118], [-0.11569, 0.2902], [-0.16667, 0.16471], [-0.18235, 0.01569], [-0.11569, -0.00784], [-0.09216, 0.35686]]}