{"rank": 123, "key_id": "6281216904921088", "category": "elephant", "n_points": 21, "bbox_aspect": 1.4825581395348837, "n_extensions_spliced": 2, "main_perimeter_px": 438.2271102027192, "score": 0.8348922177933679, "coords": [[-0.48039, -0.08235], [-0.5, -0.10196], [-0.48431, 0.06275], [-0.44118, 0.16471], [-0.35882, 0.2549], [-0.21373, 0.31765], [-0.10392, 0.33725], [0.0098, 0.33725], [0.09216, 0.3098], [0.17843, 0.23529], [0.22549, 0.12157], [0.30392, 0.14902], [0.3549, 0.14902], [0.40196, 0.13725], [0.45686, 0.08627], [0.46078, 0.06667], [0.38627, 0.03137], [0.33922, 0.07059], [0.28431, 0.02353], [0.17843, 0.09412], [0.17059, 0.13725], [-0.48039, -0.08235]]}