{"rank": 124, "key_id": "4662523993260032", "category": "elephant", "n_points": 28, "bbox_aspect": 1.6139240506329113, "n_extensions_spliced": 2, "main_perimeter_px": 446.12588874353975, "score": 0.8337959404761608, "coords": [[-0.17059, -0.29804], [-0.08039, -0.27843], [-0.08824, -0.17255], [-0.06863, -0.09412], [-0.20196, 0.01961], [-0.15098, 0.04706], [-0.14314, 0.03922], [-0.13137, 0.04314], [-0.18235, -0.02745], [-0.14314, 0.03922], [-0.15098, 0.04706], [-0.20196, 0.01961], [-0.05686, -0.26667], [-0.07255, -0.3098], [-0.04118, -0.29412], [0.05294, -0.29412], [0.0451, -0.14902], [0.04902, -0.08627], [0.06078, -0.08235], [0.19804, -0.10588], [0.29216, -0.07843], [0.29608, -0.22353], [0.30784, -0.24314], [0.37451, -0.23529], [0.37843, -0.08235], [0.40196, -0.2549], [0.43333, -0.26667], [0.5, -0.25098], [-0.17059, -0.29804]]}