{"rank": 125, "key_id": "4787782788579328", "category": "elephant", "n_points": 34, "bbox_aspect": 1.7346938775510203, "n_extensions_spliced": 2, "main_perimeter_px": 527.2462055165967, "score": 0.8332822281023995, "coords": [[-0.22549, 0.06863], [-0.24902, 0.12353], [-0.27647, 0.1549], [-0.37843, 0.16275], [-0.42549, 0.13529], [-0.49216, 0.0451], [-0.5, -0.00588], [-0.48824, -0.05686], [-0.46471, -0.08824], [-0.39804, -0.11961], [-0.32745, -0.11961], [-0.22941, -0.07255], [-0.22157, -0.08824], [-0.23725, -0.22157], [-0.21765, -0.26078], [-0.17059, -0.2451], [-0.14706, -0.13922], [-0.12745, -0.16275], [-0.13529, -0.21373], [-0.10784, -0.26471], [-0.07647, -0.25686], [-0.03725, -0.20588], [-0.02941, -0.13922], [-0.00588, -0.16667], [-0.01373, -0.22941], [0.00588, -0.27255], [0.04118, -0.26078], [0.06863, -0.16667], [0.11176, -0.16275], [0.10392, -0.24902], [0.14314, -0.28824], [0.17451, -0.2451], [0.17059, -0.18235], [0.19412, -0.14706], [-0.22549, 0.06863]]}