{"rank": 126, "key_id": "6341481033891840", "category": "elephant", "n_points": 35, "bbox_aspect": 1.7586206896551724, "n_extensions_spliced": 2, "main_perimeter_px": 775.8021713160189, "score": 0.8320263703850196, "coords": [[-0.39804, 0.06471], [-0.42941, -0.27647], [-0.31176, -0.28039], [-0.30392, 0.02157], [-0.26078, 0.02549], [-0.16275, 0.0098], [-0.17451, -0.28039], [-0.06471, -0.28431], [-0.04118, -0.25294], [-0.03725, -0.15882], [-0.09608, 0.04118], [0.06471, 0.06863], [0.14314, 0.10784], [0.18235, 0.14706], [0.19412, 0.17843], [0.18235, 0.2098], [0.2451, 0.22157], [0.33137, 0.20196], [0.33922, 0.18235], [0.30784, 0.09608], [0.33529, 0.13529], [0.33922, 0.18235], [0.33137, 0.20196], [0.2451, 0.22157], [0.1549, 0.22941], [0.04902, 0.26471], [-0.10392, 0.28431], [-0.24118, 0.28039], [-0.35098, 0.2451], [-0.46863, 0.15882], [-0.49608, 0.11961], [-0.5, 0.08039], [-0.46471, 0.04118], [-0.4098, 0.02157], [-0.28431, 0.02157], [-0.39804, 0.06471]]}