{"rank": 127, "key_id": "5437950458331136", "category": "elephant", "n_points": 21, "bbox_aspect": 1.3144329896907216, "n_extensions_spliced": 2, "main_perimeter_px": 448.12441056734286, "score": 0.8308532046317196, "coords": [[0.1902, 0.3451], [0.16275, 0.36863], [0.1, 0.38039], [-0.01373, 0.32941], [-0.06471, 0.27843], [-0.13137, 0.14902], [-0.15098, 0.01176], [-0.24118, -0.08235], [-0.31961, -0.09804], [-0.37059, -0.08235], [-0.42941, -0.02353], [-0.44902, 0.04706], [-0.49216, -0.0549], [-0.5, -0.10588], [-0.29216, -0.25882], [-0.17843, -0.28235], [-0.1, -0.23529], [-0.03725, -0.15294], [-0.02941, -0.12941], [-0.02941, -0.12157], [0.05686, -0.02353], [0.1902, 0.3451]]}