{"rank": 128, "key_id": "5275182203666432", "category": "elephant", "n_points": 26, "bbox_aspect": 1.5838509316770186, "n_extensions_spliced": 2, "main_perimeter_px": 619.3742241641581, "score": 0.8302958061797414, "coords": [[-0.1549, 0.23333], [-0.14706, 0.22941], [-0.09608, 0.14706], [-0.28824, 0.14706], [-0.33137, 0.14314], [-0.36667, 0.1549], [-0.40588, 0.19804], [-0.42549, 0.2451], [-0.40588, 0.28431], [-0.46078, 0.28824], [-0.5, 0.27255], [-0.48431, 0.18627], [-0.44118, 0.12745], [-0.36275, 0.08824], [-0.3, 0.07647], [-0.23333, 0.08431], [-0.2098, 0.06078], [-0.1902, -0.03333], [-0.20196, -0.29608], [-0.0451, -0.3], [-0.04118, -0.06078], [0.10392, -0.08824], [0.17451, -0.07255], [0.18235, -0.29608], [0.28431, -0.31569], [0.29608, -0.09216], [-0.1549, 0.23333]]}