{"rank": 129, "key_id": "6080815576383488", "category": "elephant", "n_points": 26, "bbox_aspect": 1.5838509316770186, "n_extensions_spliced": 2, "main_perimeter_px": 578.2902253508639, "score": 0.8302958061797414, "coords": [[0.35882, 0.27255], [0.3549, 0.28431], [0.28039, 0.29608], [0.19804, 0.28824], [0.06078, 0.31569], [-0.04902, 0.31176], [-0.1, 0.28431], [-0.17451, 0.18235], [-0.20196, 0.09216], [-0.21373, -0.03333], [-0.25686, -0.09216], [-0.30784, -0.10784], [-0.37843, -0.10784], [-0.46471, -0.08039], [-0.5, -0.05294], [-0.46078, -0.15882], [-0.3902, -0.23333], [-0.34314, -0.23725], [-0.27647, -0.2098], [-0.16667, -0.1902], [-0.13137, -0.16667], [-0.09216, -0.08431], [-0.06471, 0.07647], [-0.11961, -0.22157], [-0.17059, -0.26471], [-0.1549, -0.27647], [0.35882, 0.27255]]}