{"rank": 130, "key_id": "5324006049710080", "category": "elephant", "n_points": 34, "bbox_aspect": 1.1233480176211454, "n_extensions_spliced": 2, "main_perimeter_px": 825.0141577127565, "score": 0.8292222370724007, "coords": [[0.0098, -0.19412], [-0.01373, -0.28824], [-0.05294, -0.33922], [-0.19412, -0.34706], [-0.22941, -0.36667], [-0.26078, -0.41765], [-0.31176, -0.4451], [-0.34706, -0.43333], [-0.38235, -0.3549], [-0.23333, -0.27255], [-0.18235, -0.20196], [-0.06078, -0.18627], [-0.00196, -0.1], [-0.12353, -0.1], [-0.19412, -0.04902], [-0.21765, -0.01373], [-0.25686, 0.08824], [-0.25686, 0.13529], [-0.21373, 0.28431], [-0.14706, 0.3549], [0.01373, 0.41373], [0.13529, 0.41373], [0.11176, 0.40196], [0.23333, 0.36667], [0.3, 0.30784], [0.3549, 0.23725], [0.41373, 0.08039], [0.41373, -0.05294], [0.36667, -0.17059], [0.31961, -0.22941], [0.28824, -0.2451], [0.18627, -0.2451], [-0.01765, -0.20588], [-0.05294, -0.15098], [0.0098, -0.19412]]}