{"rank": 131, "key_id": "5314461642522624", "category": "elephant", "n_points": 24, "bbox_aspect": 1.5521472392638036, "n_extensions_spliced": 2, "main_perimeter_px": 503.4424356042602, "score": 0.8277830640903185, "coords": [[0.42885, -0.10079], [0.5, -0.01383], [0.49605, 0.05336], [0.40514, 0.19565], [0.24704, 0.27075], [0.16798, 0.29051], [0.06522, 0.29447], [-0.08498, 0.2668], [-0.14822, 0.23913], [-0.21542, 0.23518], [-0.26285, 0.31028], [-0.30632, 0.32213], [-0.36957, 0.29051], [-0.38142, 0.23913], [-0.43281, 0.20356], [-0.5, 0.19565], [-0.49605, 0.15217], [-0.43676, 0.14427], [-0.35771, 0.21542], [-0.25494, 0.20356], [-0.24308, 0.14427], [-0.25099, 0.05731], [-0.21146, 0.02964], [-0.12846, 0.0415], [0.42885, -0.10079]]}