{"rank": 132, "key_id": "4651399088439296", "category": "elephant", "n_points": 33, "bbox_aspect": 1.727891156462585, "n_extensions_spliced": 2, "main_perimeter_px": 737.8338991011411, "score": 0.8276993894669888, "coords": [[-0.02362, 0.18307], [-0.07087, 0.27756], [0.16142, 0.19882], [0.44094, 0.18701], [0.47638, 0.16732], [0.48819, 0.1437], [0.5, 0.05709], [0.48819, -0.22244], [0.4685, -0.28937], [0.38976, -0.27756], [0.35433, -0.24213], [0.35827, -0.08465], [0.32677, -0.02559], [0.2874, -0.01378], [0.25984, -0.02953], [0.26378, -0.14764], [0.2874, -0.26181], [0.25984, -0.2815], [0.24409, -0.26969], [0.21654, -0.20669], [0.24409, -0.10433], [0.24803, -0.02559], [0.23228, 0.01378], [0.11417, -0.00984], [0.08268, -0.24213], [0.04724, -0.27756], [0.0315, -0.27756], [-0.01181, -0.21063], [-0.00787, -0.16732], [0.04331, -0.08071], [0.05512, 0.00984], [0.0315, -0.01772], [-0.01181, -0.16339], [-0.02362, 0.18307]]}