{"rank": 133, "key_id": "5954986322165760", "category": "elephant", "n_points": 35, "bbox_aspect": 1.7708333333333333, "n_extensions_spliced": 2, "main_perimeter_px": 597.3915964279786, "score": 0.8271820603938178, "coords": [[-0.0451, 0.09804], [-0.11176, 0.04314], [-0.12353, 0.02745], [-0.19804, 0.03922], [-0.25294, 0.08627], [-0.27647, 0.13725], [-0.26863, 0.21176], [-0.27255, 0.12941], [-0.25294, 0.08627], [-0.19804, 0.03922], [-0.12353, 0.02745], [-0.11176, 0.04314], [0.11961, 0.09412], [0.31961, 0.11373], [0.3549, 0.07059], [0.4098, 0.06667], [0.49608, 0.12157], [0.5, 0.0549], [0.35882, -0.0], [0.35098, -0.01569], [0.36275, -0.26667], [0.2098, -0.28235], [0.21765, -0.15686], [0.20196, -0.07451], [0.18627, -0.05882], [0.04902, -0.06667], [0.05294, -0.19216], [0.02941, -0.27843], [-0.01765, -0.27843], [-0.10784, -0.25882], [-0.08039, -0.18824], [-0.06863, -0.07843], [-0.11176, -0.0902], [-0.1902, -0.0902], [-0.18627, -0.18039], [-0.0451, 0.09804]]}