{"rank": 134, "key_id": "6712475628077056", "category": "elephant", "n_points": 46, "bbox_aspect": 1.5088757396449703, "n_extensions_spliced": 2, "main_perimeter_px": 385.0744705474695, "score": 0.8269280275054425, "coords": [[0.5, -0.03333], [0.43725, -0.03725], [0.45686, -0.06471], [0.43725, -0.06863], [0.30392, -0.22549], [0.19412, -0.28039], [0.08824, -0.27647], [0.0098, -0.23725], [-0.05294, -0.11569], [-0.06471, -0.03333], [-0.07647, -0.08824], [-0.11961, -0.13137], [-0.18627, -0.15882], [-0.22157, -0.13922], [-0.25294, -0.14314], [-0.28431, -0.20196], [-0.38235, -0.3], [-0.45294, -0.33137], [-0.45294, -0.33137], [-0.38235, -0.3], [-0.28431, -0.20196], [-0.25294, -0.14314], [-0.22157, -0.13922], [-0.18627, -0.15882], [-0.11961, -0.13137], [-0.07647, -0.08824], [-0.06471, -0.03333], [-0.05294, -0.11569], [0.0098, -0.23725], [0.08824, -0.27647], [0.19412, -0.28039], [0.30392, -0.22549], [0.43725, -0.06863], [0.45686, -0.06471], [0.37059, -0.01765], [0.24902, 0.18627], [0.13922, 0.30392], [0.06863, 0.33137], [0.00588, 0.32353], [-0.10392, 0.28824], [-0.23725, 0.17451], [-0.32353, 0.05294], [-0.3902, -0.2098], [-0.44118, -0.25294], [-0.48431, -0.25686], [-0.5, -0.2451], [0.5, -0.03333]]}