{"rank": 135, "key_id": "6752320257785856", "category": "elephant", "n_points": 27, "bbox_aspect": 1.215311004784689, "n_extensions_spliced": 2, "main_perimeter_px": 557.9349258344364, "score": 0.8259694449027588, "coords": [[-0.2874, 0.10039], [-0.29921, 0.09646], [-0.35827, 0.12402], [-0.48031, 0.21457], [-0.5, 0.27756], [-0.5, 0.32087], [-0.48031, 0.34843], [-0.29134, 0.37598], [-0.21654, 0.37598], [-0.12598, 0.36024], [-0.08268, 0.32874], [-0.05512, 0.28937], [-0.04724, 0.1437], [-0.03543, 0.1437], [0.06693, 0.16339], [0.09449, 0.30906], [0.16142, 0.39173], [0.22835, 0.41142], [0.31102, 0.41142], [0.38976, 0.37598], [0.46063, 0.31299], [0.5, 0.23425], [0.49606, 0.15945], [0.46063, 0.1122], [0.40945, 0.07283], [0.33071, 0.0374], [0.18898, 0.00984], [-0.2874, 0.10039]]}