{"rank": 136, "key_id": "4667290299662336", "category": "elephant", "n_points": 28, "bbox_aspect": 1.6346153846153846, "n_extensions_spliced": 2, "main_perimeter_px": 736.2347740540358, "score": 0.82487862243196, "coords": [[-0.33922, -0.16078], [-0.33137, -0.28627], [-0.20196, -0.28235], [-0.1902, -0.1451], [-0.05686, -0.15686], [-0.05294, -0.29804], [0.08431, -0.28235], [0.08431, -0.11373], [-0.08039, -0.1451], [-0.39804, -0.17255], [-0.44902, -0.17255], [-0.48431, -0.12941], [-0.5, 0.00784], [-0.45294, 0.12941], [-0.40196, 0.18431], [-0.32353, 0.24314], [-0.24902, 0.27843], [-0.15882, 0.30588], [-0.08431, 0.30588], [-0.0098, 0.27843], [0.04902, 0.23137], [0.10392, 0.16078], [0.16275, 0.00784], [0.31961, 0.01569], [0.16667, -0.0549], [0.13529, -0.03529], [0.11569, -0.12549], [0.04902, -0.14118], [-0.33922, -0.16078]]}