{"rank": 137, "key_id": "5281602374467584", "category": "elephant", "n_points": 25, "bbox_aspect": 1.5776397515527951, "n_extensions_spliced": 2, "main_perimeter_px": 501.3293510053126, "score": 0.8247129675443309, "coords": [[-0.5, -0.31693], [-0.5, -0.07283], [-0.48819, -0.04134], [-0.43701, 0.00984], [-0.37008, 0.04528], [0.05512, 0.05315], [0.10236, 0.07677], [0.10236, 0.12008], [0.01575, 0.14764], [-0.00394, 0.17913], [-0.00394, 0.24213], [0.05906, 0.31693], [0.11024, 0.31693], [0.16535, 0.27756], [0.1378, 0.16732], [0.15354, 0.2185], [0.18898, 0.25787], [0.29528, 0.25], [0.35433, 0.21457], [0.36614, 0.14764], [0.34646, 0.09252], [0.2874, 0.06496], [0.30709, 0.05315], [0.25591, 0.06496], [0.22047, 0.13189], [-0.5, -0.31693]]}