{"rank": 138, "key_id": "4972347180187648", "category": "elephant", "n_points": 21, "bbox_aspect": 1.3025641025641026, "n_extensions_spliced": 2, "main_perimeter_px": 414.0418355155038, "score": 0.8245037302835039, "coords": [[-0.3622, 0.05315], [-0.37402, 0.04134], [-0.35039, 0.1122], [-0.29134, 0.18307], [-0.16142, 0.23031], [-0.11417, 0.23031], [-0.07087, 0.21063], [-0.06299, 0.28937], [-0.01969, 0.33268], [0.09449, 0.37598], [0.25591, 0.38386], [0.29921, 0.37598], [0.37008, 0.34449], [0.44094, 0.28937], [0.5, 0.20276], [0.5, 0.1122], [0.43701, 0.02953], [0.3622, -0.01378], [0.27165, -0.03346], [0.1811, -0.02165], [0.14961, 0.00197], [-0.3622, 0.05315]]}