{"rank": 139, "key_id": "5010328565841920", "category": "elephant", "n_points": 18, "bbox_aspect": 1.3492063492063493, "n_extensions_spliced": 2, "main_perimeter_px": 441.50251478344546, "score": 0.8241310054342996, "coords": [[0.12745, 0.24902], [0.06863, 0.29608], [-0.01373, 0.29608], [-0.07255, 0.26471], [-0.1, 0.24902], [-0.1549, 0.17059], [-0.17451, 0.05686], [-0.12353, 0.0098], [-0.03725, -0.02941], [0.0098, -0.36667], [0.04118, -0.37059], [0.12745, -0.34706], [0.09608, 0.02941], [0.13922, 0.05686], [0.13922, 0.03725], [0.16667, 0.10392], [0.15882, 0.21373], [0.13922, 0.25686], [0.12745, 0.24902]]}