{"rank": 140, "key_id": "6549350878543872", "category": "elephant", "n_points": 31, "bbox_aspect": 1.1538461538461537, "n_extensions_spliced": 2, "main_perimeter_px": 600.2575726208626, "score": 0.8229733582469556, "coords": [[-0.31569, 0.24902], [-0.31176, 0.23725], [-0.27647, 0.27255], [-0.25294, 0.23333], [-0.2098, 0.28431], [-0.08431, 0.27647], [0.03725, 0.24118], [0.04902, 0.33529], [0.11961, 0.42549], [0.1902, 0.43333], [0.23725, 0.39412], [0.25294, 0.37451], [0.24902, 0.33529], [0.21373, 0.27647], [0.34706, 0.23333], [0.36275, 0.17451], [0.4098, 0.10392], [0.44118, 0.01765], [0.45294, -0.06078], [0.40588, -0.2451], [0.39804, -0.32745], [0.4098, -0.36275], [0.43333, -0.38235], [0.5, -0.40588], [0.46471, -0.43333], [0.40196, -0.43333], [0.37843, -0.41765], [0.37451, -0.37843], [0.41373, -0.03725], [0.3902, 0.01765], [0.33137, 0.04902], [-0.31569, 0.24902]]}