{"rank": 141, "key_id": "4730817647476736", "category": "elephant", "n_points": 27, "bbox_aspect": 1.2085308056872037, "n_extensions_spliced": 2, "main_perimeter_px": 490.94372694129606, "score": 0.8220532225428028, "coords": [[-0.08431, 0.23333], [-0.11961, 0.25294], [-0.17059, 0.22157], [-0.21765, 0.17059], [-0.22157, 0.13529], [-0.19412, 0.1], [-0.1, 0.04902], [-0.12353, 0.0451], [-0.06863, -0.00196], [-0.05294, -0.3902], [-0.03725, -0.41373], [0.00588, -0.40588], [0.0451, -0.34706], [0.05294, -0.26863], [-0.00196, -0.13529], [-0.00196, -0.01765], [0.02157, 0.01373], [0.11176, 0.06471], [0.16275, 0.10784], [0.16667, 0.21765], [0.14314, 0.27255], [0.12353, 0.29608], [0.11176, 0.3], [0.08039, 0.30784], [0.00588, 0.30784], [-0.03725, 0.28431], [-0.07647, 0.24118], [-0.08431, 0.23333]]}