{"rank": 142, "key_id": "6153150660608000", "category": "elephant", "n_points": 35, "bbox_aspect": 1.795774647887324, "n_extensions_spliced": 2, "main_perimeter_px": 651.7110019470236, "score": 0.8173916910114999, "coords": [[-0.41765, -0.27451], [-0.41765, -0.27843], [-0.36275, -0.27451], [-0.32745, -0.25098], [-0.33529, -0.10588], [-0.32353, -0.02745], [-0.31569, -0.03529], [-0.32353, -0.16471], [-0.3, -0.27059], [-0.28824, -0.27451], [-0.2451, -0.27059], [-0.24118, -0.25882], [-0.21765, -0.10196], [-0.22157, -0.01961], [-0.2098, -0.01176], [0.05686, -0.01961], [0.06078, -0.0902], [0.03725, -0.23922], [0.04902, -0.24706], [0.14706, -0.24314], [0.15882, -0.23529], [0.1549, -0.09412], [0.14314, -0.03529], [0.16667, -0.01569], [0.22157, -0.01569], [0.21765, -0.22353], [0.24118, -0.25098], [0.26078, -0.25098], [0.29216, -0.22353], [0.31569, -0.16863], [0.33137, -0.10196], [0.33137, 0.01569], [0.35098, 0.00392], [0.42549, -0.05098], [0.5, -0.12941], [-0.41765, -0.27451]]}