{"rank": 143, "key_id": "5780022612721664", "category": "elephant", "n_points": 35, "bbox_aspect": 1.0897435897435896, "n_extensions_spliced": 2, "main_perimeter_px": 1172.8036640530543, "score": 0.816295801892325, "coords": [[-0.3549, 0.11373], [-0.38627, 0.0549], [-0.41373, 0.25098], [-0.35882, 0.37647], [-0.26863, 0.43922], [-0.13922, 0.45882], [0.06863, 0.43922], [0.31176, 0.37255], [0.44118, 0.23529], [0.49216, 0.12157], [0.5, 0.02745], [0.42941, -0.07843], [0.4098, -0.20784], [0.41373, -0.27843], [0.44902, -0.38824], [0.45294, -0.45882], [0.30392, -0.37647], [0.19412, -0.37255], [0.25686, -0.20784], [0.22941, -0.09804], [0.09216, -0.13725], [0.10784, -0.4], [0.0451, -0.38039], [-0.10392, -0.38431], [-0.02157, -0.16078], [-0.01765, -0.04706], [-0.06078, -0.03922], [-0.13922, -0.08627], [-0.1549, -0.36471], [-0.18235, -0.39216], [-0.32353, -0.40392], [-0.16667, -0.15686], [-0.17059, -0.02745], [-0.2098, 0.02745], [-0.2451, 0.02353], [-0.3549, 0.11373]]}