{"rank": 144, "key_id": "5009673650438144", "category": "elephant", "n_points": 21, "bbox_aspect": 1.526946107784431, "n_extensions_spliced": 2, "main_perimeter_px": 428.719228439686, "score": 0.8142417527156793, "coords": [[-0.21765, 0.04902], [-0.19804, 0.05686], [-0.22941, 0.00196], [-0.22941, -0.17059], [-0.22157, -0.24118], [-0.20588, -0.25294], [-0.1, -0.28431], [-0.08039, -0.15882], [-0.04118, -0.1549], [-0.02549, -0.17843], [-0.03333, -0.28824], [0.03725, -0.26078], [0.07647, -0.26863], [0.1, -0.16275], [0.27647, -0.15098], [0.28824, -0.15882], [0.29216, -0.32745], [0.45686, -0.30784], [0.45294, -0.21765], [0.46471, -0.26863], [0.5, -0.31961], [-0.21765, 0.04902]]}