{"rank": 145, "key_id": "6182787797221376", "category": "elephant", "n_points": 42, "bbox_aspect": 1.7, "n_extensions_spliced": 2, "main_perimeter_px": 582.1832401369256, "score": 0.8140907898913298, "coords": [[-0.43725, -0.03137], [-0.45294, -0.07059], [-0.43333, -0.12941], [-0.42157, -0.26667], [-0.37059, -0.29412], [-0.33137, -0.27843], [-0.35098, -0.21569], [-0.33529, -0.07843], [-0.32353, -0.07451], [-0.17059, -0.10196], [-0.33529, -0.07843], [-0.35098, -0.21569], [-0.33137, -0.27843], [-0.37059, -0.29412], [-0.42157, -0.26667], [-0.43333, -0.12941], [-0.45294, -0.07059], [-0.4451, -0.03922], [-0.48824, 0.01176], [-0.5, 0.08627], [-0.46863, 0.17647], [-0.4098, 0.21961], [-0.30784, 0.25098], [0.02157, 0.27451], [0.09216, 0.22745], [0.08431, 0.17647], [0.08824, 0.08235], [0.12745, 0.01176], [0.17059, -0.03137], [0.2098, -0.01961], [0.2451, 0.02745], [0.2451, 0.12549], [0.32353, 0.07059], [0.35882, 0.09412], [0.44118, -0.01176], [0.47255, -0.03529], [0.5, 0.01961], [0.33529, 0.24706], [0.29608, 0.27059], [0.20196, 0.29412], [0.12353, 0.2902], [0.08824, 0.27451], [-0.43725, -0.03137]]}