{"rank": 146, "key_id": "5930421793587200", "category": "elephant", "n_points": 30, "bbox_aspect": 1.7, "n_extensions_spliced": 2, "main_perimeter_px": 568.743215894736, "score": 0.8140907898913298, "coords": [[0.14706, 0.23529], [0.17451, 0.22745], [0.22549, 0.23922], [0.21765, 0.18431], [0.29216, 0.18039], [0.22549, 0.23922], [0.17451, 0.22745], [-0.07255, 0.29412], [-0.24118, 0.28627], [-0.32745, 0.25882], [-0.37843, 0.23529], [-0.43333, 0.18824], [-0.5, -0.00392], [-0.46863, -0.13725], [-0.47255, -0.24314], [-0.44118, -0.25098], [-0.39804, -0.2549], [-0.39804, -0.09412], [-0.3549, -0.06667], [-0.26078, -0.06667], [-0.25294, -0.18824], [-0.17059, -0.22745], [-0.08431, -0.24706], [-0.07647, -0.10588], [0.00588, -0.10588], [0.05294, -0.15294], [0.06863, -0.20392], [0.1, -0.20784], [0.11569, -0.18039], [0.12353, -0.10196], [0.14706, 0.23529]]}