{"rank": 147, "key_id": "5910261485535232", "category": "elephant", "n_points": 28, "bbox_aspect": 1.1805555555555556, "n_extensions_spliced": 2, "main_perimeter_px": 550.889023701032, "score": 0.8139923639304671, "coords": [[-0.11961, 0.17255], [-0.0451, 0.32549], [-0.03333, 0.33725], [0.10392, 0.37647], [-0.0451, 0.32549], [-0.13922, -0.00784], [-0.10392, -0.10588], [-0.10392, -0.18824], [-0.15882, -0.26275], [-0.22549, -0.28627], [-0.3, -0.2549], [-0.37451, -0.16863], [-0.4098, -0.07843], [-0.42157, 0.03529], [-0.45294, 0.16078], [-0.46078, 0.18431], [-0.48039, 0.16471], [-0.49608, 0.11765], [-0.5, 0.06275], [-0.46078, -0.11765], [-0.4098, -0.25882], [-0.37451, -0.36078], [-0.34314, -0.40784], [-0.28824, -0.42353], [-0.22549, -0.42353], [-0.14314, -0.40392], [-0.07255, -0.36078], [0.02549, -0.24706], [-0.11961, 0.17255]]}