{"rank": 148, "key_id": "6601422739079168", "category": "elephant", "n_points": 35, "bbox_aspect": 1.8085106382978724, "n_extensions_spliced": 2, "main_perimeter_px": 807.4170166364469, "score": 0.8124446739553353, "coords": [[-0.32353, -0.00588], [-0.34706, 0.0098], [-0.45686, -0.11176], [-0.5, -0.20196], [-0.5, -0.27255], [-0.47255, -0.27647], [-0.43725, -0.24902], [-0.3549, -0.09216], [-0.29608, -0.0451], [-0.24118, -0.07647], [-0.22549, -0.12353], [-0.22549, -0.2451], [-0.19804, -0.27647], [-0.18627, -0.26471], [-0.18235, -0.15882], [-0.15098, -0.04118], [-0.10784, -0.1902], [-0.07255, -0.2451], [-0.02157, -0.06471], [0.00196, -0.01373], [0.06863, -0.24118], [0.15098, 0.01373], [0.20588, 0.03333], [0.26471, 0.07647], [0.28431, 0.10784], [0.28824, 0.14314], [0.23725, 0.21373], [0.26863, 0.1902], [0.14706, 0.26078], [0.05294, 0.27647], [-0.06471, 0.26863], [-0.17843, 0.22549], [-0.2451, 0.16667], [-0.30392, 0.09216], [-0.33529, 0.02157], [-0.32353, -0.00588]]}