{"rank": 149, "key_id": "4800864839532544", "category": "elephant", "n_points": 35, "bbox_aspect": 1.8085106382978724, "n_extensions_spliced": 2, "main_perimeter_px": 678.0605020951073, "score": 0.8124446739553353, "coords": [[-0.15882, 0.03725], [-0.25686, 0.01373], [-0.14706, 0.0098], [-0.09216, -0.0098], [-0.07647, -0.03725], [-0.1, -0.15882], [-0.10392, -0.25294], [-0.09216, -0.27647], [-0.03333, -0.2451], [-0.01373, -0.1], [0.01373, -0.10392], [0.03333, -0.26078], [0.06078, -0.23725], [0.06078, -0.10784], [0.08431, -0.09608], [0.11569, -0.1549], [0.24118, -0.13137], [0.20588, -0.25686], [0.24118, -0.26863], [0.28824, -0.23725], [0.29608, -0.16275], [0.40588, -0.13529], [0.43725, -0.11176], [0.49216, 0.02157], [0.5, 0.10392], [0.48431, 0.16275], [0.42549, 0.23333], [0.37451, 0.26471], [0.30784, 0.27647], [0.22941, 0.27647], [0.14314, 0.2451], [0.01373, 0.14706], [-0.04902, 0.06471], [-0.11961, 0.12353], [-0.09608, -0.01765], [-0.15882, 0.03725]]}