{"rank": 150, "key_id": "4701952078249984", "category": "elephant", "n_points": 35, "bbox_aspect": 1.8085106382978724, "n_extensions_spliced": 2, "main_perimeter_px": 519.3628948765502, "score": 0.8124446739553353, "coords": [[0.02941, 0.22549], [0.02941, 0.22157], [0.05686, 0.17059], [0.0451, 0.04902], [-0.03333, -0.02941], [-0.08824, -0.03333], [-0.14314, 0.0098], [-0.16275, 0.07255], [-0.17059, 0.14314], [-0.14314, 0.22157], [-0.16275, 0.07255], [-0.14314, 0.0098], [-0.08824, -0.03333], [-0.03333, -0.02941], [0.0451, 0.04902], [0.05686, 0.17059], [0.02941, 0.22157], [0.05686, 0.23725], [0.2098, 0.25294], [0.42549, 0.20196], [0.46863, 0.11569], [0.49608, -0.00196], [0.5, -0.08824], [0.47255, -0.24902], [0.45686, -0.27647], [0.32745, -0.25686], [0.28431, -0.00196], [0.23725, 0.02157], [0.18627, 0.02549], [0.14706, -0.14314], [0.14314, -0.24118], [0.10784, -0.2451], [0.01765, -0.22157], [-0.01373, -0.10392], [-0.02549, 0.01373], [0.02941, 0.22549]]}