{"rank": 151, "key_id": "4761334648406016", "category": "elephant", "n_points": 23, "bbox_aspect": 1.5679012345679013, "n_extensions_spliced": 2, "main_perimeter_px": 453.93652984300144, "score": 0.8123806800512089, "coords": [[0.03937, 0.27953], [0.04724, 0.28346], [-0.01181, 0.30315], [-0.07874, 0.31102], [-0.17323, 0.27165], [-0.24016, 0.29921], [-0.32283, 0.30315], [-0.4252, 0.26772], [-0.5, 0.19685], [-0.49213, 0.1063], [-0.5, -0.0], [-0.45276, -0.06299], [-0.4252, -0.07087], [-0.30709, -0.03543], [-0.24016, 0.02362], [-0.15748, -0.00787], [-0.12992, -0.00394], [-0.11417, -0.12598], [-0.06693, -0.28346], [-0.0315, -0.31496], [0.01181, -0.3189], [0.05512, -0.14173], [0.05512, -0.1378], [0.03937, 0.27953]]}