{"rank": 152, "key_id": "5519429309825024", "category": "elephant", "n_points": 27, "bbox_aspect": 1.6451612903225807, "n_extensions_spliced": 2, "main_perimeter_px": 638.1992258772798, "score": 0.8120436658674234, "coords": [[-0.1902, -0.28824], [-0.20196, -0.01765], [-0.25294, 0.02549], [-0.25294, 0.0098], [-0.28431, 0.09608], [-0.28039, 0.13529], [-0.23333, 0.2098], [-0.10784, 0.29608], [0.03725, 0.30392], [0.11176, 0.27647], [0.16275, 0.23725], [0.22549, 0.15882], [0.22941, 0.13529], [0.15882, 0.04902], [0.0451, 0.00588], [0.05686, -0.08431], [0.04118, -0.17059], [0.0451, -0.30392], [-0.06471, -0.3], [-0.0451, -0.19412], [-0.04902, -0.08039], [-0.06078, -0.00196], [-0.09608, -0.01765], [-0.07647, -0.17451], [-0.08039, -0.3], [-0.11961, -0.30392], [-0.1902, -0.27255], [-0.1902, -0.28824]]}