{"rank": 153, "key_id": "5184496217358336", "category": "elephant", "n_points": 32, "bbox_aspect": 1.7465753424657535, "n_extensions_spliced": 2, "main_perimeter_px": 719.7631992817431, "score": 0.8118373858864528, "coords": [[-0.31176, -0.28627], [-0.35098, 0.03529], [-0.34706, 0.07059], [-0.34314, 0.07059], [-0.32353, 0.10196], [-0.25294, 0.13725], [0.06078, 0.12549], [0.08431, 0.13333], [0.08824, 0.16863], [0.11569, 0.22353], [0.16667, 0.27059], [0.21765, 0.28627], [0.28039, 0.26667], [0.31569, 0.22353], [0.33529, 0.16471], [0.33529, 0.11765], [0.33922, 0.1098], [0.31176, 0.07059], [0.26078, 0.03922], [0.21373, 0.03137], [0.15882, 0.05098], [0.12745, 0.07843], [0.12745, -0.10196], [0.14314, -0.25098], [0.09216, -0.27059], [0.02549, -0.27451], [0.02157, -0.01961], [-0.21765, -0.03922], [-0.20588, -0.11373], [-0.20588, -0.2549], [-0.22549, -0.26667], [-0.33529, -0.27059], [-0.31176, -0.28627]]}