{"rank": 154, "key_id": "4869201963515904", "category": "elephant", "n_points": 21, "bbox_aspect": 1.275, "n_extensions_spliced": 2, "main_perimeter_px": 462.49334318727784, "score": 0.8095317593924236, "coords": [[0.12353, 0.39216], [0.01373, 0.32549], [-0.04902, 0.22745], [-0.07255, 0.14118], [-0.07255, 0.07059], [-0.06863, 0.07451], [-0.03725, -0.03922], [-0.03333, -0.1098], [-0.05686, -0.17647], [-0.05686, -0.22353], [-0.03333, -0.26275], [0.02549, -0.3098], [0.17059, -0.3451], [0.27647, -0.32941], [0.30392, -0.27451], [0.3, -0.18039], [0.22549, -0.01961], [0.23333, 0.17647], [0.20588, 0.27059], [0.1902, 0.2902], [0.11569, 0.30196], [0.12353, 0.39216]]}