{"rank": 155, "key_id": "4507633094492160", "category": "elephant", "n_points": 30, "bbox_aspect": 1.7114093959731544, "n_extensions_spliced": 2, "main_perimeter_px": 773.2384571231349, "score": 0.8094084981857721, "coords": [[-0.44902, 0.1], [-0.40196, 0.14706], [-0.30392, 0.17843], [-0.10784, 0.19804], [0.08039, 0.17843], [0.22157, 0.28039], [0.27255, 0.29216], [0.3549, 0.28431], [0.39804, 0.26078], [0.42549, 0.22157], [0.46471, 0.07255], [0.49608, 0.01765], [0.5, -0.20588], [0.46863, -0.2451], [0.44118, -0.24118], [0.43333, -0.22549], [0.44902, -0.09216], [0.42941, -0.00196], [0.38627, 0.0451], [0.36667, 0.03333], [0.33529, -0.06078], [0.30392, -0.08824], [0.28039, -0.06078], [-0.09608, -0.12745], [-0.40588, -0.13922], [-0.42157, -0.11961], [-0.48431, -0.09216], [-0.5, 0.00588], [-0.47647, 0.06471], [-0.39412, 0.14314], [-0.44902, 0.1]]}