{"rank": 156, "key_id": "6277455587311616", "category": "elephant", "n_points": 33, "bbox_aspect": 1.1043478260869566, "n_extensions_spliced": 2, "main_perimeter_px": 954.5219926225523, "score": 0.8089479050318898, "coords": [[-0.25591, 0.43701], [-0.26772, 0.44488], [0.1063, 0.44488], [0.25591, 0.43307], [0.36614, 0.41339], [0.46063, 0.3622], [0.48425, 0.32283], [0.49606, 0.25197], [0.5, 0.00787], [0.46457, -0.05906], [0.46063, -0.24016], [0.42913, -0.42913], [0.38189, -0.45276], [0.34646, -0.42126], [0.33465, -0.38189], [0.34646, 0.07087], [0.33071, 0.12205], [0.29528, 0.16535], [0.25984, 0.1811], [0.1378, 0.17323], [0.1063, 0.09449], [0.1063, 0.00394], [0.12992, -0.12598], [0.12598, -0.24409], [0.09449, -0.33858], [0.04724, -0.36614], [0.01575, -0.30315], [-0.03543, -0.02756], [-0.05512, 0.02756], [-0.11024, 0.10236], [-0.1378, 0.12205], [-0.24016, 0.12598], [-0.35827, 0.10236], [-0.25591, 0.43701]]}