{"rank": 157, "key_id": "5558541697941504", "category": "elephant", "n_points": 35, "bbox_aspect": 1.8214285714285714, "n_extensions_spliced": 2, "main_perimeter_px": 722.4489107220844, "score": 0.8074624465171305, "coords": [[0.04118, 0.23922], [0.18627, 0.25882], [0.35098, 0.24314], [0.44902, 0.18824], [0.48039, 0.14902], [0.48824, 0.10588], [0.45294, 0.03922], [0.33922, -0.00784], [0.17843, -0.01176], [0.0098, 0.03529], [-0.08039, 0.09412], [-0.00196, -0.00392], [-0.0098, -0.13725], [0.00588, -0.19608], [0.03725, -0.23137], [0.07255, -0.23137], [0.09608, -0.2], [0.12745, -0.09412], [0.12745, -0.01569], [0.13529, -0.17647], [0.16275, -0.25098], [0.19804, -0.25882], [0.23725, -0.20784], [0.27647, -0.10196], [0.28039, -0.17647], [0.30784, -0.23137], [0.33137, -0.25098], [0.34314, -0.24706], [0.37843, -0.18824], [0.40196, -0.11765], [0.4098, -0.0549], [0.39804, -0.0], [0.39804, -0.04314], [0.5, -0.02745], [0.47647, -0.0], [0.04118, 0.23922]]}