{"rank": 159, "key_id": "6080635091288064", "category": "elephant", "n_points": 23, "bbox_aspect": 1.58125, "n_extensions_spliced": 2, "main_perimeter_px": 524.7833775994347, "score": 0.8064462608559304, "coords": [[-0.49209, -0.20949], [-0.5, -0.18577], [-0.49209, -0.1581], [-0.37352, -0.16601], [-0.40119, -0.00791], [-0.12846, 0.16601], [-0.00198, 0.27273], [0.06917, 0.30435], [0.15217, 0.31621], [0.21937, 0.28063], [0.24308, 0.25692], [0.2747, 0.20553], [0.28656, 0.15415], [0.27075, 0.15415], [0.27866, 0.11067], [0.24704, 0.06719], [-0.01779, 0.01581], [-0.05731, 0.01976], [-0.16008, 0.06324], [-0.17984, 0.10277], [-0.17984, 0.17787], [-0.12451, 0.24901], [0.1166, 0.21739], [-0.49209, -0.20949]]}