{"rank": 160, "key_id": "4739402179805184", "category": "elephant", "n_points": 19, "bbox_aspect": 1.5088757396449703, "n_extensions_spliced": 2, "main_perimeter_px": 406.6451685774725, "score": 0.8059085178034355, "coords": [[-0.06471, 0.26078], [-0.06078, 0.25686], [0.0451, 0.29608], [0.09216, 0.27647], [0.12745, 0.2451], [0.04118, 0.11176], [0.15882, 0.28039], [0.21765, 0.30784], [0.34706, 0.31961], [0.43725, 0.27647], [0.48431, 0.19804], [0.5, 0.13529], [0.43333, 0.02157], [0.39412, -0.1], [0.39412, -0.32353], [0.38627, -0.3], [0.27647, -0.20196], [0.21373, -0.11176], [0.1, -0.08039], [-0.06471, 0.26078]]}