{"rank": 161, "key_id": "6527023520415744", "category": "elephant", "n_points": 29, "bbox_aspect": 1.7, "n_extensions_spliced": 2, "main_perimeter_px": 575.6035151999165, "score": 0.8057574565579965, "coords": [[-0.40588, 0.02745], [-0.39804, 0.07059], [-0.33529, 0.15686], [-0.1902, 0.22745], [-0.00196, 0.25098], [0.12353, 0.22745], [0.16667, 0.19608], [0.19412, 0.16471], [0.20196, 0.13725], [0.21373, 0.0902], [0.18627, 0.01176], [0.12353, -0.0549], [0.06863, -0.08627], [0.05294, -0.17647], [0.02549, -0.22745], [-0.08431, -0.29412], [-0.06863, -0.14118], [-0.08824, -0.12549], [-0.26078, -0.15686], [-0.3, -0.25882], [-0.33137, -0.27059], [-0.40588, -0.25882], [-0.46471, -0.13333], [-0.46863, -0.0902], [-0.46078, -0.06275], [-0.41765, -0.04706], [-0.38627, 0.01176], [-0.3902, 0.00784], [-0.37451, -0.03137], [-0.40588, 0.02745]]}