{"rank": 162, "key_id": "4640201622159360", "category": "elephant", "n_points": 19, "bbox_aspect": 1.5119047619047619, "n_extensions_spliced": 2, "main_perimeter_px": 440.4836656646407, "score": 0.8045046976374881, "coords": [[-0.04331, 0.20866], [-0.15354, 0.11811], [-0.20472, 0.0315], [-0.22047, -0.05512], [-0.21654, -0.03937], [-0.22047, -0.20472], [-0.20472, -0.25197], [-0.01969, -0.32283], [0.08268, -0.33071], [0.16929, -0.29921], [0.24409, -0.22441], [0.26772, -0.17323], [0.27165, -0.00787], [0.26772, -0.02756], [0.2126, 0.09843], [0.11811, 0.1811], [0.0315, 0.22835], [-0.01181, 0.21654], [-0.08268, 0.15748], [-0.04331, 0.20866]]}