{"rank": 163, "key_id": "5280896812843008", "category": "elephant", "n_points": 24, "bbox_aspect": 1.2200956937799043, "n_extensions_spliced": 2, "main_perimeter_px": 429.3200405722183, "score": 0.8037199396006817, "coords": [[-0.22157, 0.14706], [-0.28824, 0.17451], [-0.38235, 0.17451], [-0.45294, 0.12745], [-0.48824, 0.06471], [-0.5, -0.03333], [-0.49608, -0.25686], [-0.47255, -0.3], [-0.41765, -0.34314], [-0.3549, -0.37843], [-0.20196, -0.4098], [-0.04118, -0.39412], [0.03333, -0.35882], [0.09216, -0.31569], [0.13922, -0.25686], [0.17059, -0.2098], [0.18235, -0.16275], [0.18235, -0.08431], [0.13529, -0.04118], [0.08431, -0.03333], [0.11176, 0.01765], [0.12745, 0.01373], [0.15098, 0.08431], [0.11176, 0.01765], [-0.22157, 0.14706]]}