{"rank": 164, "key_id": "6537099664687104", "category": "elephant", "n_points": 26, "bbox_aspect": 1.6451612903225807, "n_extensions_spliced": 2, "main_perimeter_px": 462.7079344804977, "score": 0.80371033253409, "coords": [[0.23725, 0.16275], [0.29216, 0.21373], [0.33922, 0.23725], [0.37843, 0.23725], [0.46471, 0.17059], [0.49216, 0.11176], [0.5, 0.01373], [0.47255, -0.1549], [0.42941, -0.24902], [0.3902, -0.28824], [0.35882, -0.30392], [0.32353, -0.29608], [0.27255, -0.21373], [0.22549, -0.2098], [0.17451, -0.26471], [0.13529, -0.27647], [-0.10784, -0.27647], [-0.15098, -0.25294], [-0.17059, -0.17451], [-0.11176, 0.07647], [-0.17451, -0.23725], [-0.20588, -0.26471], [-0.25686, -0.25294], [-0.26863, -0.17843], [-0.28039, -0.24118], [-0.31961, -0.2451], [0.23725, 0.16275]]}