{"rank": 165, "key_id": "5415894882713600", "category": "elephant", "n_points": 27, "bbox_aspect": 1.6666666666666667, "n_extensions_spliced": 2, "main_perimeter_px": 504.9288136642241, "score": 0.8029526289986556, "coords": [[-0.15098, 0.10784], [-0.13137, 0.12353], [-0.09216, 0.05686], [-0.06078, -0.00196], [-0.06078, -0.02549], [-0.12353, -0.11961], [-0.12353, -0.29608], [-0.04118, -0.3], [-0.0098, -0.13922], [0.02549, -0.09216], [0.11569, -0.05294], [0.14314, -0.06471], [0.14314, -0.09608], [0.07255, -0.2098], [0.07255, -0.23333], [0.09216, -0.25294], [0.18235, -0.26078], [0.22549, -0.13137], [0.25686, -0.08039], [0.29216, -0.05686], [0.4098, -0.05686], [0.42157, -0.20196], [0.40588, -0.27255], [0.44118, -0.3], [0.48431, -0.3], [0.49608, -0.29216], [0.5, -0.18627], [-0.15098, 0.10784]]}