{"rank": 166, "key_id": "6548603113832448", "category": "elephant", "n_points": 35, "bbox_aspect": 1.8345323741007193, "n_extensions_spliced": 2, "main_perimeter_px": 1047.9371615596285, "score": 0.8024445038821018, "coords": [[-0.33922, 0.22157], [-0.37451, 0.15098], [-0.39804, 0.01373], [-0.5, -0.03725], [-0.39804, -0.05294], [-0.41373, -0.27255], [-0.27255, -0.26078], [-0.24902, -0.17843], [-0.23725, 0.0098], [-0.16667, 0.00196], [-0.16275, -0.2451], [-0.05686, -0.21765], [-0.02157, -0.13922], [-0.02157, 0.01765], [0.06078, 0.01373], [0.04902, -0.21373], [0.17451, -0.20196], [0.2098, 0.02549], [0.30784, -0.00588], [0.27255, -0.17843], [0.33529, -0.14706], [0.42549, -0.13529], [0.39412, -0.04118], [0.39804, 0.04902], [0.45294, 0.08039], [0.48431, 0.12745], [0.47647, 0.19412], [0.42157, 0.22549], [0.39412, 0.19804], [0.38627, 0.24902], [0.32353, 0.27255], [-0.06863, 0.23333], [-0.11961, 0.25686], [-0.18627, 0.25686], [-0.31569, 0.20588], [-0.33922, 0.22157]]}