{"rank": 167, "key_id": "4708230871646208", "category": "elephant", "n_points": 21, "bbox_aspect": 1.5548780487804879, "n_extensions_spliced": 2, "main_perimeter_px": 437.2710427848462, "score": 0.8015525835008896, "coords": [[-0.46078, -0.17255], [-0.46471, -0.16471], [-0.48039, -0.15686], [-0.5, -0.07451], [-0.5, 0.02745], [-0.47647, 0.12941], [-0.4098, 0.20392], [-0.26863, 0.27451], [-0.08039, 0.32157], [0.08431, 0.32157], [0.17059, 0.27843], [0.21765, 0.20784], [0.22549, 0.1451], [0.20588, 0.09804], [0.16275, 0.04314], [0.16275, 0.08627], [0.06863, 0.14118], [0.01373, 0.1451], [-0.05294, 0.1098], [-0.05686, 0.06275], [0.02157, -0.00392], [-0.46078, -0.17255]]}