{"rank": 168, "key_id": "5509218746499072", "category": "elephant", "n_points": 24, "bbox_aspect": 1.215311004784689, "n_extensions_spliced": 2, "main_perimeter_px": 401.6065075219891, "score": 0.8009694449027588, "coords": [[0.12992, 0.08465], [0.06299, 0.14764], [-0.07087, 0.15551], [-0.11417, 0.13189], [-0.11024, 0.12795], [-0.16929, 0.05315], [-0.20079, -0.08465], [-0.19291, -0.13583], [-0.16929, -0.17913], [-0.11024, -0.18701], [-0.0315, -0.22244], [-0.00787, -0.26969], [-0.02756, -0.3248], [-0.02756, -0.3563], [0.0, -0.39173], [0.04724, -0.41142], [0.05906, -0.3878], [0.02362, -0.29331], [0.02362, -0.26181], [0.10236, -0.15157], [0.1378, -0.02953], [0.15354, 0.08858], [0.12598, 0.12008], [0.11811, 0.10827], [0.12992, 0.08465]]}