{"rank": 169, "key_id": "5118261077213184", "category": "elephant", "n_points": 18, "bbox_aspect": 1.3025641025641026, "n_extensions_spliced": 2, "main_perimeter_px": 447.5279281250364, "score": 0.7995037302835039, "coords": [[-0.07087, -0.06102], [-0.07874, 0.04528], [-0.05512, 0.17913], [-0.00394, 0.32874], [0.03543, 0.38386], [0.09055, 0.38386], [0.22047, 0.34449], [0.4252, 0.23031], [0.28346, 0.12795], [0.47244, 0.1752], [0.5, 0.12008], [0.5, 0.06496], [0.44094, -0.01772], [0.3622, -0.08071], [0.19685, -0.15551], [0.09055, -0.13189], [0.01181, -0.06496], [-0.06299, -0.02953], [-0.07087, -0.06102]]}