{"rank": 170, "key_id": "6702126870822912", "category": "elephant", "n_points": 27, "bbox_aspect": 1.1697247706422018, "n_extensions_spliced": 2, "main_perimeter_px": 591.7754804632369, "score": 0.799207372023687, "coords": [[-0.12745, 0.31373], [-0.17451, 0.29804], [-0.14706, 0.37255], [-0.16667, 0.4], [-0.23333, 0.42745], [-0.31961, 0.42745], [-0.38235, 0.40392], [-0.4098, 0.37647], [-0.45686, 0.29412], [-0.5, 0.04706], [-0.5, -0.19608], [-0.4451, -0.33725], [-0.3902, -0.36471], [-0.32745, -0.35294], [-0.30392, -0.32549], [-0.26471, -0.24314], [-0.21765, -0.07451], [-0.1902, -0.08627], [-0.13137, -0.16863], [-0.07255, -0.18431], [0.09216, -0.18431], [0.15882, -0.1451], [0.21373, -0.07843], [0.23725, -0.01961], [0.24902, 0.15294], [0.25294, 0.15686], [0.22549, 0.18039], [-0.12745, 0.31373]]}