{"rank": 171, "key_id": "6160921799950336", "category": "elephant", "n_points": 32, "bbox_aspect": 1.0991379310344827, "n_extensions_spliced": 2, "main_perimeter_px": 878.8530311347757, "score": 0.797304422476299, "coords": [[0.4451, 0.03137], [0.45294, 0.2], [0.39412, 0.28627], [0.33137, 0.32941], [0.22157, 0.34902], [0.1549, 0.3451], [0.08824, 0.42353], [0.02941, 0.4549], [-0.1, 0.4549], [-0.14706, 0.41569], [-0.15882, 0.34118], [-0.1549, 0.27843], [-0.11176, 0.2], [-0.11569, 0.17647], [-0.23333, 0.10588], [-0.49608, 0.02745], [-0.5, -0.34118], [-0.47647, -0.37255], [-0.32745, -0.36471], [-0.32745, -0.15686], [-0.28431, -0.13725], [-0.05294, -0.12549], [-0.03725, -0.30196], [-0.01765, -0.3098], [0.03725, -0.29412], [0.06471, -0.26667], [0.06471, -0.04706], [0.08431, 0.03922], [0.26078, 0.05098], [0.27647, 0.04706], [0.33137, 0.06667], [0.32745, 0.05098], [0.4451, 0.03137]]}