{"rank": 172, "key_id": "4563454532780032", "category": "elephant", "n_points": 19, "bbox_aspect": 1.2814070351758795, "n_extensions_spliced": 2, "main_perimeter_px": 451.40125423002286, "score": 0.796373872002238, "coords": [[0.00196, 0.14314], [0.10392, 0.38235], [0.13922, 0.3549], [0.06471, 0.37843], [0.10392, 0.38235], [-0.15882, 0.14706], [-0.30784, 0.13137], [-0.39804, 0.11569], [-0.44902, 0.09216], [-0.5, -0.03725], [-0.49216, -0.28824], [-0.48039, -0.37059], [-0.30392, -0.38235], [-0.28824, -0.37843], [-0.28824, -0.22549], [-0.27255, -0.21373], [-0.14706, -0.21765], [-0.11961, -0.3902], [0.05294, -0.38627], [0.00196, 0.14314]]}