{"rank": 173, "key_id": "6211030529081344", "category": "elephant", "n_points": 35, "bbox_aspect": 1.058091286307054, "n_extensions_spliced": 2, "main_perimeter_px": 884.9486879736631, "score": 0.7956627291992575, "coords": [[-0.0451, 0.23725], [-0.13137, 0.23333], [-0.21373, 0.19412], [-0.25686, 0.11961], [-0.28039, -0.04902], [-0.26471, -0.12353], [-0.23333, -0.18235], [-0.12745, -0.1], [-0.20196, -0.21373], [-0.12745, -0.24118], [-0.02941, -0.2451], [0.0098, -0.23333], [0.15098, -0.13529], [0.18627, -0.06471], [0.19412, 0.05686], [0.1549, 0.15098], [0.09216, 0.19412], [-0.03333, 0.22157], [-0.02941, 0.26471], [0.10784, 0.3902], [0.23725, 0.43725], [0.34314, 0.39804], [0.44118, 0.29608], [0.49216, 0.16667], [0.5, -0.00196], [0.48039, -0.12353], [0.42157, -0.29216], [0.37843, -0.36667], [0.28039, -0.45294], [0.22549, -0.46078], [0.1902, -0.43333], [0.1549, -0.36667], [0.11961, -0.24118], [0.11961, -0.13137], [0.13137, -0.05686], [-0.0451, 0.23725]]}