{"rank": 174, "key_id": "4535040186777600", "category": "elephant", "n_points": 30, "bbox_aspect": 1.7465753424657535, "n_extensions_spliced": 2, "main_perimeter_px": 564.9745135958292, "score": 0.7951707192197861, "coords": [[-0.48431, -0.00392], [-0.48039, -0.00392], [-0.46471, 0.08235], [-0.38627, 0.15294], [-0.30392, 0.19216], [-0.06863, 0.26275], [0.05686, 0.28627], [0.13922, 0.28627], [0.21765, 0.26667], [0.31569, 0.21961], [0.39804, 0.16863], [0.43725, 0.11765], [0.33137, 0.06275], [0.46471, 0.00392], [0.46078, -0.04706], [0.44118, -0.07059], [0.39412, -0.10196], [0.30784, -0.12157], [0.12353, -0.1098], [0.07255, -0.08235], [0.06863, -0.11373], [0.09608, -0.16471], [0.09216, -0.19608], [0.04118, -0.19608], [-0.02549, -0.13725], [0.01373, -0.22745], [0.00588, -0.24314], [-0.06863, -0.24706], [-0.12353, -0.22745], [-0.14314, -0.20784], [-0.48431, -0.00392]]}