{"rank": 175, "key_id": "6621734914490368", "category": "elephant", "n_points": 22, "bbox_aspect": 1.2318840579710144, "n_extensions_spliced": 2, "main_perimeter_px": 489.33981001858393, "score": 0.7937840940236242, "coords": [[-0.23725, 0.36275], [-0.1902, 0.25294], [-0.21373, 0.38627], [-0.16275, 0.40588], [-0.05294, 0.40588], [0.00588, 0.38627], [0.09608, 0.27255], [0.20588, -0.00196], [0.25294, -0.08039], [0.29608, -0.11961], [0.32745, -0.10784], [0.38627, -0.06078], [0.42157, 0.01373], [0.48431, -0.04902], [0.5, -0.13529], [0.48431, -0.14706], [0.41373, -0.15882], [0.35098, -0.1902], [0.24902, -0.18235], [0.20196, -0.14706], [-0.04118, 0.14314], [-0.00588, 0.12353], [-0.23725, 0.36275]]}