{"rank": 176, "key_id": "6295519666110464", "category": "elephant", "n_points": 18, "bbox_aspect": 1.5178571428571428, "n_extensions_spliced": 2, "main_perimeter_px": 442.2264581084624, "score": 0.7934208696062319, "coords": [[-0.19412, -0.04706], [-0.16667, -0.22353], [-0.13922, -0.29804], [-0.05686, -0.30588], [-0.04118, -0.28627], [-0.03725, -0.22745], [-0.01373, -0.14118], [0.18627, -0.24314], [0.37059, -0.21961], [0.39412, -0.32941], [0.48824, -0.30588], [0.5, -0.25882], [0.48824, -0.08627], [0.44902, 0.01961], [0.35098, 0.09412], [0.31569, 0.10588], [0.20588, 0.1098], [0.12353, 0.08627], [-0.19412, -0.04706]]}