{"rank": 177, "key_id": "5327657191342080", "category": "elephant", "n_points": 21, "bbox_aspect": 1.5740740740740742, "n_extensions_spliced": 2, "main_perimeter_px": 408.25978904061253, "score": 0.7929635186866195, "coords": [[0.06863, 0.08235], [-0.04118, 0.1098], [-0.07255, 0.14118], [-0.08431, 0.24706], [-0.11569, 0.2902], [-0.10784, 0.27843], [-0.13529, 0.30196], [-0.11569, 0.2902], [-0.08431, 0.24706], [-0.07255, 0.14118], [-0.04118, 0.1098], [0.1902, 0.09804], [0.35098, 0.10196], [0.44902, 0.06275], [0.48824, -0.01961], [0.5, -0.09412], [0.5, -0.25882], [0.48824, -0.31373], [0.37451, -0.31765], [0.3549, -0.10588], [-0.14314, -0.1098], [0.06863, 0.08235]]}