{"rank": 178, "key_id": "5453007963553792", "category": "elephant", "n_points": 36, "bbox_aspect": 1.0408163265306123, "n_extensions_spliced": 2, "main_perimeter_px": 405.1045219820919, "score": 0.7924731685947404, "coords": [[0.00588, 0.48039], [0.13922, 0.38235], [0.21765, 0.29608], [0.25294, 0.16275], [0.27255, 0.02157], [0.31176, -0.09216], [0.5, -0.32353], [0.47647, -0.37059], [0.4098, -0.38235], [0.31961, -0.32745], [0.20196, -0.22549], [0.11961, -0.07255], [0.06078, -0.02549], [0.01373, -0.0451], [-0.0098, -0.07647], [-0.00588, -0.39412], [-0.03333, -0.45686], [-0.08431, -0.48039], [-0.13922, -0.47255], [-0.1902, -0.4098], [-0.22549, -0.33922], [-0.25294, -0.1902], [-0.29216, -0.13137], [-0.17059, -0.03725], [-0.46863, -0.12745], [-0.29216, -0.13137], [-0.25294, -0.1902], [-0.22549, -0.33922], [-0.1902, -0.4098], [-0.13922, -0.47255], [-0.08431, -0.48039], [-0.03333, -0.45686], [-0.00588, -0.39412], [-0.0098, -0.07647], [0.01373, -0.0451], [0.06078, -0.02549], [0.00588, 0.48039]]}