{"rank": 179, "key_id": "5705809415634944", "category": "elephant", "n_points": 31, "bbox_aspect": 1.103896103896104, "n_extensions_spliced": 2, "main_perimeter_px": 964.0753548659102, "score": 0.7919948519441272, "coords": [[-0.32745, -0.14314], [-0.34314, -0.45294], [-0.16275, -0.41765], [-0.15098, -0.35098], [-0.15098, -0.16275], [-0.04902, -0.10392], [-0.04902, -0.41765], [0.0451, -0.42157], [0.15098, -0.3902], [0.15098, -0.31569], [0.10784, -0.09608], [0.10784, 0.08039], [0.19412, 0.02941], [0.28431, 0.01765], [0.24902, 0.08431], [0.32353, 0.04902], [0.34314, 0.11961], [0.33922, 0.19804], [0.31961, 0.26078], [0.26078, 0.36275], [0.2098, 0.40588], [0.11961, 0.42549], [-0.02157, 0.42941], [-0.14314, 0.37451], [-0.1902, 0.31569], [-0.22941, 0.23725], [-0.31961, -0.02157], [-0.45686, -0.05686], [-0.49608, -0.10784], [-0.48824, -0.17059], [-0.30784, -0.10392], [-0.32745, -0.14314]]}