{"rank": 180, "key_id": "6015557792956416", "category": "elephant", "n_points": 20, "bbox_aspect": 1.5582822085889572, "n_extensions_spliced": 2, "main_perimeter_px": 450.92088610913544, "score": 0.7916883859532737, "coords": [[-0.11024, 0.17126], [-0.17717, 0.16732], [-0.1811, 0.16339], [-0.22047, 0.12008], [-0.25197, 0.04134], [-0.25197, -0.06496], [-0.23622, -0.10039], [-0.06299, -0.30512], [-0.02362, -0.31693], [0.18898, -0.32087], [0.22441, -0.29724], [0.25197, -0.26181], [0.27953, -0.15945], [0.28346, -0.01772], [0.23622, 0.09252], [0.14567, 0.17126], [0.15354, 0.15945], [0.06693, 0.21063], [-0.09449, 0.19488], [-0.15354, 0.16339], [-0.11024, 0.17126]]}