{"rank": 181, "key_id": "5339188310310912", "category": "elephant", "n_points": 49, "bbox_aspect": 1.5548780487804879, "n_extensions_spliced": 2, "main_perimeter_px": 389.3862037496366, "score": 0.7916847595416477, "coords": [[0.37059, 0.01569], [0.37451, -0.08627], [0.5, -0.12549], [0.43333, -0.09412], [0.3902, -0.03137], [0.34706, 0.1098], [0.31176, 0.16863], [0.25294, 0.22353], [0.16275, 0.27843], [0.06863, 0.32157], [-0.15882, 0.32157], [-0.28431, 0.2902], [-0.37451, 0.24314], [-0.43333, 0.19216], [-0.46471, 0.14902], [-0.48431, 0.09804], [-0.48039, 0.10196], [-0.48431, 0.06275], [-0.5, 0.03922], [-0.5, 0.03922], [-0.48431, 0.06275], [-0.48039, 0.10196], [-0.48431, 0.09804], [-0.46471, 0.14902], [-0.43333, 0.19216], [-0.37451, 0.24314], [-0.28431, 0.2902], [-0.15882, 0.32157], [0.06863, 0.32157], [0.16275, 0.27843], [0.25294, 0.22353], [0.31176, 0.16863], [0.34706, 0.1098], [0.3902, -0.03137], [0.43333, -0.09412], [0.5, -0.12549], [0.33922, -0.30588], [0.30784, -0.32157], [0.22941, -0.31765], [0.22941, -0.09804], [0.1, -0.0902], [0.09608, -0.27843], [0.07647, -0.29412], [0.01765, -0.29804], [0.00196, -0.27843], [-0.0098, -0.22745], [0.00588, -0.0549], [0.00196, -0.06275], [-0.20588, -0.06667], [0.37059, 0.01569]]}