{"rank": 182, "key_id": "6624429553483776", "category": "elephant", "n_points": 47, "bbox_aspect": 1.655844155844156, "n_extensions_spliced": 2, "main_perimeter_px": 504.6380266763967, "score": 0.7908462390468244, "coords": [[0.04118, 0.23137], [-0.30784, 0.17647], [-0.35882, 0.08235], [-0.42549, 0.07451], [-0.45294, 0.04706], [-0.46078, -0.18431], [-0.5, -0.30196], [-0.45686, -0.2902], [-0.42941, -0.23529], [-0.4098, -0.15294], [-0.41765, -0.07059], [-0.36275, -0.00784], [-0.26471, -0.03922], [-0.23333, -0.03529], [-0.16275, 0.02353], [-0.17059, 0.06667], [-0.18627, 0.00392], [-0.26471, -0.03922], [-0.36275, -0.00784], [-0.41765, -0.07059], [-0.4098, -0.15294], [-0.42941, -0.23529], [-0.45686, -0.2902], [-0.5, -0.30196], [-0.46078, -0.18431], [-0.45294, 0.04706], [-0.42549, 0.07451], [-0.35882, 0.08235], [-0.30784, 0.17647], [-0.26863, 0.18431], [0.33137, 0.23922], [0.42549, 0.18824], [0.45686, 0.1451], [0.48431, 0.05098], [0.48824, -0.16471], [0.46863, -0.18431], [0.45294, -0.11373], [0.38627, -0.12941], [0.39804, -0.21961], [0.22157, -0.23922], [0.19412, -0.19608], [0.18627, -0.12941], [0.23333, -0.05882], [0.02157, -0.0549], [0.00588, -0.07059], [0.0098, -0.21569], [-0.11961, -0.22745], [0.04118, 0.23137]]}