{"rank": 183, "key_id": "4982533890506752", "category": "elephant", "n_points": 34, "bbox_aspect": 1.0625, "n_extensions_spliced": 2, "main_perimeter_px": 690.3199838546104, "score": 0.7902400029699886, "coords": [[-0.00196, 0.36078], [0.08824, 0.36471], [-0.06078, 0.35294], [-0.09216, 0.32549], [-0.17451, 0.12157], [-0.18627, -0.04706], [-0.1902, 0.00784], [-0.13529, -0.11765], [-0.10784, -0.12941], [-0.09608, -0.16078], [-0.10392, -0.21176], [-0.13529, -0.2902], [-0.17059, -0.32157], [-0.21373, -0.32941], [-0.25686, -0.33333], [-0.29608, -0.3098], [-0.34706, -0.24314], [-0.34706, -0.16863], [-0.32353, -0.13333], [-0.28431, -0.12549], [-0.28039, -0.1098], [-0.3, -0.06667], [-0.34314, -0.04314], [-0.43333, -0.11373], [-0.42549, -0.27451], [-0.39804, -0.32157], [-0.33922, -0.38039], [-0.16275, -0.44706], [0.06471, -0.47059], [0.15098, -0.46275], [0.19412, -0.38039], [0.19804, -0.20784], [0.16667, -0.07451], [0.12745, -0.00784], [-0.00196, 0.36078]]}