{"rank": 184, "key_id": "6538105878216704", "category": "elephant", "n_points": 15, "bbox_aspect": 1.3709677419354838, "n_extensions_spliced": 2, "main_perimeter_px": 391.738729041625, "score": 0.7896780669808708, "coords": [[0.1549, 0.27451], [0.09608, 0.30588], [-0.03333, 0.27451], [0.22941, 0.29412], [0.33137, 0.29412], [0.39412, 0.24706], [0.44902, 0.09412], [0.4451, -0.16078], [0.5, -0.27843], [0.42941, -0.35294], [0.37451, -0.36471], [0.24118, -0.27451], [0.20588, -0.20784], [0.17451, 0.07059], [0.15098, 0.12157], [0.1549, 0.27451]]}