{"rank": 185, "key_id": "4973529223135232", "category": "elephant", "n_points": 19, "bbox_aspect": 1.5454545454545454, "n_extensions_spliced": 2, "main_perimeter_px": 644.183471653264, "score": 0.7891412490876906, "coords": [[-0.12353, 0.27255], [-0.13137, 0.27255], [0.20588, 0.32353], [0.27647, 0.32353], [0.41373, 0.3], [0.4451, 0.26078], [0.47255, 0.18627], [0.5, -0.24902], [0.38235, -0.2451], [0.35098, -0.14706], [0.31961, 0.01765], [0.1902, 0.0098], [-0.01373, 0.02157], [-0.02941, -0.32353], [-0.08431, -0.31961], [-0.12353, -0.29608], [-0.13137, -0.26863], [-0.13922, -0.06471], [-0.12353, -0.06078], [-0.12353, 0.27255]]}