{"rank": 186, "key_id": "6628597555003392", "category": "elephant", "n_points": 20, "bbox_aspect": 1.4406779661016949, "n_extensions_spliced": 2, "main_perimeter_px": 375.99705498313455, "score": 0.7866102009501342, "coords": [[-0.14314, 0.16275], [-0.17059, 0.11569], [-0.17451, 0.03725], [-0.13922, -0.03333], [-0.13529, -0.03333], [-0.07255, -0.08824], [-0.04902, -0.13922], [-0.02549, -0.28824], [-0.03333, -0.34314], [0.04118, -0.34706], [0.04118, -0.17451], [0.12745, -0.05294], [0.13922, -0.02157], [0.15098, 0.09216], [0.13922, 0.13922], [0.10784, 0.18235], [0.1, 0.20196], [0.05294, 0.22549], [-0.02549, 0.22941], [-0.13529, 0.18235], [-0.14314, 0.16275]]}