{"rank": 187, "key_id": "5848811995922432", "category": "elephant", "n_points": 28, "bbox_aspect": 1.1333333333333333, "n_extensions_spliced": 2, "main_perimeter_px": 769.7610080261157, "score": 0.7854169677662886, "coords": [[-0.48431, -0.0098], [-0.49608, -0.04118], [-0.5, -0.34314], [-0.46863, -0.42549], [-0.4451, -0.44118], [-0.40588, -0.44118], [-0.38627, -0.42157], [-0.26078, -0.17059], [-0.2451, -0.02549], [-0.23333, -0.08824], [-0.13922, -0.1902], [-0.12353, -0.33137], [-0.05686, -0.34314], [-0.0098, -0.33137], [0.12353, -0.21373], [0.1549, -0.15098], [0.1549, 0.20196], [0.26078, 0.35098], [0.05686, 0.25294], [0.10784, 0.29608], [-0.16667, 0.30392], [-0.25686, 0.31569], [-0.34706, 0.31176], [-0.42941, 0.2451], [-0.45294, 0.1902], [-0.49608, -0.06471], [-0.48431, -0.08824], [-0.4451, -0.09608], [-0.48431, -0.0098]]}