{"rank": 188, "key_id": "5978179061678080", "category": "elephant", "n_points": 36, "bbox_aspect": 1.9029850746268657, "n_extensions_spliced": 2, "main_perimeter_px": 912.3636242585334, "score": 0.7851339439895887, "coords": [[-0.28824, 0.18431], [-0.28431, 0.20784], [-0.19412, 0.24706], [-0.16667, 0.2549], [0.33922, 0.26275], [0.37451, 0.25882], [0.40588, 0.23137], [0.44902, 0.09412], [0.5, 0.01569], [0.48824, 0.00784], [0.46471, 0.02353], [0.46078, 0.04706], [0.38627, 0.1451], [0.37451, -0.1098], [0.36275, -0.12157], [0.3549, -0.2], [0.29216, -0.22353], [0.26078, -0.16471], [0.26078, 0.0549], [0.28431, 0.08627], [0.28039, -0.15294], [0.27647, -0.20784], [0.25294, -0.24314], [0.22941, -0.26275], [0.1902, -0.26275], [0.13922, -0.18039], [0.12745, -0.10588], [0.13529, 0.02745], [0.00196, 0.03922], [0.00588, -0.22353], [-0.00196, -0.25098], [-0.02549, -0.26275], [-0.06078, -0.25098], [-0.07647, -0.15294], [-0.03333, 0.00392], [-0.0451, -0.21569], [-0.28824, 0.18431]]}