{"rank": 189, "key_id": "6023329368506368", "category": "elephant", "n_points": 33, "bbox_aspect": 1.0672268907563025, "n_extensions_spliced": 2, "main_perimeter_px": 770.7854745243804, "score": 0.7850139497080942, "coords": [[-0.12992, 0.4252], [-0.15748, 0.41732], [-0.18898, 0.38189], [-0.20079, 0.36614], [-0.23622, 0.26772], [-0.24409, -0.03937], [-0.20472, -0.10236], [-0.13386, -0.1378], [-0.06693, -0.13386], [0.00394, -0.09843], [0.01575, -0.25197], [0.06299, -0.35433], [0.12205, -0.41339], [0.20866, -0.45276], [0.27953, -0.4685], [0.35827, -0.37795], [0.2874, -0.3622], [0.22047, -0.37008], [0.20472, -0.3622], [0.16142, -0.30709], [0.08661, -0.09843], [0.25984, -0.08268], [0.31496, -0.04724], [0.37008, 0.03543], [0.39764, 0.10236], [0.38189, 0.09055], [0.39764, 0.24803], [0.32283, 0.34646], [0.2126, 0.40551], [0.04331, 0.44094], [-0.05512, 0.44094], [-0.09843, 0.4252], [-0.1063, 0.40945], [-0.12992, 0.4252]]}