{"rank": 190, "key_id": "6499966300192768", "category": "elephant", "n_points": 20, "bbox_aspect": 1.2450980392156863, "n_extensions_spliced": 2, "main_perimeter_px": 405.3330661940005, "score": 0.7845860922538418, "coords": [[0.09449, 0.0315], [0.1063, 0.03543], [0.2126, 0.06693], [0.01969, 0.0315], [-0.01181, -0.01969], [-0.02756, -0.09055], [-0.03937, -0.31102], [-0.05118, -0.37795], [-0.07087, -0.3937], [-0.16535, -0.38976], [-0.16929, -0.30315], [-0.20866, -0.12598], [-0.27953, -0.12598], [-0.33071, -0.16535], [-0.33858, -0.18504], [-0.33858, -0.38583], [-0.37008, -0.40157], [-0.44488, -0.3937], [-0.48819, -0.33858], [-0.5, -0.16535], [0.09449, 0.0315]]}