{"rank": 191, "key_id": "6588844222709760", "category": "elephant", "n_points": 25, "bbox_aspect": 1.1712962962962963, "n_extensions_spliced": 2, "main_perimeter_px": 547.8019753023203, "score": 0.783480524428833, "coords": [[-0.06126, 0.39921], [0.08893, 0.34783], [0.20751, 0.24901], [0.21937, 0.22925], [0.23123, 0.13043], [0.21542, 0.00395], [0.22332, -0.05929], [0.27866, -0.13834], [0.37747, -0.22925], [0.417, -0.2253], [0.48814, -0.1581], [0.5, -0.33597], [0.45652, -0.36364], [0.25494, -0.36364], [0.12451, -0.32411], [0.07312, -0.28854], [0.0415, -0.2253], [0.00593, -0.24111], [0.04545, -0.06324], [0.02964, 0.01581], [0.00198, 0.03953], [-0.08498, 0.04743], [-0.1166, 0.03162], [-0.16008, -0.01976], [-0.15217, -0.01976], [-0.06126, 0.39921]]}