{"rank": 192, "key_id": "5856771107192832", "category": "elephant", "n_points": 23, "bbox_aspect": 1.6346153846153846, "n_extensions_spliced": 2, "main_perimeter_px": 463.0361018063789, "score": 0.7832119557652933, "coords": [[-0.02941, 0.26667], [-0.04902, 0.26667], [0.08824, 0.26275], [0.1902, 0.19608], [0.24118, 0.13725], [0.26078, 0.05882], [0.26078, -0.01176], [0.31176, -0.13333], [0.4098, -0.22353], [0.5, -0.25098], [0.42941, -0.30588], [0.41373, -0.27843], [0.24902, -0.18824], [0.20588, -0.11373], [0.17451, 0.02745], [0.1549, 0.0549], [0.12745, -0.03529], [0.10392, -0.05882], [0.05686, -0.07451], [-0.07255, -0.07451], [-0.04118, -0.03922], [-0.12745, -0.03529], [-0.14706, -0.0], [-0.02941, 0.26667]]}