{"rank": 193, "key_id": "6569179714945024", "category": "elephant", "n_points": 25, "bbox_aspect": 1.1705069124423964, "n_extensions_spliced": 2, "main_perimeter_px": 576.1221005660287, "score": 0.7830086071331382, "coords": [[-0.29921, 0.00984], [-0.2126, 0.00984], [-0.2126, -0.04528], [-0.18898, -0.08858], [-0.18898, -0.23031], [-0.16142, -0.30118], [-0.11417, -0.3563], [-0.02362, -0.3878], [0.2126, -0.42717], [0.31496, -0.42323], [0.46063, -0.3563], [0.5, -0.30906], [0.5, -0.22638], [0.47244, -0.17913], [0.38976, -0.28543], [0.35039, -0.31299], [0.25197, -0.34449], [0.16142, -0.34055], [-0.00787, -0.28937], [-0.09055, -0.1752], [-0.09843, -0.06496], [-0.0748, -0.01772], [-0.02362, 0.01378], [0.04724, 0.00197], [0.05118, 0.02165], [-0.29921, 0.00984]]}