{"rank": 194, "key_id": "5390572422430720", "category": "elephant", "n_points": 26, "bbox_aspect": 1.7, "n_extensions_spliced": 2, "main_perimeter_px": 608.7073440940708, "score": 0.7807574565579964, "coords": [[-0.0098, -0.07843], [-0.04118, -0.14902], [-0.08431, -0.18431], [-0.1902, -0.21961], [-0.28039, -0.22353], [-0.31569, -0.21569], [-0.39804, -0.17647], [-0.5, -0.06275], [-0.48039, -0.18431], [-0.40588, -0.24314], [-0.30784, -0.29412], [-0.04902, -0.2902], [0.04118, -0.26275], [0.07647, -0.20784], [0.1, -0.12941], [0.11961, -0.11373], [0.26078, -0.12549], [0.30392, -0.1098], [0.33922, -0.04314], [0.35098, 0.08235], [0.32745, 0.16863], [0.28824, 0.20784], [0.18627, 0.23529], [0.04902, 0.23529], [-0.02549, 0.21569], [-0.06471, 0.16471], [-0.0098, -0.07843]]}