{"rank": 195, "key_id": "4820684335218688", "category": "elephant", "n_points": 25, "bbox_aspect": 1.1666666666666667, "n_extensions_spliced": 2, "main_perimeter_px": 646.17757652553, "score": 0.7807082435775652, "coords": [[-0.12698, 0.22222], [-0.21429, 0.35714], [-0.28571, 0.42063], [-0.40476, 0.42857], [-0.46825, 0.38889], [-0.4881, 0.34524], [-0.5, 0.24206], [-0.49603, 0.11905], [-0.46032, -0.01587], [-0.37698, -0.15873], [-0.30159, -0.22222], [-0.14286, -0.24206], [-0.0873, -0.19841], [-0.03968, -0.05556], [-0.03175, -0.24603], [-0.0754, -0.4246], [-0.06746, -0.42857], [0.01984, -0.40873], [0.05556, -0.36111], [0.0873, -0.13492], [0.12302, -0.07937], [0.1627, -0.09127], [0.17857, -0.11508], [0.20635, -0.26984], [0.22619, -0.25397], [-0.12698, 0.22222]]}