{"rank": 196, "key_id": "5217713813192704", "category": "elephant", "n_points": 22, "bbox_aspect": 1.2085308056872037, "n_extensions_spliced": 2, "main_perimeter_px": 485.2448959314112, "score": 0.780386555876136, "coords": [[-0.2451, 0.1902], [-0.31961, 0.19412], [-0.40196, 0.15098], [-0.47255, 0.07255], [-0.49608, 0.01765], [-0.5, -0.04902], [-0.46863, -0.11176], [-0.29216, -0.28431], [-0.26863, -0.38627], [-0.17059, -0.41373], [-0.06078, -0.38627], [-0.02157, -0.34706], [-0.01373, -0.26863], [0.0451, -0.18235], [0.05686, -0.02941], [0.03333, 0.08039], [0.00588, 0.12745], [-0.04118, 0.17451], [-0.05294, 0.17059], [-0.17451, 0.21765], [-0.25294, 0.21765], [-0.26863, 0.19412], [-0.2451, 0.1902]]}