{"rank": 197, "key_id": "6556606181408768", "category": "elephant", "n_points": 35, "bbox_aspect": 1.8955223880597014, "n_extensions_spliced": 2, "main_perimeter_px": 653.2879194545253, "score": 0.7795511053541782, "coords": [[-0.26772, -0.0315], [-0.25197, -0.02756], [-0.22835, -0.10236], [-0.20472, -0.12205], [-0.14961, -0.07874], [-0.14173, -0.02756], [-0.11024, -0.12598], [-0.09843, -0.22835], [-0.05906, -0.26378], [-0.01575, -0.23228], [-0.00394, -0.1378], [-0.02362, -0.07087], [0.12598, -0.07087], [0.12992, -0.19291], [0.14961, -0.23228], [0.19685, -0.24409], [0.30709, -0.24409], [0.33858, -0.22047], [0.35433, -0.16929], [0.35827, -0.09055], [0.32283, -0.05118], [0.42913, -0.06299], [0.48031, -0.0315], [0.5, 0.03937], [0.46457, 0.09449], [0.43307, 0.1063], [0.39764, 0.09449], [0.37402, 0.03937], [0.29528, -0.00394], [0.23622, -0.0], [0.19685, 0.02756], [0.09055, 0.17323], [0.05118, 0.19291], [-0.12992, 0.19685], [-0.22441, 0.14567], [-0.26772, -0.0315]]}