{"rank": 199, "key_id": "5622325988818944", "category": "elephant", "n_points": 20, "bbox_aspect": 1.59375, "n_extensions_spliced": 2, "main_perimeter_px": 445.91483214626686, "score": 0.7759344213542962, "coords": [[-0.15098, 0.21176], [-0.18235, 0.21176], [-0.22941, 0.18824], [-0.22549, 0.19608], [-0.28039, 0.11765], [-0.30784, 0.02353], [-0.30392, -0.09804], [-0.28039, -0.18039], [-0.23725, -0.24314], [-0.12745, -0.28235], [0.0451, -0.27843], [0.12353, -0.24706], [0.23725, -0.16471], [0.27647, -0.09412], [0.28431, -0.00392], [0.22157, 0.09412], [0.08039, 0.2], [0.06078, 0.21176], [-0.04118, 0.23922], [-0.13137, 0.23922], [-0.15098, 0.21176]]}