{"rank": 0, "source": "019_1625222702391-WQ95MB9OAEFGX1V86YUI.jpg", "category": "dragon", "n_points": 40, "bbox_aspect": 1.2459415584415585, "area_frac": 0.2691342835708927, "score": 1.4183934955146338, "coords": [[-0.5, 0.21238], [-0.49088, 0.17003], [-0.44593, 0.10879], [-0.36124, 0.15831], [-0.33192, 0.11857], [-0.3684, 0.07427], [-0.38599, -0.01368], [-0.46873, -0.02671], [-0.48306, -0.08925], [-0.44853, -0.12704], [-0.39121, -0.06124], [-0.33713, -0.07492], [-0.30651, -0.11075], [-0.18013, -0.14658], [-0.0987, -0.18111], [-0.17166, -0.30098], [-0.20879, -0.40065], [-0.06612, -0.40065], [-0.05961, -0.30945], [0.02638, -0.2443], [0.03746, -0.20717], [0.07003, -0.20912], [0.04463, -0.28599], [0.06547, -0.31205], [0.06156, -0.39544], [0.13518, -0.3987], [0.143, -0.3329], [0.20619, -0.30814], [0.33779, -0.31336], [0.5, -0.25603], [0.48567, -0.19739], [0.24919, -0.19544], [0.23811, -0.15114], [0.1873, -0.1114], [0.11498, 0.03388], [0.05309, 0.05668], [-0.04853, 0.11792], [-0.10195, 0.1759], [-0.26678, 0.4013], [-0.44072, 0.28404], [-0.5, 0.21238]]}