{"rank": 1, "source": "065_1589651307776-P29PDGUUDFDZ6SWZH51Q.jpg", "category": "dragon", "n_points": 39, "bbox_aspect": 1.1811414392059554, "area_frac": 0.36698266400190027, "score": 1.3735063389644668, "coords": [[0.5, 0.42332], [0.40546, 0.35924], [0.16176, 0.36239], [0.0063, 0.30882], [-0.07983, 0.22899], [-0.21534, 0.34769], [-0.30882, 0.27941], [-0.41597, 0.28466], [-0.46639, 0.20168], [-0.44223, 0.11975], [-0.31618, 0.04307], [-0.16702, 0.01576], [-0.26681, -0.08403], [-0.31828, -0.05357], [-0.3771, -0.08508], [-0.47794, -0.08929], [-0.49055, -0.19328], [-0.39916, -0.22794], [-0.34874, -0.17227], [-0.34874, -0.07248], [-0.28466, -0.29412], [-0.23845, -0.33403], [-0.14496, -0.30882], [-0.14286, -0.35609], [-0.05147, -0.28782], [-0.02941, -0.36765], [0.02731, -0.23004], [0.04202, -0.13445], [0.11765, -0.03151], [0.13971, -0.1313], [0.11765, -0.30357], [0.05357, -0.3855], [0.14811, -0.34349], [0.17332, -0.40756], [0.21849, -0.35504], [0.28887, -0.3729], [0.20378, -0.2437], [0.25315, 0.21534], [0.41387, 0.30777], [0.5, 0.42332]]}