{"rank": 2, "source": "048_1591286483205-B2Y0IVKAIPQ9NUU9I155.jpg", "category": "dragon", "n_points": 39, "bbox_aspect": 1.399092970521542, "area_frac": 0.2290057251908397, "score": 1.3660806894311683, "coords": [[0.5, 0.03755], [0.46759, 0.08887], [0.33036, 0.20989], [0.25203, 0.09427], [0.17207, 0.07861], [0.19314, 0.35737], [0.04187, 0.23636], [-0.01162, 0.2315], [0.01108, 0.02836], [0.04835, -0.00297], [0.06618, -0.08725], [0.02404, -0.10238], [0.02512, -0.22015], [-0.01702, -0.198], [-0.04457, -0.2758], [-0.1067, -0.24014], [-0.12453, -0.32064], [-0.26175, -0.30173], [-0.32766, -0.27256], [-0.47191, -0.24608], [-0.4584, -0.33306], [-0.3336, -0.2785], [-0.17045, -0.35575], [-0.10292, -0.31307], [-0.03647, -0.31632], [0.00621, -0.25851], [0.06672, -0.28984], [0.12831, -0.23258], [0.18666, -0.21637], [0.30119, -0.14073], [0.33252, -0.20827], [0.36332, -0.19314], [0.34441, -0.12723], [0.39897, -0.17963], [0.42382, -0.12831], [0.32442, -0.09751], [0.35305, -0.02458], [0.44868, -0.05375], [0.49946, -0.01108], [0.5, 0.03755]]}