{"rank": 3, "source": "046_1592383652500-258UAR1X9754M36V7MGP.jpg", "category": "dragon", "n_points": 39, "bbox_aspect": 1.1488406881077038, "area_frac": 0.26234893689986283, "score": 1.3540967699891229, "coords": [[-0.47461, 0.27507], [-0.46875, 0.14941], [-0.5, 0.11686], [-0.44922, 0.05566], [-0.38086, 0.10059], [-0.3444, 0.08887], [-0.28125, 0.14225], [-0.2168, 0.12467], [-0.27474, 0.07454], [-0.26497, -0.00618], [-0.33398, -0.0166], [-0.34766, -0.11165], [-0.29948, -0.13053], [-0.16602, -0.07845], [-0.0293, -0.0127], [0.00456, 0.02897], [0.05924, 0.02507], [0.09961, -0.02897], [0.08919, -0.15072], [0.21289, -0.2028], [0.22526, -0.25423], [0.33594, -0.28809], [0.42708, -0.2679], [0.40365, -0.22624], [0.33659, -0.0153], [0.30729, 0.01725], [0.30013, 0.14486], [0.22786, 0.19368], [0.12435, 0.36165], [0.15755, 0.39811], [0.10286, 0.43132], [0.04362, 0.40332], [-0.01823, 0.43522], [-0.05273, 0.3903], [-0.11263, 0.38184], [-0.19271, 0.34017], [-0.31055, 0.32454], [-0.40039, 0.28158], [-0.42318, 0.25358], [-0.47461, 0.27507]]}