{"rank": 4, "source": "021_1621946994338-EFK9ZJJU5Z6LQ8IL3V20.jpg", "category": "dragon", "n_points": 39, "bbox_aspect": 1.2733224222585924, "area_frac": 0.23397543135783946, "score": 1.3299627180169449, "coords": [[0.5, 0.39267], [0.32326, 0.37404], [0.11375, 0.28728], [0.00835, 0.27249], [-0.04306, 0.23201], [-0.11761, 0.27699], [-0.1536, 0.23907], [-0.12982, 0.16003], [-0.19216, 0.09576], [-0.25643, 0.08033], [-0.30334, 0.12725], [-0.5, 0.14524], [-0.48586, 0.09961], [-0.3419, 0.04242], [-0.28599, 0.04692], [-0.3644, -0.08548], [-0.35861, -0.1928], [-0.26671, -0.38175], [-0.22237, -0.3901], [-0.21337, -0.27828], [-0.18188, -0.2455], [-0.20887, -0.14653], [-0.27442, -0.14524], [-0.16645, -0.06684], [-0.12275, -0.10026], [0.0829, -0.05077], [0.20758, -0.07005], [0.33419, -0.05206], [0.43252, -0.00129], [0.35411, 0.03406], [0.13689, 0.01285], [0.16902, 0.0964], [0.24936, 0.13111], [0.33098, 0.11632], [0.44794, 0.14846], [0.45116, 0.2108], [0.18959, 0.18188], [0.38432, 0.30527], [0.48779, 0.35154], [0.5, 0.39267]]}