{"rank": 5, "source": "004_1661771050186-6I5HBV60QK7I6F9876V5.jpg", "category": "dragon", "n_points": 39, "bbox_aspect": 1.0759183673469388, "area_frac": 0.4185279235382309, "score": 1.3081916488236887, "coords": [[-0.34977, 0.45258], [-0.36343, 0.3934], [-0.3915, 0.32208], [-0.39226, 0.2978], [-0.36874, 0.29021], [-0.3915, 0.28187], [-0.40744, 0.17261], [-0.45524, -0.01176], [-0.47496, -0.13923], [-0.5, -0.21434], [-0.49469, -0.24848], [-0.45372, -0.26366], [-0.33915, -0.2758], [-0.30728, -0.28794], [-0.19347, -0.3107], [-0.14643, -0.33422], [-0.07056, -0.34863], [-0.02883, -0.36533], [0.00835, -0.37215], [0.04704, -0.36836], [0.08042, -0.38354], [0.18058, -0.39871], [0.23065, -0.41237], [0.33384, -0.45789], [0.37026, -0.46472], [0.3824, -0.43361], [0.3824, -0.36381], [0.3695, -0.29932], [0.38695, -0.16654], [0.42489, -0.0459], [0.4431, 0.05577], [0.47724, 0.14909], [0.5, 0.26745], [0.44689, 0.29932], [0.37481, 0.31753], [0.20637, 0.34712], [-0.1047, 0.42299], [-0.27086, 0.44727], [-0.30956, 0.46472], [-0.34977, 0.45258]]}