{"rank": 6, "source": "066_1580760470769-RY1JR4ANEOXF4ZBHF5L1.jpg", "category": "dragon", "n_points": 39, "bbox_aspect": 2.0095351609058403, "area_frac": 0.29798295454545454, "score": 1.2394981631686328, "coords": [[-0.5, -0.02758], [-0.43179, -0.09638], [-0.14353, -0.09698], [-0.09549, -0.07859], [-0.06762, -0.13019], [-0.13345, -0.17823], [-0.13938, -0.21797], [-0.07888, -0.2411], [-0.07295, -0.18535], [0.0433, -0.1207], [0.05457, -0.22331], [0.23665, -0.22272], [0.2331, -0.13849], [0.31495, -0.15688], [0.36358, -0.20077], [0.36477, -0.12722], [0.3274, -0.10231], [0.48754, -0.1296], [0.49407, -0.08452], [0.38078, -0.02521], [0.38671, 0.02936], [0.34638, 0.02995], [0.32444, 0.08749], [0.25445, 0.10765], [0.09905, 0.19365], [0.0694, 0.24881], [-0.12633, 0.21797], [-0.12693, 0.164], [-0.172, 0.16222], [-0.17497, 0.10884], [-0.22657, 0.0774], [-0.26453, -0.03885], [-0.35053, -0.04004], [-0.35113, 0.05664], [-0.37663, -0.03707], [-0.38019, 0.0513], [-0.42289, -0.04122], [-0.45374, 0.0519], [-0.46263, -0.03292], [-0.5, -0.02758]]}