{"rank": 7, "source": "008_1641295046352-ZR11EABKZ3WZVKG8KT0T.jpg", "category": "dragon", "n_points": 39, "bbox_aspect": 2.072289156626506, "area_frac": 0.3130371342835709, "score": 1.2179728573230504, "coords": [[-0.49894, 0.13927], [-0.45137, 0.14931], [-0.41385, 0.11549], [-0.46353, 0.08166], [-0.47463, -0.02299], [-0.39006, -0.04678], [-0.2759, -0.04783], [-0.1982, -0.12553], [-0.13319, -0.1102], [-0.12738, -0.16094], [-0.15645, -0.19001], [-0.10835, -0.21697], [-0.05233, -0.11971], [-0.03383, -0.12553], [-0.05444, -0.22965], [0.02273, -0.24128], [0.09725, -0.14297], [0.14165, -0.14984], [0.14112, -0.19688], [0.27537, -0.22489], [0.29968, -0.10967], [0.39588, -0.13399], [0.45507, -0.12553], [0.5, -0.09223], [0.47463, -0.0621], [0.32664, 0.04889], [0.3018, 0.05153], [0.13742, 0.13081], [0.08985, 0.12394], [-0.11628, 0.13029], [-0.09619, 0.17944], [-0.18129, 0.19107], [-0.23203, 0.24128], [-0.2722, 0.22119], [-0.30444, 0.13663], [-0.34778, 0.13927], [-0.36364, 0.1065], [-0.4297, 0.12764], [-0.44979, 0.15513], [-0.49894, 0.13927]]}