{"rank": 8, "source": "058_1580760473719-QDO80NMHGP1N420CO3XW.jpg", "category": "dragon", "n_points": 38, "bbox_aspect": 1.4632558139534884, "area_frac": 0.20700284306292646, "score": 1.1960828502648475, "coords": [[-0.5, 0.25779], [-0.42435, 0.21202], [-0.45677, 0.07343], [-0.41672, 0.06135], [-0.29593, 0.11666], [-0.3061, 0.02511], [-0.42943, 0.04482], [-0.43516, -0.00223], [-0.2686, 0.00095], [-0.19739, -0.0213], [-0.14081, -0.11538], [-0.17705, -0.22028], [-0.23427, -0.26478], [-0.12492, -0.26669], [-0.11983, -0.1904], [-0.05181, -0.07724], [-0.0569, -0.03783], [0.01367, -0.04418], [0.04863, -0.17387], [0.03274, -0.2349], [-0.05118, -0.31119], [-0.02257, -0.3417], [0.07851, -0.3042], [0.10013, -0.16688], [0.08805, -0.09568], [0.137, 0.05118], [0.19676, 0.04673], [0.38175, 0.10331], [0.5, 0.09949], [0.26287, 0.17641], [0.10331, 0.19994], [0.01303, 0.25715], [-0.07343, 0.25715], [-0.17196, 0.20629], [-0.26414, 0.21011], [-0.25842, 0.28131], [-0.33153, 0.3417], [-0.47775, 0.3398], [-0.5, 0.25779]]}