{"rank": 9, "source": "015_1633972033746-7S29TRC3VIT99VRTNWQ0.jpg", "category": "dragon", "n_points": 39, "bbox_aspect": 1.2964396284829722, "area_frac": 0.20713604955920895, "score": 1.1815209636620383, "coords": [[0.46418, 0.36239], [0.42179, 0.38567], [0.32328, 0.32119], [0.26299, 0.31582], [0.22478, 0.22985], [0.1794, 0.23403], [0.07552, 0.14269], [0.00149, 0.11284], [-0.02179, 0.01552], [-0.07134, 0.02209], [-0.13642, -0.12239], [-0.18, -0.15343], [-0.19373, -0.27821], [-0.23672, -0.30746], [-0.32149, -0.30448], [-0.35612, -0.34209], [-0.49642, -0.34507], [-0.46896, -0.37254], [-0.28448, -0.38567], [-0.1209, -0.37313], [-0.08806, -0.29134], [-0.02896, -0.26269], [-0.01045, -0.19164], [0.07791, -0.15403], [0.08269, -0.1809], [0.18299, -0.16955], [0.17045, -0.31582], [0.30776, -0.31761], [0.27433, -0.27224], [0.20985, -0.27343], [0.28866, -0.09731], [0.17164, -0.05612], [0.30119, 0.04239], [0.42239, 0.08836], [0.31731, 0.10388], [0.38776, 0.15045], [0.37582, 0.18388], [0.49522, 0.2209], [0.38896, 0.29254], [0.46418, 0.36239]]}