{"rank": 10, "source": "049_1589651094888-BBJ3DTORZFQG6WP6A2AL.jpg", "category": "dragon", "n_points": 39, "bbox_aspect": 1.1156111929307806, "area_frac": 0.21155929487179487, "score": 1.1029068904733, "coords": [[0.4604, 0.40792], [0.43927, 0.42838], [0.35017, 0.44818], [0.30396, 0.44158], [0.20693, 0.36436], [0.18449, 0.32211], [0.0736, 0.21122], [0.01155, 0.1934], [-0.07426, 0.12013], [-0.27888, -0.00462], [-0.32178, -0.08647], [-0.41155, -0.18152], [-0.42409, -0.25743], [-0.5, -0.35578], [-0.42277, -0.33333], [-0.3462, -0.24026], [-0.19769, -0.1769], [-0.17393, -0.15314], [-0.07822, -0.23234], [-0.07492, -0.30363], [-0.03465, -0.34785], [-0.02079, -0.44488], [0.07756, -0.43498], [0.1132, -0.39802], [0.04059, -0.39934], [0.02277, -0.32145], [0.0868, -0.1538], [0.05578, -0.05017], [0.09406, 0.03102], [0.22145, 0.06205], [0.19109, 0.11419], [0.25644, 0.18614], [0.29538, 0.15842], [0.37195, 0.15248], [0.39703, 0.17294], [0.44191, 0.14785], [0.4835, 0.18416], [0.5, 0.23168], [0.4637, 0.31749], [0.4604, 0.40792]]}