{"rank": 11, "source": "034_1608640030575-B6LI9P4ASHOEO1BKJPDA.jpg", "category": "dragon", "n_points": 39, "bbox_aspect": 1.139515455304929, "area_frac": 0.20856629082426129, "score": 1.0997893723025227, "coords": [[-0.26979, 0.43878], [-0.39223, 0.30828], [-0.42595, 0.24084], [-0.5, 0.19245], [-0.48314, 0.11987], [-0.25953, 0.10667], [-0.21701, 0.01576], [-0.27199, 0.06048], [-0.30132, 0.0077], [-0.25587, 0.0099], [-0.19501, -0.04802], [-0.15029, 0.00623], [-0.09018, -0.10007], [-0.03372, -0.14993], [-0.05792, -0.22837], [-0.0176, -0.36474], [-0.14883, -0.43878], [0.03959, -0.42045], [0.08138, -0.33761], [0.08578, -0.22691], [0.13856, -0.13673], [0.21334, -0.1206], [0.32845, 0.04289], [0.38123, 0.06708], [0.43255, 0.17192], [0.43035, 0.22177], [0.5, 0.31855], [0.44428, 0.31708], [0.26026, 0.1162], [0.08724, 0.09641], [-0.0066, 0.19758], [-0.08798, 0.25183], [-0.17742, 0.27896], [-0.16202, 0.35887], [-0.09531, 0.34421], [-0.06012, 0.26356], [0.02493, 0.29655], [-0.00953, 0.35814], [-0.14736, 0.41899], [-0.26979, 0.43878]]}