{"rank": 12, "source": "016_1632387467960-396QZG6DTQNG1GGJQLF4.jpg", "category": "dragon", "n_points": 40, "bbox_aspect": 1.4141716566866267, "area_frac": 0.16902532707549875, "score": 1.0071017574557322, "coords": [[0.44213, 0.33733], [0.31228, 0.31898], [0.18172, 0.35356], [0.08222, 0.32886], [0.08222, 0.2837], [0.10833, 0.17855], [0.05469, 0.11433], [-0.13867, 0.11503], [-0.241, 0.08539], [-0.30381, 0.02258], [-0.38073, -0.14397], [-0.43225, -0.19831], [-0.36097, -0.14679], [-0.31651, -0.04658], [-0.29958, -0.04517], [-0.2403, -0.12773], [-0.25723, -0.20042], [-0.27135, -0.31475], [-0.17608, -0.32886], [-0.26429, -0.30628], [-0.23888, -0.15032], [-0.16196, -0.16161], [-0.11256, -0.21101], [-0.11609, -0.34157], [-0.03705, -0.35356], [-0.03211, -0.3084], [-0.09845, -0.26606], [-0.1048, -0.20607], [-0.08716, -0.10445], [-0.02576, -0.03529], [-0.01164, -0.00423], [0.04622, 0.03105], [0.0928, 0.02682], [0.13162, 0.05222], [0.12738, 0.09315], [0.14785, 0.13973], [0.22477, 0.15526], [0.32357, 0.15949], [0.36803, 0.1849], [0.49788, 0.22089], [0.44213, 0.33733]]}