{"rank": 13, "source": "037_1608128620701-EASDPXLT3EWOMZ7NLWUN.jpg", "category": "dragon", "n_points": 39, "bbox_aspect": 1.098360655737705, "area_frac": 0.17360560675883258, "score": 0.864276203570505, "coords": [[0.40746, 0.43209], [0.20149, 0.43134], [0.17612, 0.35448], [0.18433, 0.21866], [0.05522, 0.19776], [0.02985, 0.12239], [-0.06567, 0.1], [-0.07761, 0.03657], [-0.3209, 0.0403], [-0.5, 0.07164], [-0.35149, -0.00746], [-0.30224, -0.06194], [-0.1209, -0.08657], [-0.06343, -0.20373], [-0.11119, -0.20522], [-0.07164, -0.27985], [-0.02761, -0.45522], [0.06119, -0.40224], [-0.01343, -0.35522], [0.08731, -0.21716], [0.05224, -0.08284], [0.2097, -0.06493], [0.21716, -0.1597], [0.27313, -0.25], [0.36866, -0.22612], [0.4194, -0.15672], [0.5, -0.17612], [0.46045, -0.08657], [0.41866, -0.07239], [0.28806, -0.11119], [0.23657, 0.03358], [0.31866, 0.04254], [0.23731, 0.07388], [0.26642, 0.13358], [0.33134, 0.12388], [0.26045, 0.19254], [0.25821, 0.24403], [0.44627, 0.29701], [0.47761, 0.36567], [0.40746, 0.43209]]}