{"rank": 14, "source": "033_1608825063596-XL7ADSN41GS9Q2MO1IZP.jpg", "category": "dragon", "n_points": 39, "bbox_aspect": 0.8738019169329073, "area_frac": 0.17976159793814434, "score": 0.7411079239193348, "coords": [[0.38498, 0.5], [0.21645, 0.49281], [0.11022, 0.45687], [0.08626, 0.38818], [0.10623, 0.36741], [0.03435, 0.29872], [-0.06709, 0.15096], [-0.08546, 0.05272], [-0.15895, -0.01597], [-0.23163, -0.11581], [-0.29073, -0.17812], [-0.4369, -0.36102], [-0.41294, -0.4401], [-0.03115, -0.23323], [0.04393, -0.34425], [0.01757, -0.36502], [0.04553, -0.41773], [-0.10224, -0.48323], [-0.10703, -0.5], [0.09744, -0.40256], [0.3131, -0.25799], [0.27396, -0.27157], [0.23243, -0.21246], [0.20447, -0.25479], [0.15256, -0.2508], [0.11342, -0.17173], [0.09105, -0.05911], [0.20288, 0.0655], [0.21166, 0.10224], [0.30032, 0.05351], [0.30751, 0.12859], [0.22125, 0.14457], [0.26198, 0.1885], [0.31869, 0.16613], [0.37859, 0.23003], [0.25639, 0.3115], [0.28115, 0.33626], [0.4369, 0.3115], [0.43371, 0.42093], [0.38498, 0.5]]}