{"rank": 15, "source": "060_1580760474866-Y2KDIWD04AB5VKB7NDNV.jpg", "category": "dragon", "n_points": 38, "bbox_aspect": 1.7712418300653594, "area_frac": 0.14314272727272728, "score": 0.679210299630127, "coords": [[-0.5, 0.22989], [-0.47491, 0.19815], [-0.43875, 0.21365], [-0.40037, 0.20554], [-0.42694, 0.16716], [-0.46605, 0.18192], [-0.47196, 0.14649], [-0.33542, 0.12952], [-0.30664, 0.08007], [-0.35461, 0.07712], [-0.27934, 0.03801], [-0.25203, -0.00406], [-0.1952, -0.01734], [-0.1952, -0.05793], [-0.14945, -0.12435], [-0.16494, -0.18487], [-0.23727, -0.19225], [-0.26015, -0.20996], [-0.22325, -0.2321], [-0.06605, -0.22768], [-0.11771, -0.22103], [-0.10148, -0.16642], [-0.11181, -0.1], [-0.08745, -0.04686], [-0.02694, -0.06162], [0.5, -0.06605], [0.4417, -0.04391], [0.30443, -0.02472], [0.17897, 0.00775], [0.07638, 0.02103], [0.02915, 0.06015], [-0.0572, 0.10517], [-0.11181, 0.14945], [-0.15092, 0.15387], [-0.2107, 0.19225], [-0.28303, 0.19963], [-0.2941, 0.25941], [-0.45203, 0.28229], [-0.5, 0.22989]]}