{"rank": 16, "source": "067_1580760459036-4882ZDKJ5LEY0ZI0S1RS.jpg", "category": "dragon", "n_points": 39, "bbox_aspect": 2.0087064676616917, "area_frac": 0.15302560572687224, "score": 0.657940523461629, "coords": [[0.5, 0.14737], [0.45789, 0.1808], [0.37926, 0.22786], [0.36935, 0.24272], [0.31424, 0.24211], [0.2709, 0.13375], [0.20526, 0.10093], [0.14396, 0.03591], [0.11858, 0.04272], [0.05789, 0.01176], [0.03994, 0.01734], [-0.03375, 0.00681], [-0.13406, 0.03344], [-0.17059, 0.03096], [-0.31115, 0.09412], [-0.41455, 0.12198], [-0.47957, 0.187], [-0.48142, 0.1548], [-0.43932, 0.10774], [-0.40898, 0.11641], [-0.30991, 0.08916], [-0.19536, 0.03715], [-0.18669, 0.02043], [-0.14458, 0.013], [-0.07523, -0.04644], [-0.01827, -0.12508], [0.03189, -0.15294], [0.07214, -0.18885], [0.11362, -0.19752], [0.1322, -0.22724], [0.14892, -0.20248], [0.2195, -0.16285], [0.2418, -0.10588], [0.29133, -0.02353], [0.37121, 0.01672], [0.31053, 0.06006], [0.35325, 0.12508], [0.36873, 0.12879], [0.45046, 0.08483], [0.5, 0.14737]]}