{"rank": 17, "source": "035_1608638761268-MB0OOFYGMTNRNKE0IURV.jpg", "category": "dragon", "n_points": 38, "bbox_aspect": 1.817224880382775, "area_frac": 0.12847839748625295, "score": 0.5732835680630046, "coords": [[-0.5, 0.20669], [-0.43418, 0.14771], [-0.4089, 0.05819], [-0.35624, -0.01237], [-0.26145, -0.03239], [-0.10664, -0.14244], [-0.04871, -0.2367], [-0.00395, -0.25355], [0.00237, -0.18141], [0.06135, -0.21037], [0.04502, -0.26093], [0.10769, -0.26093], [0.13244, -0.13823], [0.31306, -0.25935], [0.39626, -0.2604], [0.5, -0.19352], [0.31622, -0.23934], [0.25513, -0.14508], [0.18036, 0.02343], [0.10664, 0.08978], [0.06293, 0.17825], [-0.02923, 0.27514], [-0.15877, 0.18931], [-0.12875, 0.15456], [-0.02238, 0.15298], [0.02607, 0.08662], [0.0466, -0.00184], [-0.02923, -0.01237], [0.0882, -0.11137], [0.06503, -0.20195], [-0.00395, -0.17509], [-0.04292, -0.23828], [-0.07083, -0.17773], [-0.15877, -0.08346], [-0.2604, -0.02712], [-0.34834, -0.02343], [-0.40363, 0.05977], [-0.42944, 0.1514], [-0.5, 0.20669]]}