{"rank": 18, "source": "040_1605623800534-D2QSB1DNYZ3UD60FTA5O.jpg", "category": "dragon", "n_points": 39, "bbox_aspect": 2.3208020050125313, "area_frac": 0.15562638580931265, "score": 0.5724499080613038, "coords": [[-0.5, 0.16901], [-0.46436, 0.09773], [-0.39471, 0.13499], [-0.34449, 0.10583], [-0.34233, 0.04752], [-0.45248, 0.03348], [-0.45788, -0.0216], [-0.38175, -0.04266], [-0.33801, -0.01782], [-0.29482, -0.0594], [-0.34395, -0.14525], [-0.29428, -0.08423], [-0.17117, -0.13337], [-0.05292, -0.11771], [0.00108, -0.17603], [0.04266, -0.16307], [-0.01836, -0.05832], [0.01836, 0.0621], [0.09773, 0.06965], [0.13607, 0.11825], [0.16955, 0.07127], [0.21004, 0.06425], [0.23542, 0.0027], [0.38499, 0.0027], [0.46976, 0.03348], [0.4541, 0.07667], [0.36771, 0.0378], [0.28186, 0.02052], [0.2608, 0.03024], [0.2554, 0.10961], [0.15119, 0.17711], [0.08855, 0.16847], [0.05778, 0.13445], [-0.09935, 0.08909], [-0.12527, 0.03294], [-0.25702, 0.0162], [-0.24892, 0.07505], [-0.31695, 0.21544], [-0.39309, 0.2095], [-0.5, 0.16901]]}