{"rank": 19, "source": "002_1668440800076-1V3F1VIVTPK9T3M0A3NR.jpg", "category": "dragon", "n_points": 38, "bbox_aspect": 1.5268006700167505, "area_frac": 0.09015622655663916, "score": 0.465245788466403, "coords": [[0.5, 0.32748], [0.27235, 0.30115], [0.07213, 0.18212], [0.09078, 0.12946], [0.05952, 0.0384], [-0.03154, -0.07625], [-0.14619, -0.08283], [-0.13686, -0.02633], [-0.02606, -0.00219], [-0.08585, 0.02359], [-0.2367, -0.0011], [-0.35134, 0.04553], [-0.39303, 0.02907], [-0.15112, -0.113], [-0.22298, -0.12452], [-0.44569, -0.08832], [-0.49781, -0.17224], [-0.5, -0.29567], [-0.34421, -0.23204], [-0.31075, -0.17608], [-0.11711, -0.21887], [0.01125, -0.2068], [-0.15387, -0.14482], [-0.14728, -0.10368], [-0.36999, 0.01262], [-0.26796, -0.02688], [-0.0853, 0.01755], [-0.06061, -0.02633], [-0.1429, -0.02468], [-0.15112, -0.08612], [-0.02935, -0.08118], [0.07707, 0.04443], [-0.04142, -0.12891], [0.06391, -0.03236], [0.11108, 0.08502], [0.07817, 0.17992], [0.2751, 0.29567], [0.32556, 0.28031], [0.5, 0.32748]]}