{"rank": 20, "source": "022_1614687381272-6TL3819DB340W17BVHL8.jpg", "category": "dragon", "n_points": 39, "bbox_aspect": 1.3169690501600855, "area_frac": 0.06413665612681468, "score": 0.3345224166848768, "coords": [[-0.5, 0.28404], [-0.46029, 0.0782], [-0.27066, 0.1325], [-0.2107, 0.12601], [-0.13614, 0.05956], [-0.25284, 0.02391], [-0.3282, -0.0782], [-0.16694, -0.05227], [-0.07618, -0.09522], [-0.01135, -0.29295], [-0.09724, -0.32212], [-0.08023, -0.37966], [0.07212, -0.33833], [0.01945, -0.27998], [0.0705, -0.21515], [0.00081, -0.09279], [-0.1175, -0.0936], [-0.11264, -0.02553], [-0.32091, -0.07253], [-0.24554, 0.01823], [-0.12885, 0.05389], [-0.20665, 0.13412], [-0.2731, 0.13979], [-0.45624, 0.08549], [-0.49352, 0.27836], [-0.20097, 0.37075], [-0.22042, 0.27593], [-0.16937, 0.34319], [-0.10454, 0.28485], [-0.06402, 0.14708], [0.05186, 0.06767], [0.26823, 0.00851], [0.30632, 0.08063], [0.21151, 0.00041], [0.16207, 0.04417], [0.01783, 0.0936], [-0.05673, 0.15194], [-0.09887, 0.29214], [-0.1953, 0.37966], [-0.5, 0.28404]]}