{"rank": 21, "source": "026_1612972969154-K9JF7PXUSA9NILHT97TC.jpg", "category": "dragon", "n_points": 39, "bbox_aspect": 1.4213114754098362, "area_frac": 0.03961796699174794, "score": 0.21963235385610716, "coords": [[0.5, 0.1286], [0.29988, 0.33564], [0.22088, 0.35179], [0.01096, 0.14418], [-0.05306, 0.13033], [-0.08651, 0.15802], [-0.11476, 0.12399], [-0.21165, 0.14072], [-0.25317, 0.09054], [-0.31603, 0.08881], [-0.36275, 0.13668], [-0.32295, 0.27682], [-0.47059, 0.16032], [-0.44118, 0.07843], [-0.4481, 0.00058], [-0.42964, -0.0842], [-0.42042, -0.01788], [-0.46194, 0.15859], [-0.32007, 0.27105], [-0.36448, 0.19262], [-0.36967, 0.13495], [-0.31834, 0.08247], [-0.28777, 0.109], [-0.24971, 0.0842], [-0.20819, 0.13379], [-0.18166, 0.10957], [-0.11361, 0.11707], [-0.0842, 0.15052], [-0.05306, 0.12111], [-0.01845, 0.15571], [0.01269, 0.13725], [0.22434, 0.34487], [0.26932, 0.29758], [0.22549, 0.24683], [0.29066, 0.18858], [0.33391, 0.2451], [0.25952, 0.32238], [0.27855, 0.34256], [0.49308, 0.12687], [0.5, 0.1286]]}