{"rank": 22, "source": "056_1580760447158-84D25D13W6YCDPC41LSE.jpg", "category": "dragon", "n_points": 40, "bbox_aspect": 2.1104060913705585, "area_frac": 0.0832461763382816, "score": 0.2121913511300046, "coords": [[-0.5, 0.17559], [-0.34907, 0.17198], [-0.30938, 0.11004], [-0.19152, 0.07156], [-0.17468, 0.00421], [-0.09771, 0.01263], [-0.11275, -0.16536], [-0.07066, -0.19002], [0.05562, -0.15634], [0.0442, -0.01203], [-0.09351, 0.03788], [-0.1837, 0.03668], [-0.18611, 0.07577], [-0.30457, 0.11545], [-0.35328, 0.20084], [-0.17228, 0.17078], [-0.08809, 0.20565], [0.02075, 0.1804], [0.10734, 0.22429], [0.20475, 0.20926], [0.21798, 0.1353], [0.41461, 0.11004], [0.43085, 0.06434], [0.35809, -0.02586], [0.32742, 0.01864], [0.15725, -0.02526], [0.30637, -0.06434], [0.26789, -0.01804], [0.32682, 0.01082], [0.41281, -0.0457], [0.40018, 0.03728], [0.5, 0.01684], [0.41882, 0.11485], [0.22399, 0.14071], [0.21076, 0.22008], [0.10553, 0.23031], [-0.0899, 0.21106], [-0.12417, 0.17859], [-0.32261, 0.19663], [-0.35328, 0.23692], [-0.5, 0.17559]]}