{"rank": 23, "source": "010_1641294709958-UO3CS5NO2DLJ74V5FIQA.jpg", "category": "dragon", "n_points": 39, "bbox_aspect": 3.4349376114081998, "area_frac": 0.1395095648912228, "score": 0.20128882095801676, "coords": [[-0.5, 0.10405], [-0.49533, 0.09315], [-0.44499, 0.08173], [-0.40503, 0.09056], [-0.34639, 0.08381], [-0.2452, 0.06305], [-0.18552, 0.05994], [-0.14504, 0.04385], [-0.10976, 0.01531], [-0.10976, -0.00389], [-0.08433, -0.02206], [0.01479, -0.05994], [0.06876, -0.09523], [0.06565, -0.14504], [0.12117, -0.14193], [0.11183, -0.07187], [0.18137, -0.06305], [0.19279, -0.11287], [0.21562, -0.11339], [0.24209, -0.05734], [0.26751, -0.05008], [0.29606, -0.10716], [0.32304, -0.10872], [0.34847, -0.09211], [0.32356, -0.02413], [0.31993, 0.02154], [0.38739, 0.04074], [0.48132, 0.03451], [0.49533, 0.04956], [0.27011, 0.07862], [0.17981, 0.10197], [0.1383, 0.11858], [0.00026, 0.0999], [-0.14401, 0.09626], [-0.19538, 0.10976], [-0.27893, 0.11079], [-0.34743, 0.12532], [-0.40659, 0.14556], [-0.45952, 0.14349], [-0.5, 0.10405]]}