{"rank": 24, "source": "061_1589651343516-J1P4WE5FJAL5JOPACCT8.jpg", "category": "dragon", "n_points": 39, "bbox_aspect": 1.3934624697336562, "area_frac": 0.035067296635031456, "score": 0.19962735881597293, "coords": [[-0.46699, 0.28931], [-0.5, 0.22502], [-0.37315, 0.21025], [-0.2715, 0.06603], [-0.28888, -0.04083], [-0.34101, -0.10773], [-0.32537, -0.17897], [-0.35404, -0.26412], [-0.22372, -0.28584], [-0.20895, -0.21286], [-0.149, -0.23979], [-0.14553, -0.27454], [-0.09079, -0.3258], [0.00652, -0.33189], [0.1603, -0.35882], [0.18375, -0.298], [0.26455, -0.31103], [0.2689, -0.33797], [0.37663, -0.2702], [0.2689, -0.30408], [0.17941, -0.28931], [0.16464, -0.35013], [0.01173, -0.3258], [-0.0543, -0.24935], [-0.06907, -0.13814], [-0.08905, -0.11555], [-0.07255, -0.22502], [-0.02476, -0.31972], [-0.08645, -0.31972], [-0.14118, -0.23545], [-0.20287, -0.19896], [-0.22719, -0.27889], [-0.34535, -0.25891], [-0.31755, -0.17811], [-0.33406, -0.11034], [-0.28106, -0.0417], [-0.26368, 0.06864], [-0.36794, 0.21546], [-0.47394, 0.25977], [-0.46699, 0.28931]]}