{"rank": 25, "source": "069_1580760467235-Y7TVLCQSNHGPYHE8Y47M.jpg", "category": "dragon", "n_points": 39, "bbox_aspect": 2.1823599523241954, "area_frac": 0.08390780809031044, "score": 0.18519262743159848, "coords": [[0.5, 0.08656], [0.4077, 0.1308], [0.25041, 0.11223], [0.14937, 0.07182], [0.27007, -0.04724], [0.24713, -0.07073], [0.18378, -0.01393], [0.08493, 0.0112], [-0.03413, -0.01393], [-0.17449, 0.03195], [-0.18323, -0.00191], [-0.31431, 0.07673], [-0.40989, -0.02048], [-0.36292, 0.09476], [-0.49235, 0.04178], [-0.42627, 0.02649], [-0.41371, -0.02594], [-0.35636, 0.02485], [-0.23129, 0.02212], [-0.2018, -0.02048], [-0.27553, -0.08001], [-0.12643, -0.0101], [-0.0964, -0.07673], [-0.0527, -0.0527], [-0.00519, -0.10513], [-0.00901, -0.16139], [-0.06581, -0.22911], [0.04287, -0.16958], [0.05161, -0.08711], [0.02594, -0.01611], [0.0953, 0.01229], [0.17996, -0.0172], [0.24058, -0.12862], [0.29082, -0.06253], [0.19743, 0.08766], [0.35691, 0.13026], [0.44102, 0.1106], [0.47433, 0.0669], [0.45958, -0.06472], [0.5, 0.08656]]}