{"rank": 26, "source": "057_1589651367680-P93NNUNBRFIDL4FHRBWR.jpg", "category": "dragon", "n_points": 39, "bbox_aspect": 1.4925742574257426, "area_frac": 0.03845504012901616, "score": 0.17840918327272126, "coords": [[0.5, 0.31592], [0.06136, 0.33499], [-0.00249, 0.24793], [-0.0937, 0.28524], [-0.16335, 0.21891], [-0.25954, 0.28856], [-0.42123, 0.26119], [-0.33914, 0.25373], [-0.26368, 0.28275], [-0.16335, 0.21227], [-0.0937, 0.27861], [0.00415, 0.24378], [0.06633, 0.32836], [0.43532, 0.31177], [0.35572, 0.26202], [0.25954, 0.24627], [0.29104, 0.13599], [0.28358, 0.02073], [0.23549, -0.06385], [0.13599, -0.13184], [-0.03814, -0.17413], [-0.04063, -0.27529], [-0.14925, -0.31095], [-0.14594, -0.33499], [0.01244, -0.3068], [-0.03151, -0.27114], [-0.02736, -0.17662], [0.13433, -0.14013], [0.22637, -0.07214], [0.29519, -0.1393], [0.26866, -0.22222], [0.39469, -0.14511], [0.37479, -0.10697], [0.30182, -0.13101], [0.23881, -0.07297], [0.29436, 0.03731], [0.29685, 0.14262], [0.26617, 0.24212], [0.35738, 0.25539], [0.5, 0.31592]]}