{"rank": 27, "source": "000_1701530171215-AUSU7BHF5419KTEBZGRC.jpg", "category": "dragon", "n_points": 41, "bbox_aspect": 1.3643031784841075, "area_frac": 0.03164271228286747, "score": 0.1642763724993122, "coords": [[0.5, 0.26075], [0.41398, 0.28465], [0.38172, 0.36649], [0.21027, 0.33841], [0.17324, 0.31093], [0.05257, 0.13411], [0.01732, -0.00687], [-0.01971, -0.03136], [-0.09677, -0.01344], [-0.1147, -0.06063], [-0.26822, -0.03495], [-0.43847, 0.03136], [-0.41876, 0.16219], [-0.5, 0.00149], [-0.26523, -0.24522], [-0.49343, 0.00448], [-0.43309, 0.12694], [-0.44325, 0.02599], [-0.27479, -0.04092], [-0.11051, -0.0678], [-0.092, -0.02121], [-0.01613, -0.03793], [0.0233, -0.01344], [0.05854, 0.12993], [0.17503, 0.30078], [0.21386, 0.33244], [0.37754, 0.35932], [0.40681, 0.28106], [0.49283, 0.25777], [0.49223, 0.20579], [0.37395, 0.21894], [0.47431, 0.17174], [0.43907, 0.12216], [0.33811, 0.17533], [0.20669, 0.12933], [0.21266, 0.09707], [0.2945, 0.10663], [0.21386, 0.12515], [0.33692, 0.16876], [0.43787, 0.11081], [0.49642, 0.19922], [0.5, 0.26075]]}