{"rank": 28, "source": "039_1606220575265-V1B76TLIMHU3RJYH3A0V.jpg", "category": "dragon", "n_points": 38, "bbox_aspect": 1.3674074074074074, "area_frac": 0.0308454481298518, "score": 0.1535837036854874, "coords": [[-0.5, 0.22752], [-0.44962, 0.10563], [-0.25677, 0.15439], [-0.44583, 0.09534], [-0.43283, 0.04496], [-0.24865, 0.08505], [-0.26652, 0.09047], [-0.4312, 0.05309], [-0.43987, 0.09101], [-0.24973, 0.15222], [-0.27736, 0.16197], [-0.448, 0.11105], [-0.49296, 0.22427], [-0.46804, 0.26165], [-0.27736, 0.31744], [-0.22698, 0.35861], [-0.1571, 0.27736], [-0.13055, 0.1831], [-0.15385, 0.13164], [-0.08451, 0.08992], [0.17876, -0.0325], [0.33044, -0.02221], [0.38949, -0.04063], [0.45829, -0.00325], [0.48808, -0.04009], [0.30932, -0.08722], [0.32882, -0.09101], [0.5, -0.03792], [0.49783, 0.00488], [0.39003, -0.03034], [0.33586, -0.01571], [0.17931, -0.02709], [-0.1468, 0.1338], [-0.12514, 0.18472], [-0.15222, 0.28061], [-0.22427, 0.36566], [-0.27681, 0.3234], [-0.47237, 0.26652], [-0.5, 0.22752]]}