{"rank": 29, "source": "005_1659806888030-217R4A8I0WPMQPNFYGZA.jpg", "category": "dragon", "n_points": 34, "bbox_aspect": 1.2456778889899909, "area_frac": 0.04611459455013161, "score": 0.14993291128531988, "coords": [[0.5, 0.28378], [0.37801, 0.39335], [0.18736, 0.40139], [0.04931, 0.26479], [0.02593, 0.19832], [-0.12673, 0.03981], [-0.19686, 0.00256], [-0.30716, 0.03835], [-0.26406, -0.01205], [-0.12235, 0.03031], [-0.05515, 0.01132], [-0.07341, 0.0851], [0.03397, 0.1954], [0.05588, 0.26041], [0.19102, 0.39408], [0.2458, 0.39262], [0.23265, 0.27429], [0.30424, 0.27721], [0.2531, 0.39554], [0.37582, 0.38532], [0.49854, 0.24799], [0.34368, 0.26917], [0.23484, 0.18298], [0.30862, 0.19686], [0.4496, 0.17495], [0.43499, 0.10993], [0.26041, 0.14792], [0.33492, 0.1092], [0.44887, 0.1019], [0.47005, 0.17495], [0.31227, 0.20636], [0.23703, 0.19102], [0.34587, 0.26187], [0.49927, 0.23923], [0.5, 0.28378]]}