{"rank": 30, "source": "023_1614275929468-CFEQ0IAURAXHCM0T8TEQ.jpg", "category": "dragon", "n_points": 38, "bbox_aspect": 1.3011928429423458, "area_frac": 0.035174368038605054, "score": 0.14481263327193206, "coords": [[-0.49542, 0.31092], [-0.5, 0.22154], [-0.48625, 0.19251], [-0.41597, 0.22078], [-0.44805, 0.17341], [-0.43048, 0.15126], [-0.31818, 0.22765], [-0.26853, 0.20474], [-0.23109, 0.22918], [-0.16845, 0.22613], [-0.19748, 0.18258], [-0.18296, 0.03132], [-0.28915, -0.04507], [-0.29297, -0.11841], [-0.2563, -0.08021], [-0.23644, -0.12147], [-0.20359, -0.11536], [-0.20359, -0.02903], [-0.29221, -0.1039], [-0.28228, -0.04889], [-0.17532, 0.0275], [-0.18984, 0.17953], [-0.15852, 0.19404], [-0.16387, 0.23529], [-0.23338, 0.23606], [-0.26547, 0.21161], [-0.31742, 0.23759], [-0.42895, 0.1589], [-0.40833, 0.22613], [-0.47861, 0.1971], [-0.49236, 0.22154], [-0.48396, 0.31169], [-0.39152, 0.31933], [-0.36784, 0.35447], [-0.2838, 0.37051], [-0.31513, 0.38426], [-0.37242, 0.36058], [-0.39458, 0.3262], [-0.49542, 0.31092]]}