{"rank": 31, "source": "044_1598969893664-ZX9KN23NDDQQRRUWZ761.jpg", "category": "dragon", "n_points": 39, "bbox_aspect": 1.2963246554364471, "area_frac": 0.03354692001733765, "score": 0.13992410507690814, "coords": [[0.35706, 0.37212], [0.22416, 0.38039], [0.14146, 0.31424], [0.0381, 0.19433], [-0.24129, 0.02481], [-0.23833, 0.01831], [0.04105, 0.18783], [0.21412, 0.35617], [0.27732, 0.2782], [0.27082, 0.20614], [0.30862, 0.23627], [0.27437, 0.32132], [0.22061, 0.3674], [0.35174, 0.3668], [0.43207, 0.22741], [0.49232, 0.20142], [0.45983, 0.13113], [0.38895, 0.14412], [0.41908, 0.04903], [0.29622, 0.07265], [0.14383, -0.03662], [0.13083, -0.0821], [0.04341, -0.09451], [-0.02924, -0.26226], [-0.11016, -0.27289], [-0.11252, -0.34908], [-0.03514, -0.34082], [-0.0381, -0.27171], [-0.00443, -0.24158], [0.04637, -0.11813], [0.11961, -0.16302], [0.16096, -0.10691], [0.1456, -0.04548], [0.30213, 0.06793], [0.42676, 0.03957], [0.37832, 0.12168], [0.46515, 0.1264], [0.5, 0.20437], [0.43798, 0.23154], [0.35706, 0.37212]]}