{"rank": 32, "source": "070_1580760471149-GWM44CTWLR174AXBVDDO.jpg", "category": "dragon", "n_points": 39, "bbox_aspect": 1.5475247524752476, "area_frac": 0.03516948105436574, "score": 0.1333877475507234, "coords": [[-0.5, 0.02879], [-0.13852, 0.1254], [-0.14555, 0.18106], [-0.09629, 0.18106], [-0.08093, 0.26232], [-0.15259, 0.31094], [-0.008, 0.31734], [-0.00352, 0.28407], [0.07518, 0.27511], [0.06814, 0.15739], [-0.008, 0.15867], [-0.00736, 0.08509], [0.08925, 0.07422], [0.07965, 0.254], [0.19162, 0.19066], [0.1961, 0.12988], [0.43986, 0.0531], [0.49168, -0.01919], [0.49424, -0.08381], [0.40467, -0.07422], [0.37908, -0.14012], [0.34965, -0.05758], [0.3279, -0.14907], [0.40531, -0.14203], [0.41235, -0.07869], [0.44306, -0.16507], [0.5, -0.08637], [0.49744, -0.01536], [0.44626, 0.05822], [0.1993, 0.13692], [0.19802, 0.19386], [0.07837, 0.28471], [0.00032, 0.28983], [-0.00352, 0.3231], [-0.15771, 0.31606], [-0.08797, 0.25784], [-0.10333, 0.18682], [-0.15195, 0.18682], [-0.16795, 0.12348], [-0.5, 0.02879]]}