{"rank": 33, "source": "059_1589651357371-9OLG92MWKRRQ3R6GWXPU.jpg", "category": "dragon", "n_points": 40, "bbox_aspect": 1.2959183673469388, "area_frac": 0.029543348572916427, "score": 0.12318325125426305, "coords": [[-0.5, 0.30446], [-0.42913, 0.27647], [-0.49738, 0.24847], [-0.465, 0.19598], [-0.32502, 0.15398], [-0.26115, 0.035], [-0.32852, -0.01575], [-0.29703, -0.09011], [-0.22966, -0.0035], [-0.1098, -0.09449], [-0.12467, -0.15136], [-0.04593, -0.23447], [-0.15004, -0.34733], [-0.06693, -0.33596], [-0.01006, -0.37183], [-0.01094, -0.24934], [0.01531, -0.18723], [0.07743, -0.27384], [0.01356, -0.30359], [0.02493, -0.35433], [0.1098, -0.35171], [0.15004, -0.38583], [0.13955, -0.30709], [0.06605, -0.36045], [0.01356, -0.32808], [0.08268, -0.27734], [0.01881, -0.18198], [-0.01619, -0.24672], [-0.01531, -0.36395], [-0.09668, -0.30534], [-0.04068, -0.23797], [-0.11767, -0.15136], [-0.10105, -0.09274], [-0.22791, 0.00175], [-0.29965, -0.06912], [-0.32415, -0.021], [-0.25328, 0.03412], [-0.34689, 0.18023], [-0.46413, 0.2056], [-0.42126, 0.27997], [-0.5, 0.30446]]}