{"rank": 34, "source": "027_1612022441288-QAUSTNMOYTYO5HG1YI77.jpg", "category": "dragon", "n_points": 37, "bbox_aspect": 1.6733266733266734, "area_frac": 0.04394826225093196, "score": 0.11635057367967835, "coords": [[0.5, 0.05582], [0.47254, 0.26299], [0.44866, 0.29881], [0.33343, 0.25522], [0.23313, 0.14478], [0.18478, -0.00149], [0.10299, -0.02955], [0.06537, -0.01463], [0.0594, 0.01701], [-0.04627, 0.03254], [-0.05582, 0.00209], [-0.10597, 0.01582], [-0.1191, -0.01642], [-0.23015, -0.06537], [-0.35791, 0.03731], [-0.40328, 0.11731], [-0.5, 0.18836], [-0.4397, 0.10299], [-0.45821, 0.03134], [-0.42537, 0.06239], [-0.43373, 0.1191], [-0.40507, 0.10955], [-0.38537, 0.04925], [-0.24149, -0.07552], [-0.20806, -0.07313], [-0.10716, -0.01642], [0.01881, -0.00149], [0.10418, -0.03612], [0.19075, -0.00567], [0.25164, 0.16507], [0.33701, 0.24866], [0.41522, 0.28507], [0.38358, 0.23731], [0.40925, 0.18896], [0.47672, 0.15015], [0.49343, 0.07791], [0.38836, 0.13164], [0.5, 0.05582]]}