{"rank": 35, "source": "011_1639310657132-VTVIDIFV6VCD99MV87GE.jpg", "category": "dragon", "n_points": 39, "bbox_aspect": 1.5912882298424467, "area_frac": 0.0336091246454558, "score": 0.10450458656004524, "coords": [[-0.5, 0.24607], [-0.43593, 0.22685], [-0.43128, 0.182], [-0.48136, 0.14415], [-0.34683, 0.17268], [-0.28451, 0.1092], [-0.27111, 0.02999], [-0.33925, -0.076], [-0.26587, -0.04164], [-0.2187, 0.01776], [-0.13891, -0.00146], [-0.07426, -0.1127], [0.03931, -0.14881], [0.06086, -0.22801], [0.02999, -0.27985], [0.09289, -0.31421], [0.12143, -0.20996], [0.09581, -0.14298], [0.18957, -0.0463], [0.32178, -0.08241], [0.33285, -0.05679], [0.5, -0.06377], [0.3742, -0.04281], [0.3212, -0.07484], [0.18841, -0.03582], [0.08591, -0.14065], [0.11503, -0.19656], [0.09173, -0.30547], [0.03698, -0.27635], [0.06785, -0.23093], [0.03873, -0.14007], [-0.06144, -0.11328], [-0.12609, -0.00262], [-0.20879, 0.01776], [-0.27228, -0.03815], [-0.2781, 0.11561], [-0.34158, 0.17851], [-0.42487, 0.17676], [-0.44059, 0.31421], [-0.5, 0.24607]]}