{"rank": 36, "source": "024_1613907995383-JMU72FORV6MO9JK2CCO7.jpg", "category": "dragon", "n_points": 43, "bbox_aspect": 1.6232127838519765, "area_frac": 0.038200712143928034, "score": 0.10314966885271262, "coords": [[-0.5, 0.21373], [-0.4342, 0.09663], [-0.36062, 0.08472], [-0.24249, 0.11995], [-0.22902, 0.04482], [-0.28705, 0.02461], [-0.26632, -0.05466], [-0.2, -0.1013], [-0.20777, -0.04948], [-0.26166, -0.05104], [-0.28083, 0.02513], [-0.22591, 0.03964], [-0.23834, 0.12565], [-0.35959, 0.09041], [-0.44715, 0.1101], [-0.48601, 0.1987], [-0.44352, 0.27642], [-0.23886, 0.29249], [-0.31762, 0.23964], [-0.25648, 0.19663], [-0.19845, 0.29819], [-0.14508, 0.21684], [-0.12176, 0.12876], [-0.08653, 0.1272], [-0.06373, 0.03342], [0.1114, 0.06244], [0.26321, 0.06762], [0.36218, 0.11062], [0.4943, 0.12565], [0.36632, 0.04637], [-0.0456, -0.02306], [-0.03005, -0.02876], [0.36632, 0.04016], [0.5, 0.12513], [0.48031, 0.15777], [0.26425, 0.07332], [0.11088, 0.06813], [-0.0601, 0.03964], [-0.08187, 0.13135], [-0.1171, 0.13342], [-0.13938, 0.21839], [-0.19896, 0.30803], [-0.44301, 0.28316], [-0.5, 0.21373]]}