{"rank": 37, "source": "028_1611072049029-8CU1JRXPL8LWCQMDOLQ1.jpg", "category": "dragon", "n_points": 43, "bbox_aspect": 1.3322784810126582, "area_frac": 0.026048387096774192, "score": 0.09908319101262464, "coords": [[-0.5, 0.2114], [-0.49525, 0.15618], [-0.36936, 0.12055], [-0.30344, 0.16152], [-0.24406, 0.1152], [-0.29038, 0.06948], [-0.25653, 0.02732], [-0.27553, -0.05463], [-0.24762, -0.06354], [-0.21734, -0.02197], [-0.15558, -0.02257], [-0.15914, -0.0766], [-0.11105, -0.11045], [-0.05701, -0.20962], [-0.05285, -0.29216], [-0.10095, -0.26128], [-0.16508, -0.25831], [-0.22268, -0.32185], [-0.05998, -0.3753], [0.02019, -0.3076], [0.06888, -0.23515], [0.17755, -0.22803], [0.20071, -0.21437], [0.06532, -0.231], [0.01128, -0.30879], [-0.06116, -0.36876], [-0.21556, -0.32126], [-0.16271, -0.26306], [-0.08314, -0.27138], [-0.05048, -0.29869], [-0.05107, -0.20784], [-0.1057, -0.10808], [-0.1538, -0.07423], [-0.15024, -0.0196], [-0.17399, -0.0], [-0.27078, -0.04869], [-0.23931, 0.05285], [-0.2785, 0.07067], [-0.23634, 0.1152], [-0.30523, 0.16865], [-0.37173, 0.12589], [-0.49109, 0.16211], [-0.42102, 0.17399], [-0.5, 0.2114]]}