{"rank": 38, "source": "043_1601278959268-9TVFFAN4SR893ZK25S2H.jpg", "category": "dragon", "n_points": 42, "bbox_aspect": 1.4992, "area_frac": 0.026274858956276445, "score": 0.09472757662109317, "coords": [[0.5, 0.28335], [0.4413, 0.28442], [0.42316, 0.33351], [0.31003, 0.33138], [0.24546, 0.23639], [0.23906, 0.15155], [0.20064, 0.1174], [0.04589, 0.04002], [-0.05443, -0.08218], [-0.15368, -0.08218], [-0.18517, -0.09979], [-0.28228, -0.10085], [-0.5, -0.17609], [-0.49413, -0.18196], [-0.28068, -0.10619], [-0.05016, -0.08805], [0.05016, 0.03575], [0.20438, 0.11313], [0.24386, 0.14835], [0.2508, 0.23426], [0.3127, 0.32604], [0.41996, 0.32764], [0.43543, 0.27908], [0.49466, 0.27748], [0.49573, 0.21612], [0.32711, 0.1158], [0.31964, 0.06884], [0.38527, 0.04482], [0.29562, 0.04269], [0.26467, -0.05443], [0.21345, -0.14835], [0.14088, -0.17022], [0.14781, -0.27641], [0.15368, -0.15742], [0.22625, -0.14514], [0.27054, -0.05923], [0.29509, 0.03629], [0.41249, 0.03202], [0.39701, 0.06724], [0.32924, 0.06777], [0.35379, 0.12914], [0.5, 0.21131], [0.5, 0.28335]]}