{"rank": 39, "source": "072_1589651259259-AELZ7CC3896FTWRTG6GO.jpg", "category": "dragon", "n_points": 39, "bbox_aspect": 1.1774809160305344, "area_frac": 0.037035337067174656, "score": 0.0935455944772409, "coords": [[0.5, 0.29498], [0.3436, 0.42464], [0.25041, 0.40762], [0.28606, 0.35656], [0.34117, 0.3906], [0.406, 0.37034], [0.32253, 0.30956], [0.38331, 0.3047], [0.40762, 0.36062], [0.49271, 0.29254], [0.42139, 0.23825], [0.34036, 0.22609], [0.32091, 0.18476], [0.35413, 0.1329], [0.34279, 0.0778], [0.28444, -0.00243], [0.42382, -0.13128], [0.41005, -0.15316], [0.25932, -0.12156], [0.26175, -0.06078], [0.22123, -0.03485], [0.11345, -0.07942], [0.03566, -0.0235], [-0.0235, -0.08266], [0.06564, -0.14506], [0.18639, -0.14506], [0.14182, -0.07374], [0.21799, -0.04133], [0.25527, -0.06402], [0.25365, -0.12561], [0.3128, -0.14992], [0.45381, -0.17099], [0.43274, -0.12561], [0.359, -0.07455], [0.29092, 0.00891], [0.35413, 0.08914], [0.32901, 0.18233], [0.34441, 0.21961], [0.46191, 0.24959], [0.5, 0.29498]]}