{"rank": 40, "source": "029_1609861857527-4CZA8FNVY7WVD4F9MRDH.jpg", "category": "dragon", "n_points": 53, "bbox_aspect": 1.3777403035413154, "area_frac": 0.032966640190627484, "score": 0.08908056261251013, "coords": [[0.25765, 0.36291], [0.21236, 0.35863], [0.07589, 0.25826], [-0.10343, 0.22889], [-0.19706, 0.18605], [-0.29315, 0.19094], [-0.31089, 0.22032], [-0.5, 0.24663], [-0.39045, 0.14076], [-0.26255, -0.01163], [-0.21603, -0.01652], [-0.13341, -0.07834], [-0.08323, -0.07344], [-0.08078, -0.13647], [-0.14994, -0.29498], [-0.06854, -0.36291], [-0.03856, -0.28397], [-0.08323, -0.30783], [-0.06854, -0.35496], [-0.14076, -0.29437], [-0.07222, -0.12546], [-0.08507, -0.06426], [-0.13035, -0.07344], [-0.21481, -0.0104], [-0.25887, -0.00673], [-0.38433, 0.14321], [-0.47307, 0.20869], [-0.459, 0.24786], [-0.31212, 0.21481], [-0.29682, 0.18543], [-0.19584, 0.18054], [-0.1022, 0.22338], [0.07772, 0.25275], [0.22521, 0.35863], [0.32803, 0.31212], [0.4284, 0.16463], [0.49204, 0.10343], [0.4437, 0.08813], [0.35496, 0.2093], [0.34761, 0.14015], [0.39963, 0.05936], [0.37821, 0.0104], [0.3366, 0.04223], [0.24357, -0.03488], [0.24725, -0.08935], [0.29927, 0.01958], [0.38188, 0.00122], [0.4082, 0.06059], [0.33109, 0.14627], [0.35618, 0.1989], [0.43146, 0.07589], [0.5, 0.10282], [0.33354, 0.31457], [0.25765, 0.36291]]}