{"rank": 41, "source": "020_1621948656665-BYJF5953B56F1RRHC4XB.jpg", "category": "dragon", "n_points": 39, "bbox_aspect": 1.6926523297491038, "area_frac": 0.03693623405851463, "score": 0.08124026279375957, "coords": [[0.5, 0.18528], [0.49312, 0.25357], [0.40577, 0.29539], [0.29725, 0.21016], [0.07491, 0.12493], [-0.07014, 0.12335], [-0.10614, 0.10376], [-0.15114, 0.15458], [-0.22049, 0.16411], [-0.2819, 0.19799], [-0.48624, 0.24616], [-0.46241, 0.22869], [-0.32266, 0.20487], [-0.2226, 0.15934], [-0.15061, 0.14876], [-0.10455, 0.09794], [-0.04791, 0.12176], [-0.02038, 0.11064], [0.07544, 0.11964], [0.2856, 0.19958], [0.28295, 0.16464], [0.32319, 0.22075], [0.39783, 0.28428], [0.41477, 0.24034], [0.44494, 0.27687], [0.48994, 0.24828], [0.48888, 0.17734], [0.41106, 0.1514], [0.27872, 0.07517], [0.24272, 0.08682], [0.22578, 0.0397], [0.15061, -0.01165], [0.22366, -0.00529], [0.32425, -0.01482], [0.28507, 0.02541], [0.23478, 0.03335], [0.24431, 0.07411], [0.28137, 0.07041], [0.40206, 0.14029], [0.5, 0.18528]]}