{"rank": 42, "source": "054_1587217804244-WJCIEGCXZ08MHAI0A2V9.jpg", "category": "dragon", "n_points": 39, "bbox_aspect": 1.65, "area_frac": 0.03390772532188841, "score": 0.08093421602743711, "coords": [[0.5, 0.173], [0.45372, 0.20992], [0.44931, 0.28926], [0.3292, 0.29091], [0.19587, 0.19945], [0.03223, 0.22094], [-0.41074, 0.10193], [0.03278, 0.21488], [0.13471, 0.18182], [0.2989, 0.21818], [0.37438, 0.19063], [0.37658, 0.23912], [0.30992, 0.22204], [0.34022, 0.28926], [0.4416, 0.28815], [0.44821, 0.20716], [0.49449, 0.1708], [0.49449, 0.09972], [0.23388, 0.09421], [0.20248, -0.01102], [0.2438, -0.02755], [0.22176, -0.09972], [0.16006, 0.00771], [-0.03609, 0.00496], [-0.04711, -0.10634], [0.00358, -0.2011], [0.12975, -0.28595], [0.05041, -0.30303], [0.43168, -0.29862], [0.13636, -0.29421], [0.00909, -0.19835], [-0.03278, -0.11185], [-0.03719, -0.00331], [0.14463, -0.01267], [0.21736, -0.10358], [0.25758, -0.10744], [0.21185, -0.01322], [0.23884, 0.08871], [0.49614, 0.09256], [0.5, 0.173]]}