{"rank": 43, "source": "050_1589302211195-5TBF7OPEYSL015EFDEB9.jpg", "category": "dragon", "n_points": 45, "bbox_aspect": 1.3074684772065956, "area_frac": 0.027558426786970663, "score": 0.0799849603056797, "coords": [[0.5, 0.29043], [0.49036, 0.24963], [0.4095, 0.19918], [0.19881, 0.20289], [0.19139, 0.13093], [0.38056, 0.08568], [0.37166, 0.02337], [0.29674, 0.03969], [0.10163, 0.0434], [0.07789, -0.04043], [0.00964, -0.03969], [-0.06009, -0.37648], [-0.12315, -0.36907], [-0.10237, -0.21328], [-0.16988, -0.20734], [-0.19733, -0.34755], [-0.24926, -0.3431], [-0.23516, -0.19177], [-0.32418, -0.17248], [-0.32344, -0.09681], [-0.4911, -0.06639], [-0.37834, 0.00037], [-0.0549, 0.10423], [-0.05564, 0.11165], [-0.38056, 0.00705], [-0.5, -0.07233], [-0.32864, -0.10349], [-0.33234, -0.1747], [-0.24184, -0.19622], [-0.25297, -0.34978], [-0.19288, -0.35645], [-0.16766, -0.21625], [-0.10682, -0.2207], [-0.13056, -0.37352], [-0.0549, -0.38242], [0.01484, -0.04636], [0.08457, -0.04488], [0.10831, 0.03672], [0.29525, 0.03301], [0.37834, 0.01669], [0.38724, 0.08939], [0.19807, 0.13687], [0.20549, 0.19622], [0.42062, 0.19399], [0.49184, 0.23776], [0.5, 0.29043]]}