{"rank": 44, "source": "045_1596034163674-F5OLVDU5SL1U6SJ25E8E.jpg", "category": "dragon", "n_points": 39, "bbox_aspect": 1.5943238731218699, "area_frac": 0.029274436090225564, "score": 0.07716236252050576, "coords": [[0.49476, 0.28482], [0.27801, 0.31361], [0.24241, 0.26283], [0.08743, 0.14817], [-0.03822, -0.09005], [-0.14031, -0.17068], [-0.32932, -0.19686], [-0.5, -0.20314], [-0.37016, -0.2377], [-0.11675, -0.24712], [0.01571, -0.19424], [0.03141, -0.30209], [0.04398, -0.18953], [0.12461, -0.18796], [0.12827, -0.28639], [0.15864, -0.31361], [0.12932, -0.18325], [0.01466, -0.18848], [-0.11728, -0.24188], [-0.36859, -0.23246], [-0.45602, -0.21361], [-0.14817, -0.17958], [-0.07749, -0.1445], [0.00157, -0.04136], [0.0911, 0.14398], [0.2466, 0.25916], [0.28063, 0.3089], [0.48848, 0.28272], [0.49215, 0.18848], [0.3199, 0.1822], [0.30419, 0.22042], [0.22199, 0.13979], [0.24084, 0.08168], [0.18429, -0.01099], [0.23927, -0.0267], [0.22618, 0.13613], [0.30157, 0.19843], [0.3199, 0.17696], [0.49634, 0.18482], [0.49476, 0.28482]]}