{"rank": 45, "source": "071_1589651247647-EXGH54ESS3LF25JRO3AV.jpg", "category": "dragon", "n_points": 39, "bbox_aspect": 0.5673693858845096, "area_frac": 0.11935022222222222, "score": 0.07634946849455199, "coords": [[-0.17278, 0.5], [-0.22869, 0.478], [-0.27085, 0.41567], [-0.20852, 0.35885], [-0.28368, 0.24519], [-0.20027, 0.19478], [-0.17553, 0.21586], [-0.13703, 0.19661], [-0.15903, 0.15445], [-0.16636, 0.07195], [-0.10128, 0.02612], [-0.1242, -0.03071], [-0.0692, -0.02704], [0.02612, -0.09578], [-0.04995, -0.21677], [-0.05362, -0.28552], [-0.09945, -0.38634], [-0.15445, -0.43034], [-0.16269, -0.48258], [-0.11412, -0.45784], [-0.08478, -0.47067], [-0.02246, -0.38634], [0.02979, -0.26627], [0.06279, -0.23511], [0.0802, -0.17186], [0.10953, -0.15261], [0.08478, -0.10403], [0.02154, -0.05637], [0.03071, 0.01237], [0.0857, 0.09578], [0.28368, 0.12603], [0.2516, 0.16453], [0.05454, 0.23786], [0.06462, 0.27269], [-0.0417, 0.33043], [0.00229, 0.39643], [-0.05729, 0.44225], [-0.08478, 0.48533], [-0.13336, 0.46975], [-0.17278, 0.5]]}