{"rank": 46, "source": "041_1604330746237-XVP63NCMMRUSZSOEWMHP.jpg", "category": "dragon", "n_points": 42, "bbox_aspect": 1.2483164983164983, "area_frac": 0.02802339804888055, "score": 0.07286691220917357, "coords": [[-0.49528, 0.27107], [-0.4791, 0.22454], [-0.37795, 0.15846], [-0.30378, 0.20297], [-0.27276, 0.17532], [-0.4056, 0.04113], [-0.34828, 0.0209], [-0.22893, 0.16183], [-0.1561, 0.16251], [-0.1062, 0.09575], [-0.00236, -0.12205], [-0.02731, -0.03304], [-0.15138, 0.16925], [-0.23567, 0.1679], [-0.35637, 0.02428], [-0.40155, 0.03034], [-0.26332, 0.17262], [-0.30512, 0.21173], [-0.37593, 0.16588], [-0.49191, 0.25421], [-0.35772, 0.39245], [-0.15341, 0.24815], [0.05833, 0.16858], [0.19589, 0.09845], [0.31457, 0.01483], [0.42987, -0.09036], [0.49123, -0.37964], [0.45954, -0.38773], [0.39076, -0.1207], [0.23365, -0.00944], [0.14464, -0.04383], [0.14666, -0.40054], [0.15138, -0.05125], [0.23432, -0.01753], [0.38402, -0.12677], [0.45752, -0.39582], [0.5, -0.38436], [0.43594, -0.08429], [0.26399, 0.06541], [0.06035, 0.17599], [-0.15138, 0.25624], [-0.35705, 0.40054], [-0.49528, 0.27107]]}