{"rank": 47, "source": "017_1629810926671-X2HMTF6KGG6FO4VHYKMD.jpg", "category": "dragon", "n_points": 39, "bbox_aspect": 1.2396761133603238, "area_frac": 0.02741879219804951, "score": 0.07187729017037231, "coords": [[0.5, 0.28511], [0.46277, 0.13292], [0.32103, 0.13161], [0.17995, 0.15513], [0.1806, -0.00947], [0.29491, 0.00555], [0.29882, -0.0565], [0.16754, -0.06172], [0.0565, -0.11332], [0.18191, -0.2224], [0.18125, -0.33279], [0.24265, -0.33279], [0.22436, -0.39419], [0.03429, -0.39157], [-0.10091, -0.34063], [-0.10287, -0.23873], [-0.14337, -0.21783], [-0.34063, -0.21914], [-0.42358, -0.13357], [-0.49347, -0.11855], [-0.08132, -0.11528], [-0.49543, -0.10941], [-0.3452, -0.22567], [-0.1486, -0.22436], [-0.1081, -0.24526], [-0.10745, -0.34585], [0.03952, -0.40333], [0.22698, -0.40072], [0.25114, -0.32822], [0.18975, -0.3256], [0.18844, -0.21783], [0.08328, -0.12182], [0.17211, -0.06891], [0.30666, -0.06238], [0.29882, 0.01208], [0.18713, -0.00555], [0.18648, 0.1499], [0.31907, 0.12508], [0.46669, 0.12573], [0.5, 0.28511]]}