{"rank": 48, "source": "038_1607966225671-40K5J24YUI46U3BSAARF.jpg", "category": "dragon", "n_points": 39, "bbox_aspect": 1.6139846743295019, "area_frac": 0.02629476534296029, "score": 0.05070490565189611, "coords": [[-0.5, 0.20475], [-0.47033, 0.16558], [-0.35104, 0.20415], [-0.31365, 0.07834], [-0.33917, -0.02493], [-0.49228, -0.06172], [-0.43472, -0.11869], [-0.32196, -0.09852], [-0.30475, -0.24273], [-0.23947, -0.19881], [-0.22582, -0.12582], [-0.08338, -0.18101], [-0.08991, -0.22908], [-0.00682, -0.25757], [0.04481, -0.21306], [0.14095, -0.30979], [0.20801, -0.24036], [0.16113, -0.1632], [0.41157, -0.10801], [0.49822, -0.00772], [0.47923, 0.15786], [0.41691, 0.00237], [0.49288, 0.10682], [0.49288, -0.00534], [0.40623, -0.10445], [0.15697, -0.15668], [0.20148, -0.23976], [0.13976, -0.30326], [0.04777, -0.20831], [-0.01335, -0.20356], [-0.22404, -0.12047], [-0.30356, -0.2368], [-0.31602, -0.09377], [-0.43294, -0.11276], [-0.48635, -0.05994], [-0.33383, -0.03027], [-0.30772, 0.07774], [-0.34214, 0.2095], [-0.45786, 0.17804], [-0.5, 0.20475]]}