{"rank": 49, "source": "068_1580760464972-ODIWS01UP6169SXROMUC.jpg", "category": "dragon", "n_points": 39, "bbox_aspect": 1.8380855397148677, "area_frac": 0.039153365384615384, "score": 0.036843564253780554, "coords": [[0.5, 0.19612], [0.4867, 0.14349], [0.43296, 0.18227], [0.40249, 0.14848], [0.43352, 0.07424], [0.30166, 0.11911], [0.21413, 0.06759], [0.23795, -0.00443], [0.32105, 0.02271], [0.29557, -0.03269], [0.20693, -0.03989], [0.19252, 0.00443], [0.05845, -0.05042], [0.01967, -0.16676], [0.059, -0.21607], [0.10388, -0.20277], [0.15374, -0.26537], [0.05235, -0.2482], [-0.06011, -0.17784], [-0.09446, -0.10582], [-0.17645, -0.19058], [-0.07673, -0.24266], [0.0169, -0.22438], [-0.00416, -0.26316], [0.16205, -0.27202], [0.10499, -0.19889], [0.02299, -0.16454], [0.05568, -0.0759], [0.11828, -0.01717], [0.1892, 0.00166], [0.2036, -0.04377], [0.30055, -0.03435], [0.32493, 0.02715], [0.24072, -0.0], [0.21801, 0.06537], [0.3, 0.11468], [0.44183, 0.07091], [0.40693, 0.14792], [0.48006, 0.13518], [0.5, 0.19612]]}