{"rank": 50, "source": "014_1633975426431-LCC7BCIVATYS36K8W2NQ.jpg", "category": "dragon", "n_points": 39, "bbox_aspect": 1.7656982193064668, "area_frac": 0.030346961740435108, "score": 0.012129993393271178, "coords": [[0.5, 0.20621], [0.41189, 0.28317], [0.29299, 0.263], [0.20701, 0.17065], [0.08599, 0.14252], [0.01168, 0.1802], [-0.18206, 0.18498], [-0.44904, 0.2354], [-0.5, 0.17702], [-0.41614, 0.18445], [-0.25796, 0.07404], [-0.22824, -0.0905], [-0.07962, -0.16215], [0.0069, -0.28264], [-0.02282, -0.05175], [0.14066, -0.04644], [0.15658, -0.07564], [0.30679, -0.07988], [0.31051, -0.03105], [0.21338, -0.02468], [0.17463, 0.07988], [0.21391, 0.10483], [0.47399, 0.12341], [0.37473, 0.16852], [0.39756, 0.11067], [0.20966, 0.11067], [0.16932, 0.08466], [0.20754, -0.02999], [-0.02548, -0.04644], [-0.04724, -0.17861], [-0.22346, -0.08731], [-0.25318, 0.07988], [-0.44745, 0.2301], [-0.181, 0.17967], [0.00902, 0.17489], [0.13163, 0.13508], [0.22558, 0.21736], [0.4103, 0.27415], [0.41348, 0.21842], [0.5, 0.20621]]}