{"rank": 51, "source": "047_1591802888197-YGRMLW4JKORRRO29X31J.jpg", "category": "dragon", "n_points": 38, "bbox_aspect": 1.0080882352941176, "area_frac": 0.03973415977961432, "score": -0.006486616374611384, "coords": [[0.40299, 0.49453], [0.3388, 0.46608], [0.39716, 0.38293], [0.45624, 0.36178], [0.49271, 0.25966], [0.42998, 0.2903], [0.30088, 0.26404], [0.26951, 0.18673], [0.16521, 0.18089], [0.16375, -0.01386], [0.26951, 0.02553], [0.26805, -0.24143], [0.1674, -0.19256], [0.0609, -0.18964], [-0.03683, -0.31072], [-0.02735, -0.45733], [0.08789, -0.45733], [0.01349, -0.3647], [-0.00109, -0.24872], [0.06601, -0.19694], [0.1601, -0.19767], [0.22429, -0.25164], [0.3016, -0.24581], [0.27389, -0.19985], [0.30233, -0.11597], [0.27462, -0.05835], [0.30379, 0.02918], [0.22429, 0.03574], [0.17031, -0.00948], [0.17177, 0.17433], [0.27389, 0.17943], [0.30525, 0.25602], [0.39643, 0.28228], [0.39716, 0.18235], [0.46426, 0.18089], [0.5, 0.25602], [0.49927, 0.36689], [0.40445, 0.38877], [0.40299, 0.49453]]}