{"rank": 52, "source": "042_1602505114006-O8IPDMXNU22CUCC42747.jpg", "category": "dragon", "n_points": 39, "bbox_aspect": 1.964021164021164, "area_frac": 0.03964497716894977, "score": -0.006595361448134517, "coords": [[0.5, 0.11934], [0.42834, 0.09671], [0.33782, 0.12958], [0.39386, 0.08001], [0.33675, 0.05846], [0.23653, 0.09348], [0.21875, 0.03852], [0.17403, 0.05307], [0.06034, -0.01428], [0.04472, -0.17807], [0.01886, -0.20286], [0.00162, -0.12689], [-0.06304, -0.03583], [-0.15032, -0.23895], [-0.16164, -0.06816], [-0.20097, 0.00189], [-0.49515, 0.02182], [-0.5, 0.01212], [-0.20636, -0.00189], [-0.16649, -0.06977], [-0.15517, -0.2438], [-0.07328, -0.25242], [-0.12015, -0.21686], [-0.10399, -0.12311], [-0.05765, -0.04499], [-0.00323, -0.13066], [0.01401, -0.20717], [0.09968, -0.21094], [0.04903, -0.17322], [0.06519, -0.01805], [0.14224, 0.01266], [0.2042, -0.06061], [0.1972, 0.0326], [0.26131, -0.05092], [0.2333, 0.04984], [0.27963, 0.08971], [0.33297, 0.05307], [0.4278, 0.05954], [0.44073, 0.0229], [0.5, 0.11934]]}