{"rank": 53, "source": "013_1636139716981-WGZEXY4ZH1WSKXGVBE0Q.jpg", "category": "dragon", "n_points": 34, "bbox_aspect": 1.6880650994575046, "area_frac": 0.025383345836459115, "score": -0.023677432368006082, "coords": [[0.49893, 0.27049], [0.41805, 0.25924], [0.40787, 0.27959], [0.23862, 0.2962], [0.23166, 0.27049], [0.1331, 0.2662], [0.02223, 0.19229], [-0.02651, 0.1414], [-0.08918, 0.12641], [-0.11435, 0.07499], [-0.19202, 0.02839], [-0.20755, -0.00857], [-0.28736, -0.11998], [-0.34896, -0.12855], [-0.38002, -0.15801], [-0.48661, -0.18961], [-0.5, -0.2121], [-0.22844, -0.21264], [-0.49411, -0.20621], [-0.47268, -0.188], [-0.37841, -0.16283], [-0.34681, -0.13337], [-0.28307, -0.12319], [-0.20273, -0.01125], [-0.1872, 0.02571], [-0.11221, 0.0707], [-0.09025, 0.11784], [-0.02116, 0.13765], [0.02651, 0.18907], [0.13471, 0.26138], [0.2354, 0.2646], [0.24237, 0.29084], [0.40627, 0.27424], [0.44537, 0.24906], [0.49893, 0.27049]]}