{"rank": 54, "source": "006_1654858799195-ELHJQYZTXXHV4X57J2V1.jpg", "category": "dragon", "n_points": 39, "bbox_aspect": 1.0769867549668874, "area_frac": 0.027152100525131284, "score": -0.02820099247163981, "coords": [[0.47387, 0.402], [0.48463, 0.30284], [0.32859, 0.23982], [0.18332, 0.05765], [0.17102, -0.03459], [0.26095, -0.14604], [0.13259, -0.10607], [0.09339, -0.15142], [0.1372, -0.21906], [0.05496, -0.24981], [-0.02037, -0.34819], [0.15181, -0.44197], [0.00192, -0.43274], [-0.05342, -0.36357], [-0.11184, -0.42659], [-0.28862, -0.39277], [-0.40238, -0.26595], [-0.48155, -0.24596], [-0.37855, -0.14066], [-0.36088, -0.06995], [-0.4754, -0.22291], [-0.40699, -0.2744], [-0.3555, -0.38586], [-0.10876, -0.44197], [-0.0588, -0.37125], [-0.00192, -0.44043], [0.10723, -0.46272], [0.27479, -0.44812], [0.1349, -0.42429], [-0.02575, -0.32975], [0.06341, -0.25288], [0.10338, -0.15142], [0.19178, -0.13528], [0.2648, -0.19293], [0.26018, -0.10761], [0.18025, -0.03305], [0.2525, 0.16449], [0.33628, 0.23367], [0.49154, 0.29669], [0.47387, 0.402]]}