{"rank": 55, "source": "032_1609172268941-2BAT960K5DXFN33IDTJ5.jpg", "category": "dragon", "n_points": 39, "bbox_aspect": 1.0342629482071712, "area_frac": 0.02973084008843036, "score": -0.04106319311556116, "coords": [[-0.47689, 0.29931], [-0.36903, 0.36941], [-0.20339, 0.35478], [-0.06163, 0.47188], [0.13405, 0.401], [0.27196, 0.42874], [0.28197, 0.32011], [0.38752, 0.34938], [0.32203, 0.21379], [0.44761, 0.19992], [0.38059, 0.09977], [0.45378, -0.14985], [0.49153, -0.16063], [0.46379, -0.38097], [0.3829, -0.38636], [0.32897, -0.13598], [0.12404, -0.15139], [0.01387, -0.25462], [-0.05393, -0.18143], [0.047, -0.03351], [-0.10863, -0.18606], [0.01233, -0.2631], [0.12943, -0.15909], [0.31972, -0.14291], [0.3621, -0.19607], [0.37365, -0.38482], [0.3151, -0.48344], [0.45763, -0.41256], [0.5, -0.15909], [0.38906, 0.10131], [0.45763, 0.20763], [0.33051, 0.21841], [0.39985, 0.35786], [0.28659, 0.32858], [0.27658, 0.43567], [0.13559, 0.40871], [-0.0678, 0.48344], [-0.20493, 0.37018], [-0.2473, 0.42026], [-0.47689, 0.29931]]}