{"rank": 56, "source": "055_1587217450525-8IR4OYH1MDCECRBSWI1Y.jpg", "category": "dragon", "n_points": 42, "bbox_aspect": 1.7841121495327104, "area_frac": 0.020935344827586206, "score": -0.05910199278849078, "coords": [[-0.5, 0.25354], [-0.49424, 0.19539], [-0.43976, 0.20325], [-0.4869, 0.16815], [-0.48167, 0.14563], [-0.43924, 0.14353], [-0.48219, 0.16396], [-0.41881, 0.21477], [-0.48795, 0.2001], [-0.49371, 0.25144], [-0.40414, 0.25249], [-0.3549, 0.27397], [-0.27947, 0.27239], [-0.28051, 0.2462], [-0.3308, 0.26192], [-0.34075, 0.23206], [-0.27475, 0.24149], [-0.27213, 0.27501], [-0.21818, 0.27501], [-0.21399, 0.2001], [-0.18884, 0.15191], [-0.18465, 0.09796], [-0.13227, 0.01257], [-0.00812, 0.011], [0.01388, 0.03876], [0.26689, -0.07543], [0.445, -0.10267], [-0.05212, -0.11524], [-0.0715, -0.23363], [-0.0495, -0.16606], [-0.05055, -0.12205], [0.5, -0.10843], [0.26742, -0.07072], [0.00969, 0.04557], [-0.01074, 0.01519], [-0.13017, 0.01729], [-0.17994, 0.099], [-0.18413, 0.15296], [-0.20875, 0.2001], [-0.21346, 0.28025], [-0.36014, 0.27868], [-0.40623, 0.25668], [-0.5, 0.25354]]}