{"rank": 57, "source": "003_1667394673198-JDIO75LL0YLB3R7U0PE6.jpg", "category": "dragon", "n_points": 28, "bbox_aspect": 1.1040508339952344, "area_frac": 0.0321877344336084, "score": -0.06311396457692534, "coords": [[0.48777, 0.42194], [0.4259, 0.44209], [0.32806, 0.42842], [0.27194, 0.45288], [0.18993, 0.43129], [-0.0446, 0.30108], [0.0964, 0.36727], [0.2, 0.28741], [0.22734, 0.32338], [0.1964, 0.38381], [0.13165, 0.35], [0.10576, 0.37158], [0.19281, 0.42482], [0.2741, 0.4464], [0.34029, 0.41906], [0.42806, 0.43489], [0.48561, 0.40468], [0.46906, 0.30971], [0.31871, 0.17302], [0.28345, 0.18597], [0.2036, 0.08309], [0.15612, -0.07302], [0.28489, -0.06079], [0.26763, 0.03345], [0.20791, 0.07518], [0.28849, 0.17878], [0.3223, 0.16655], [0.47914, 0.31043], [0.48777, 0.42194]]}