{"rank": 58, "source": "001_1680015424323-HRNWOISLSTA3Y9D4TNW3.jpg", "category": "dragon", "n_points": 41, "bbox_aspect": 2.121278941565601, "area_frac": 0.03273518379594899, "score": -0.10197175836681763, "coords": [[0.5, 0.17698], [0.47817, 0.2144], [0.38202, 0.23571], [0.32536, 0.20192], [0.27547, 0.12656], [0.02079, 0.17801], [-0.23701, 0.1198], [-0.33108, 0.15463], [-0.5, 0.15307], [-0.19075, 0.0356], [-0.06549, 0.0751], [-0.0078, 0.05951], [-0.06497, -0.06055], [-0.14293, -0.11824], [-0.09407, -0.10785], [0.00052, 0.06419], [-0.06653, 0.07978], [-0.19075, 0.04028], [-0.26351, 0.08394], [-0.30717, 0.08238], [-0.46154, 0.14631], [-0.33316, 0.15047], [-0.23701, 0.11512], [0.02131, 0.17334], [0.12058, 0.14319], [0.27547, 0.12136], [0.36746, 0.22999], [0.48441, 0.20556], [0.49532, 0.1697], [0.37422, 0.15567], [0.4631, 0.10213], [0.36486, 0.11512], [0.28742, 0.04132], [0.38669, 0.02677], [0.39033, -0.02105], [0.43503, 0.02833], [0.31861, 0.03456], [0.38254, 0.1224], [0.46622, 0.09693], [0.41112, 0.16502], [0.49376, 0.15203], [0.5, 0.17698]]}