{"rank": 59, "source": "025_1613657433105-6QR9L9XIQC1ICK1KTTBD.jpg", "category": "dragon", "n_points": 48, "bbox_aspect": 1.061324611610793, "area_frac": 0.02435952738184546, "score": -0.10771096823997223, "coords": [[0.49461, 0.43644], [0.24884, 0.47111], [0.14022, 0.45339], [-0.01387, 0.28852], [-0.08783, 0.16602], [-0.24576, 0.06125], [-0.22881, 0.23844], [-0.39368, 0.29237], [-0.5, 0.18529], [-0.46533, 0.14908], [-0.29199, 0.22535], [-0.38906, -0.42643], [-0.33128, -0.44646], [-0.28197, -0.17989], [-0.24114, -0.18914], [-0.2735, -0.42026], [-0.20801, -0.39946], [-0.14715, -0.03351], [0.16025, -0.08359], [0.14484, -0.23305], [0.21418, -0.20455], [0.23806, -0.05894], [0.2812, -0.02273], [0.34746, -0.14137], [0.35285, -0.09977], [0.27889, -0.01502], [0.23112, -0.05586], [0.20724, -0.19992], [0.15177, -0.22612], [0.16641, -0.07743], [-0.15254, -0.02658], [-0.21495, -0.39407], [-0.26656, -0.41564], [-0.23344, -0.18451], [-0.28891, -0.17296], [-0.33821, -0.44337], [-0.38213, -0.43028], [-0.28351, 0.22997], [-0.40678, 0.20146], [-0.46379, 0.15678], [-0.47612, 0.21302], [-0.39368, 0.28467], [-0.23575, 0.23459], [-0.24345, 0.05431], [-0.08012, 0.16371], [-0.00847, 0.28313], [0.14099, 0.44569], [0.22111, 0.46495], [0.49461, 0.43644]]}