{"rank": 60, "source": "052_1588328186326-5YKALWZ92LQWMT26I8K2.jpg", "category": "dragon", "n_points": 41, "bbox_aspect": 0.9557589626239512, "area_frac": 0.025179977711738483, "score": -0.12362536957176018, "coords": [[-0.44127, 0.5], [-0.42601, 0.35507], [-0.47788, 0.15904], [-0.39092, 0.04539], [-0.3238, 0.01564], [-0.3177, -0.07361], [-0.0942, -0.33905], [-0.14683, -0.43974], [-0.10717, -0.47864], [-0.00038, -0.47941], [-0.03089, -0.43745], [0.03242, -0.24294], [0.08505, -0.34744], [0.03623, -0.3955], [0.11937, -0.45271], [0.21243, -0.4672], [0.27956, -0.42982], [0.16438, -0.39016], [0.14302, -0.30092], [0.2254, -0.21472], [0.23074, -0.09954], [0.336, 0.09497], [0.32761, 0.1476], [0.28871, -0.00343], [0.22387, -0.09802], [0.21701, -0.21243], [0.13539, -0.29329], [0.16056, -0.39855], [0.27574, -0.43974], [0.1209, -0.44279], [0.02479, -0.21472], [-0.04157, -0.4405], [-0.09725, -0.47864], [-0.13997, -0.43364], [-0.07818, -0.37643], [-0.09573, -0.31998], [-0.31083, -0.07132], [-0.31693, 0.01869], [-0.38558, 0.05072], [-0.46873, 0.1598], [-0.41915, 0.35278], [-0.44127, 0.5]]}