{"rank": 61, "source": "012_1638020082576-QB6QV9HOQ0EY0F3DLGGT.jpg", "category": "dragon", "n_points": 40, "bbox_aspect": 0.90558615263572, "area_frac": 0.026866004497751124, "score": -0.1437555423756422, "coords": [[-0.17506, 0.5], [-0.26554, 0.46853], [-0.35208, 0.4048], [-0.43391, 0.38198], [-0.45279, 0.3395], [-0.4229, 0.27183], [-0.33556, 0.29858], [-0.26239, 0.24744], [-0.22699, 0.286], [-0.28049, 0.27891], [-0.33399, 0.30803], [-0.42368, 0.28836], [-0.42998, 0.3749], [-0.3513, 0.39614], [-0.26318, 0.45987], [-0.17349, 0.49056], [-0.08773, 0.40637], [-0.08458, 0.2561], [-0.04288, 0.21204], [0.01928, 0.18843], [0.10031, 0.12392], [0.23564, 0.16247], [0.19394, 0.10976], [0.15382, -0.02242], [0.10582, -0.07435], [0.06963, -0.30803], [0.0775, -0.31039], [0.11526, -0.07356], [0.16483, -0.01928], [0.21755, 0.13336], [0.27891, 0.19394], [0.45279, 0.29701], [0.38985, 0.27734], [0.28049, 0.21518], [0.2561, 0.1727], [0.16955, 0.16562], [0.10268, 0.13415], [-0.07592, 0.26003], [-0.08065, 0.41109], [-0.1247, 0.47325], [-0.17506, 0.5]]}