{"rank": 62, "source": "030_1609847112434-N0W2QU6WTI0N0AOSJFPV.jpg", "category": "dragon", "n_points": 36, "bbox_aspect": 1.995749202975558, "area_frac": 0.021208333333333333, "score": -0.1509330984931309, "coords": [[0.5, 0.13605], [0.43237, 0.19728], [0.42173, 0.25053], [0.09851, 0.12167], [0.05378, 0.13179], [-0.03674, 0.11049], [-0.14856, 0.06363], [-0.2082, 0.00985], [-0.5, -0.10623], [-0.26837, -0.02423], [-0.19862, 0.00825], [-0.13259, 0.0647], [-0.01384, 0.11315], [0.10224, 0.11688], [0.42971, 0.24361], [0.42545, 0.19569], [0.49308, 0.13765], [0.44728, 0.09665], [0.37593, 0.14883], [0.3557, 0.11635], [0.41267, 0.07268], [0.39883, 0.05937], [0.32109, 0.11422], [0.24547, 0.04925], [0.19489, 0.02742], [0.28168, 0.0237], [0.24441, 0.00559], [0.25293, -0.03807], [0.28754, 0.02103], [0.21459, 0.03062], [0.32002, 0.10676], [0.3935, 0.05298], [0.42386, 0.07215], [0.36155, 0.11954], [0.37327, 0.14297], [0.44302, 0.08972], [0.5, 0.13605]]}