{"rank": 63, "source": "051_1588328936324-QFFD9B5310CWO1NIDRU3.jpg", "category": "dragon", "n_points": 37, "bbox_aspect": 0.9334415584415584, "area_frac": 0.024812068965517242, "score": -0.1573719977570641, "coords": [[0.42127, 0.49269], [0.45779, 0.2914], [0.25731, 0.23782], [0.38393, 0.21916], [0.23295, 0.17532], [0.27435, -0.1599], [0.16234, -0.25812], [0.17532, -0.38799], [0.11282, -0.34172], [-0.02192, -0.35471], [0.03653, -0.46753], [-0.04708, -0.48782], [-0.06575, -0.37662], [-0.30276, -0.26136], [-0.40341, -0.24675], [-0.45779, 0.05519], [-0.34578, -0.11932], [-0.1526, -0.15584], [-0.03571, -0.06818], [-0.24432, -0.1599], [-0.39935, -0.04464], [-0.46672, 0.05844], [-0.41234, -0.25649], [-0.30682, -0.26867], [-0.06981, -0.38393], [-0.06737, -0.47078], [0.04464, -0.46997], [-0.01218, -0.3612], [0.10633, -0.34659], [0.10065, -0.44968], [0.19237, -0.38799], [0.13799, -0.34497], [0.28328, -0.1599], [0.24026, 0.17208], [0.36932, 0.19805], [0.26542, 0.23539], [0.46672, 0.28734], [0.42127, 0.49269]]}