{"rank": 64, "source": "007_1641295158187-O2ZA1IEYXAPPNBAPOBAK.jpg", "category": "dragon", "n_points": 39, "bbox_aspect": 2.609655172413793, "area_frac": 0.0450960240060015, "score": -0.1728459566591461, "coords": [[-0.5, 0.01453], [-0.48256, -0.04149], [-0.30603, -0.03673], [-0.24577, -0.14244], [-0.12896, -0.07796], [-0.12685, -0.1916], [0.08562, -0.06475], [0.10254, -0.1546], [0.30444, -0.07743], [0.36099, -0.14244], [0.4778, -0.17045], [0.48309, -0.06845], [0.34778, -0.07003], [0.22093, -0.01401], [0.14429, 0.088], [-0.18235, 0.18737], [-0.24154, 0.10703], [-0.36998, 0.12394], [-0.42019, 0.07955], [-0.29387, 0.06897], [-0.16438, 0.1398], [0.06712, 0.11443], [0.14112, 0.08377], [0.22093, -0.01982], [0.4778, -0.07215], [0.47199, -0.15936], [0.36786, -0.13874], [0.30814, -0.07162], [0.2241, -0.0954], [0.16173, -0.06105], [0.10782, -0.15037], [0.06871, -0.06845], [-0.05708, -0.05259], [-0.05285, -0.12236], [-0.12474, -0.18631], [-0.12262, -0.06369], [-0.24894, -0.07267], [-0.30973, -0.00555], [-0.47939, -0.03621], [-0.5, 0.01453]]}