{"rank": 65, "source": "063_1580760453923-BNRJKUA8WT88ZLTG1N3F.jpg", "category": "dragon", "n_points": 40, "bbox_aspect": 2.1994459833795013, "area_frac": 0.019983367983367983, "score": -0.19631307850492136, "coords": [[0.5, 0.05101], [0.44018, 0.017], [0.27897, -0.00504], [0.17884, -0.11083], [0.11839, -0.10894], [0.11398, -0.1631], [0.07494, -0.20907], [0.03149, -0.21977], [-0.07683, -0.20025], [-0.15113, -0.22229], [-0.20844, -0.20781], [-0.34824, -0.21222], [-0.48489, -0.20466], [-0.49496, -0.11083], [-0.46725, -0.03212], [-0.4704, 0.02141], [-0.40806, -0.01637], [-0.30793, -0.02015], [-0.1568, 0.00504], [-0.04345, -0.04471], [0.03212, -0.0403], [0.0869, -0.01071], [0.30227, 0.20718], [0.08312, -0.00756], [0.03023, -0.03526], [-0.04156, -0.0403], [-0.15806, 0.01008], [-0.3539, -0.02519], [-0.47292, 0.02771], [-0.47229, -0.03149], [-0.5, -0.11083], [-0.49244, -0.20781], [-0.35516, -0.21662], [-0.2097, -0.21285], [-0.15806, -0.22733], [-0.0762, -0.20529], [0.05038, -0.22229], [0.10139, -0.1971], [0.28212, -0.00882], [0.44207, 0.01259], [0.5, 0.05101]]}