{"rank": 66, "source": "062_1589651329809-1MR4XMPIBDVM4IAIG6P9.jpg", "category": "dragon", "n_points": 39, "bbox_aspect": 0.809823677581864, "area_frac": 0.024834623752521382, "score": -0.24167993902638216, "coords": [[-0.30542, 0.46977], [-0.39232, 0.39547], [-0.24874, 0.37406], [-0.23741, 0.32116], [-0.40491, 0.27078], [-0.32809, 0.23048], [-0.22985, 0.24055], [-0.20088, 0.09446], [-0.29786, 0.03652], [-0.18199, 0.0466], [-0.10264, -0.12972], [-0.27015, -0.33123], [-0.18325, -0.4131], [-0.17317, -0.5], [-0.05227, -0.46474], [-0.05856, -0.2267], [0.03715, -0.33627], [0.05605, -0.4534], [0.17695, -0.43955], [0.18073, -0.37531], [0.11272, -0.18262], [0.16814, -0.42821], [0.06108, -0.44081], [0.04471, -0.32872], [-0.06108, -0.21662], [-0.08501, -0.25189], [-0.0636, -0.46096], [-0.18829, -0.48489], [-0.18451, -0.4005], [-0.25504, -0.33627], [-0.09257, -0.1272], [-0.17317, 0.0529], [-0.30919, 0.06045], [-0.18955, 0.09698], [-0.22481, 0.25189], [-0.39484, 0.27456], [-0.22607, 0.31234], [-0.2437, 0.38287], [-0.36587, 0.40932], [-0.30542, 0.46977]]}