{"rank": 67, "source": "009_1641294918966-TC269R1OO4WL0GO3064T.jpg", "category": "dragon", "n_points": 29, "bbox_aspect": 2.3865652724968314, "area_frac": 0.03447186796699175, "score": -0.2490368720310952, "coords": [[-0.5, 0.09214], [-0.47292, 0.02416], [-0.38423, 0.04116], [-0.25518, 0.02151], [-0.26208, -0.02788], [-0.21057, -0.00345], [-0.25146, -0.05603], [-0.22916, -0.0778], [-0.14684, -0.02576], [-0.04594, -0.04647], [-0.10011, -0.15268], [-0.02947, -0.1649], [0.00982, -0.07461], [0.06718, -0.0863], [0.13091, -0.04647], [0.16437, -0.15852], [0.16755, -0.11922], [0.12719, 0.00133], [0.12931, -0.04116], [0.0555, -0.0778], [0.0008, -0.07515], [-0.04806, -0.03744], [-0.13569, -0.02735], [-0.13675, -0.00717], [-0.22756, -0.07196], [-0.20207, -0.00505], [-0.25199, 0.02629], [-0.38263, 0.04594], [-0.47132, 0.02947], [-0.5, 0.09214]]}