{"rank": 68, "source": "031_1609258979877-R2ZAVHLGR56TN7ACO26J.jpg", "category": "dragon", "n_points": 39, "bbox_aspect": 0.7679640718562875, "area_frac": 0.026100247524752474, "score": -0.2712377103424474, "coords": [[-0.24102, 0.44087], [-0.26422, 0.32111], [-0.35629, 0.32485], [-0.19311, 0.2979], [-0.25524, 0.32036], [-0.23877, 0.43189], [-0.01198, 0.39895], [0.00749, 0.49401], [0.04865, 0.49102], [0.0247, 0.27919], [0.03892, 0.25823], [-0.04566, 0.20808], [-0.06063, 0.0988], [0.13698, 0.06213], [0.13398, 0.01946], [0.18638, 0.00599], [0.21332, -0.06512], [0.27096, -0.07485], [0.2762, -0.11677], [0.34656, -0.12725], [0.34805, -0.17665], [0.38249, -0.12275], [0.38398, -0.05539], [0.34656, -0.0479], [0.33458, -0.11602], [0.28293, -0.11078], [0.2747, -0.06811], [0.21931, -0.05689], [0.2238, -0.00449], [0.14147, 0.0232], [0.14371, 0.06961], [-0.0524, 0.10404], [-0.03817, 0.20359], [0.04641, 0.25225], [0.03293, 0.28069], [0.05763, 0.38698], [0.05464, 0.49775], [0.00075, 0.5], [-0.01572, 0.40644], [-0.24102, 0.44087]]}