{"rank": 69, "source": "053_1589651379765-KAXXJ2VB1UUN9HCNKLLU.jpg", "category": "dragon", "n_points": 39, "bbox_aspect": 0.7554833468724614, "area_frac": 0.012432937190074456, "score": -0.36471122052040855, "coords": [[-0.31032, 0.47238], [-0.21852, 0.45695], [-0.15922, 0.48132], [-0.1251, 0.4537], [-0.06499, 0.45776], [-0.06011, 0.49025], [-0.00325, 0.47969], [0.02518, 0.41389], [0.09911, 0.35215], [0.11942, 0.23111], [0.17059, 0.14825], [0.25589, 0.13444], [0.27051, 0.09464], [0.31032, 0.10357], [0.29569, 0.04102], [0.31763, -0.00366], [0.35987, 0.01503], [0.35743, -0.14257], [0.29407, -0.23355], [0.2762, -0.2896], [0.15353, -0.42608], [0.13891, -0.46263], [0.23883, -0.33591], [0.28432, -0.29366], [0.32575, -0.19537], [0.36962, -0.13201], [0.36718, 0.02153], [0.30707, 0.0394], [0.32006, 0.10114], [0.26483, 0.14013], [0.16816, 0.16206], [0.12754, 0.23599], [0.10723, 0.36028], [0.03331, 0.41795], [0.00244, 0.49269], [-0.0593, 0.5], [-0.12429, 0.46507], [-0.15678, 0.49025], [-0.21852, 0.46669], [-0.31032, 0.47238]]}