{"rank": 70, "source": "018_1629192885155-QM3TJ1RHGHYY2FTC45AZ.jpg", "category": "dragon", "n_points": 39, "bbox_aspect": 0.6494623655913978, "area_frac": 0.02209697608751201, "score": -0.4125759808585176, "coords": [[-0.00538, 0.5], [-0.02903, 0.49247], [-0.05269, 0.34194], [0.04516, 0.32581], [0.00215, 0.1], [-0.24516, 0.12258], [-0.24301, 0.11075], [0.00968, 0.08925], [0.05591, 0.32796], [-0.04194, 0.35054], [-0.02043, 0.4828], [0.09785, 0.46667], [0.2, 0.40215], [0.17204, 0.34409], [0.12796, 0.11613], [0.23548, 0.16022], [0.23548, -0.03441], [0.3129, -0.14839], [0.11183, -0.27419], [0.06022, -0.26452], [0.0129, -0.48925], [-0.09892, -0.4914], [-0.00538, 0.0129], [0.10108, -0.02581], [0.11613, -0.00538], [-0.02903, 0.04624], [-0.01613, 0.01505], [-0.1129, -0.49677], [0.02043, -0.5], [0.06452, -0.27634], [0.13011, -0.26774], [0.32473, -0.15054], [0.2828, -0.06667], [0.24516, -0.02796], [0.24516, 0.17312], [0.14301, 0.13118], [0.1828, 0.34301], [0.2129, 0.40538], [0.10538, 0.47419], [-0.00538, 0.5]]}