{"rank": 71, "source": "064_1589651319228-H7RF8ZZT8770977M3XGQ.jpg", "category": "dragon", "n_points": 39, "bbox_aspect": 0.6321303841676368, "area_frac": 0.019297431260797263, "score": -0.4483076995052893, "coords": [[0.2986, 0.5], [0.29977, 0.31839], [0.13097, 0.27998], [0.14726, 0.21595], [0.29045, 0.23807], [0.28231, 0.14959], [0.18801, 0.1298], [0.21362, -0.0553], [0.18219, -0.06577], [0.18102, -0.13679], [0.21828, -0.33236], [0.13329, -0.35099], [-0.01804, -0.34866], [-0.02154, -0.38126], [-0.18685, -0.39523], [-0.30559, -0.42433], [-0.14261, -0.32189], [-0.06577, -0.21711], [0.07509, 0.24272], [0.06694, 0.24505], [-0.07392, -0.21362], [-0.14726, -0.3149], [-0.31607, -0.41385], [-0.31141, -0.43481], [-0.18452, -0.40338], [-0.06577, -0.39523], [0.04249, -0.34983], [0.05763, -0.36496], [0.22643, -0.33818], [0.19383, -0.1624], [0.1915, -0.07276], [0.22293, -0.06228], [0.20081, 0.12515], [0.28929, 0.14261], [0.29977, 0.24738], [0.15192, 0.22526], [0.14028, 0.27416], [0.30792, 0.31374], [0.31607, 0.4057], [0.2986, 0.5]]}