{"rank": 72, "source": "036_1608634758813-V20C8YEBIXN7UUWONJAP.jpg", "category": "dragon", "n_points": 44, "bbox_aspect": 3.234782608695652, "area_frac": 0.023138399412628487, "score": -0.4774122460263075, "coords": [[0.5, -0.04328], [0.40806, -0.05027], [0.35484, 0.0422], [0.39624, 0.10349], [0.29301, 0.15457], [0.15968, 0.09758], [0.11559, 0.06371], [-0.00376, 0.05457], [-0.0914, 0.03038], [-0.24892, 0.00941], [-0.5, -0.05833], [-0.26667, -0.06048], [-0.12634, -0.03737], [-0.03925, -0.03629], [-0.02097, -0.10672], [0.04355, -0.0922], [0.03548, -0.06102], [0.14032, -0.03145], [0.11935, -0.11855], [0.16075, -0.12285], [0.29624, 0.04382], [0.29032, 0.04866], [0.14409, -0.1379], [0.12581, -0.11747], [0.15968, -0.01478], [0.04409, -0.05242], [0.03011, -0.08844], [-0.02634, -0.09113], [-0.04194, -0.03091], [-0.12688, -0.03145], [-0.26613, -0.05457], [-0.46828, -0.05188], [-0.24892, 0.00349], [-0.08925, 0.025], [-0.00376, 0.04866], [0.11828, 0.0578], [0.29247, 0.14812], [0.33118, 0.12231], [0.27742, 0.08468], [0.33441, 0.0664], [0.34086, 0.1207], [0.39032, 0.10134], [0.34409, 0.04382], [0.40269, -0.05349], [0.5, -0.04328]]}