{"rank": 0, "key_id": "6165440709525504", "category": "cat", "n_points": 38, "bbox_aspect": 1.3783783783783783, "n_extensions_spliced": 2, "main_perimeter_px": 671.1590990675036, "score": 0.9724381717545552, "coords": [[0.44118, 0.18627], [0.19804, 0.36275], [0.21373, 0.25686], [0.21373, 0.14706], [0.02941, 0.14706], [-0.02941, 0.1549], [-0.04902, 0.18627], [-0.00588, 0.30784], [-0.05294, 0.29608], [-0.11961, 0.2098], [-0.23333, 0.13922], [-0.22549, 0.07255], [-0.2451, -0.02549], [-0.25686, -0.21765], [-0.20196, -0.34706], [-0.1, -0.36275], [-0.02941, -0.19412], [0.07255, -0.06078], [0.07255, -0.08824], [0.26863, -0.11176], [0.5, -0.18627], [0.5, -0.18627], [0.26863, -0.11176], [0.07255, -0.08824], [0.07255, -0.06078], [-0.08431, -0.16275], [-0.17451, -0.1549], [-0.5, -0.20196], [-0.5, -0.20196], [-0.17451, -0.1549], [-0.08431, -0.16275], [-0.02941, -0.19412], [0.08431, -0.35098], [0.22941, -0.26471], [0.32745, -0.14706], [0.39412, -0.04118], [0.38235, 0.09216], [0.42549, 0.10392], [0.44118, 0.18627]]}