{"rank": 1, "key_id": "5169079620993024", "category": "cat", "n_points": 37, "bbox_aspect": 1.4457142857142857, "n_extensions_spliced": 2, "main_perimeter_px": 415.53923449476673, "score": 0.9691747719387114, "coords": [[-0.00198, 0.33794], [-0.01383, 0.18379], [0.08103, 0.02174], [0.15217, -0.03755], [0.28261, -0.0336], [0.27866, -0.00988], [0.30237, -0.04941], [0.30237, -0.20751], [0.29447, -0.2668], [0.24704, -0.31423], [0.16798, -0.34585], [-0.17984, -0.33794], [-0.24704, -0.30632], [-0.25099, -0.19565], [-0.25889, -0.1996], [-0.23518, -0.16008], [-0.25099, -0.19565], [-0.24704, -0.30632], [-0.17984, -0.33794], [0.16798, -0.34585], [0.24704, -0.31423], [0.29447, -0.2668], [0.30237, -0.20751], [0.30237, -0.04941], [0.27866, -0.00988], [0.35771, -0.00593], [0.41304, 0.03755], [0.48814, 0.18379], [0.5, 0.26285], [0.44862, 0.3419], [0.43281, 0.34585], [0.34585, 0.23123], [0.28261, 0.17589], [0.20356, 0.17589], [0.16403, 0.1917], [0.06126, 0.28656], [-0.00593, 0.33399], [-0.00198, 0.33794]]}