{"rank": 2, "key_id": "6338616290705408", "category": "cat", "n_points": 35, "bbox_aspect": 1.4709302325581395, "n_extensions_spliced": 2, "main_perimeter_px": 644.6275537219167, "score": 0.9570707239616687, "coords": [[-0.3419, 0.09881], [-0.3419, 0.17391], [-0.31423, 0.26087], [-0.14822, 0.14625], [-0.06126, 0.20949], [-0.02569, 0.21344], [0.05731, 0.18577], [0.10079, 0.14229], [0.17194, 0.28063], [0.23123, 0.33992], [0.25889, 0.23715], [0.25889, 0.17391], [0.31818, 0.13834], [0.36561, 0.07115], [0.5, 0.14625], [0.18379, 0.00395], [0.18379, 0.00395], [0.5, 0.14625], [0.37352, -0.05929], [0.32609, -0.18577], [0.27075, -0.24901], [0.20751, -0.29249], [0.06126, -0.32806], [-0.13241, -0.33992], [-0.25889, -0.28458], [-0.3419, -0.20553], [-0.37747, -0.08696], [-0.37747, -0.01186], [-0.5, -0.03953], [-0.43281, -0.05138], [-0.17984, -0.05138], [-0.17984, -0.05138], [-0.43281, -0.05138], [-0.5, -0.03953], [-0.32609, 0.07905], [-0.3419, 0.09881]]}