{"rank": 3, "key_id": "6152155738144768", "category": "cat", "n_points": 36, "bbox_aspect": 1.4970414201183433, "n_extensions_spliced": 2, "main_perimeter_px": 658.9114913022561, "score": 0.9530870239717363, "coords": [[-0.5, 0.01779], [-0.47628, 0.33399], [-0.39328, 0.08893], [-0.30237, 0.12055], [-0.1996, 0.12055], [-0.10474, 0.07708], [-0.06522, 0.02964], [-0.14427, -0.09684], [-0.12451, -0.12055], [0.08893, -0.17589], [0.44862, -0.30237], [0.44862, -0.30237], [0.08893, -0.17589], [-0.12451, -0.12055], [-0.05731, -0.09684], [0.5, 0.00593], [0.5, 0.00593], [-0.05731, -0.09684], [-0.14427, -0.09684], [0.08103, 0.1996], [0.14032, 0.24308], [0.14822, 0.18775], [0.07708, -0.04545], [0.08498, -0.06917], [0.14427, -0.13636], [0.16008, -0.18379], [0.16008, -0.22332], [0.1087, -0.28656], [0.03755, -0.32609], [-0.01779, -0.33399], [-0.12451, -0.32609], [-0.39328, -0.21542], [-0.42095, -0.18379], [-0.46443, -0.09289], [-0.48419, -0.02569], [-0.47628, 0.00593], [-0.5, 0.01779]]}