{"rank": 4, "key_id": "6308261445763072", "category": "cat", "n_points": 38, "bbox_aspect": 1.4655172413793103, "n_extensions_spliced": 2, "main_perimeter_px": 572.0145895058818, "score": 0.9513181268074543, "coords": [[-0.34314, -0.02745], [-0.3549, -0.14902], [-0.37059, -0.12941], [-0.43333, 0.01961], [-0.5, 0.2549], [-0.46863, 0.25098], [-0.28431, 0.12549], [-0.28431, 0.12549], [-0.46863, 0.25098], [-0.5, 0.2549], [-0.43333, 0.01961], [-0.37059, -0.12941], [-0.34706, -0.2549], [-0.27647, -0.31373], [-0.17843, -0.33725], [0.03725, -0.34118], [0.21373, -0.30196], [0.31961, -0.22745], [0.35098, -0.18431], [0.37451, -0.11373], [0.36667, -0.0], [0.33922, 0.07451], [0.2451, 0.16471], [0.24902, 0.16471], [0.5, 0.34118], [0.44118, 0.10196], [0.40196, 0.01961], [0.40196, 0.01961], [0.44118, 0.10196], [0.5, 0.34118], [0.24902, 0.16471], [0.12353, 0.2], [-0.12745, 0.20784], [-0.19804, 0.19216], [-0.24118, 0.1451], [-0.29608, 0.00392], [-0.33922, -0.06275], [-0.35882, -0.16078], [-0.34314, -0.02745]]}