{"rank": 5, "key_id": "6116843355897856", "category": "cat", "n_points": 38, "bbox_aspect": 1.4655172413793103, "n_extensions_spliced": 2, "main_perimeter_px": 659.553841632919, "score": 0.9513181268074543, "coords": [[0.12745, -0.32941], [0.05294, -0.33725], [-0.07255, -0.30588], [-0.17843, -0.2], [-0.19804, -0.13725], [-0.20196, -0.07451], [-0.17451, -0.00784], [-0.09608, -0.07059], [-0.07647, -0.13725], [-0.18235, -0.16471], [-0.29216, -0.23137], [-0.29216, -0.23137], [-0.18235, -0.16471], [-0.07647, -0.13725], [-0.18627, -0.05882], [-0.30392, -0.07843], [-0.5, -0.07451], [-0.5, -0.07451], [-0.30392, -0.07843], [-0.18627, -0.05882], [-0.09608, -0.07059], [-0.17059, 0.07059], [-0.21765, 0.22745], [-0.23333, 0.34118], [-0.19804, 0.32941], [-0.0451, 0.21176], [0.00588, 0.23922], [0.15098, 0.23922], [0.32745, 0.17647], [0.38235, 0.24314], [0.5, 0.32549], [0.5, 0.27059], [0.45294, 0.18431], [0.42549, 0.01961], [0.36667, -0.08627], [0.19412, -0.31373], [0.1549, -0.34118], [0.10784, -0.32549], [0.12745, -0.32941]]}