{"rank": 6, "key_id": "6022207765479424", "category": "cat", "n_points": 38, "bbox_aspect": 1.328125, "n_extensions_spliced": 2, "main_perimeter_px": 676.3093578665155, "score": 0.9464404888899355, "coords": [[0.1549, 0.34902], [-0.05294, 0.27451], [-0.3, 0.16078], [-0.43333, 0.06275], [-0.38627, 0.13333], [-0.37059, 0.37647], [-0.07647, 0.17255], [-0.07647, 0.17255], [-0.37059, 0.37647], [-0.38627, 0.13333], [-0.48039, 0.00784], [-0.5, -0.04314], [-0.5, -0.09804], [-0.46078, -0.20392], [-0.37451, -0.29412], [-0.31569, -0.32941], [-0.19804, -0.37255], [-0.14314, -0.37647], [0.0451, -0.32549], [0.16275, -0.27451], [0.24902, -0.19216], [0.3, -0.07843], [0.32745, 0.03529], [0.33137, 0.18431], [0.30784, 0.22745], [0.26863, 0.25882], [0.20196, 0.28235], [0.1902, 0.24706], [0.33922, 0.31373], [0.5, 0.34118], [0.46078, 0.27451], [0.26471, 0.09412], [0.26471, 0.09412], [0.46078, 0.27451], [0.5, 0.34118], [0.33922, 0.31373], [0.1902, 0.24706], [-0.11961, 0.26275], [0.1549, 0.34902]]}