{"rank": 7, "key_id": "5668796985507840", "category": "cat", "n_points": 36, "bbox_aspect": 1.2893401015228427, "n_extensions_spliced": 2, "main_perimeter_px": 716.3924086357068, "score": 0.9423608111615347, "coords": [[-0.40157, 0.23031], [-0.40551, 0.36024], [-0.35433, 0.27362], [-0.11417, 0.29724], [0.09055, 0.29724], [0.17717, 0.3878], [0.20866, 0.2815], [0.3937, 0.1437], [0.42126, 0.10433], [0.44094, 0.0374], [0.44488, -0.04134], [0.40945, -0.1437], [0.5, -0.1752], [0.36614, -0.1752], [0.23228, -0.15551], [0.23228, -0.15551], [0.36614, -0.1752], [0.5, -0.1752], [0.35433, -0.23031], [0.31102, -0.27362], [0.17323, -0.34843], [0.07087, -0.37598], [-0.02362, -0.3878], [-0.14173, -0.3878], [-0.23622, -0.36417], [-0.30315, -0.3248], [-0.3622, -0.23425], [-0.38976, -0.06496], [-0.31102, -0.13583], [-0.46063, -0.17126], [-0.5, -0.17126], [-0.5, -0.17126], [-0.46063, -0.17126], [-0.31102, -0.13583], [-0.39764, 0.12795], [-0.41339, 0.21063], [-0.40157, 0.23031]]}