{"rank": 8, "key_id": "4831695691841536", "category": "cat", "n_points": 42, "bbox_aspect": 1.3804347826086956, "n_extensions_spliced": 2, "main_perimeter_px": 512.3663865871348, "score": 0.9401483909518366, "coords": [[0.05118, 0.19291], [-0.15748, 0.16929], [-0.14961, 0.09843], [-0.20866, 0.14567], [-0.5, 0.32283], [-0.48819, 0.24016], [-0.49213, -0.00394], [-0.49213, -0.00394], [-0.48819, 0.24016], [-0.5, 0.32283], [-0.20866, 0.14567], [-0.14961, 0.09843], [-0.21654, 0.14961], [-0.26772, 0.11417], [-0.31496, 0.04724], [-0.34646, -0.04724], [-0.35039, -0.15354], [-0.33071, -0.22835], [-0.2874, -0.29921], [-0.24016, -0.33465], [-0.16929, -0.3622], [-0.09843, -0.3622], [0.05512, -0.30709], [0.2126, -0.19685], [0.29134, -0.11811], [0.33071, -0.05118], [0.34646, 0.00787], [0.33858, 0.05906], [0.28346, 0.09843], [0.20079, 0.12205], [0.21654, 0.09843], [0.30709, 0.20866], [0.5, 0.3622], [0.49606, 0.31102], [0.40157, 0.03937], [0.40157, 0.03937], [0.49606, 0.31102], [0.5, 0.3622], [0.30709, 0.20866], [0.21654, 0.09843], [0.05512, 0.13386], [-0.01575, 0.12598], [0.05118, 0.19291]]}