{"rank": 9, "key_id": "6663935132434432", "category": "cat", "n_points": 39, "bbox_aspect": 1.3212435233160622, "n_extensions_spliced": 2, "main_perimeter_px": 745.685033143089, "score": 0.9344707837426294, "coords": [[-0.42941, -0.02941], [-0.3902, -0.00588], [-0.20588, 0.02549], [0.11961, 0.01765], [0.15882, 0.03725], [0.18235, 0.07255], [0.17451, 0.1], [0.09608, 0.13529], [0.08039, 0.16667], [0.07647, 0.32353], [0.11176, 0.3549], [0.12353, 0.34314], [0.15098, 0.25686], [0.24118, 0.28431], [0.28824, 0.28431], [0.32745, 0.28431], [0.36275, 0.24902], [0.42941, 0.35098], [0.47255, 0.37843], [0.48431, 0.34706], [0.5, 0.1549], [0.4098, -0.00588], [0.3549, -0.06078], [0.26078, -0.12745], [0.24118, -0.12745], [0.2451, -0.13922], [0.06863, -0.32353], [0.06863, -0.32353], [0.2451, -0.13922], [0.24118, -0.12745], [0.2098, -0.15882], [0.23725, -0.15882], [0.45686, -0.37843], [0.45686, -0.37843], [0.23725, -0.15882], [0.2098, -0.15882], [-0.0098, -0.13922], [-0.34706, -0.18627], [-0.5, -0.31569], [-0.42941, -0.02941]]}