{"rank": 10, "key_id": "4515562929520640", "category": "cat", "n_points": 33, "bbox_aspect": 1.4912280701754386, "n_extensions_spliced": 2, "main_perimeter_px": 610.2217268786482, "score": 0.9308105735758126, "coords": [[-0.5, 0.0451], [-0.5, 0.28039], [-0.36667, 0.15882], [-0.27647, 0.20196], [-0.18235, 0.22549], [-0.09216, 0.22157], [0.00196, 0.18627], [0.08039, 0.27647], [0.1, 0.33529], [0.14314, 0.1], [0.16275, 0.05294], [0.16275, -0.04118], [-0.01373, -0.06863], [-0.06078, -0.04118], [-0.02157, -0.04118], [0.37451, 0.09216], [0.37451, 0.09216], [-0.02157, -0.04118], [-0.06078, -0.04118], [0.17843, -0.03725], [0.5, -0.02549], [0.5, -0.02549], [0.17843, -0.03725], [-0.01373, -0.06863], [0.12353, -0.20588], [0.03333, -0.28039], [-0.03725, -0.30784], [-0.17059, -0.33529], [-0.24902, -0.33137], [-0.32353, -0.3], [-0.41765, -0.21765], [-0.46863, -0.08824], [-0.46863, 0.01373], [-0.5, 0.0451]]}