{"rank": 11, "key_id": "6527181729562624", "category": "cat", "n_points": 44, "bbox_aspect": 1.4111111111111112, "n_extensions_spliced": 2, "main_perimeter_px": 491.3842901272492, "score": 0.927799707678354, "coords": [[-0.01181, 0.01575], [-0.12205, 0.04331], [-0.14961, 0.09843], [-0.16142, 0.13386], [-0.20079, 0.17717], [-0.32283, 0.26772], [-0.41339, 0.35433], [-0.38976, 0.01575], [-0.38976, 0.01575], [-0.41339, 0.35433], [-0.32283, 0.26772], [-0.20079, 0.17717], [-0.16142, 0.13386], [-0.14961, 0.09843], [-0.28346, 0.03543], [-0.43307, -0.03543], [-0.4685, -0.05906], [-0.49606, -0.1063], [-0.5, -0.16929], [-0.45276, -0.22441], [-0.40157, -0.26378], [-0.25197, -0.33465], [-0.14173, -0.35433], [-0.03937, -0.35433], [0.14173, -0.30709], [0.24803, -0.24803], [0.26378, -0.22047], [0.26772, -0.16929], [0.25591, -0.12598], [0.19291, -0.04724], [0.0748, 0.00394], [0.09843, 0.03543], [0.14173, 0.07087], [0.5, 0.22835], [0.48031, 0.16929], [0.42126, 0.09449], [0.26772, -0.05906], [0.26772, -0.05906], [0.42126, 0.09449], [0.48031, 0.16929], [0.5, 0.22835], [0.14173, 0.07087], [0.09843, 0.03543], [-0.0748, 0.01575], [-0.01181, 0.01575]]}