{"rank": 12, "key_id": "6235445757214720", "category": "cat", "n_points": 40, "bbox_aspect": 1.3212435233160622, "n_extensions_spliced": 2, "main_perimeter_px": 529.5162901542819, "score": 0.9261374504092961, "coords": [[0.19804, 0.11569], [0.19804, 0.07647], [0.32353, 0.23725], [0.3902, 0.27647], [0.5, 0.37843], [0.49608, 0.28431], [0.43725, -0.00588], [0.4098, -0.07255], [0.39412, -0.05294], [0.39412, -0.05294], [0.4098, -0.07255], [0.43725, -0.00588], [0.49608, 0.28431], [0.5, 0.37843], [0.3902, 0.27647], [0.32353, 0.23725], [0.19804, 0.07647], [0.12745, 0.13529], [-0.09216, 0.13137], [-0.13137, 0.09216], [-0.5, 0.16275], [-0.12353, -0.12353], [-0.12353, -0.12353], [-0.5, 0.16275], [-0.13137, 0.09216], [-0.17843, 0.03725], [-0.22549, -0.03333], [-0.25294, -0.11569], [-0.25294, -0.18235], [-0.22549, -0.24118], [-0.18627, -0.29216], [-0.13529, -0.32745], [-0.0098, -0.37451], [0.1549, -0.37843], [0.26078, -0.32745], [0.37843, -0.2098], [0.43333, -0.05294], [0.42941, -0.00588], [0.37843, 0.02941], [0.02941, 0.14706], [0.19804, 0.11569]]}