{"rank": 13, "key_id": "6148141474643968", "category": "cat", "n_points": 44, "bbox_aspect": 1.358288770053476, "n_extensions_spliced": 2, "main_perimeter_px": 530.1180955448721, "score": 0.9121607228132493, "coords": [[-0.0315, 0.24213], [-0.10236, 0.25], [-0.15748, 0.23819], [-0.20866, 0.20669], [-0.24409, 0.24213], [-0.35039, 0.30118], [-0.40945, 0.36024], [-0.41339, 0.28937], [-0.5, 0.06496], [-0.5, 0.03346], [-0.5, 0.03346], [-0.5, 0.06496], [-0.41339, 0.28937], [-0.40945, 0.36024], [-0.35039, 0.30118], [-0.24409, 0.24213], [-0.29921, 0.12402], [-0.35827, 0.02953], [-0.38189, -0.03346], [-0.38583, -0.14764], [-0.37008, -0.20669], [-0.29921, -0.29724], [-0.17323, -0.35236], [0.05906, -0.36811], [0.18504, -0.3248], [0.27165, -0.25787], [0.30315, -0.17913], [0.31102, -0.08071], [0.28346, 0.01772], [0.30315, -0.00591], [0.40551, 0.20669], [0.49213, 0.33268], [0.5, 0.36811], [0.34646, 0.30906], [0.17323, 0.19882], [0.17323, 0.19882], [0.34646, 0.30906], [0.5, 0.36811], [0.49213, 0.33268], [0.40551, 0.20669], [0.30315, -0.00591], [0.25197, 0.0689], [0.16535, 0.13976], [-0.05512, 0.22638], [-0.0315, 0.24213]]}