{"rank": 14, "key_id": "6196925403496448", "category": "cat", "n_points": 43, "bbox_aspect": 1.3350785340314135, "n_extensions_spliced": 2, "main_perimeter_px": 589.4030435741223, "score": 0.908429183010075, "coords": [[0.17843, 0.23725], [-0.02549, 0.23725], [-0.03725, 0.25686], [-0.09608, 0.28431], [-0.39412, 0.33529], [-0.5, 0.37451], [-0.39804, 0.26471], [-0.31961, 0.10784], [-0.28039, -0.05294], [-0.28039, -0.05294], [-0.31961, 0.10784], [-0.39804, 0.26471], [-0.5, 0.37451], [-0.39412, 0.33529], [-0.09608, 0.28431], [-0.03725, 0.25686], [-0.1, 0.22157], [-0.14314, 0.20588], [-0.1902, 0.17059], [-0.22549, 0.10392], [-0.26078, 0.00196], [-0.27647, -0.10392], [-0.27647, -0.18627], [-0.25686, -0.29216], [-0.22941, -0.33529], [-0.09608, -0.37451], [0.11176, -0.37451], [0.26078, -0.32745], [0.37843, -0.10392], [0.41373, 0.00588], [0.41765, 0.01373], [0.43333, 0.03333], [0.5, 0.32745], [0.48431, 0.37059], [0.16275, 0.19412], [0.16275, 0.19412], [0.48431, 0.37059], [0.5, 0.32745], [0.43333, 0.03333], [0.41765, 0.01373], [0.3902, 0.06078], [0.30392, 0.15882], [-0.0098, 0.27255], [0.17843, 0.23725]]}