{"rank": 15, "key_id": "6337681296457728", "category": "cat", "n_points": 36, "bbox_aspect": 1.2270531400966183, "n_extensions_spliced": 2, "main_perimeter_px": 645.1215653005831, "score": 0.9077002659923682, "coords": [[-0.14961, -0.40748], [-0.24016, -0.3878], [-0.31102, -0.36024], [-0.33858, -0.33661], [-0.37402, -0.28543], [-0.48425, -0.0689], [-0.5, -0.00591], [-0.48819, 0.02559], [-0.42126, 0.06102], [-0.42126, 0.40748], [-0.21654, 0.27756], [-0.21654, 0.27756], [-0.42126, 0.40748], [-0.42126, 0.06102], [-0.37402, 0.14764], [-0.30709, 0.19488], [-0.13386, 0.27756], [-0.03543, 0.2815], [0.22835, 0.19882], [0.24016, 0.21063], [0.5, 0.37205], [0.4685, 0.18307], [0.44488, 0.1122], [0.44488, 0.1122], [0.4685, 0.18307], [0.5, 0.37205], [0.24016, 0.21063], [0.35039, 0.13583], [0.38189, 0.1122], [0.40157, 0.0689], [0.40551, -0.08071], [0.3622, -0.15157], [0.29921, -0.20276], [0.22047, -0.23819], [0.00787, -0.25787], [-0.24803, -0.36417], [-0.14961, -0.40748]]}