{"rank": 16, "key_id": "6666943270486016", "category": "cat", "n_points": 45, "bbox_aspect": 1.4406779661016949, "n_extensions_spliced": 2, "main_perimeter_px": 568.4815434389642, "score": 0.9049508968256312, "coords": [[0.2098, 0.17451], [0.16667, 0.19412], [0.0451, 0.19804], [-0.18235, 0.15098], [-0.1549, 0.15098], [-0.26863, 0.25686], [-0.43725, 0.34706], [-0.38235, 0.18627], [-0.36667, 0.08431], [-0.36667, 0.08431], [-0.38235, 0.18627], [-0.43725, 0.34706], [-0.26863, 0.25686], [-0.1549, 0.15098], [-0.40588, 0.05686], [-0.48431, -0.0098], [-0.5, -0.08039], [-0.41765, -0.17451], [-0.32353, -0.24118], [-0.20588, -0.27255], [-0.09608, -0.33529], [0.01765, -0.34706], [0.17843, -0.31961], [0.26863, -0.20196], [0.31176, -0.10784], [0.33137, -0.02157], [0.28824, 0.02941], [0.19804, 0.10784], [0.12745, 0.20196], [0.13529, 0.19804], [0.18235, 0.24118], [0.22157, 0.25686], [0.33137, 0.26863], [0.5, 0.26471], [0.48431, 0.23725], [0.28824, 0.12353], [0.22941, 0.07255], [0.22941, 0.07255], [0.28824, 0.12353], [0.48431, 0.23725], [0.5, 0.26471], [0.33137, 0.26863], [0.22157, 0.25686], [0.18235, 0.24118], [0.13529, 0.19804], [0.2098, 0.17451]]}