{"rank": 17, "key_id": "5492663006527488", "category": "cat", "n_points": 40, "bbox_aspect": 1.280612244897959, "n_extensions_spliced": 2, "main_perimeter_px": 719.3455198644064, "score": 0.9042728969627043, "coords": [[-0.46414, 0.17928], [-0.39641, 0.21514], [-0.29283, 0.29084], [-0.22112, 0.39044], [-0.18526, 0.10757], [-0.16135, 0.08765], [0.0498, 0.08765], [0.16932, 0.24701], [0.30478, 0.35857], [0.3247, 0.2749], [0.38446, 0.17928], [0.38048, 0.15139], [0.30876, -0.01992], [0.27291, -0.02789], [0.5, -0.18725], [0.5, -0.18725], [0.27291, -0.02789], [0.24104, -0.13944], [0.10558, -0.22709], [0.20518, -0.24303], [0.18526, -0.24701], [0.16932, -0.22311], [0.20518, -0.27092], [0.32869, -0.37052], [0.37251, -0.39044], [0.36454, -0.36653], [0.36454, -0.36653], [0.37251, -0.39044], [0.32869, -0.37052], [0.20518, -0.27092], [0.16932, -0.22311], [0.18526, -0.24701], [0.20518, -0.24303], [0.04582, -0.251], [-0.06175, -0.27092], [-0.24104, -0.27092], [-0.3008, -0.26295], [-0.34462, -0.23904], [-0.4243, -0.10359], [-0.5, 0.19124], [-0.46414, 0.17928]]}