{"rank": 18, "key_id": "6281577082388480", "category": "cat", "n_points": 25, "bbox_aspect": 1.408839779005525, "n_extensions_spliced": 2, "main_perimeter_px": 623.9457470518215, "score": 0.9039273392433621, "coords": [[-0.23333, 0.08824], [-0.21373, 0.07255], [-0.28039, 0.09608], [-0.34314, 0.04902], [-0.4098, -0.01765], [-0.42941, -0.06078], [-0.44118, -0.15098], [-0.43333, -0.19804], [-0.40196, -0.24902], [-0.31176, -0.31569], [-0.2451, -0.33137], [-0.08431, -0.3549], [0.08039, -0.3549], [0.31961, -0.30784], [0.44118, -0.24118], [0.48431, -0.20196], [0.5, -0.15882], [0.49216, -0.07647], [0.45294, -0.02941], [0.34314, 0.04902], [0.18627, 0.11176], [0.1549, 0.09216], [0.08824, 0.13137], [-0.12353, 0.13529], [-0.34314, 0.08039], [-0.23333, 0.08824]]}