{"rank": 19, "key_id": "4615974030409728", "category": "cat", "n_points": 44, "bbox_aspect": 1.3298429319371727, "n_extensions_spliced": 2, "main_perimeter_px": 421.5935286521437, "score": 0.8973453549788191, "coords": [[-0.34646, 0.17913], [-0.35039, 0.25394], [-0.36614, 0.31693], [-0.40157, 0.37598], [-0.40945, 0.37205], [-0.49606, 0.15157], [-0.5, -0.00197], [-0.47244, -0.13189], [-0.42913, -0.2185], [-0.37008, -0.28543], [-0.28346, -0.33661], [-0.18504, -0.36811], [-0.04724, -0.37598], [-0.01181, -0.32874], [0.14173, -0.25], [0.19291, -0.15945], [0.18898, -0.12402], [0.17323, -0.1122], [0.22441, -0.03346], [0.23622, -0.0689], [0.27559, -0.03346], [0.5, 0.34843], [0.36614, 0.31299], [0.22441, 0.24213], [0.1378, 0.17913], [0.06693, 0.10039], [0.06693, 0.09646], [0.00394, 0.13583], [-0.07087, 0.15945], [-0.23228, 0.18701], [-0.31102, 0.17913], [-0.31102, 0.17913], [-0.23228, 0.18701], [-0.07087, 0.15945], [0.00394, 0.13583], [0.06693, 0.09646], [0.06693, 0.10039], [0.1378, 0.17913], [0.22441, 0.24213], [0.36614, 0.31299], [0.5, 0.34843], [0.27559, -0.03346], [0.23622, -0.0689], [0.22441, -0.03346], [-0.34646, 0.17913]]}