{"rank": 20, "key_id": "6726340688478208", "category": "cat", "n_points": 44, "bbox_aspect": 1.4739884393063585, "n_extensions_spliced": 2, "main_perimeter_px": 571.9545490535015, "score": 0.8972835335057293, "coords": [[-0.07255, 0.22157], [-0.17843, 0.21765], [-0.31961, 0.16275], [-0.37843, 0.12353], [-0.42549, 0.05294], [-0.43725, 0.10784], [-0.5, 0.27255], [-0.48431, 0.32353], [-0.45294, 0.33922], [-0.41765, 0.32353], [-0.26863, 0.23333], [-0.26863, 0.23333], [-0.41765, 0.32353], [-0.45294, 0.33922], [-0.48431, 0.32353], [-0.5, 0.27255], [-0.43725, 0.10784], [-0.42157, -0.08431], [-0.34706, -0.21765], [-0.24902, -0.28431], [-0.12353, -0.33529], [0.03333, -0.33922], [0.09216, -0.32353], [0.26078, -0.26471], [0.35882, -0.19412], [0.37843, -0.1549], [0.36667, 0.00588], [0.37451, -0.02941], [0.40588, 0.02157], [0.49216, 0.28824], [0.5, 0.33922], [0.37059, 0.33922], [0.2098, 0.2451], [0.2098, 0.2451], [0.37059, 0.33922], [0.5, 0.33922], [0.49216, 0.28824], [0.40588, 0.02157], [0.37451, -0.02941], [0.32353, 0.08039], [0.17059, 0.18627], [0.01373, 0.22941], [-0.05686, 0.22941], [-0.11176, 0.2098], [-0.07255, 0.22157]]}