{"rank": 21, "key_id": "6266278002032640", "category": "cat", "n_points": 45, "bbox_aspect": 1.3421052631578947, "n_extensions_spliced": 2, "main_perimeter_px": 539.0923045130146, "score": 0.8954370654637089, "coords": [[0.06863, -0.37255], [-0.24118, -0.37255], [-0.36275, -0.34902], [-0.45686, -0.28235], [-0.49216, -0.21569], [-0.5, -0.15294], [-0.48431, -0.10588], [-0.44118, -0.05882], [-0.26471, 0.04314], [-0.19412, 0.04314], [-0.43725, 0.2549], [-0.40588, 0.10588], [-0.37451, 0.06275], [-0.37451, 0.06275], [-0.40588, 0.10588], [-0.43725, 0.2549], [-0.19412, 0.04314], [-0.11176, 0.08627], [0.09608, 0.09804], [0.1902, 0.05098], [0.25294, -0.01961], [0.26078, -0.01176], [0.29608, 0.01569], [0.40196, 0.17647], [0.46863, 0.28627], [0.5, 0.37255], [0.42157, 0.32941], [0.28039, 0.21176], [0.20196, 0.14118], [0.17843, 0.08627], [0.17843, 0.08627], [0.20196, 0.14118], [0.28039, 0.21176], [0.42157, 0.32941], [0.5, 0.37255], [0.46863, 0.28627], [0.40196, 0.17647], [0.29608, 0.01569], [0.26078, -0.01176], [0.28824, -0.08627], [0.29608, -0.16471], [0.25294, -0.24314], [0.18235, -0.31765], [0.07647, -0.36863], [-0.00196, -0.36471], [0.06863, -0.37255]]}