{"rank": 22, "key_id": "5472730667286528", "category": "cat", "n_points": 27, "bbox_aspect": 1.3421052631578947, "n_extensions_spliced": 2, "main_perimeter_px": 594.3584177854889, "score": 0.8954370654637089, "coords": [[0.10392, 0.07843], [-0.02157, 0.10588], [-0.14706, 0.11373], [-0.17059, 0.1098], [-0.24902, 0.11373], [-0.32353, 0.09804], [-0.37451, 0.06667], [-0.41765, 0.01569], [-0.43725, -0.03922], [-0.44118, -0.11765], [-0.42157, -0.19608], [-0.36667, -0.27843], [-0.31569, -0.31765], [-0.21765, -0.35686], [-0.08431, -0.37255], [0.05294, -0.36863], [0.17059, -0.34902], [0.28039, -0.30196], [0.35882, -0.24706], [0.42549, -0.16078], [0.44118, -0.05882], [0.41765, 0.02353], [0.5, 0.02353], [0.3549, 0.10588], [0.29216, 0.1451], [0.19804, 0.17255], [0.09216, 0.17255], [0.10392, 0.07843]]}