{"rank": 23, "key_id": "6615395442098176", "category": "cat", "n_points": 45, "bbox_aspect": 1.3956043956043955, "n_extensions_spliced": 2, "main_perimeter_px": 388.5681126988743, "score": 0.8942190220715556, "coords": [[-0.04724, 0.07874], [-0.25591, 0.07874], [-0.30315, 0.06299], [-0.30709, 0.03543], [-0.29921, -0.12598], [-0.27165, -0.18504], [-0.20866, -0.26772], [-0.22441, -0.21654], [-0.33465, -0.07874], [-0.37008, -0.01575], [-0.4685, 0.2126], [-0.5, 0.35827], [-0.33465, 0.25197], [-0.16142, 0.06299], [-0.16142, 0.06299], [-0.33465, 0.25197], [-0.5, 0.35827], [-0.4685, 0.2126], [-0.37008, -0.01575], [-0.33465, -0.07874], [-0.22441, -0.21654], [-0.16142, -0.31496], [-0.10236, -0.34646], [-0.05118, -0.35827], [0.01575, -0.33465], [0.0748, -0.29134], [0.10236, -0.24409], [0.11024, 0.09843], [0.0748, 0.14567], [0.05512, 0.12598], [0.35433, 0.27165], [0.5, 0.3189], [0.34252, 0.20472], [0.26378, 0.12205], [0.18504, -0.05906], [0.16929, -0.06299], [0.16929, -0.06299], [0.18504, -0.05906], [0.26378, 0.12205], [0.34252, 0.20472], [0.5, 0.3189], [0.35433, 0.27165], [0.05512, 0.12598], [0.00787, 0.19291], [-0.03543, 0.20079], [-0.04724, 0.07874]]}