{"rank": 24, "key_id": "5694164266123264", "category": "cat", "n_points": 25, "bbox_aspect": 1.4325842696629214, "n_extensions_spliced": 2, "main_perimeter_px": 542.9184379016443, "score": 0.8922279025617437, "coords": [[-0.34706, 0.07059], [-0.37059, 0.04314], [-0.35098, 0.02353], [-0.40588, -0.07843], [-0.40588, -0.17647], [-0.37451, -0.24706], [-0.33137, -0.29804], [-0.25686, -0.33725], [-0.17843, -0.34902], [-0.04902, -0.34902], [0.04118, -0.32157], [0.16667, -0.23922], [0.21765, -0.18824], [0.24118, -0.14902], [0.24118, -0.04314], [0.13137, 0.15686], [0.05294, 0.22353], [-0.01765, 0.24706], [-0.00588, 0.21176], [-0.18627, 0.24314], [-0.32353, 0.16471], [-0.36667, 0.12157], [-0.38627, 0.07843], [-0.3902, -0.01176], [-0.38235, -0.04314], [-0.34706, 0.07059]]}