{"rank": 25, "key_id": "6451911454621696", "category": "cat", "n_points": 43, "bbox_aspect": 1.3010204081632653, "n_extensions_spliced": 2, "main_perimeter_px": 698.4177948874276, "score": 0.8903403211813539, "coords": [[0.07255, -0.37647], [0.01765, -0.36863], [-0.18627, -0.30196], [-0.31961, -0.24706], [-0.4451, -0.16471], [-0.48039, -0.12157], [-0.5, -0.07451], [-0.5, 0.01176], [-0.43725, 0.13333], [-0.36275, 0.20784], [-0.26078, 0.26667], [-0.26863, 0.27451], [-0.27255, 0.25098], [-0.36275, 0.38431], [-0.36667, 0.18824], [-0.36667, 0.18824], [-0.36275, 0.38431], [-0.27255, 0.25098], [-0.26863, 0.27451], [-0.10784, 0.31765], [-0.0451, 0.32549], [0.11569, 0.32941], [0.25686, 0.2902], [0.36275, 0.23922], [0.34706, 0.22745], [0.42549, 0.33725], [0.45294, 0.3451], [0.4451, 0.27059], [0.4098, 0.16863], [0.4098, 0.16863], [0.4451, 0.27059], [0.45294, 0.3451], [0.42549, 0.33725], [0.34706, 0.22745], [0.43333, 0.17647], [0.48431, 0.07451], [0.5, -0.09804], [0.48039, -0.16471], [0.42549, -0.26275], [0.34314, -0.3451], [0.25294, -0.38039], [0.14314, -0.38431], [0.06078, -0.36078], [0.07255, -0.37647]]}