{"rank": 26, "key_id": "5842872475582464", "category": "cat", "n_points": 35, "bbox_aspect": 1.2052631578947368, "n_extensions_spliced": 2, "main_perimeter_px": 515.3358879943964, "score": 0.8868246530074451, "coords": [[0.16376, 0.08734], [-0.30349, 0.08734], [-0.31659, 0.00437], [-0.27729, -0.0131], [-0.5, 0.38865], [-0.30786, 0.24454], [-0.20742, 0.1048], [-0.20742, 0.1048], [-0.30786, 0.24454], [-0.5, 0.38865], [-0.27729, -0.0131], [-0.29913, -0.16157], [-0.25546, -0.26201], [-0.14629, -0.35808], [0.01092, -0.40611], [0.29039, -0.41485], [0.43013, -0.37118], [0.48253, -0.33624], [0.5, -0.30568], [0.5, -0.24891], [0.39083, 0.00437], [0.32969, 0.0917], [0.30349, 0.10917], [0.25983, 0.06114], [0.3821, 0.27074], [0.43886, 0.41485], [0.4607, 0.14847], [0.45197, 0.03493], [0.45197, 0.03493], [0.4607, 0.14847], [0.43886, 0.41485], [0.3821, 0.27074], [0.25983, 0.06114], [0.22489, 0.12664], [0.19432, 0.1048], [0.16376, 0.08734]]}