{"rank": 27, "key_id": "5232841258434560", "category": "cat", "n_points": 34, "bbox_aspect": 1.2142857142857142, "n_extensions_spliced": 2, "main_perimeter_px": 639.8228137265091, "score": 0.8837119778071544, "coords": [[-0.30392, 0.18039], [-0.36275, 0.20392], [-0.46863, 0.27843], [-0.5, 0.32941], [-0.46863, 0.3451], [-0.41765, 0.34118], [-0.28431, 0.28627], [-0.26471, 0.26667], [-0.10784, 0.31373], [0.04118, 0.31765], [0.11176, 0.28627], [0.18627, 0.23137], [0.21765, 0.28627], [0.45294, 0.40392], [0.5, 0.41176], [0.5, 0.38431], [0.31961, 0.2], [0.31176, 0.17255], [0.26863, 0.14118], [0.31569, -0.06275], [0.32745, -0.17647], [0.32353, -0.26667], [0.29216, -0.30196], [0.19804, -0.36863], [0.10392, -0.4], [-0.13529, -0.40392], [-0.2098, -0.38039], [-0.32353, -0.30196], [-0.25686, -0.2902], [-0.37059, -0.23529], [-0.32353, -0.30196], [-0.2098, -0.38039], [-0.13529, -0.40392], [0.01765, -0.40392], [-0.30392, 0.18039]]}