{"rank": 28, "key_id": "4659243913314304", "category": "cat", "n_points": 26, "bbox_aspect": 1.3350785340314135, "n_extensions_spliced": 2, "main_perimeter_px": 592.2476233759867, "score": 0.883429183010075, "coords": [[-0.08824, -0.30392], [-0.26078, -0.27255], [-0.31176, -0.2451], [-0.36667, -0.15098], [-0.37843, -0.07647], [-0.37843, 0.05294], [-0.36667, 0.12353], [-0.40196, 0.11176], [-0.31569, 0.26471], [-0.2451, 0.31961], [-0.09608, 0.36275], [-0.00588, 0.36275], [0.13529, 0.32745], [0.25686, 0.26078], [0.31176, 0.20588], [0.34706, 0.14706], [0.36667, 0.08431], [0.36667, 0.00196], [0.33922, -0.10392], [0.31569, -0.16667], [0.27255, -0.22157], [0.28824, -0.37451], [0.16275, -0.27647], [0.07255, -0.3], [-0.00588, -0.31569], [-0.10392, -0.30784], [-0.08824, -0.30392]]}