{"rank": 29, "key_id": "4633830709264384", "category": "cat", "n_points": 36, "bbox_aspect": 1.1809045226130652, "n_extensions_spliced": 2, "main_perimeter_px": 721.5168471672313, "score": 0.8808659169589175, "coords": [[-0.4234, 0.23617], [-0.39362, 0.34681], [-0.35957, 0.4234], [-0.29149, 0.41489], [-0.15106, 0.30851], [-0.12553, 0.30426], [0.1, 0.32128], [0.20213, 0.3], [0.25319, 0.27447], [0.33404, 0.34681], [0.38936, 0.38085], [0.45745, 0.39787], [0.49149, 0.37234], [0.5, 0.34681], [0.49574, 0.07021], [0.46596, -0.08298], [0.3383, -0.27447], [0.22766, -0.37234], [0.1766, -0.30851], [0.35106, -0.4234], [0.35106, -0.4234], [0.1766, -0.30851], [0.16809, -0.40213], [-0.01064, -0.41064], [-0.18085, -0.38511], [-0.29149, -0.34681], [-0.35532, -0.29149], [-0.28723, -0.20213], [-0.45319, -0.24468], [-0.5, -0.28298], [-0.5, -0.28298], [-0.45319, -0.24468], [-0.28723, -0.20213], [-0.45319, -0.15957], [-0.4617, -0.04043], [-0.40638, 0.1383], [-0.4234, 0.23617]]}