{"rank": 30, "key_id": "5661351336738816", "category": "cat", "n_points": 31, "bbox_aspect": 1.5649350649350648, "n_extensions_spliced": 2, "main_perimeter_px": 555.1964367991561, "score": 0.8803728672142643, "coords": [[-0.36307, -0.28631], [-0.42116, -0.15768], [-0.32158, -0.16598], [-0.5, -0.24896], [-0.5, -0.24896], [-0.32158, -0.16598], [-0.47095, 0.01245], [-0.4751, 0.16598], [-0.45851, 0.18257], [-0.35892, 0.09544], [-0.30083, 0.06639], [-0.08921, 0.18257], [0.03112, 0.19087], [0.09751, 0.3195], [0.11826, 0.29876], [0.18465, 0.11618], [0.08506, 0.0083], [0.09751, -0.02075], [0.24274, -0.07469], [0.5, -0.09129], [0.5, -0.09129], [0.24274, -0.07469], [0.09751, -0.02075], [0.08506, 0.0083], [0.18465, -0.10373], [0.14315, -0.19502], [0.09336, -0.24896], [0.03112, -0.27801], [-0.1556, -0.3195], [-0.28008, -0.31535], [-0.36722, -0.26141], [-0.36307, -0.28631]]}