{"rank": 31, "key_id": "5641804101713920", "category": "cat", "n_points": 39, "bbox_aspect": 1.2200956937799043, "n_extensions_spliced": 2, "main_perimeter_px": 637.3991044511966, "score": 0.8787199396006816, "coords": [[0.00588, 0.21373], [-0.05294, 0.25294], [-0.13137, 0.26078], [-0.1902, 0.23333], [-0.31569, 0.12353], [-0.37451, 0.11961], [-0.41373, 0.30784], [-0.29608, 0.1902], [-0.29608, 0.1902], [-0.41373, 0.30784], [-0.37451, 0.11961], [-0.44118, -0.04118], [-0.48431, -0.14706], [-0.5, -0.21373], [-0.49608, -0.27255], [-0.45294, -0.33529], [-0.37843, -0.38235], [-0.27255, -0.4098], [-0.15098, -0.4098], [-0.02157, -0.38235], [0.10784, -0.33529], [0.22157, -0.27647], [0.31176, -0.19804], [0.37451, -0.11569], [0.4098, -0.03333], [0.41373, 0.05686], [0.40196, 0.13137], [0.37451, 0.17451], [0.27255, 0.25294], [0.26471, 0.3], [0.5, 0.4098], [0.39412, 0.26863], [0.37843, 0.22941], [0.37843, 0.22941], [0.39412, 0.26863], [0.5, 0.4098], [0.26471, 0.3], [0.21373, 0.28431], [0.06471, 0.31176], [0.00588, 0.21373]]}