{"rank": 32, "key_id": "5939985578459136", "category": "cat", "n_points": 23, "bbox_aspect": 1.4269662921348314, "n_extensions_spliced": 2, "main_perimeter_px": 433.6342561101819, "score": 0.8783117305929998, "coords": [[0.07087, 0.22441], [0.1063, 0.29134], [0.16535, 0.34252], [0.19291, 0.29134], [0.22047, 0.2126], [0.23622, 0.22047], [0.33858, 0.20866], [0.42126, 0.30709], [0.5, 0.35039], [0.5, 0.30709], [0.44882, 0.09449], [0.43701, -0.02756], [0.40551, -0.05512], [0.35827, -0.06693], [0.20866, -0.07874], [0.23622, -0.10236], [0.13386, -0.04724], [0.07087, 0.00394], [0.01575, 0.10236], [0.00787, 0.1378], [-0.01181, 0.14173], [0.0315, 0.18898], [0.09843, 0.23228], [0.07087, 0.22441]]}