{"rank": 33, "key_id": "6524276020609024", "category": "cat", "n_points": 42, "bbox_aspect": 1.263681592039801, "n_extensions_spliced": 2, "main_perimeter_px": 705.174503780666, "score": 0.8782899856367735, "coords": [[-0.43307, -0.20669], [-0.47244, -0.15157], [-0.48819, -0.10039], [-0.5, -0.02953], [-0.47638, 0.06102], [-0.44094, 0.10827], [-0.35433, 0.17913], [-0.35827, 0.19094], [-0.38583, 0.30512], [-0.42126, 0.39567], [-0.27165, 0.32087], [-0.18898, 0.25], [-0.18898, 0.25], [-0.27165, 0.32087], [-0.42126, 0.39567], [-0.38583, 0.30512], [-0.35827, 0.19094], [-0.08268, 0.28543], [0.17717, 0.29724], [0.28346, 0.27756], [0.38583, 0.22244], [0.43307, 0.17913], [0.42126, 0.17913], [0.5, 0.29331], [0.49213, 0.34449], [0.40945, 0.31693], [0.33071, 0.26181], [0.33071, 0.26181], [0.40945, 0.31693], [0.49213, 0.34449], [0.5, 0.29331], [0.42126, 0.17913], [0.47244, 0.10827], [0.47638, -0.04528], [0.44882, -0.13583], [0.38583, -0.25], [0.23228, -0.33661], [0.07087, -0.38386], [-0.08661, -0.39567], [-0.17323, -0.36811], [-0.35827, -0.20276], [-0.46457, -0.06102], [-0.43307, -0.20669]]}