{"rank": 34, "key_id": "6341110542630912", "category": "cat", "n_points": 22, "bbox_aspect": 1.3858695652173914, "n_extensions_spliced": 2, "main_perimeter_px": 466.2839509950448, "score": 0.8762322189830927, "coords": [[-0.12353, 0.13725], [-0.17843, 0.13725], [-0.20196, 0.10588], [-0.25686, 0.10196], [-0.31569, 0.05882], [-0.35882, 0.00392], [-0.38627, -0.1098], [-0.35882, -0.21569], [-0.32353, -0.28627], [-0.24902, -0.33725], [-0.19804, -0.35294], [-0.07255, -0.36078], [0.05686, -0.34902], [0.17451, -0.2902], [0.22157, -0.24706], [0.27255, -0.17255], [0.28824, -0.12157], [0.27647, -0.0549], [0.19412, 0.03529], [0.00588, 0.10588], [0.05686, 0.07843], [-0.10392, 0.11765], [-0.12353, 0.13725]]}