{"rank": 35, "key_id": "5338711044653056", "category": "cat", "n_points": 46, "bbox_aspect": 1.3212435233160622, "n_extensions_spliced": 2, "main_perimeter_px": 634.5511551236225, "score": 0.876137450409296, "coords": [[0.18235, -0.28431], [0.13529, -0.23333], [0.01765, -0.1549], [0.01373, -0.15098], [-0.00196, -0.14706], [-0.05294, -0.09216], [-0.13529, -0.04902], [-0.22549, -0.03725], [-0.28431, -0.04902], [-0.3549, -0.09216], [-0.3902, -0.13529], [-0.5, -0.3549], [-0.42549, -0.37843], [-0.37059, -0.36667], [0.08431, -0.36667], [0.08431, -0.36667], [-0.37059, -0.36667], [-0.42549, -0.37843], [-0.5, -0.3549], [-0.3902, -0.13529], [-0.3549, -0.09216], [-0.28431, -0.04902], [-0.22549, -0.03725], [-0.13529, -0.04902], [-0.05294, -0.09216], [-0.00196, -0.14706], [0.01373, -0.15098], [-0.05294, -0.07255], [-0.11569, 0.02549], [-0.13137, 0.13137], [-0.09216, 0.37843], [-0.06078, 0.33922], [0.06471, 0.07255], [0.07647, 0.08431], [0.22941, 0.06471], [0.28824, 0.24902], [0.33922, 0.33137], [0.36275, 0.3], [0.43725, 0.11176], [0.5, -0.07255], [0.49608, -0.11961], [0.47255, -0.16275], [0.42549, -0.22157], [0.36667, -0.26471], [0.21373, -0.30784], [0.16667, -0.29216], [0.18235, -0.28431]]}