{"rank": 36, "key_id": "4785333889662976", "category": "cat", "n_points": 31, "bbox_aspect": 1.2378640776699028, "n_extensions_spliced": 2, "main_perimeter_px": 462.0951439257582, "score": 0.8721739311566759, "coords": [[-0.46471, -0.03529], [-0.45686, 0.06275], [-0.43333, 0.12549], [-0.40196, 0.16863], [-0.3549, 0.03137], [-0.21373, 0.03137], [-0.13922, 0.16471], [-0.09216, 0.2], [-0.02941, 0.04314], [-0.0098, -0.04314], [-0.01373, -0.17647], [-0.00196, -0.15686], [0.06078, -0.13725], [0.23725, -0.13725], [0.31176, -0.17255], [0.37843, -0.22353], [0.35882, -0.19216], [0.41765, -0.27843], [0.37843, -0.22353], [0.31176, -0.17255], [0.23725, -0.13725], [0.06078, -0.13725], [-0.00196, -0.15686], [-0.0451, -0.23922], [-0.09608, -0.27451], [-0.15882, -0.2902], [-0.38627, -0.28627], [-0.4451, -0.23529], [-0.48431, -0.16471], [-0.5, -0.0902], [-0.47647, -0.05098], [-0.46471, -0.03529]]}