{"rank": 37, "key_id": "6568842492903424", "category": "cat", "n_points": 44, "bbox_aspect": 1.2828282828282829, "n_extensions_spliced": 2, "main_perimeter_px": 677.1110054779513, "score": 0.8721498331252853, "coords": [[-0.27559, 0.14961], [-0.25197, 0.16142], [-0.5, 0.38976], [-0.48425, 0.26772], [-0.44488, 0.09055], [-0.42126, 0.0315], [-0.38583, 0.00787], [-0.38583, 0.00787], [-0.42126, 0.0315], [-0.44488, 0.09055], [-0.48425, 0.26772], [-0.5, 0.38976], [-0.25197, 0.16142], [-0.16929, 0.03937], [-0.27953, 0.05906], [-0.42913, 0.03937], [-0.45276, -0.16142], [-0.44882, -0.2126], [-0.4252, -0.24803], [-0.38583, -0.2874], [-0.29134, -0.33465], [0.09055, -0.38976], [0.23622, -0.37795], [0.41339, -0.29134], [0.47638, -0.22835], [0.5, -0.15748], [0.49606, -0.08268], [0.43307, 0.01969], [0.36614, 0.0748], [0.34252, 0.05512], [0.32283, 0.33465], [0.05512, 0.08268], [0.03937, 0.06299], [0.03937, 0.0315], [0.03937, 0.0315], [0.03937, 0.06299], [0.05512, 0.08268], [0.32283, 0.33465], [0.34252, 0.05512], [0.2874, 0.10236], [0.22047, 0.11024], [0.1378, 0.09843], [-0.14961, 0.00787], [-0.21654, -0.03937], [-0.27559, 0.14961]]}