{"rank": 38, "key_id": "4826895445131264", "category": "cat", "n_points": 34, "bbox_aspect": 1.6451612903225807, "n_extensions_spliced": 2, "main_perimeter_px": 540.6902881235571, "score": 0.8703769992007566, "coords": [[-0.41765, -0.00196], [-0.48431, -0.07647], [-0.47255, -0.19804], [-0.33529, -0.09216], [-0.31569, -0.0098], [-0.31569, -0.30392], [-0.21373, -0.06078], [-0.11176, -0.11176], [0.0451, -0.24902], [0.08431, -0.23725], [0.01765, -0.05294], [0.17059, -0.19804], [0.19412, -0.1549], [0.11961, -0.00196], [0.06078, 0.04118], [-0.05686, 0.00588], [-0.26471, -0.00196], [-0.3902, 0.02157], [-0.44902, 0.06863], [-0.4098, 0.15098], [-0.16275, 0.22941], [0.09216, 0.22941], [0.17451, 0.17843], [0.28824, 0.26078], [0.20588, 0.13922], [0.09216, 0.22941], [-0.16275, 0.22941], [-0.4098, 0.15098], [-0.44902, 0.06863], [-0.3902, 0.02157], [-0.26471, -0.00196], [-0.05686, 0.00588], [0.08039, 0.04118], [0.12745, 0.12745], [-0.41765, -0.00196]]}