{"rank": 39, "key_id": "6058045622714368", "category": "cat", "n_points": 26, "bbox_aspect": 1.3076923076923077, "n_extensions_spliced": 2, "main_perimeter_px": 673.374171867984, "score": 0.8689208916480932, "coords": [[0.43333, -0.0451], [0.30784, 0.05294], [0.18235, 0.11961], [0.19804, 0.20196], [0.06863, 0.1549], [-0.02549, 0.15882], [-0.1, 0.14314], [-0.23333, 0.07255], [-0.20588, 0.08431], [-0.36667, -0.0451], [-0.43725, -0.13137], [-0.48824, -0.22157], [-0.5, -0.26471], [-0.48824, -0.30392], [-0.37059, -0.35882], [-0.26863, -0.37843], [-0.16275, -0.38235], [0.04118, -0.34706], [0.22157, -0.28431], [0.41765, -0.1549], [0.47255, -0.08824], [0.5, -0.02157], [0.48824, 0.03333], [0.44902, 0.07255], [0.35882, 0.10392], [0.27647, 0.10784], [0.43333, -0.0451]]}