{"rank": 40, "key_id": "5636871621181440", "category": "cat", "n_points": 27, "bbox_aspect": 1.5178571428571428, "n_extensions_spliced": 2, "main_perimeter_px": 565.2243352987902, "score": 0.868420869606232, "coords": [[-0.35098, 0.10196], [-0.29216, 0.1098], [-0.20588, 0.14118], [-0.05294, 0.13725], [-0.05294, 0.18824], [-0.01765, 0.26275], [0.03333, 0.30196], [0.09608, 0.32941], [0.07255, 0.09412], [0.13529, 0.04314], [0.17059, -0.03137], [-0.0098, -0.08627], [0.1902, -0.1098], [0.18627, -0.18824], [0.15882, -0.22353], [0.08039, -0.28627], [-0.01373, -0.31765], [-0.09216, -0.32941], [-0.1902, -0.32941], [-0.29608, -0.30196], [-0.42941, -0.2], [-0.48431, -0.10588], [-0.5, 0.00784], [-0.49216, 0.10588], [-0.48039, 0.12157], [-0.45686, 0.12157], [-0.4451, 0.10196], [-0.35098, 0.10196]]}