{"rank": 41, "key_id": "6065414410862592", "category": "cat", "n_points": 32, "bbox_aspect": 1.6139240506329113, "n_extensions_spliced": 2, "main_perimeter_px": 666.5840003690372, "score": 0.8671292738094941, "coords": [[0.12353, 0.14902], [0.05686, 0.18431], [-0.08431, 0.18431], [-0.14706, 0.17647], [-0.25294, 0.13725], [-0.26471, 0.10196], [-0.33529, 0.05098], [-0.37843, -0.0549], [-0.38627, -0.15294], [-0.33137, -0.22353], [-0.2451, -0.27451], [-0.11176, -0.30588], [0.1549, -0.3098], [0.17451, -0.29804], [0.3, -0.1451], [0.31176, -0.11373], [0.5, -0.16863], [0.31176, -0.01569], [0.29216, 0.03922], [0.23725, 0.10196], [0.1902, 0.13725], [0.14314, 0.14902], [0.13529, 0.16863], [0.26078, 0.23529], [0.31569, 0.27843], [0.37843, 0.30588], [0.41373, 0.3098], [0.42549, 0.29804], [0.42157, 0.25098], [0.37843, 0.07451], [0.35882, 0.01569], [0.32745, -0.02353], [0.12353, 0.14902]]}