{"rank": 42, "key_id": "6195866257850368", "category": "cat", "n_points": 41, "bbox_aspect": 1.2216216216216216, "n_extensions_spliced": 2, "main_perimeter_px": 636.632857377623, "score": 0.8629281896342571, "coords": [[-0.16814, 0.13938], [-0.14159, 0.3031], [-0.11504, 0.35177], [0.00442, 0.17035], [0.06195, 0.20133], [0.15487, 0.20575], [0.26991, 0.19248], [0.32743, 0.16593], [0.38053, 0.33407], [0.44248, 0.40929], [0.45575, 0.3208], [0.45575, 0.18363], [0.46903, 0.13053], [0.49558, 0.09071], [0.5, -0.02876], [0.42035, -0.26327], [0.35398, -0.36062], [0.30088, -0.39602], [0.23009, -0.40929], [0.09292, -0.39602], [-0.04867, -0.34735], [0.05752, -0.1615], [0.0177, -0.13496], [-0.15044, -0.07301], [-0.47788, 0.00664], [-0.5, -0.03761], [-0.30531, -0.05973], [-0.15929, -0.10398], [-0.02655, -0.1615], [-0.02655, -0.1615], [-0.15929, -0.10398], [-0.30531, -0.05973], [-0.5, -0.03761], [-0.47788, 0.00664], [-0.15044, -0.07301], [0.0177, -0.13496], [0.05752, -0.1615], [-0.10619, -0.31195], [-0.16372, -0.2146], [-0.18142, -0.13496], [-0.15044, 0.13053], [-0.16814, 0.13938]]}