{"rank": 43, "key_id": "5735749934645248", "category": "cat", "n_points": 43, "bbox_aspect": 1.25, "n_extensions_spliced": 2, "main_perimeter_px": 738.6312643067861, "score": 0.8623365869517645, "coords": [[0.3, 0.21569], [-0.3, 0.21176], [-0.34706, 0.19608], [-0.37451, 0.19216], [-0.3902, 0.21961], [-0.39804, 0.4], [-0.28039, 0.30196], [-0.20588, 0.2], [-0.20588, 0.2], [-0.28039, 0.30196], [-0.39804, 0.4], [-0.3902, 0.21961], [-0.37451, 0.19216], [-0.41765, 0.16078], [-0.46471, 0.10588], [-0.49608, 0.03529], [-0.5, -0.09804], [-0.39412, -0.20392], [-0.3, -0.2549], [-0.18627, -0.30196], [0.11569, -0.39216], [0.21765, -0.4], [0.38235, -0.39608], [0.46471, -0.31765], [0.49608, -0.25098], [0.5, -0.08235], [0.46078, -0.00392], [0.39804, 0.0549], [0.42941, 0.09804], [0.40196, 0.20784], [0.40196, 0.32549], [0.38235, 0.35686], [0.26078, 0.21176], [0.22941, 0.2], [0.22941, 0.2], [0.26078, 0.21176], [0.38235, 0.35686], [0.40196, 0.32549], [0.40196, 0.20784], [0.42941, 0.09804], [0.29216, 0.09804], [0.23725, 0.10588], [0.01373, 0.10588], [0.3, 0.21569]]}