{"rank": 44, "key_id": "6690536956100608", "category": "cat", "n_points": 22, "bbox_aspect": 1.358288770053476, "n_extensions_spliced": 2, "main_perimeter_px": 575.2641066727368, "score": 0.8621607228132493, "coords": [[0.14961, 0.21457], [-0.1811, 0.23819], [-0.26772, 0.19094], [-0.35039, 0.10433], [-0.35039, 0.06102], [-0.38976, 0.02559], [-0.38976, -0.13189], [-0.34252, -0.27756], [-0.30315, -0.3248], [-0.25197, -0.3563], [-0.20866, -0.36811], [-0.06299, -0.36811], [0.01969, -0.34843], [0.24016, -0.27362], [0.33858, -0.21063], [0.35827, -0.15945], [0.36614, -0.09252], [0.35039, 0.06102], [0.29134, 0.13583], [0.18504, 0.20669], [0.16142, 0.18307], [0.11811, 0.22638], [0.14961, 0.21457]]}