{"rank": 45, "key_id": "5188748826378240", "category": "cat", "n_points": 29, "bbox_aspect": 1.2439024390243902, "n_extensions_spliced": 2, "main_perimeter_px": 743.7187945147197, "score": 0.8589135972458302, "coords": [[-0.32353, 0.1], [-0.38627, 0.22549], [-0.44118, 0.39804], [-0.40588, 0.40196], [-0.37451, 0.38627], [-0.1902, 0.26863], [-0.09216, 0.31569], [0.03333, 0.31569], [0.13529, 0.26863], [0.23333, 0.19804], [0.31569, 0.24902], [0.45294, 0.35882], [0.49608, 0.37451], [0.5, 0.31569], [0.47647, 0.21765], [0.41765, 0.13137], [0.36275, 0.08431], [0.36667, -0.04902], [0.33529, -0.15882], [0.25294, -0.2451], [0.14314, -0.30392], [-0.01765, -0.31961], [-0.09216, -0.3], [-0.1549, -0.26078], [-0.26471, -0.11176], [-0.22941, -0.11176], [-0.05294, -0.04118], [-0.29216, -0.04118], [-0.30784, 0.07647], [-0.32353, 0.1]]}