{"rank": 46, "key_id": "4865766761431040", "category": "cat", "n_points": 25, "bbox_aspect": 1.3025641025641026, "n_extensions_spliced": 2, "main_perimeter_px": 521.8464175586997, "score": 0.8578370636168372, "coords": [[0.05118, 0.19882], [-0.02756, 0.21063], [-0.09843, 0.19882], [-0.20079, 0.15551], [-0.19685, 0.15157], [-0.2874, 0.08071], [-0.34252, -0.01378], [-0.38583, -0.12402], [-0.38976, -0.23425], [-0.35827, -0.30512], [-0.32283, -0.34055], [-0.25197, -0.37598], [-0.16535, -0.38386], [-0.07087, -0.37598], [0.06693, -0.33661], [0.15748, -0.29331], [0.25197, -0.22638], [0.29528, -0.1752], [0.3189, -0.12008], [0.32677, -0.06102], [0.31102, 0.01378], [0.2874, 0.04528], [0.33465, 0.08071], [0.20079, 0.11614], [0.0315, 0.16732], [0.05118, 0.19882]]}