{"rank": 47, "key_id": "5938505492463616", "category": "cat", "n_points": 32, "bbox_aspect": 1.191588785046729, "n_extensions_spliced": 2, "main_perimeter_px": 859.2064533966185, "score": 0.85383737212742, "coords": [[-0.11569, -0.12941], [-0.1, -0.13333], [-0.07647, -0.41569], [-0.0098, -0.41961], [-0.00196, -0.40784], [-0.05686, -0.13333], [0.0451, -0.39216], [0.06863, -0.39216], [0.06863, -0.27451], [0.03725, -0.11373], [0.1549, -0.15294], [0.36275, -0.1451], [0.38235, -0.35294], [0.3902, -0.36471], [0.40196, -0.35686], [0.41765, -0.30196], [0.42157, -0.2549], [0.39804, -0.16863], [0.46078, -0.36471], [0.47255, -0.23137], [0.4451, -0.16863], [0.46078, -0.08235], [0.45294, 0.00392], [0.5, 0.08627], [0.45686, 0.1451], [0.44902, 0.16471], [0.39804, 0.16078], [0.36667, 0.1098], [0.33529, 0.0902], [0.16275, 0.05098], [-0.07647, 0.03922], [-0.11961, 0.01569], [-0.11569, -0.12941]]}