{"rank": 48, "key_id": "4873619559677952", "category": "cat", "n_points": 31, "bbox_aspect": 1.2037914691943128, "n_extensions_spliced": 2, "main_perimeter_px": 696.4564334736665, "score": 0.8526360611782134, "coords": [[-0.20079, 0.18307], [-0.11024, 0.41535], [-0.03543, 0.17913], [0.04724, 0.19882], [0.25984, 0.1437], [0.35433, 0.2185], [0.38976, 0.29331], [0.3937, 0.32874], [0.41339, -0.10433], [0.34646, -0.31693], [0.30709, -0.36417], [0.24016, -0.39961], [0.17323, -0.41142], [0.03937, -0.41535], [-0.04724, -0.38386], [-0.10236, -0.30512], [-0.00394, -0.14764], [0.14567, -0.17913], [0.3189, -0.23819], [0.5, -0.32874], [0.5, -0.32874], [0.3189, -0.23819], [0.14567, -0.17913], [-0.5, 0.01772], [-0.5, 0.01772], [-0.00394, -0.14764], [-0.15748, -0.25787], [-0.19291, -0.1437], [-0.19685, -0.02559], [-0.21654, 0.05315], [-0.22047, 0.17913], [-0.20079, 0.18307]]}