{"rank": 49, "key_id": "5571439300182016", "category": "cat", "n_points": 27, "bbox_aspect": 1.2561576354679802, "n_extensions_spliced": 2, "main_perimeter_px": 677.1132316983201, "score": 0.8491097306467982, "coords": [[0.21765, 0.16275], [0.15882, 0.17843], [0.1549, 0.1902], [0.03333, 0.17843], [-0.15882, 0.1549], [-0.23333, 0.13137], [-0.26863, 0.15098], [-0.36275, 0.05686], [-0.46471, -0.02157], [-0.5, -0.10784], [-0.48824, -0.18627], [-0.45686, -0.23333], [-0.41765, -0.28039], [-0.28824, -0.35882], [-0.2098, -0.38235], [-0.1, -0.39804], [0.15098, -0.39804], [0.24902, -0.38235], [0.40196, -0.32745], [0.43725, -0.29216], [0.48824, -0.21373], [0.5, -0.12353], [0.49608, -0.07255], [0.45294, 0.01765], [0.38627, 0.09608], [0.27255, 0.15098], [0.11569, 0.16275], [0.21765, 0.16275]]}