{"rank": 50, "key_id": "5833896144928768", "category": "cat", "n_points": 27, "bbox_aspect": 1.2561576354679802, "n_extensions_spliced": 2, "main_perimeter_px": 808.9058174768741, "score": 0.8491097306467982, "coords": [[-0.03333, -0.3549], [-0.19804, -0.3549], [-0.26078, -0.27647], [-0.30392, -0.17059], [-0.48431, -0.26471], [-0.31961, 0.06078], [-0.31176, 0.28431], [-0.28039, 0.39804], [-0.25294, 0.37843], [-0.13137, 0.20588], [-0.06471, 0.17451], [0.1, 0.1902], [0.26863, 0.1902], [0.31176, 0.26863], [0.33922, 0.37059], [0.37451, 0.3549], [0.44118, 0.20196], [0.44118, 0.14706], [0.48039, 0.03333], [0.5, -0.11569], [0.5, -0.27255], [0.44902, -0.35882], [0.33922, -0.39804], [0.22549, -0.39804], [0.07647, -0.3549], [-0.08431, -0.3549], [-0.11961, -0.36667], [-0.03333, -0.3549]]}