{"rank": 51, "key_id": "6686927505850368", "category": "cat", "n_points": 35, "bbox_aspect": 1.1390134529147982, "n_extensions_spliced": 2, "main_perimeter_px": 889.6435659458035, "score": 0.8472498479227102, "coords": [[0.30315, 0.10827], [0.03543, 0.05709], [-0.27165, 0.04921], [-0.34252, 0.08465], [-0.3622, 0.13189], [-0.37402, 0.40748], [-0.43701, 0.39961], [-0.49213, 0.31693], [-0.5, 0.20669], [-0.47638, 0.15157], [-0.42126, 0.08858], [-0.37402, -0.00591], [-0.34646, -0.13976], [-0.34252, -0.28937], [-0.33071, -0.32874], [-0.2874, -0.3563], [-0.22441, -0.34843], [-0.19685, -0.3248], [-0.17323, -0.26969], [-0.17323, -0.21457], [-0.15354, -0.20276], [-0.01181, -0.1752], [0.17717, -0.16732], [0.18504, -0.19094], [0.16535, -0.37205], [0.2126, -0.43898], [0.2874, -0.43504], [0.3189, -0.40748], [0.34252, -0.35236], [0.38189, -0.16732], [0.42913, -0.1437], [0.30315, -0.0374], [0.28346, 0.02953], [0.32283, 0.12008], [0.44094, 0.13189], [0.30315, 0.10827]]}