{"rank": 52, "key_id": "5071148440092672", "category": "cat", "n_points": 37, "bbox_aspect": 1.1339285714285714, "n_extensions_spliced": 2, "main_perimeter_px": 659.2616789548698, "score": 0.8441178516462654, "coords": [[0.26378, 0.14173], [0.12992, 0.21654], [0.07087, 0.18504], [0.48425, 0.44094], [0.5, 0.11024], [0.5, 0.11024], [0.48425, 0.44094], [0.07087, 0.18504], [-0.0315, 0.21654], [-0.16929, 0.17323], [-0.1811, 0.16929], [-0.32283, 0.26378], [-0.43701, 0.37008], [-0.3622, 0.05512], [-0.3622, 0.05512], [-0.43701, 0.37008], [-0.32283, 0.26378], [-0.1811, 0.16929], [-0.29921, 0.11417], [-0.3937, 0.04724], [-0.45276, -0.01181], [-0.5, -0.09055], [-0.49213, -0.17323], [-0.45669, -0.24409], [-0.37795, -0.3189], [-0.25984, -0.38583], [-0.12992, -0.4252], [0.00787, -0.44094], [0.14567, -0.40945], [0.24409, -0.34646], [0.34646, -0.24803], [0.40945, -0.12598], [0.44094, -0.01969], [0.43307, 0.05906], [0.39764, 0.12992], [0.33071, 0.1811], [0.2126, 0.23622], [0.26378, 0.14173]]}