{"rank": 53, "key_id": "4788749122666496", "category": "cat", "n_points": 44, "bbox_aspect": 1.2318840579710144, "n_extensions_spliced": 2, "main_perimeter_px": 641.4656162408764, "score": 0.8437840940236242, "coords": [[0.08824, 0.3], [-0.08824, 0.28039], [-0.33922, 0.17451], [-0.3902, 0.15882], [-0.40588, 0.15098], [-0.40588, 0.17059], [-0.37843, 0.33529], [-0.33137, 0.29216], [-0.29216, 0.22549], [-0.29216, 0.22549], [-0.33137, 0.29216], [-0.37843, 0.33529], [-0.40588, 0.17059], [-0.40588, 0.15098], [-0.3902, 0.15882], [-0.44118, 0.1], [-0.48824, 0.03333], [-0.5, -0.04902], [-0.47647, -0.14314], [-0.40196, -0.22941], [-0.28431, -0.3], [0.01765, -0.40196], [0.13529, -0.40588], [0.22157, -0.38627], [0.28824, -0.34314], [0.34706, -0.28039], [0.39804, -0.2098], [0.42941, -0.11569], [0.43333, -0.02941], [0.4098, 0.05294], [0.37843, 0.12353], [0.40196, 0.16275], [0.49216, 0.35882], [0.5, 0.40588], [0.36275, 0.33922], [0.26863, 0.26471], [0.26863, 0.26471], [0.36275, 0.33922], [0.5, 0.40588], [0.49216, 0.35882], [0.40196, 0.16275], [0.31961, 0.1902], [0.21373, 0.25294], [0.12745, 0.27255], [0.08824, 0.3]]}