{"rank": 54, "key_id": "4514384841801728", "category": "cat", "n_points": 24, "bbox_aspect": 1.2878787878787878, "n_extensions_spliced": 2, "main_perimeter_px": 513.9735264079332, "score": 0.8415669944898746, "coords": [[0.14706, 0.19608], [0.13922, 0.23922], [0.10784, 0.25882], [-0.08431, 0.26275], [-0.17451, 0.22745], [-0.25686, 0.17255], [-0.29608, 0.13725], [-0.31569, 0.14902], [-0.35098, 0.04706], [-0.38627, -0.11373], [-0.37843, -0.21569], [-0.36275, -0.25882], [-0.3, -0.32941], [-0.26078, -0.35686], [-0.15882, -0.38824], [-0.05294, -0.38824], [-0.00196, -0.37647], [0.08039, -0.33333], [0.13922, -0.27059], [0.16667, -0.18824], [0.17843, -0.07059], [0.11569, 0.13333], [0.10784, 0.20392], [0.06078, 0.21176], [0.14706, 0.19608]]}