{"rank": 55, "key_id": "6347385154306048", "category": "cat", "n_points": 22, "bbox_aspect": 1.3144329896907216, "n_extensions_spliced": 2, "main_perimeter_px": 550.5066380588356, "score": 0.8391865379650529, "coords": [[-0.22157, 0.16471], [-0.27255, 0.16863], [-0.29608, 0.15686], [-0.35882, 0.05882], [-0.38627, -0.05098], [-0.37843, -0.18824], [-0.28431, -0.3098], [-0.17843, -0.36863], [-0.08824, -0.38039], [0.09216, -0.28235], [0.27647, -0.12941], [0.31569, -0.07451], [0.32353, -0.02745], [0.30392, 0.0549], [0.28824, 0.08235], [0.19804, 0.14902], [0.06863, 0.19216], [0.10392, 0.18431], [-0.17059, 0.20392], [-0.26863, 0.18431], [-0.29608, 0.19216], [-0.34314, 0.1451], [-0.22157, 0.16471]]}