{"rank": 56, "key_id": "5670315252252672", "category": "cat", "n_points": 39, "bbox_aspect": 1.7, "n_extensions_spliced": 2, "main_perimeter_px": 449.0651104634796, "score": 0.8390907898913298, "coords": [[0.22157, 0.02745], [0.20196, 0.08627], [0.09608, 0.15294], [0.04118, 0.16863], [0.06863, 0.16471], [0.11569, 0.16863], [0.34314, 0.26667], [0.5, 0.29412], [0.48431, 0.2549], [0.23725, 0.03529], [0.18627, -0.02745], [0.18627, -0.02745], [0.23725, 0.03529], [0.48431, 0.2549], [0.5, 0.29412], [0.34314, 0.26667], [0.11569, 0.16863], [0.06863, 0.16471], [-0.1, 0.16471], [-0.23333, 0.10196], [-0.2098, 0.17647], [-0.5, 0.29412], [-0.49216, 0.10588], [-0.4451, -0.10196], [-0.4451, -0.10196], [-0.49216, 0.10588], [-0.5, 0.29412], [-0.2098, 0.17647], [-0.29216, 0.0549], [-0.3549, -0.04314], [-0.3549, -0.1451], [-0.28431, -0.23529], [-0.17059, -0.28627], [0.00588, -0.29412], [0.06078, -0.26667], [0.15098, -0.19216], [0.19412, -0.1098], [0.20588, 0.03529], [0.17843, 0.13333], [0.22157, 0.02745]]}