{"rank": 57, "key_id": "5565824955842560", "category": "cat", "n_points": 27, "bbox_aspect": 1.2318840579710144, "n_extensions_spliced": 2, "main_perimeter_px": 646.1913810628998, "score": 0.8354507606902909, "coords": [[-0.15098, -0.40588], [-0.27647, -0.38627], [-0.37843, -0.32745], [-0.42941, -0.28039], [-0.48431, -0.19804], [-0.5, -0.13137], [-0.5, -0.05294], [-0.48039, -0.0098], [-0.41765, 0.06078], [-0.3, 0.13922], [-0.31961, 0.12353], [-0.13922, 0.21765], [-0.0098, 0.25686], [0.17451, 0.26471], [0.2451, 0.23333], [0.25686, 0.22549], [0.30392, 0.18627], [0.38627, 0.08039], [0.42157, -0.04118], [0.42157, -0.09216], [0.40196, -0.13529], [0.35098, -0.20196], [0.23333, -0.28039], [0.18235, -0.3], [0.09216, -0.31569], [-0.11961, -0.32745], [-0.21373, -0.35098], [-0.15098, -0.40588]]}