{"rank": 58, "key_id": "5017373922820096", "category": "cat", "n_points": 31, "bbox_aspect": 1.6710526315789473, "n_extensions_spliced": 2, "main_perimeter_px": 460.0546748043816, "score": 0.8344462766476003, "coords": [[-0.24409, 0.29921], [-0.17717, 0.23228], [-0.09055, 0.10236], [0.02362, 0.09055], [0.08268, 0.06299], [0.17717, 0.19291], [0.22835, 0.22441], [0.25984, -0.08268], [0.25591, -0.15748], [0.23622, -0.21654], [0.16929, -0.2874], [0.09449, -0.29921], [-0.01181, -0.27559], [0.01575, -0.19685], [0.05906, -0.22047], [0.17323, -0.20866], [0.41732, -0.20866], [0.5, -0.23228], [0.5, -0.23228], [0.41732, -0.20866], [0.17323, -0.20866], [0.05906, -0.22047], [-0.0748, -0.18504], [-0.5, -0.19685], [-0.5, -0.19685], [-0.0748, -0.18504], [0.01575, -0.19685], [-0.09449, -0.24016], [-0.1378, -0.17323], [-0.19685, -0.06693], [-0.22441, 0.07087], [-0.24409, 0.29921]]}