{"rank": 59, "key_id": "6174566093160448", "category": "cat", "n_points": 29, "bbox_aspect": 1.2, "n_extensions_spliced": 2, "main_perimeter_px": 693.5270419819946, "score": 0.8337611907875858, "coords": [[-0.32927, 0.19715], [-0.32927, 0.28659], [-0.34959, 0.35163], [-0.31301, 0.32317], [-0.15447, 0.25407], [-0.12195, 0.21748], [0.00407, 0.25813], [0.07724, 0.2378], [0.12602, 0.36382], [0.18293, 0.41667], [0.23171, 0.30285], [0.2439, 0.20122], [0.30081, 0.1687], [0.37805, 0.09553], [0.39024, 0.02642], [0.35772, -0.05081], [0.2439, -0.18902], [0.14228, -0.27846], [0.06098, -0.11179], [0.0122, -0.32724], [-0.17886, -0.32724], [-0.2561, -0.30285], [-0.19106, -0.19715], [-0.45935, -0.20122], [-0.5, -0.10366], [-0.49187, -0.02642], [-0.45935, 0.06707], [-0.38211, 0.14431], [-0.30894, 0.16463], [-0.32927, 0.19715]]}