{"rank": 60, "key_id": "4509862434177024", "category": "cat", "n_points": 23, "bbox_aspect": 1.2878787878787878, "n_extensions_spliced": 2, "main_perimeter_px": 477.5384044056072, "score": 0.8332336611565413, "coords": [[0.04118, 0.12549], [-0.01373, 0.16078], [-0.16275, 0.12549], [-0.28824, 0.10588], [-0.38235, 0.07059], [-0.44902, 0.01961], [-0.42549, 0.0549], [-0.48824, -0.05882], [-0.48824, -0.13725], [-0.45294, -0.20784], [-0.39412, -0.27059], [-0.33529, -0.30588], [-0.18627, -0.36471], [-0.02549, -0.38824], [0.06078, -0.38824], [0.1, -0.37255], [0.12745, -0.3451], [0.17451, -0.2549], [0.17843, -0.14902], [0.15882, -0.04706], [0.11961, 0.04706], [0.1, 0.07059], [0.07647, 0.07059], [0.04118, 0.12549]]}