{"rank": 61, "key_id": "5212019340869632", "category": "cat", "n_points": 18, "bbox_aspect": 1.3636363636363635, "n_extensions_spliced": 2, "main_perimeter_px": 437.0167683865442, "score": 0.8315778841778386, "coords": [[-0.35098, 0.1], [-0.32353, 0.11961], [-0.48431, 0.17451], [-0.5, 0.17059], [-0.38627, -0.26078], [-0.3549, -0.3], [-0.31961, -0.30392], [-0.13529, -0.24118], [0.10784, -0.20196], [0.16275, -0.17059], [0.19804, -0.13529], [0.21373, -0.08039], [0.2098, -0.01765], [0.19412, 0.04902], [0.1549, 0.10392], [0.19804, 0.11569], [0.09608, 0.14314], [-0.03333, 0.17059], [-0.35098, 0.1]]}