{"rank": 62, "key_id": "4995527777189888", "category": "cat", "n_points": 26, "bbox_aspect": 1.2259615384615385, "n_extensions_spliced": 2, "main_perimeter_px": 568.714248778747, "score": 0.8237439268517933, "coords": [[0.1, 0.14118], [0.06471, 0.16471], [0.02157, 0.17255], [-0.12353, 0.17255], [-0.17059, 0.16471], [-0.1549, 0.12549], [-0.27647, 0.11765], [-0.3902, -0.0], [-0.41765, -0.07451], [-0.41765, -0.1451], [-0.38235, -0.24314], [-0.29216, -0.32941], [-0.17451, -0.38431], [-0.04118, -0.40784], [0.10392, -0.39608], [0.25294, -0.32549], [0.3, -0.2902], [0.32745, -0.23922], [0.35098, -0.18039], [0.36275, -0.0902], [0.36275, -0.03137], [0.34706, 0.01961], [0.30392, 0.07059], [0.24118, 0.10588], [0.26471, 0.13333], [0.05294, 0.15686], [0.1, 0.14118]]}