{"rank": 63, "key_id": "5937735737016320", "category": "cat", "n_points": 25, "bbox_aspect": 1.2378640776699028, "n_extensions_spliced": 2, "main_perimeter_px": 579.0527290749351, "score": 0.8221739311566758, "coords": [[-0.35882, 0.13333], [-0.37843, 0.13725], [-0.40196, 0.10588], [-0.4098, -0.03922], [-0.37059, -0.18431], [-0.32745, -0.24706], [-0.27255, -0.30196], [-0.12353, -0.38431], [-0.03725, -0.40392], [0.05294, -0.40392], [0.13922, -0.38824], [0.2098, -0.3451], [0.26078, -0.28627], [0.32745, -0.17255], [0.34314, -0.11373], [0.36667, -0.06667], [0.32745, -0.00392], [0.24902, 0.09804], [0.06471, 0.19216], [-0.16275, 0.22745], [-0.24118, 0.22745], [-0.31961, 0.20784], [-0.37059, 0.18039], [-0.41765, 0.11765], [-0.45294, 0.16078], [-0.35882, 0.13333]]}