{"rank": 64, "key_id": "5700614921125888", "category": "cat", "n_points": 42, "bbox_aspect": 1.1643835616438356, "n_extensions_spliced": 2, "main_perimeter_px": 583.7126754568618, "score": 0.8210037051044987, "coords": [[0.22941, 0.2098], [-0.08431, 0.21373], [-0.12353, 0.23333], [-0.33529, 0.28431], [-0.5, 0.35098], [-0.34314, 0.13529], [-0.26471, 0.08824], [-0.26471, 0.08824], [-0.34314, 0.13529], [-0.5, 0.35098], [-0.33529, 0.28431], [-0.12353, 0.23333], [-0.23333, 0.16275], [-0.30784, 0.10392], [-0.36275, 0.03333], [-0.39804, -0.04902], [-0.40588, -0.13529], [-0.39804, -0.2098], [-0.37059, -0.27647], [-0.32353, -0.32353], [-0.23725, -0.37451], [-0.11961, -0.41373], [0.01373, -0.42941], [0.11176, -0.42157], [0.18627, -0.39412], [0.30784, -0.32353], [0.36275, -0.2451], [0.38235, -0.17059], [0.38627, -0.04902], [0.3549, 0.06863], [0.39412, 0.07255], [0.45294, 0.20588], [0.5, 0.42941], [0.30392, 0.28824], [0.13529, 0.1902], [0.13529, 0.1902], [0.30392, 0.28824], [0.5, 0.42941], [0.45294, 0.20588], [0.39412, 0.07255], [0.29216, 0.12745], [0.22941, 0.14314], [0.22941, 0.2098]]}