{"rank": 65, "key_id": "4532152693686272", "category": "cat", "n_points": 25, "bbox_aspect": 1.2318840579710144, "n_extensions_spliced": 2, "main_perimeter_px": 611.927388694992, "score": 0.8187840940236242, "coords": [[-0.15882, 0.10784], [-0.11176, 0.12353], [-0.21373, 0.11961], [-0.37059, 0.11176], [-0.42549, 0.09608], [-0.46078, 0.06863], [-0.48039, 0.03333], [-0.5, -0.08431], [-0.5, -0.20196], [-0.47647, -0.26471], [-0.41765, -0.33922], [-0.29216, -0.39412], [-0.08039, -0.40588], [0.11176, -0.37059], [0.2098, -0.32353], [0.26078, -0.23725], [0.25686, 0.00588], [0.24902, 0.07255], [0.22941, 0.08039], [0.22157, 0.12745], [0.17059, 0.17843], [0.1, 0.19804], [-0.13137, 0.19804], [-0.19804, 0.14706], [-0.22157, 0.09216], [-0.15882, 0.10784]]}