{"rank": 66, "key_id": "5677470147674112", "category": "cat", "n_points": 24, "bbox_aspect": 1.2439024390243902, "n_extensions_spliced": 2, "main_perimeter_px": 549.2960463061944, "score": 0.8172469305791635, "coords": [[0.01765, 0.1902], [-0.0098, 0.20196], [-0.16275, 0.1902], [-0.13529, 0.17843], [-0.25686, 0.1549], [-0.32745, 0.05294], [-0.35882, -0.06078], [-0.35098, -0.20196], [-0.30784, -0.26078], [-0.1902, -0.3549], [-0.09608, -0.3902], [-0.03725, -0.40196], [0.04902, -0.39804], [0.08824, -0.37059], [0.29608, -0.15882], [0.25294, -0.13137], [0.33922, -0.07255], [0.35098, -0.01373], [0.33922, 0.02549], [0.31176, 0.03725], [0.24902, 0.12745], [0.2098, 0.1549], [0.09216, 0.18627], [-0.07255, 0.19804], [0.01765, 0.1902]]}