{"rank": 67, "key_id": "6182000677355520", "category": "cat", "n_points": 29, "bbox_aspect": 1.1697247706422018, "n_extensions_spliced": 2, "main_perimeter_px": 732.2751604237341, "score": 0.8158740386903536, "coords": [[-0.31569, 0.18039], [-0.40196, 0.14902], [-0.44902, 0.11765], [-0.46863, 0.07843], [-0.5, 0.05098], [-0.47255, -0.02745], [-0.44902, -0.09804], [-0.36275, -0.24314], [-0.27255, -0.33333], [-0.17451, -0.39608], [-0.09216, -0.42745], [0.11961, -0.41569], [0.31569, -0.32941], [0.37843, -0.28235], [0.43333, -0.22353], [0.46471, -0.15686], [0.47255, -0.09412], [0.47255, -0.04314], [0.44118, 0.04314], [0.33137, 0.19608], [0.22941, 0.26275], [0.19412, 0.30588], [0.1, 0.28235], [-0.07647, 0.28235], [-0.33922, 0.25098], [-0.42941, 0.20392], [-0.42941, 0.12549], [-0.39412, 0.09412], [-0.37059, 0.0902], [-0.31569, 0.18039]]}