{"rank": 68, "key_id": "6323808770195456", "category": "cat", "n_points": 42, "bbox_aspect": 1.1545454545454545, "n_extensions_spliced": 2, "main_perimeter_px": 689.689448390459, "score": 0.8150641388314734, "coords": [[-0.33858, 0.07874], [-0.35433, 0.07087], [-0.34252, 0.14173], [-0.38189, 0.43307], [-0.35039, 0.36614], [-0.2126, 0.20079], [-0.2126, 0.20079], [-0.35039, 0.36614], [-0.38189, 0.43307], [-0.34252, 0.14173], [-0.35433, 0.07087], [-0.39764, 0.04724], [-0.44094, 0.00394], [-0.47638, -0.04331], [-0.5, -0.13386], [-0.5, -0.23228], [-0.46063, -0.30315], [-0.41339, -0.34646], [-0.3189, -0.38976], [-0.19291, -0.41732], [0.07087, -0.43307], [0.32283, -0.42913], [0.42126, -0.40945], [0.4685, -0.37402], [0.5, -0.30709], [0.5, -0.22047], [0.42913, -0.04724], [0.38189, 0.01575], [0.37795, -0.01969], [0.46457, 0.22441], [0.47638, 0.29921], [0.23228, 0.12992], [0.23228, 0.12992], [0.47638, 0.29921], [0.46457, 0.22441], [0.37795, -0.01969], [0.2874, 0.1063], [0.14567, 0.1811], [-0.06299, 0.18504], [-0.32283, 0.1378], [-0.35827, 0.11417], [-0.38189, 0.07087], [-0.33858, 0.07874]]}