{"rank": 69, "key_id": "6571906738159616", "category": "cat", "n_points": 44, "bbox_aspect": 1.1813953488372093, "n_extensions_spliced": 2, "main_perimeter_px": 615.3825053218651, "score": 0.814490134922096, "coords": [[-0.24016, 0.12402], [-0.24016, 0.16339], [-0.3189, 0.26969], [-0.5, 0.41535], [-0.5, 0.3878], [-0.43701, 0.23031], [-0.37402, -0.0689], [-0.37402, -0.0689], [-0.43701, 0.23031], [-0.5, 0.3878], [-0.5, 0.41535], [-0.3189, 0.26969], [-0.24016, 0.16339], [-0.31496, 0.02953], [-0.41339, -0.19094], [-0.4252, -0.25], [-0.42126, -0.36811], [-0.3622, -0.41929], [0.11417, -0.42323], [0.26378, -0.34449], [0.38189, -0.25787], [0.45276, -0.16732], [0.45276, -0.05709], [0.43701, -0.00197], [0.33858, 0.07283], [0.26772, 0.1122], [0.24803, 0.15551], [0.2874, 0.26969], [0.35039, 0.35236], [0.42913, 0.42323], [0.45276, 0.36024], [0.46457, 0.1752], [0.5, -0.00197], [0.5, -0.00197], [0.46457, 0.1752], [0.45276, 0.36024], [0.42913, 0.42323], [0.35039, 0.35236], [0.2874, 0.26969], [0.24803, 0.15551], [0.19685, 0.12402], [-0.02362, 0.12402], [-0.14173, 0.13976], [-0.25197, 0.1122], [-0.24016, 0.12402]]}