{"rank": 70, "key_id": "5489731154477056", "category": "cat", "n_points": 32, "bbox_aspect": 1.118421052631579, "n_extensions_spliced": 2, "main_perimeter_px": 747.0901175364755, "score": 0.8094786423746074, "coords": [[-0.27647, -0.01961], [-0.33137, 0.31765], [-0.18235, 0.16078], [-0.08824, 0.22745], [-0.02549, 0.24314], [0.03333, 0.24314], [0.1, 0.20392], [0.17059, 0.44706], [0.19804, 0.39608], [0.22549, 0.26667], [0.32745, 0.07059], [0.38235, -0.10588], [0.38235, -0.21569], [0.29608, -0.21176], [0.5, -0.26275], [0.5, -0.26275], [0.29608, -0.21176], [0.35882, -0.29804], [0.33137, -0.34902], [0.27647, -0.40784], [0.2098, -0.43922], [0.10392, -0.44706], [0.0098, -0.42353], [-0.14314, -0.34902], [-0.23333, -0.25098], [-0.29216, -0.15686], [-0.18627, -0.1451], [-0.5, -0.0902], [-0.5, -0.0902], [-0.18627, -0.1451], [-0.32353, -0.04706], [-0.33137, 0.01961], [-0.27647, -0.01961]]}