{"rank": 71, "key_id": "6056210732154880", "category": "cat", "n_points": 34, "bbox_aspect": 1.0897435897435896, "n_extensions_spliced": 2, "main_perimeter_px": 749.0991739991891, "score": 0.8079624685589916, "coords": [[-0.46863, -0.24314], [-0.48431, -0.16863], [-0.46863, -0.12157], [-0.4451, -0.06667], [-0.37059, 0.03137], [-0.38627, 0.04706], [-0.26078, 0.13725], [-0.06471, 0.26275], [0.09608, 0.32157], [0.20588, 0.34118], [0.30784, 0.34118], [0.37451, 0.27843], [0.40588, 0.22353], [0.41765, 0.16471], [0.41765, 0.10196], [0.42941, 0.10588], [0.40196, 0.01961], [0.32745, -0.17255], [0.2098, -0.32549], [0.11569, -0.40784], [0.05294, -0.43922], [-0.04118, -0.45882], [-0.10392, -0.45882], [-0.18627, -0.43137], [-0.24118, -0.42745], [-0.27255, -0.41176], [-0.32745, -0.40784], [-0.36667, -0.38824], [-0.39804, -0.34902], [-0.43333, -0.32941], [-0.47647, -0.25882], [-0.5, -0.11373], [-0.5, 0.01176], [-0.48824, 0.03137], [-0.46863, -0.24314]]}