{"rank": 72, "key_id": "4584309065252864", "category": "cat", "n_points": 40, "bbox_aspect": 1.1135371179039302, "n_extensions_spliced": 2, "main_perimeter_px": 654.8618908271424, "score": 0.8064151801547482, "coords": [[-0.3549, 0.18627], [-0.44118, 0.0451], [-0.4451, -0.23725], [-0.42157, -0.28039], [-0.31961, -0.37843], [-0.26471, -0.41373], [-0.1902, -0.43725], [-0.13922, -0.44902], [0.07255, -0.44902], [0.1549, -0.43333], [0.2451, -0.39412], [0.33529, -0.32745], [0.40588, -0.24902], [0.44902, -0.13137], [0.44902, -0.03333], [0.42549, 0.02157], [0.36275, 0.08824], [0.17451, 0.17843], [0.06863, 0.2098], [0.11569, 0.20588], [0.17451, 0.24118], [0.45294, 0.44902], [0.47647, 0.20588], [0.5, 0.09216], [0.5, -0.01765], [0.5, -0.01765], [0.5, 0.09216], [0.47647, 0.20588], [0.45294, 0.44902], [0.17451, 0.24118], [0.11569, 0.20588], [-0.22157, 0.21765], [-0.28039, 0.20196], [-0.3, 0.21765], [-0.49608, 0.42941], [-0.5, 0.05294], [-0.5, 0.05294], [-0.49608, 0.42941], [-0.3, 0.21765], [-0.34706, 0.16275], [-0.3549, 0.18627]]}