{"rank": 73, "key_id": "6536415691145216", "category": "cat", "n_points": 27, "bbox_aspect": 1.1813953488372093, "n_extensions_spliced": 2, "main_perimeter_px": 705.0885203894042, "score": 0.8061568015887627, "coords": [[-0.01969, 0.36811], [-0.13386, 0.32087], [-0.24409, 0.25394], [-0.29528, 0.21457], [-0.37402, 0.10827], [-0.38583, 0.09252], [-0.39764, 0.04528], [-0.40945, -0.03346], [-0.41339, -0.10039], [-0.39764, -0.1752], [-0.35827, -0.25], [-0.29921, -0.31299], [-0.22047, -0.36811], [-0.13386, -0.40748], [0.05906, -0.42323], [0.30315, -0.38386], [0.42126, -0.32874], [0.48031, -0.27362], [0.5, -0.23819], [0.5, -0.1122], [0.44882, -0.00984], [0.37008, 0.08858], [0.26772, 0.16339], [0.17717, 0.21457], [0.15354, 0.22638], [0.0, 0.26969], [-0.19685, 0.29724], [-0.01969, 0.36811]]}