{"rank": 74, "key_id": "5300464079863808", "category": "cat", "n_points": 25, "bbox_aspect": 1.2095238095238094, "n_extensions_spliced": 2, "main_perimeter_px": 597.2530501894519, "score": 0.8059614831092318, "coords": [[0.07087, -0.3189], [-0.04331, -0.36614], [-0.17717, -0.37402], [-0.25197, -0.35039], [-0.31102, -0.30315], [-0.34646, -0.24803], [-0.36614, -0.14567], [-0.3622, -0.05906], [-0.3189, 0.08661], [-0.22047, 0.21654], [-0.27165, 0.22047], [-0.14961, 0.26378], [-0.05906, 0.29528], [0.12205, 0.29528], [0.24016, 0.25984], [0.31102, 0.22441], [0.36614, 0.16535], [0.40157, 0.14961], [0.44094, 0.03543], [0.46457, -0.03543], [0.4685, -0.14173], [0.45276, -0.19685], [0.41732, -0.24016], [0.31496, -0.33858], [0.20079, -0.41339], [0.07087, -0.3189]]}