{"rank": 75, "key_id": "5197130299867136", "category": "cat", "n_points": 45, "bbox_aspect": 1.1805555555555556, "n_extensions_spliced": 2, "main_perimeter_px": 566.2987624742649, "score": 0.8056590305971338, "coords": [[-0.20588, -0.08235], [-0.22157, -0.18824], [-0.16275, -0.36863], [-0.10392, -0.40392], [-0.02157, -0.42353], [0.12745, -0.41961], [0.31176, -0.35686], [0.42157, -0.28627], [0.49216, -0.18824], [0.5, -0.13725], [0.49216, -0.03137], [0.45294, 0.04314], [0.44118, 0.06275], [0.49608, 0.25098], [0.49216, 0.31765], [0.44902, 0.42353], [0.27647, 0.31373], [0.19804, 0.20784], [0.19804, 0.20784], [0.27647, 0.31373], [0.44902, 0.42353], [0.49216, 0.31765], [0.49608, 0.25098], [0.44118, 0.06275], [0.3, 0.15294], [0.17059, 0.20784], [0.08431, 0.22745], [0.00588, 0.22353], [-0.13137, 0.19216], [-0.1902, 0.07059], [-0.24118, 0.01569], [-0.35098, 0.20784], [-0.5, 0.41176], [-0.46078, 0.41569], [-0.38235, 0.39608], [-0.15882, 0.3098], [-0.1, 0.27451], [-0.1, 0.27451], [-0.15882, 0.3098], [-0.38235, 0.39608], [-0.46078, 0.41569], [-0.5, 0.41176], [-0.35098, 0.20784], [-0.24118, 0.01569], [-0.2098, -0.0902], [-0.20588, -0.08235]]}