{"rank": 76, "key_id": "4673751910187008", "category": "cat", "n_points": 36, "bbox_aspect": 1.0583333333333333, "n_extensions_spliced": 2, "main_perimeter_px": 637.0924100135969, "score": 0.8041561749387327, "coords": [[-0.18898, 0.14173], [-0.25591, 0.14173], [-0.41732, 0.10236], [-0.4685, 0.04724], [-0.5, 0.09055], [-0.45669, 0.47244], [-0.3189, 0.2126], [-0.22835, 0.09055], [-0.22835, 0.09055], [-0.3189, 0.2126], [-0.45669, 0.47244], [-0.5, 0.09055], [-0.5, -0.04724], [-0.49606, -0.20866], [-0.47244, -0.31102], [-0.43701, -0.38976], [-0.40157, -0.43307], [-0.35827, -0.46063], [-0.2874, -0.47244], [-0.19291, -0.46457], [0.37402, -0.27559], [0.44488, -0.23622], [0.48031, -0.19291], [0.5, -0.11417], [0.48819, -0.0748], [0.42913, -0.00394], [0.37402, 0.03543], [0.37402, -0.0], [0.39764, 0.42913], [0.1063, 0.16535], [0.1063, 0.16535], [0.39764, 0.42913], [0.37402, -0.0], [0.1378, 0.12992], [0.02756, 0.14567], [-0.06299, 0.1378], [-0.18898, 0.14173]]}