{"rank": 77, "key_id": "5339893318287360", "category": "cat", "n_points": 26, "bbox_aspect": 1.191588785046729, "n_extensions_spliced": 2, "main_perimeter_px": 615.5973407678928, "score": 0.8038373721274199, "coords": [[0.03333, 0.26275], [-0.02157, 0.26667], [-0.13529, 0.23529], [-0.16667, 0.22745], [-0.25686, 0.16078], [-0.32745, 0.08627], [-0.36275, 0.00392], [-0.38235, -0.08235], [-0.37451, -0.24314], [-0.33529, -0.33333], [-0.30392, -0.36863], [-0.26863, -0.39608], [-0.1902, -0.41961], [-0.04902, -0.40784], [0.09608, -0.33725], [0.22941, -0.21176], [0.31569, -0.04706], [0.33529, 0.08235], [0.30392, 0.21569], [0.26078, 0.27451], [0.2451, 0.2902], [0.20588, 0.31373], [0.13922, 0.32941], [0.03725, 0.32941], [-0.02157, 0.29412], [-0.05686, 0.23922], [0.03333, 0.26275]]}