{"rank": 78, "key_id": "6114181197594624", "category": "cat", "n_points": 20, "bbox_aspect": 1.275, "n_extensions_spliced": 2, "main_perimeter_px": 555.7555410098946, "score": 0.8011984260590903, "coords": [[0.05686, -0.39216], [-0.21373, -0.38824], [-0.28039, -0.36471], [-0.37451, -0.26667], [-0.36275, -0.08627], [-0.3, -0.0], [-0.16667, 0.12549], [-0.11176, 0.15294], [-0.02941, 0.17647], [-0.0451, 0.15686], [0.11961, 0.18824], [0.17843, 0.16863], [0.34314, 0.02745], [0.35098, 0.00392], [0.37059, -0.01176], [0.37059, -0.16863], [0.3549, -0.20392], [0.20196, -0.25882], [0.06863, -0.3451], [-0.02157, -0.36078], [0.05686, -0.39216]]}