{"rank": 79, "key_id": "5301989128798208", "category": "cat", "n_points": 43, "bbox_aspect": 1.1434977578475336, "n_extensions_spliced": 2, "main_perimeter_px": 698.3472746793116, "score": 0.8000003426206328, "coords": [[0.13137, 0.14706], [-0.22941, 0.14706], [-0.27647, 0.13922], [-0.32745, 0.10784], [-0.29608, 0.1], [-0.45294, 0.43725], [-0.45294, 0.03725], [-0.45294, 0.03725], [-0.45294, 0.43725], [-0.29608, 0.1], [-0.42549, 0.01765], [-0.49216, -0.08824], [-0.5, -0.24902], [-0.47647, -0.3], [-0.34314, -0.39412], [-0.27255, -0.41765], [-0.11961, -0.43725], [0.13529, -0.43725], [0.29608, -0.36667], [0.42941, -0.29608], [0.48039, -0.25686], [0.5, -0.19412], [0.46863, -0.09216], [0.4451, -0.08431], [0.4451, 0.27255], [0.42549, 0.37451], [0.36667, 0.3902], [0.33529, 0.34314], [0.33137, 0.28824], [0.22157, 0.08824], [0.21765, 0.0451], [0.21765, 0.0451], [0.22157, 0.08824], [0.33137, 0.28824], [0.33529, 0.34314], [0.36667, 0.3902], [0.42549, 0.37451], [0.4451, 0.27255], [0.4451, -0.08431], [0.32353, 0.07255], [0.22157, 0.13529], [0.14706, 0.1549], [-0.02157, 0.1549], [0.13137, 0.14706]]}