{"rank": 80, "key_id": "6219049203662848", "category": "cat", "n_points": 31, "bbox_aspect": 1.1135371179039302, "n_extensions_spliced": 2, "main_perimeter_px": 691.8705794556747, "score": 0.7980818468214149, "coords": [[-0.06471, 0.18627], [-0.13137, 0.22941], [-0.20588, 0.22941], [-0.3, 0.17059], [-0.34706, 0.12353], [-0.38235, 0.08431], [-0.42941, -0.01765], [-0.4451, -0.19412], [-0.40196, -0.30392], [-0.36275, -0.35882], [-0.30784, -0.39412], [-0.2451, -0.42549], [-0.17059, -0.44118], [0.05294, -0.44902], [0.18627, -0.39412], [0.2451, -0.35098], [0.33137, -0.2451], [0.35882, -0.19412], [0.36667, -0.09216], [0.35098, -0.04118], [0.41373, -0.04118], [0.31569, 0.01373], [0.22157, 0.1], [0.11176, 0.16667], [0.00588, 0.21373], [-0.10392, 0.23725], [-0.22941, 0.2451], [-0.27647, 0.22941], [-0.26078, 0.2098], [-0.34314, 0.17451], [-0.36275, 0.13922], [-0.06471, 0.18627]]}