{"rank": 81, "key_id": "6045384751185920", "category": "cat", "n_points": 38, "bbox_aspect": 1.0711111111111111, "n_extensions_spliced": 2, "main_perimeter_px": 805.5526199212709, "score": 0.7958903395988487, "coords": [[-0.39212, 0.24274], [-0.39212, 0.44606], [-0.37967, 0.4668], [-0.34232, 0.45436], [-0.22199, 0.30498], [-0.1639, 0.33817], [-0.09336, 0.35477], [0.15975, 0.35477], [0.28838, 0.32573], [0.37552, 0.39627], [0.48755, 0.42946], [0.5, 0.32158], [0.45436, 0.1722], [0.46266, -0.11411], [0.44606, -0.1556], [0.25934, -0.39212], [0.17635, -0.27593], [0.49585, -0.30913], [0.49585, -0.30913], [0.17635, -0.27593], [0.1722, -0.45021], [0.09751, -0.4668], [0.00622, -0.4668], [-0.10166, -0.44191], [-0.20124, -0.39627], [-0.28423, -0.32988], [-0.39627, -0.22614], [-0.32988, -0.25519], [-0.4668, -0.33817], [-0.47925, -0.37552], [-0.47925, -0.37552], [-0.4668, -0.33817], [-0.32988, -0.25519], [-0.45851, -0.139], [-0.4917, -0.06017], [-0.5, 0.06846], [-0.46266, 0.14315], [-0.41286, 0.20124], [-0.39212, 0.24274]]}