{"rank": 82, "key_id": "6353640707063808", "category": "cat", "n_points": 35, "bbox_aspect": 1.058091286307054, "n_extensions_spliced": 2, "main_perimeter_px": 581.7851911984009, "score": 0.7956627291992575, "coords": [[-0.13529, -0.1], [-0.29216, -0.05686], [-0.43725, 0.04118], [-0.47255, 0.08431], [-0.49216, 0.13529], [-0.5, 0.21373], [-0.46471, 0.34314], [-0.40588, 0.41765], [-0.37451, 0.26078], [-0.33922, 0.38235], [-0.30392, 0.39804], [-0.15098, 0.39804], [-0.08824, 0.35882], [-0.06471, 0.30784], [0.02549, 0.46863], [0.07255, 0.47255], [0.10392, 0.44118], [0.10784, 0.33529], [0.06471, 0.17451], [0.05294, 0.07647], [-0.00196, -0.02941], [-0.04118, -0.05686], [-0.06471, -0.03725], [0.02157, -0.13137], [0.06078, -0.19412], [0.06863, -0.32353], [0.04118, -0.39804], [0.06863, -0.3902], [0.00588, -0.43725], [0.04118, -0.39804], [0.06863, -0.32353], [0.06078, -0.19412], [0.02157, -0.13137], [-0.06471, -0.03725], [-0.14314, -0.06863], [-0.13529, -0.1]]}