{"rank": 83, "key_id": "6587428276011008", "category": "cat", "n_points": 28, "bbox_aspect": 1.1486486486486487, "n_extensions_spliced": 2, "main_perimeter_px": 715.158077119113, "score": 0.7948130819987871, "coords": [[-0.40588, 0.01961], [-0.4451, -0.06275], [-0.4451, -0.12157], [-0.42941, -0.16863], [-0.34706, -0.26275], [-0.2451, -0.34118], [-0.12353, -0.4], [-0.07647, -0.41569], [0.12745, -0.43529], [0.19804, -0.43529], [0.31961, -0.41176], [0.42941, -0.3451], [0.47255, -0.29412], [0.5, -0.19608], [0.5, -0.10588], [0.48039, -0.04314], [0.39804, 0.0549], [0.38627, 0.04706], [0.08824, 0.22353], [-0.05294, 0.2549], [-0.11176, 0.2549], [-0.33529, 0.22353], [-0.43725, 0.19216], [-0.45294, 0.18039], [-0.47647, 0.11765], [-0.48431, 0.01569], [-0.46471, -0.02745], [-0.42157, 0.01961], [-0.40588, 0.01961]]}