{"rank": 84, "key_id": "5031899573518336", "category": "cat", "n_points": 26, "bbox_aspect": 1.1697247706422018, "n_extensions_spliced": 2, "main_perimeter_px": 677.6160255504287, "score": 0.7908740386903536, "coords": [[0.3549, 0.0549], [0.36275, 0.07843], [0.29608, 0.1451], [0.26078, 0.16471], [0.16667, 0.17647], [0.15882, 0.16078], [0.01373, 0.17647], [-0.23333, 0.0902], [-0.37843, -0.02353], [-0.40196, 0.01961], [-0.42941, -0.14902], [-0.42941, -0.2902], [-0.41373, -0.32157], [-0.34706, -0.36863], [-0.16667, -0.40784], [-0.01765, -0.41176], [0.05294, -0.42745], [0.27255, -0.42745], [0.3549, -0.39216], [0.43333, -0.31765], [0.48039, -0.22353], [0.5, -0.16471], [0.5, -0.00784], [0.41765, 0.10588], [0.33922, 0.15294], [0.30784, 0.15294], [0.3549, 0.0549]]}