{"rank": 85, "key_id": "5322073234735104", "category": "cat", "n_points": 39, "bbox_aspect": 1.0759493670886076, "n_extensions_spliced": 2, "main_perimeter_px": 692.1359526745861, "score": 0.7907118171814574, "coords": [[0.09216, 0.27647], [-0.20588, 0.25686], [-0.38235, 0.16667], [-0.42941, 0.1], [-0.45294, -0.03725], [-0.42941, -0.00588], [-0.5, 0.33137], [-0.47647, 0.42549], [-0.45294, 0.46471], [-0.28824, 0.18627], [-0.28824, 0.18627], [-0.45294, 0.46471], [-0.47647, 0.42549], [-0.5, 0.33137], [-0.42941, -0.00588], [-0.40588, -0.22157], [-0.34314, -0.30784], [-0.25294, -0.38627], [-0.14706, -0.43725], [-0.03725, -0.46078], [0.06078, -0.46471], [0.1549, -0.45686], [0.23333, -0.42941], [0.29608, -0.38235], [0.34314, -0.31961], [0.39804, -0.18235], [0.41765, -0.01765], [0.33137, 0.23725], [0.30392, 0.29216], [0.20588, 0.34706], [0.23333, 0.3549], [0.5, 0.42941], [0.4451, 0.30392], [0.29608, 0.10784], [0.29608, 0.10784], [0.4451, 0.30392], [0.5, 0.42941], [0.23333, 0.3549], [0.0451, 0.33529], [0.09216, 0.27647]]}