{"rank": 86, "key_id": "5254060846350336", "category": "cat", "n_points": 31, "bbox_aspect": 1.0995670995670996, "n_extensions_spliced": 2, "main_perimeter_px": 696.140100175731, "score": 0.7892443572462046, "coords": [[-0.34252, -0.28543], [-0.35827, -0.22638], [-0.35433, -0.06496], [-0.33071, 0.09252], [-0.27559, 0.13189], [-0.24409, 0.2185], [-0.14567, 0.28937], [-0.10236, 0.30906], [-0.04331, 0.32087], [0.06299, 0.32087], [0.12598, 0.30118], [0.22047, 0.25394], [0.25591, 0.2185], [0.24409, 0.21457], [0.29134, 0.1752], [0.33071, 0.07677], [0.34252, -0.02953], [0.32677, -0.10039], [0.29134, -0.22638], [0.23622, -0.30906], [0.17323, -0.36811], [0.09055, -0.40748], [-0.02362, -0.43898], [-0.15354, -0.45472], [-0.22835, -0.45079], [-0.3937, -0.41142], [-0.44882, -0.37598], [-0.49213, -0.28543], [-0.48819, -0.18307], [-0.4685, -0.12795], [-0.41732, -0.0689], [-0.34252, -0.28543]]}