{"rank": 87, "key_id": "6156170458824704", "category": "cat", "n_points": 38, "bbox_aspect": 1.053941908713693, "n_extensions_spliced": 2, "main_perimeter_px": 581.9679782556768, "score": 0.7845789011680014, "coords": [[0.16929, 0.20276], [0.06299, 0.20276], [-0.10236, 0.13976], [-0.11024, 0.13976], [-0.33858, 0.3248], [-0.49606, 0.47441], [-0.5, 0.44291], [-0.44488, 0.1752], [-0.35433, -0.04134], [-0.35433, -0.04134], [-0.44488, 0.1752], [-0.5, 0.44291], [-0.49606, 0.47441], [-0.33858, 0.3248], [-0.11024, 0.13976], [-0.26378, 0.03346], [-0.30315, -0.02559], [-0.32677, -0.09646], [-0.31102, -0.22638], [-0.23228, -0.32874], [-0.16929, -0.38386], [-0.0315, -0.45472], [0.05906, -0.47441], [0.09843, -0.47047], [0.17717, -0.43898], [0.29134, -0.33661], [0.43701, -0.14764], [0.46457, -0.06102], [0.44882, 0.02559], [0.4252, 0.0374], [0.5, 0.3248], [0.23228, 0.18701], [0.23228, 0.18701], [0.5, 0.3248], [0.4252, 0.0374], [0.32677, 0.16339], [0.2874, 0.18307], [0.13386, 0.19882], [0.16929, 0.20276]]}