{"rank": 88, "key_id": "5904198048677888", "category": "cat", "n_points": 40, "bbox_aspect": 1.0714285714285714, "n_extensions_spliced": 2, "main_perimeter_px": 700.4145137231941, "score": 0.7794311110726837, "coords": [[-0.19412, 0.19216], [-0.34706, 0.19216], [-0.41373, 0.16078], [-0.42941, 0.14118], [-0.43725, 0.2], [-0.43333, 0.46667], [-0.30392, 0.23137], [-0.27255, 0.19216], [-0.27255, 0.19216], [-0.30392, 0.23137], [-0.43333, 0.46667], [-0.43725, 0.2], [-0.42941, 0.14118], [-0.48824, 0.08235], [-0.5, -0.00392], [-0.49216, -0.16471], [-0.46078, -0.2549], [-0.34314, -0.38039], [-0.22941, -0.43529], [0.02549, -0.46667], [0.14314, -0.46667], [0.26078, -0.44706], [0.3549, -0.39216], [0.42157, -0.32549], [0.48039, -0.23137], [0.5, -0.1451], [0.49608, -0.08235], [0.46863, -0.01176], [0.4098, 0.06667], [0.36667, 0.10196], [0.23333, 0.1451], [0.13137, 0.16471], [0.14314, 0.2], [0.25294, 0.31765], [0.3, 0.16078], [0.3, 0.16078], [0.25294, 0.31765], [0.14314, 0.2], [-0.14314, 0.20392], [-0.20196, 0.19216], [-0.19412, 0.19216]]}