{"rank": 89, "key_id": "5282331126398976", "category": "cat", "n_points": 25, "bbox_aspect": 1.1605504587155964, "n_extensions_spliced": 2, "main_perimeter_px": 555.8375038277176, "score": 0.7770288658553862, "coords": [[-0.02174, 0.29249], [-0.12055, 0.24506], [-0.22727, 0.17787], [-0.30237, 0.05929], [-0.33399, -0.03162], [-0.3419, -0.13439], [-0.37352, -0.10277], [-0.32609, -0.22134], [-0.28261, -0.3004], [-0.20751, -0.37945], [-0.14032, -0.41107], [-0.05731, -0.43083], [0.02569, -0.43083], [0.10474, -0.41502], [0.19565, -0.36759], [0.24704, -0.32411], [0.29447, -0.24901], [0.3419, -0.10672], [0.35375, -0.03953], [0.35771, -0.03162], [0.3419, 0.05138], [0.31028, 0.13439], [0.21937, 0.21344], [0.10079, 0.25296], [-0.00593, 0.26877], [-0.02174, 0.29249]]}