{"rank": 90, "key_id": "4547506450989056", "category": "cat", "n_points": 44, "bbox_aspect": 1.118421052631579, "n_extensions_spliced": 2, "main_perimeter_px": 630.9006314809966, "score": 0.7761453090412741, "coords": [[0.16275, -0.42745], [0.04902, -0.44706], [-0.05686, -0.44706], [-0.34706, -0.36863], [-0.39412, -0.32157], [-0.44118, -0.22745], [-0.47255, -0.12941], [-0.46078, -0.02353], [-0.43333, 0.02353], [-0.32745, 0.1098], [-0.21373, 0.17647], [-0.26863, 0.23529], [-0.35882, 0.33333], [-0.44902, 0.41569], [-0.5, 0.44706], [-0.5, 0.4], [-0.42157, 0.19608], [-0.41373, 0.14118], [-0.41373, 0.14118], [-0.42157, 0.19608], [-0.5, 0.4], [-0.5, 0.44706], [-0.44902, 0.41569], [-0.35882, 0.33333], [-0.26863, 0.23529], [-0.16275, 0.18824], [0.09608, 0.18824], [0.14706, 0.17647], [0.24902, 0.10196], [0.28824, 0.0549], [0.26863, 0.07059], [0.5, 0.36863], [0.24902, 0.24314], [0.19412, 0.19608], [0.19412, 0.19608], [0.24902, 0.24314], [0.5, 0.36863], [0.26863, 0.07059], [0.31569, -0.0902], [0.31569, -0.23529], [0.30784, -0.29412], [0.26863, -0.34118], [0.17451, -0.4], [0.00196, -0.40784], [0.16275, -0.42745]]}