{"rank": 91, "key_id": "6475585851228160", "category": "cat", "n_points": 25, "bbox_aspect": 1.1538461538461537, "n_extensions_spliced": 2, "main_perimeter_px": 651.1636794333956, "score": 0.7729733582469556, "coords": [[-0.43333, -0.27647], [-0.48431, -0.1902], [-0.5, -0.11176], [-0.48431, -0.0451], [-0.41373, 0.08039], [-0.42941, 0.08824], [-0.23333, 0.13137], [0.03725, 0.16275], [0.13529, 0.15098], [0.22549, 0.12353], [0.35882, 0.04118], [0.41765, -0.05294], [0.40588, -0.01765], [0.42157, -0.10784], [0.40588, -0.16667], [0.28824, -0.32745], [0.19412, -0.41765], [0.11176, -0.43333], [-0.02549, -0.43333], [-0.3, -0.41765], [-0.36667, -0.39804], [-0.48431, -0.33137], [-0.48431, -0.30784], [-0.46078, -0.26863], [-0.46863, -0.2451], [-0.43333, -0.27647]]}