{"rank": 92, "key_id": "6394535124926464", "category": "cat", "n_points": 43, "bbox_aspect": 1.0991379310344827, "n_extensions_spliced": 2, "main_perimeter_px": 631.4006978984211, "score": 0.7723044224762989, "coords": [[-0.42157, 0.1451], [-0.46863, 0.10588], [-0.48039, -0.07843], [-0.45686, -0.14902], [-0.41765, -0.23137], [-0.29608, -0.37255], [-0.16667, -0.43137], [-0.07255, -0.45098], [0.01373, -0.4549], [0.13922, -0.41961], [0.25686, -0.34118], [0.32353, -0.27059], [0.37059, -0.2], [0.38627, -0.11765], [0.38627, -0.0549], [0.37451, -0.03922], [0.32353, 0.02353], [0.23725, 0.06667], [0.28824, 0.10588], [0.46471, 0.3098], [0.49216, 0.27843], [0.5, 0.03137], [0.45686, -0.11373], [0.45686, -0.11373], [0.5, 0.03137], [0.49216, 0.27843], [0.46471, 0.3098], [0.28824, 0.10588], [-0.15882, 0.19216], [-0.3549, 0.20784], [-0.48824, 0.15294], [-0.49216, 0.12549], [-0.5, 0.4549], [-0.48431, 0.45098], [-0.46863, 0.40784], [-0.38235, 0.27843], [-0.28824, 0.2], [-0.28824, 0.2], [-0.38235, 0.27843], [-0.46863, 0.40784], [-0.48431, 0.45098], [-0.5, 0.4549], [-0.49216, 0.12549], [-0.42157, 0.1451]]}