{"rank": 93, "key_id": "6516200118943744", "category": "cat", "n_points": 27, "bbox_aspect": 1.1233480176211454, "n_extensions_spliced": 2, "main_perimeter_px": 736.756752495849, "score": 0.7708889037390675, "coords": [[0.01765, -0.4451], [-0.11569, -0.4451], [-0.22157, -0.40196], [-0.28039, -0.35098], [-0.32353, -0.28039], [-0.34706, -0.20196], [-0.5, -0.15098], [-0.38627, 0.0451], [-0.38627, 0.38627], [-0.36667, 0.37843], [-0.33137, 0.32745], [-0.3, 0.25686], [-0.2098, 0.31176], [-0.14706, 0.32353], [0.03725, 0.32353], [0.06471, 0.31176], [0.10392, 0.28039], [0.17451, 0.3902], [0.22549, 0.4451], [0.26078, 0.3], [0.26078, 0.04902], [0.23333, -0.10392], [0.17843, -0.02157], [0.1902, -0.24118], [0.16275, -0.29216], [0.04118, -0.40588], [-0.03333, -0.4451], [0.01765, -0.4451]]}