{"rank": 94, "key_id": "4606841692618752", "category": "cat", "n_points": 25, "bbox_aspect": 1.15, "n_extensions_spliced": 2, "main_perimeter_px": 687.5971863590754, "score": 0.7706361273610953, "coords": [[0.1996, 0.24111], [0.11265, 0.26482], [0.06917, 0.25692], [0.00988, 0.22134], [-0.2747, 0.14229], [-0.25494, 0.2332], [-0.39328, 0.08696], [-0.48419, 0.00395], [-0.5, -0.23715], [-0.49209, -0.29644], [-0.46838, -0.33597], [-0.4249, -0.37945], [-0.36957, -0.40316], [-0.15613, -0.43478], [-0.05336, -0.42688], [-0.01383, -0.38735], [0.17194, -0.28854], [0.23913, -0.24111], [0.28656, -0.19763], [0.40909, 0.00395], [0.417, 0.13439], [0.43281, 0.1502], [0.39328, 0.17787], [0.29842, 0.21344], [0.05336, 0.24111], [0.1996, 0.24111]]}