{"rank": 95, "key_id": "5160565653635072", "category": "cat", "n_points": 27, "bbox_aspect": 1.118421052631579, "n_extensions_spliced": 2, "main_perimeter_px": 656.7517294101121, "score": 0.7678119757079408, "coords": [[-0.08039, -0.23922], [-0.19804, -0.25882], [-0.27647, -0.23137], [-0.34706, -0.16863], [-0.38235, -0.10588], [-0.39412, -0.00784], [-0.40588, -0.00392], [-0.37451, 0.07843], [-0.30392, 0.15686], [-0.17451, 0.22745], [-0.02157, 0.25882], [0.09216, 0.25098], [0.17843, 0.21569], [0.27255, 0.14118], [0.33922, 0.04706], [0.31569, 0.00392], [0.37451, -0.03529], [0.38627, -0.09804], [0.36667, -0.21176], [0.31569, -0.32549], [0.25686, -0.40392], [0.20196, -0.43137], [-0.0098, -0.44706], [-0.1, -0.43137], [-0.19804, -0.38431], [-0.33529, -0.30196], [-0.35098, -0.26275], [-0.08039, -0.23922]]}