{"rank": 96, "key_id": "4746322231951360", "category": "cat", "n_points": 23, "bbox_aspect": 1.1697247706422018, "n_extensions_spliced": 2, "main_perimeter_px": 652.4688252308808, "score": 0.7658740386903536, "coords": [[0.00196, 0.13333], [0.00196, 0.16471], [0.02157, 0.04706], [-0.27647, 0.07843], [-0.38627, 0.02745], [-0.47647, -0.05882], [-0.5, -0.12941], [-0.5, -0.27059], [-0.46471, -0.34902], [-0.40196, -0.4], [-0.34706, -0.41961], [-0.03333, -0.42745], [0.0451, -0.41569], [0.21373, -0.36078], [0.31961, -0.27843], [0.37451, -0.20392], [0.38627, -0.16078], [0.38235, -0.06275], [0.36275, -0.01569], [0.26863, 0.08235], [0.17451, 0.1451], [0.11569, 0.16471], [-0.17059, 0.16863], [0.00196, 0.13333]]}