{"rank": 97, "key_id": "4853388011372544", "category": "cat", "n_points": 42, "bbox_aspect": 1.0759493670886076, "n_extensions_spliced": 2, "main_perimeter_px": 618.9553920483766, "score": 0.7657118171814574, "coords": [[-0.02941, 0.2098], [-0.16275, 0.1549], [-0.40588, -0.02157], [-0.48039, -0.09216], [-0.49608, -0.12745], [-0.5, -0.21373], [-0.46863, -0.27647], [-0.35882, -0.38627], [-0.26471, -0.4451], [-0.21373, -0.46471], [-0.15882, -0.45294], [0.22941, -0.33137], [0.24902, -0.32353], [0.26471, -0.28039], [0.29216, -0.14314], [0.28824, 0.01373], [0.25294, 0.1549], [0.2098, 0.24902], [0.19804, 0.2098], [0.38627, 0.31569], [0.5, 0.35882], [0.48824, 0.29608], [0.42941, 0.16275], [0.28431, -0.0451], [0.28431, -0.0451], [0.42941, 0.16275], [0.48824, 0.29608], [0.5, 0.35882], [0.38627, 0.31569], [0.19804, 0.2098], [0.11176, 0.25686], [-0.07647, 0.23333], [-0.12353, 0.22549], [-0.22157, 0.45294], [-0.23333, 0.46471], [-0.2451, 0.45686], [-0.23725, 0.10784], [-0.23725, 0.10784], [-0.2451, 0.45686], [-0.23333, 0.46471], [-0.22157, 0.45294], [-0.12353, 0.22549], [-0.02941, 0.2098]]}