{"rank": 98, "key_id": "6662278483017728", "category": "cat", "n_points": 21, "bbox_aspect": 1.1971830985915493, "n_extensions_spliced": 2, "main_perimeter_px": 433.09570816679235, "score": 0.7654493999794517, "coords": [[-0.08824, 0.00588], [-0.08824, 0.02157], [-0.36667, 0.00588], [-0.40196, -0.02157], [-0.45294, -0.12353], [-0.48824, -0.15098], [-0.47255, -0.20588], [-0.47255, -0.28824], [-0.45686, -0.31961], [-0.41765, -0.35098], [-0.31961, -0.39804], [-0.17059, -0.41765], [-0.0098, -0.41373], [-0.0098, -0.37451], [0.01765, -0.33529], [0.01765, -0.29608], [0.04118, -0.25686], [0.04118, -0.10784], [-0.02549, -0.02549], [-0.06471, -0.00588], [-0.18235, 0.00588], [-0.08824, 0.00588]]}