{"rank": 99, "key_id": "6598391217782784", "category": "cat", "n_points": 27, "bbox_aspect": 1.1140350877192982, "n_extensions_spliced": 2, "main_perimeter_px": 629.3627020948472, "score": 0.765061481010018, "coords": [[0.2126, 0.11811], [0.03543, 0.18504], [-0.09449, 0.20079], [-0.29134, 0.18898], [-0.31102, 0.16929], [-0.37402, 0.16142], [-0.45276, 0.11417], [-0.48819, 0.05118], [-0.48819, -0.04724], [-0.48425, -0.08661], [-0.43307, -0.20472], [-0.34646, -0.30315], [-0.26378, -0.37008], [-0.1811, -0.40551], [-0.02362, -0.44488], [0.17717, -0.44882], [0.23228, -0.43307], [0.2874, -0.38976], [0.31496, -0.32283], [0.33071, -0.1811], [0.32677, -0.0748], [0.29528, -0.02362], [0.26378, -0.00394], [0.16535, 0.0315], [0.11024, 0.03543], [0.11417, 0.05512], [0.07087, 0.05906], [0.2126, 0.11811]]}