{"rank": 100, "key_id": "6375132446588928", "category": "cat", "n_points": 27, "bbox_aspect": 1.1135371179039302, "n_extensions_spliced": 2, "main_perimeter_px": 710.8620079236425, "score": 0.7647485134880816, "coords": [[0.06863, 0.2451], [-0.02549, 0.25686], [-0.17843, 0.21373], [-0.30392, 0.13922], [-0.26078, 0.16275], [-0.37843, 0.07255], [-0.45686, -0.04902], [-0.49216, -0.16275], [-0.5, -0.28431], [-0.46863, -0.35882], [-0.43725, -0.38627], [-0.32745, -0.43725], [-0.21765, -0.44902], [0.02157, -0.43725], [0.14314, -0.40196], [0.22941, -0.35882], [0.32353, -0.27647], [0.36667, -0.21373], [0.40196, -0.11569], [0.40588, 0.00196], [0.38627, 0.08431], [0.32745, 0.1902], [0.25294, 0.26863], [0.14314, 0.33922], [0.17843, 0.31961], [0.03333, 0.36275], [-0.07255, 0.35882], [0.06863, 0.2451]]}