{"rank": 101, "key_id": "4606958004862976", "category": "cat", "n_points": 42, "bbox_aspect": 1.0717299578059072, "n_extensions_spliced": 2, "main_perimeter_px": 591.1040903945382, "score": 0.7629613224835348, "coords": [[-0.32677, 0.22638], [-0.33071, 0.2185], [-0.34252, 0.22244], [-0.35039, 0.32087], [-0.33071, 0.46654], [-0.19685, 0.24606], [-0.14567, 0.19488], [-0.14567, 0.19488], [-0.19685, 0.24606], [-0.33071, 0.46654], [-0.35039, 0.32087], [-0.34252, 0.22244], [-0.33071, 0.2185], [-0.40945, 0.14764], [-0.47638, 0.02559], [-0.5, -0.09252], [-0.48819, -0.20276], [-0.4252, -0.30118], [-0.38976, -0.33268], [-0.16142, -0.4311], [-0.03937, -0.4626], [0.03937, -0.46654], [0.1811, -0.4311], [0.26772, -0.39567], [0.32677, -0.3563], [0.3622, -0.30512], [0.41732, -0.15551], [0.42913, -0.01772], [0.40945, 0.0374], [0.41339, 0.02165], [0.5, 0.32874], [0.5, 0.36024], [0.29528, 0.25787], [0.0748, 0.1752], [0.0748, 0.1752], [0.29528, 0.25787], [0.5, 0.36024], [0.5, 0.32874], [0.41339, 0.02165], [0.2874, 0.12402], [0.14567, 0.16339], [-0.05118, 0.19094], [-0.32677, 0.22638]]}