{"rank": 102, "key_id": "5585369527484416", "category": "cat", "n_points": 28, "bbox_aspect": 1.094420600858369, "n_extensions_spliced": 2, "main_perimeter_px": 648.7235463094964, "score": 0.7609603318133922, "coords": [[-0.08824, 0.1549], [-0.06078, 0.1902], [-0.0098, 0.20196], [0.15882, 0.21373], [0.25294, 0.19412], [0.25294, 0.15882], [0.33137, 0.1549], [0.45686, 0.04118], [0.48824, -0.02157], [0.5, -0.09608], [0.49608, -0.17451], [0.45686, -0.25294], [0.39412, -0.31961], [0.30784, -0.37451], [0.11569, -0.44118], [-0.08431, -0.45686], [-0.18235, -0.43725], [-0.26863, -0.39412], [-0.34314, -0.32745], [-0.39804, -0.25686], [-0.42941, -0.18627], [-0.4451, -0.11961], [-0.44902, -0.05686], [-0.43725, 0.0098], [-0.35882, 0.10392], [-0.3, 0.13529], [-0.13922, 0.16667], [-0.11961, 0.1549], [-0.08824, 0.1549]]}