{"rank": 103, "key_id": "5556630101950464", "category": "cat", "n_points": 23, "bbox_aspect": 1.1590909090909092, "n_extensions_spliced": 2, "main_perimeter_px": 583.4223169653656, "score": 0.759481300196063, "coords": [[0.26863, -0.32941], [0.19412, -0.3451], [0.08039, -0.40784], [-0.02549, -0.43137], [-0.07255, -0.41176], [-0.13922, -0.33333], [-0.22157, -0.16471], [-0.24118, -0.03137], [-0.21373, 0.09412], [-0.12745, 0.23529], [-0.07255, 0.27059], [0.02157, 0.30588], [0.00196, 0.32941], [0.19412, 0.32157], [0.3, 0.27059], [0.29608, 0.26275], [0.3549, 0.20392], [0.42549, 0.03529], [0.41765, -0.08235], [0.3902, -0.16471], [0.31961, -0.27451], [0.27255, -0.3098], [0.21765, -0.37255], [0.26863, -0.32941]]}