{"rank": 104, "key_id": "4994113319469056", "category": "cat", "n_points": 35, "bbox_aspect": 1.0039370078740157, "n_extensions_spliced": 2, "main_perimeter_px": 842.195190293595, "score": 0.7588865957297404, "coords": [[0.44118, 0.23137], [0.45294, 0.45098], [0.44118, 0.48627], [0.42549, 0.49412], [0.37059, 0.49804], [0.33137, 0.42745], [0.28039, 0.29804], [0.26078, 0.18431], [0.11961, 0.12157], [0.07647, 0.13333], [-0.02157, 0.12157], [-0.00196, 0.30588], [-0.04902, 0.37647], [-0.09216, 0.38824], [-0.17843, 0.18431], [-0.17451, 0.10196], [-0.15098, 0.02353], [-0.14706, -0.16863], [-0.16275, -0.17255], [-0.13922, -0.25098], [-0.11961, -0.26667], [-0.08824, -0.38039], [-0.04902, -0.45098], [0.02157, -0.49412], [0.07647, -0.49804], [0.10784, -0.48627], [0.15098, -0.42745], [0.2451, -0.33725], [0.24902, -0.20784], [0.31961, -0.16078], [0.40588, 0.00392], [0.43725, 0.16078], [0.47255, 0.21569], [0.5, 0.29412], [0.45294, 0.2549], [0.44118, 0.23137]]}