{"rank": 105, "key_id": "5257878350856192", "category": "cat", "n_points": 20, "bbox_aspect": 1.1971830985915493, "n_extensions_spliced": 2, "main_perimeter_px": 548.6666146963632, "score": 0.7571160666461184, "coords": [[0.28431, 0.04902], [0.27647, 0.10784], [0.12745, 0.21765], [0.08039, 0.23333], [0.02549, 0.25294], [-0.08824, 0.2451], [-0.17843, 0.17843], [-0.23333, 0.08039], [-0.27647, -0.06078], [-0.26078, -0.10392], [-0.26863, -0.17059], [-0.2451, -0.23333], [-0.19412, -0.29216], [-0.04902, -0.38235], [0.06471, -0.41765], [0.22941, -0.4098], [0.30784, -0.34706], [0.36275, -0.22157], [0.36275, -0.03725], [0.26471, 0.11569], [0.28431, 0.04902]]}