{"rank": 106, "key_id": "4922189612580864", "category": "cat", "n_points": 26, "bbox_aspect": 1.1096491228070176, "n_extensions_spliced": 2, "main_perimeter_px": 631.8928357845355, "score": 0.7539668028729732, "coords": [[-0.08498, 0.21739], [-0.17194, 0.23715], [-0.2668, 0.19763], [-0.36561, 0.09091], [-0.44862, -0.05929], [-0.46838, -0.0751], [-0.47628, -0.16206], [-0.47233, -0.29249], [-0.45652, -0.34387], [-0.42885, -0.3834], [-0.34585, -0.43083], [-0.1996, -0.45059], [-0.13241, -0.44664], [-0.03755, -0.42688], [0.06522, -0.3834], [0.15613, -0.31621], [0.22727, -0.2332], [0.28656, -0.13439], [0.33004, -0.01186], [0.33399, 0.05929], [0.32213, 0.10672], [0.34585, 0.13834], [0.29447, 0.13834], [0.25099, 0.16206], [-0.00593, 0.2253], [-0.1917, 0.24506], [-0.08498, 0.21739]]}