{"rank": 107, "key_id": "4973587284885504", "category": "cat", "n_points": 26, "bbox_aspect": 1.1091703056768558, "n_extensions_spliced": 2, "main_perimeter_px": 634.8674074674929, "score": 0.7536646854568254, "coords": [[-0.05906, 0.27756], [-0.12205, 0.2815], [-0.22441, 0.24606], [-0.19291, 0.26181], [-0.3622, 0.14764], [-0.42126, 0.08858], [-0.48819, -0.05709], [-0.5, -0.13189], [-0.49606, -0.25], [-0.47638, -0.29724], [-0.42913, -0.34055], [-0.35433, -0.38386], [-0.22441, -0.42717], [-0.07087, -0.45079], [0.00394, -0.45079], [0.0748, -0.43504], [0.14961, -0.39961], [0.26772, -0.27756], [0.34646, -0.15157], [0.3622, 0.02559], [0.33465, 0.12008], [0.29134, 0.17913], [0.20866, 0.25394], [0.24409, 0.25], [0.12992, 0.29724], [0.00394, 0.31693], [-0.05906, 0.27756]]}