{"rank": 108, "key_id": "4890012053143552", "category": "cat", "n_points": 35, "bbox_aspect": 0.995850622406639, "n_extensions_spliced": 2, "main_perimeter_px": 954.9793032081194, "score": 0.7532254939277532, "coords": [[-0.36515, 0.03942], [-0.43568, 0.14315], [-0.47303, 0.22199], [-0.49793, 0.47095], [-0.47303, 0.47095], [-0.37759, 0.39212], [-0.26556, 0.34232], [-0.17427, 0.20954], [-0.10788, 0.139], [-0.10788, 0.15975], [-0.07884, 0.18465], [0.14108, 0.19295], [0.20747, 0.15975], [0.24066, 0.11411], [0.3112, 0.30913], [0.36515, 0.42116], [0.42739, 0.5], [0.44398, 0.4751], [0.44398, 0.1888], [0.46058, 0.07676], [0.44813, 0.03112], [0.47718, -0.06432], [0.48133, -0.18465], [0.39419, -0.34232], [0.49793, -0.40456], [0.26971, -0.41701], [0.05809, -0.4751], [-0.04979, -0.48755], [-0.05394, -0.36307], [-0.15353, -0.47925], [-0.26556, -0.42531], [-0.32365, -0.36307], [-0.3444, -0.31743], [-0.40249, -0.09336], [-0.39419, 0.01867], [-0.36515, 0.03942]]}