{"rank": 109, "key_id": "6241782578806784", "category": "cat", "n_points": 44, "bbox_aspect": 1.0808510638297872, "n_extensions_spliced": 2, "main_perimeter_px": 626.6590402753221, "score": 0.7522268947105486, "coords": [[0.3189, 0.24606], [0.27165, 0.2815], [0.18504, 0.31693], [0.19685, 0.32087], [0.44882, 0.43898], [0.5, 0.44685], [0.5, 0.40748], [0.3622, 0.18307], [0.33858, 0.12008], [0.33858, 0.12008], [0.3622, 0.18307], [0.5, 0.40748], [0.5, 0.44685], [0.44882, 0.43898], [0.19685, 0.32087], [0.11024, 0.32874], [-0.01969, 0.3248], [-0.15354, 0.2815], [-0.16142, 0.28937], [-0.42913, 0.43898], [-0.5, 0.4626], [-0.32283, 0.09646], [-0.32283, 0.09646], [-0.5, 0.4626], [-0.42913, 0.43898], [-0.16142, 0.28937], [-0.22047, 0.23031], [-0.2874, 0.15157], [-0.32677, 0.07677], [-0.35433, -0.02559], [-0.35827, -0.16732], [-0.35039, -0.2185], [-0.31496, -0.30512], [-0.25984, -0.38386], [-0.1811, -0.43504], [-0.10236, -0.45866], [0.03543, -0.4626], [0.12598, -0.4311], [0.24016, -0.34843], [0.29528, -0.27756], [0.35039, -0.13976], [0.36614, 0.02953], [0.32677, 0.17126], [0.27559, 0.25787], [0.3189, 0.24606]]}