{"rank": 110, "key_id": "5498652472639488", "category": "cat", "n_points": 43, "bbox_aspect": 1.0669456066945606, "n_extensions_spliced": 2, "main_perimeter_px": 683.8371650264843, "score": 0.7514960962906585, "coords": [[-0.22941, 0.17843], [-0.29608, 0.15098], [-0.34706, 0.1], [-0.44902, -0.13137], [-0.44902, -0.20196], [-0.42941, -0.26863], [-0.33137, -0.39412], [-0.16275, -0.46863], [0.02157, -0.46471], [0.27647, -0.39412], [0.4451, -0.27255], [0.49216, -0.17451], [0.5, -0.03725], [0.46078, 0.06471], [0.39412, 0.13137], [0.27647, 0.18235], [0.05294, 0.20588], [0.11961, 0.22157], [0.26471, 0.33529], [0.44118, 0.45294], [0.48431, 0.46863], [0.48039, 0.36667], [0.39412, 0.01765], [0.39412, 0.01765], [0.48039, 0.36667], [0.48431, 0.46863], [0.44118, 0.45294], [0.26471, 0.33529], [0.11961, 0.22157], [-0.16275, 0.18235], [-0.11176, 0.20196], [-0.48824, 0.31961], [-0.5, 0.28431], [-0.48039, 0.08431], [-0.45294, -0.0098], [-0.42549, -0.05294], [-0.42549, -0.05294], [-0.45294, -0.0098], [-0.48039, 0.08431], [-0.5, 0.28431], [-0.48824, 0.31961], [-0.11176, 0.20196], [-0.27255, 0.12353], [-0.22941, 0.17843]]}