{"rank": 111, "key_id": "5905201863065600", "category": "cat", "n_points": 30, "bbox_aspect": 1.0537190082644627, "n_extensions_spliced": 2, "main_perimeter_px": 773.5611451562911, "score": 0.7510975076663687, "coords": [[-0.15098, 0.23922], [-0.21373, 0.21961], [-0.26471, 0.18824], [-0.31569, 0.13333], [-0.3549, 0.03137], [-0.38627, 0.04314], [-0.36667, -0.07059], [-0.35882, -0.18431], [-0.26078, -0.38824], [-0.1902, -0.45098], [-0.13137, -0.46667], [0.03333, -0.47451], [0.19804, -0.43922], [0.37451, -0.35294], [0.44902, -0.24314], [0.47255, -0.09412], [0.46471, 0.00784], [0.44118, 0.09804], [0.41373, 0.07451], [0.4098, 0.16863], [0.36667, 0.22353], [0.31176, 0.26275], [0.12353, 0.35294], [0.04118, 0.36863], [-0.04902, 0.36863], [-0.13137, 0.34902], [-0.2098, 0.31373], [-0.30392, 0.23137], [-0.35882, 0.10196], [-0.34706, 0.01961], [-0.15098, 0.23922]]}