{"rank": 112, "key_id": "5815874378268672", "category": "cat", "n_points": 48, "bbox_aspect": 1.1283185840707965, "n_extensions_spliced": 2, "main_perimeter_px": 544.6653621784443, "score": 0.7489794164854492, "coords": [[-0.07647, -0.44314], [-0.11961, -0.42353], [-0.2098, -0.3098], [-0.30784, -0.1451], [-0.31176, -0.09412], [-0.27647, -0.08627], [-0.35882, -0.03529], [-0.38627, 0.01176], [-0.5, 0.4], [-0.47647, 0.43529], [-0.42549, 0.41176], [-0.2098, 0.2549], [-0.11176, 0.24314], [-0.11176, 0.24314], [-0.2098, 0.2549], [-0.42549, 0.41176], [-0.47647, 0.43529], [-0.5, 0.4], [-0.38627, 0.01176], [-0.35882, -0.03529], [-0.27647, -0.08627], [-0.3, -0.03529], [-0.26078, 0.01176], [-0.15098, 0.11373], [-0.02157, 0.20392], [0.08824, 0.24706], [0.21765, 0.24706], [0.29216, 0.12157], [0.31176, -0.01176], [0.34314, -0.00392], [0.37451, 0.05098], [0.5, 0.38824], [0.46863, 0.44314], [0.31961, 0.28235], [0.2451, 0.13725], [0.2451, 0.13725], [0.31961, 0.28235], [0.46863, 0.44314], [0.5, 0.38824], [0.37451, 0.05098], [0.34314, -0.00392], [0.31176, -0.22745], [0.29608, -0.28235], [0.25294, -0.34118], [0.16275, -0.4], [0.06863, -0.44314], [-0.03725, -0.44314], [-0.06863, -0.36863], [-0.07647, -0.44314]]}