{"rank": 113, "key_id": "6661137368088576", "category": "cat", "n_points": 34, "bbox_aspect": 1.0, "n_extensions_spliced": 2, "main_perimeter_px": 914.3815544861028, "score": 0.7478027676984843, "coords": [[-0.32377, 0.16393], [-0.27049, 0.34836], [-0.2541, 0.4959], [-0.2377, 0.43852], [-0.20082, 0.23361], [-0.14344, 0.13115], [-0.12295, 0.12295], [-0.09016, 0.20082], [-0.02869, 0.2459], [0.03279, 0.2623], [0.11885, 0.2623], [0.16393, 0.25], [0.19262, 0.21721], [0.21721, 0.12705], [0.2582, 0.16803], [0.28689, 0.23361], [0.33607, 0.43443], [0.36475, 0.5], [0.37295, 0.12295], [0.40984, -0.0041], [0.41803, -0.14754], [0.39344, -0.19672], [0.26639, -0.33197], [0.15574, -0.39754], [0.12705, -0.29508], [0.0123, -0.43852], [-0.14344, -0.44262], [-0.33197, -0.31557], [-0.15164, -0.25], [-0.37295, -0.2541], [-0.40164, -0.17213], [-0.41393, -0.02459], [-0.37705, 0.05738], [-0.29508, 0.17623], [-0.32377, 0.16393]]}