{"rank": 114, "key_id": "4814118336856064", "category": "cat", "n_points": 45, "bbox_aspect": 1.0851063829787233, "n_extensions_spliced": 2, "main_perimeter_px": 635.3267631565968, "score": 0.746644056075138, "coords": [[-0.39412, -0.21765], [-0.4451, -0.15882], [-0.44902, -0.04902], [-0.3902, 0.05686], [-0.37059, 0.03333], [-0.40588, 0.08431], [-0.5, 0.3549], [-0.5, 0.38235], [-0.33922, 0.27255], [-0.28039, 0.25686], [-0.28039, 0.25686], [-0.33922, 0.27255], [-0.5, 0.38235], [-0.5, 0.3549], [-0.40588, 0.08431], [-0.37059, 0.03333], [-0.30392, 0.1549], [-0.19804, 0.24118], [-0.06863, 0.28824], [0.07255, 0.28824], [0.20588, 0.26078], [0.30392, 0.17843], [0.35098, 0.23333], [0.40588, 0.32353], [0.47647, 0.40588], [0.5, 0.46078], [0.42941, 0.4451], [0.2451, 0.37059], [0.2451, 0.37059], [0.42941, 0.4451], [0.5, 0.46078], [0.47647, 0.40588], [0.40588, 0.32353], [0.35098, 0.23333], [0.37059, 0.06863], [0.38235, -0.02549], [0.36275, -0.15882], [0.30392, -0.26471], [0.22549, -0.34314], [0.12353, -0.39804], [-0.00196, -0.44118], [-0.13529, -0.46078], [-0.24902, -0.44118], [-0.33922, -0.3549], [-0.39412, -0.20588], [-0.39412, -0.21765]]}