{"rank": 115, "key_id": "5931068559458304", "category": "cat", "n_points": 25, "bbox_aspect": 1.1096491228070176, "n_extensions_spliced": 2, "main_perimeter_px": 571.3068368616156, "score": 0.7456334695396399, "coords": [[-0.32213, 0.03953], [-0.31818, 0.08696], [-0.34585, 0.03162], [-0.3419, -0.09486], [-0.29842, -0.20949], [-0.25889, -0.26482], [0.02174, -0.42292], [0.18379, -0.45059], [0.31818, -0.43083], [0.36957, -0.39526], [0.39328, -0.35968], [0.40909, -0.27668], [0.40119, -0.16206], [0.36957, -0.05929], [0.32213, 0.00395], [0.29051, 0.03557], [0.15613, 0.10277], [0.22332, 0.0751], [-0.1166, 0.11462], [-0.1996, 0.09881], [-0.18379, 0.11462], [-0.27075, 0.06719], [-0.29051, 0.02767], [-0.29051, 0.00395], [-0.2747, -0.00791], [-0.32213, 0.03953]]}