{"rank": 116, "key_id": "4838840558682112", "category": "cat", "n_points": 23, "bbox_aspect": 1.1339285714285714, "n_extensions_spliced": 2, "main_perimeter_px": 538.2007449698727, "score": 0.7441178516462654, "coords": [[0.1378, 0.02756], [0.11417, 0.04331], [0.08268, 0.07087], [-0.03543, 0.06299], [-0.10236, 0.04724], [-0.07087, 0.04724], [-0.20079, -0.00394], [-0.29528, -0.08268], [-0.40551, -0.23622], [-0.44094, -0.34252], [-0.43307, -0.39764], [-0.37402, -0.43307], [-0.3189, -0.44094], [-0.15354, -0.43701], [0.03937, -0.36614], [0.20472, -0.26772], [0.29921, -0.16535], [0.33071, -0.11417], [0.34252, -0.06693], [0.33858, 0.01575], [0.31102, 0.05118], [0.22047, 0.1063], [0.11024, 0.11417], [0.1378, 0.02756]]}