{"rank": 117, "key_id": "4734664210120704", "category": "cat", "n_points": 20, "bbox_aspect": 1.1751152073732718, "n_extensions_spliced": 2, "main_perimeter_px": 510.04976348696823, "score": 0.7440924351643943, "coords": [[0.3549, 0.03725], [0.33137, 0.07255], [0.17059, 0.08824], [-0.10784, 0.09608], [-0.08824, 0.12353], [-0.17059, 0.07255], [-0.18235, 0.02549], [-0.18235, -0.22157], [-0.17059, -0.28039], [-0.06471, -0.40588], [-0.02941, -0.42549], [0.0451, -0.42549], [0.2451, -0.35098], [0.36667, -0.26471], [0.39804, -0.22941], [0.4098, -0.18627], [0.42549, -0.08039], [0.42549, 0.04902], [0.34706, 0.1], [0.31569, 0.10392], [0.3549, 0.03725]]}