{"rank": 118, "key_id": "6700139529895936", "category": "cat", "n_points": 28, "bbox_aspect": 1.0669456066945606, "n_extensions_spliced": 2, "main_perimeter_px": 620.2227882762603, "score": 0.7431627629573252, "coords": [[-0.14314, 0.17843], [-0.17843, 0.18627], [-0.24902, 0.17059], [-0.34706, 0.11961], [-0.42157, 0.04118], [-0.48824, -0.1], [-0.5, -0.22157], [-0.45686, -0.33529], [-0.39804, -0.4098], [-0.28431, -0.46078], [-0.14314, -0.46863], [-0.05294, -0.45294], [0.02549, -0.42157], [0.1, -0.36275], [0.15882, -0.28431], [0.22941, -0.14706], [0.26863, 0.02157], [0.26863, 0.08824], [0.24902, 0.15098], [0.22549, 0.18235], [0.17059, 0.2098], [0.17843, 0.15882], [0.04902, 0.24118], [-0.08824, 0.2451], [-0.17843, 0.22941], [-0.16275, 0.2098], [-0.21373, 0.2098], [-0.21765, 0.1902], [-0.14314, 0.17843]]}