{"rank": 119, "key_id": "6519673707298816", "category": "cat", "n_points": 29, "bbox_aspect": 1.8613138686131387, "n_extensions_spliced": 2, "main_perimeter_px": 569.4551490072552, "score": 0.7422993987703048, "coords": [[-0.33137, -0.10784], [-0.38627, -0.08431], [-0.4451, -0.00196], [-0.45686, 0.04118], [-0.44118, 0.09608], [-0.48431, 0.18235], [-0.5, 0.26863], [-0.33137, 0.14314], [-0.2451, 0.20588], [-0.2098, 0.21373], [-0.13922, 0.20196], [0.00588, 0.13529], [0.0098, 0.16667], [0.02941, 0.19412], [0.17451, 0.24902], [0.10392, 0.1], [0.06471, 0.06078], [0.08431, 0.01765], [0.07647, -0.05294], [0.03725, -0.13529], [0.0098, -0.16667], [-0.07647, -0.18235], [-0.12353, -0.01765], [-0.05686, -0.01373], [0.17059, -0.05686], [-0.12353, -0.01765], [-0.30784, -0.17059], [-0.41373, -0.12353], [-0.41765, -0.04902], [-0.33137, -0.10784]]}