{"rank": 120, "key_id": "6051215869739008", "category": "cat", "n_points": 35, "bbox_aspect": 1.4, "n_extensions_spliced": 3, "main_perimeter_px": 998.82023814154, "score": 0.7416666666666667, "coords": [[-0.25, -0.15079], [-0.2381, -0.29762], [-0.20635, -0.31349], [-0.18254, -0.19841], [-0.18254, -0.30556], [-0.13889, -0.34921], [-0.12698, -0.20238], [0.13492, -0.19841], [0.17063, -0.21032], [0.15079, -0.30556], [0.22619, -0.32937], [0.21825, -0.22619], [0.28175, -0.22222], [0.25397, -0.2619], [0.26587, -0.35317], [0.3373, -0.30556], [0.30159, -0.21032], [0.35317, -0.18651], [0.32937, -0.09921], [0.40873, -0.03968], [0.37302, 0.06746], [0.36508, 0.00794], [0.26984, 0.09524], [0.19048, 0.00794], [0.0119, -0.0119], [-0.19841, -0.0], [-0.25397, 0.11905], [-0.36905, 0.30556], [-0.44444, 0.35714], [-0.5, 0.26984], [-0.35317, 0.17857], [-0.27778, 0.07937], [-0.25397, 0.00794], [-0.31746, -0.02778], [-0.30159, -0.11508], [-0.25, -0.15079]]}