{"rank": 121, "key_id": "5699228099674112", "category": "cat", "n_points": 26, "bbox_aspect": 1.0897435897435896, "n_extensions_spliced": 2, "main_perimeter_px": 734.4300094544545, "score": 0.7412958018923249, "coords": [[0.00196, 0.33333], [-0.22549, 0.3451], [-0.28824, 0.32941], [-0.33137, 0.29804], [-0.42549, 0.20392], [-0.47647, 0.08627], [-0.48824, 0.10588], [-0.47647, -0.17647], [-0.43725, -0.2549], [-0.37451, -0.32941], [-0.28039, -0.40784], [-0.19804, -0.44706], [-0.04118, -0.45882], [0.0451, -0.43529], [0.12353, -0.38824], [0.21373, -0.31765], [0.30784, -0.18824], [0.33529, -0.11765], [0.36667, 0.01961], [0.35882, 0.1451], [0.2451, 0.24706], [0.24118, 0.31373], [0.08431, 0.32549], [-0.06471, 0.35294], [-0.14314, 0.35294], [-0.22549, 0.30588], [0.00196, 0.33333]]}