{"rank": 122, "key_id": "5465314600943616", "category": "cat", "n_points": 27, "bbox_aspect": 1.0759493670886076, "n_extensions_spliced": 2, "main_perimeter_px": 750.7024484573268, "score": 0.7407118171814575, "coords": [[0.0451, 0.35098], [-0.05686, 0.34314], [-0.17451, 0.30392], [-0.30392, 0.22157], [-0.3549, 0.16667], [-0.41373, 0.07647], [-0.41373, 0.08824], [-0.4451, -0.01373], [-0.45294, -0.14314], [-0.43725, -0.23333], [-0.38235, -0.33529], [-0.31569, -0.3902], [-0.23333, -0.42157], [-0.13922, -0.4451], [0.03333, -0.46471], [0.24118, -0.44902], [0.31569, -0.42549], [0.38627, -0.3902], [0.46863, -0.28824], [0.49608, -0.20588], [0.5, -0.11569], [0.46078, 0.02941], [0.38235, 0.14314], [0.34314, 0.15098], [0.25686, 0.22941], [0.0451, 0.30392], [-0.11961, 0.31569], [0.0451, 0.35098]]}