{"rank": 123, "key_id": "6102535263748096", "category": "cat", "n_points": 27, "bbox_aspect": 1.0759493670886076, "n_extensions_spliced": 2, "main_perimeter_px": 636.3703784839223, "score": 0.7407118171814575, "coords": [[0.16667, 0.22157], [0.13922, 0.25294], [0.10784, 0.26078], [0.0098, 0.26471], [-0.06471, 0.25686], [-0.13922, 0.22549], [-0.1902, 0.18235], [-0.29608, 0.12353], [-0.42941, -0.02157], [-0.49216, -0.15882], [-0.5, -0.23333], [-0.49216, -0.29216], [-0.46471, -0.34314], [-0.3549, -0.42549], [-0.27647, -0.45294], [-0.1, -0.46471], [-0.00588, -0.45294], [0.17059, -0.37059], [0.30392, -0.23333], [0.33922, -0.16275], [0.3549, -0.02157], [0.36667, -0.03333], [0.34706, 0.03725], [0.31176, 0.09216], [0.22157, 0.16667], [0.17843, 0.18627], [0.12745, 0.19804], [0.16667, 0.22157]]}