{"rank": 124, "key_id": "5511802102218752", "category": "cat", "n_points": 40, "bbox_aspect": 1.0119047619047619, "n_extensions_spliced": 2, "main_perimeter_px": 683.0186182188012, "score": 0.7394202213847196, "coords": [[-0.22549, -0.28627], [-0.30784, -0.2], [-0.31961, -0.09804], [-0.31569, 0.02353], [-0.29216, 0.08235], [-0.23333, 0.16078], [-0.10392, 0.24314], [-0.10392, 0.24706], [-0.5, 0.40392], [-0.33529, 0.05882], [-0.33529, 0.05882], [-0.5, 0.40392], [-0.10392, 0.24706], [0.00196, 0.28235], [0.10784, 0.30196], [0.22549, 0.30196], [0.22941, 0.27451], [0.41373, 0.45882], [0.48431, 0.49412], [0.5, 0.44706], [0.4451, 0.0902], [0.4451, 0.0902], [0.5, 0.44706], [0.48431, 0.49412], [0.41373, 0.45882], [0.22941, 0.27451], [0.29216, 0.27843], [0.33529, 0.25098], [0.38627, 0.19216], [0.46078, -0.00392], [0.45686, -0.14902], [0.4098, -0.24706], [0.33922, -0.33725], [0.22157, -0.44706], [0.1, -0.49412], [-0.00196, -0.49412], [-0.08039, -0.45098], [-0.10392, -0.40392], [-0.24118, -0.24314], [-0.25294, -0.08627], [-0.22549, -0.28627]]}