{"rank": 125, "key_id": "5633572729782272", "category": "cat", "n_points": 25, "bbox_aspect": 1.0995670995670996, "n_extensions_spliced": 2, "main_perimeter_px": 584.5884155871458, "score": 0.7392443572462045, "coords": [[-0.12205, 0.08465], [-0.14961, 0.10827], [-0.21654, 0.11614], [-0.3189, 0.07677], [-0.3189, 0.06102], [-0.44094, -0.02165], [-0.49213, -0.11614], [-0.49606, -0.2185], [-0.48031, -0.29331], [-0.43701, -0.36024], [-0.38976, -0.40354], [-0.3189, -0.43504], [-0.17717, -0.45472], [-0.05118, -0.45472], [0.05512, -0.43504], [0.25197, -0.37992], [0.3189, -0.33268], [0.38189, -0.25], [0.38976, -0.1752], [0.35039, -0.09252], [0.27559, -0.02953], [0.20866, 0.00591], [0.15354, -0.00197], [0.04331, 0.07283], [-0.09055, 0.10433], [-0.12205, 0.08465]]}