{"rank": 126, "key_id": "5816679281983488", "category": "cat", "n_points": 46, "bbox_aspect": 1.0854700854700854, "n_extensions_spliced": 2, "main_perimeter_px": 567.7280621328688, "score": 0.7385453071944021, "coords": [[0.16929, 0.05906], [0.0, 0.11811], [-0.14173, 0.11811], [-0.34252, 0.06693], [-0.40157, -0.02756], [-0.38976, -0.01575], [-0.39764, 0.13386], [-0.5, 0.4252], [-0.40945, 0.38583], [-0.26772, 0.26378], [-0.12598, 0.16929], [-0.06693, 0.1063], [-0.06693, 0.1063], [-0.12598, 0.16929], [-0.26772, 0.26378], [-0.40945, 0.38583], [-0.5, 0.4252], [-0.39764, 0.13386], [-0.38976, -0.01575], [-0.40551, -0.16929], [-0.38583, -0.24803], [-0.34252, -0.31102], [-0.09055, -0.44094], [0.04331, -0.46063], [0.1063, -0.45276], [0.26378, -0.41339], [0.3622, -0.32677], [0.3937, -0.24803], [0.40157, -0.12598], [0.37402, -0.01969], [0.3189, 0.02756], [0.19291, 0.06299], [0.18504, 0.07874], [0.21654, 0.12992], [0.31102, 0.22835], [0.5, 0.46063], [0.49606, 0.38583], [0.38583, -0.02362], [0.3622, -0.0748], [0.3622, -0.0748], [0.38583, -0.02362], [0.49606, 0.38583], [0.5, 0.46063], [0.31102, 0.22835], [0.21654, 0.12992], [0.18504, 0.07874], [0.16929, 0.05906]]}