{"rank": 127, "key_id": "5807867602927616", "category": "cat", "n_points": 25, "bbox_aspect": 1.094420600858369, "n_extensions_spliced": 2, "main_perimeter_px": 655.6954712403947, "score": 0.7359603318133922, "coords": [[-0.05686, 0.21765], [-0.22941, 0.18627], [-0.3549, 0.10392], [-0.39412, 0.06078], [-0.42549, 0.00196], [-0.45294, -0.10784], [-0.44902, -0.16667], [-0.38627, -0.25686], [-0.31569, -0.32353], [-0.13922, -0.42157], [-0.0098, -0.45686], [0.1549, -0.45294], [0.23333, -0.40588], [0.29608, -0.34706], [0.3549, -0.22941], [0.36275, -0.05294], [0.31961, 0.1], [0.21373, 0.24118], [0.2098, 0.26471], [0.10392, 0.28039], [0.02941, 0.28039], [-0.0451, 0.25686], [-0.13137, 0.20196], [-0.14706, 0.20196], [-0.17843, 0.1902], [-0.05686, 0.21765]]}