{"rank": 128, "key_id": "5478992549249024", "category": "cat", "n_points": 41, "bbox_aspect": 1.0119047619047619, "n_extensions_spliced": 2, "main_perimeter_px": 717.5759285501836, "score": 0.7310868880513863, "coords": [[0.0451, 0.25882], [0.10784, 0.3098], [0.16667, 0.3098], [0.22941, 0.2902], [0.22941, 0.31765], [0.37059, 0.48235], [0.39412, 0.49412], [0.45294, 0.20784], [0.45294, 0.20784], [0.39412, 0.49412], [0.37059, 0.48235], [0.22941, 0.31765], [0.37451, 0.20784], [0.46863, 0.08627], [0.5, -0.0549], [0.5, -0.16471], [0.44902, -0.30588], [0.38627, -0.38431], [0.30392, -0.43922], [0.20196, -0.47843], [0.09216, -0.49412], [-0.02941, -0.4902], [-0.2098, -0.44314], [-0.37451, -0.34902], [-0.45294, -0.27843], [-0.49216, -0.19216], [-0.5, -0.10588], [-0.47647, -0.00784], [-0.41373, 0.07059], [-0.33529, 0.13725], [-0.36667, 0.19608], [-0.4098, 0.43529], [-0.40196, 0.46667], [-0.14314, 0.23922], [-0.14314, 0.23922], [-0.40196, 0.46667], [-0.4098, 0.43529], [-0.36667, 0.19608], [-0.20588, 0.2], [-0.01765, 0.24706], [-0.00588, 0.21176], [0.0451, 0.25882]]}