{"rank": 129, "key_id": "4585865353363456", "category": "cat", "n_points": 23, "bbox_aspect": 1.108695652173913, "n_extensions_spliced": 2, "main_perimeter_px": 666.1276858764386, "score": 0.7283650663964792, "coords": [[-0.31569, 0.10588], [-0.27255, 0.15686], [-0.16667, 0.18824], [0.13529, 0.19608], [0.21373, 0.18039], [0.31176, 0.13333], [0.33137, 0.12549], [0.42157, 0.03529], [0.49216, -0.11765], [0.5, -0.21961], [0.44902, -0.3098], [0.36667, -0.37647], [0.10392, -0.45098], [-0.08824, -0.45098], [-0.23333, -0.41176], [-0.33922, -0.33725], [-0.37059, -0.28627], [-0.39804, -0.19608], [-0.40196, -0.07843], [-0.4098, -0.05882], [-0.37843, 0.09804], [-0.33137, 0.17255], [-0.30392, 0.19216], [-0.31569, 0.10588]]}