{"rank": 130, "key_id": "5198130674925568", "category": "cat", "n_points": 25, "bbox_aspect": 1.0805084745762712, "n_extensions_spliced": 2, "main_perimeter_px": 595.693851760943, "score": 0.7270049857914556, "coords": [[-0.10784, -0.44706], [-0.1902, -0.44706], [-0.23725, -0.43137], [-0.33529, -0.38039], [-0.4098, -0.30588], [-0.45686, -0.21569], [-0.47647, -0.13725], [-0.47647, -0.06667], [-0.44902, 0.00392], [-0.41373, 0.08235], [-0.42941, 0.07059], [-0.37059, 0.12549], [-0.06863, 0.17255], [0.14706, 0.16863], [0.17059, 0.12941], [0.21765, 0.12549], [0.25686, 0.05098], [0.27255, -0.06275], [0.26863, -0.20784], [0.17843, -0.36471], [0.10392, -0.44706], [0.02549, -0.46275], [-0.11176, -0.46275], [-0.13922, -0.4549], [-0.15098, -0.43137], [-0.10784, -0.44706]]}