{"rank": 131, "key_id": "6168211349307392", "category": "cat", "n_points": 26, "bbox_aspect": 1.0669456066945606, "n_extensions_spliced": 2, "main_perimeter_px": 661.8992324009556, "score": 0.7264960962906585, "coords": [[-0.35882, 0.1549], [-0.38627, 0.11961], [-0.42157, -0.00196], [-0.37843, 0.02549], [-0.43725, -0.18235], [-0.41765, -0.2451], [-0.31176, -0.36667], [-0.20588, -0.43725], [-0.14314, -0.46078], [-0.01373, -0.46863], [0.05294, -0.44902], [0.22549, -0.3549], [0.3, -0.28431], [0.34314, -0.20588], [0.37843, -0.0451], [0.38235, 0.10784], [0.34706, 0.17843], [0.22941, 0.29608], [0.16275, 0.33137], [0.13529, 0.29216], [0.1, 0.34314], [-0.05294, 0.33529], [-0.22157, 0.29216], [-0.29608, 0.25686], [-0.35098, 0.21373], [-0.37451, 0.16667], [-0.35882, 0.1549]]}