{"rank": 132, "key_id": "5075273642934272", "category": "cat", "n_points": 21, "bbox_aspect": 1.1290322580645162, "n_extensions_spliced": 2, "main_perimeter_px": 498.89611498374086, "score": 0.7244220342681382, "coords": [[0.19048, 0.17619], [0.2619, 0.13333], [0.10476, 0.22381], [-0.02381, 0.22381], [-0.09524, 0.2], [-0.20476, 0.12381], [-0.2619, 0.02857], [-0.2619, -0.09048], [-0.19048, -0.07619], [-0.20476, -0.23333], [-0.14762, -0.30476], [-0.01429, -0.40476], [0.1381, -0.44286], [0.29048, -0.42381], [0.42857, -0.33333], [0.47143, -0.28095], [0.5, -0.20952], [0.49048, -0.06667], [0.39524, 0.07143], [0.20476, 0.20952], [0.07619, 0.2381], [0.19048, 0.17619]]}