{"rank": 133, "key_id": "5801320462155776", "category": "cat", "n_points": 18, "bbox_aspect": 1.1697247706422018, "n_extensions_spliced": 2, "main_perimeter_px": 540.3259384721913, "score": 0.7242073720236869, "coords": [[0.15098, 0.14902], [0.05294, 0.14118], [-0.20196, 0.06275], [-0.09608, 0.09412], [-0.28431, -0.0], [-0.40588, -0.0549], [-0.41765, -0.12941], [-0.40588, -0.16471], [-0.31176, -0.3098], [-0.19412, -0.39608], [0.03333, -0.42745], [0.21373, -0.41569], [0.34314, -0.23137], [0.34314, -0.13725], [0.29608, -0.06275], [0.10784, 0.06667], [0.13529, 0.09412], [0.08431, 0.09804], [0.15098, 0.14902]]}