{"rank": 134, "key_id": "5099841338212352", "category": "cat", "n_points": 26, "bbox_aspect": 1.0627615062761506, "n_extensions_spliced": 2, "main_perimeter_px": 695.894128566605, "score": 0.7237456015927357, "coords": [[-0.10236, 0.25394], [-0.16929, 0.23819], [-0.18898, 0.24213], [-0.28346, 0.16339], [-0.41732, 0.02165], [-0.48425, -0.07283], [-0.5, -0.15157], [-0.5, -0.20669], [-0.47638, -0.27756], [-0.38583, -0.36811], [-0.3189, -0.40354], [-0.23622, -0.43898], [-0.12205, -0.4626], [0.23228, -0.47047], [0.31496, -0.45866], [0.37402, -0.43504], [0.40945, -0.40354], [0.43701, -0.34843], [0.46457, -0.24606], [0.45669, -0.1122], [0.40551, -0.00984], [0.29528, 0.08071], [0.12205, 0.16339], [0.10236, 0.2185], [-0.0315, 0.21457], [-0.17323, 0.21457], [-0.10236, 0.25394]]}