{"rank": 135, "key_id": "5613674771251200", "category": "cat", "n_points": 39, "bbox_aspect": 1.408839779005525, "n_extensions_spliced": 1, "main_perimeter_px": 693.6360455479154, "score": 0.7205940059100288, "coords": [[-0.46471, 0.06471], [-0.48431, 0.09216], [-0.5, 0.17843], [-0.5, 0.32745], [-0.48824, 0.3549], [-0.43333, 0.2098], [-0.3902, 0.1549], [-0.33529, 0.12745], [-0.27647, 0.15882], [-0.16275, 0.16667], [-0.07255, 0.14314], [-0.02157, 0.1], [0.10392, 0.20196], [0.19412, 0.25686], [0.17059, 0.25294], [0.14706, 0.21765], [0.14706, 0.11569], [0.24118, -0.01765], [0.24118, -0.23333], [0.1902, -0.28431], [0.12745, -0.31176], [0.07647, -0.14314], [0.07647, -0.17451], [0.10784, -0.2098], [0.24902, -0.27647], [0.5, -0.3549], [0.5, -0.3549], [0.24902, -0.27647], [0.10784, -0.2098], [0.07647, -0.17451], [0.07647, -0.14314], [-0.11176, -0.31176], [-0.18235, -0.30392], [-0.24118, -0.27647], [-0.35098, -0.20588], [-0.40196, -0.12353], [-0.44902, 0.03725], [-0.45294, 0.08824], [-0.44118, 0.1], [-0.46471, 0.06471]]}