{"rank": 136, "key_id": "6284745874866176", "category": "cat", "n_points": 34, "bbox_aspect": 1.3709677419354838, "n_extensions_spliced": 1, "main_perimeter_px": 1027.1307155488118, "score": 0.7186645777101417, "coords": [[-0.15882, 0.11373], [-0.11961, 0.11765], [-0.08431, 0.14118], [0.23333, 0.1451], [0.34314, 0.09804], [0.45686, -0.04706], [0.48039, -0.12941], [0.5, -0.27451], [0.40588, -0.27843], [0.27647, -0.33725], [0.1549, -0.36471], [-0.27647, -0.36471], [-0.34314, -0.34902], [-0.30392, -0.25098], [-0.22549, -0.13333], [-0.13922, -0.13333], [-0.10784, -0.11373], [-0.05294, -0.01569], [0.08824, 0.13725], [0.22549, 0.12941], [0.31961, 0.11373], [0.28824, 0.1098], [0.29216, 0.15686], [0.31569, 0.18824], [0.33137, 0.25098], [0.34706, 0.26275], [0.40196, 0.36471], [0.40588, 0.26275], [0.42941, 0.20392], [0.44902, 0.07843], [0.44902, -0.0902], [0.3902, -0.03529], [0.33137, -0.00784], [-0.03725, 0.09804], [-0.15882, 0.11373]]}