{"rank": 137, "key_id": "6630551744151552", "category": "cat", "n_points": 26, "bbox_aspect": 1.0537190082644627, "n_extensions_spliced": 2, "main_perimeter_px": 758.973125760515, "score": 0.7177641743330354, "coords": [[-0.11961, 0.23529], [-0.26078, 0.22353], [-0.37059, 0.17255], [-0.41765, 0.13333], [-0.39412, 0.10588], [-0.48824, 0.00784], [-0.5, -0.06667], [-0.49608, -0.15294], [-0.41765, -0.3098], [-0.35098, -0.37647], [-0.25686, -0.43529], [-0.15882, -0.46667], [-0.06471, -0.47451], [0.01765, -0.46667], [0.16667, -0.4], [0.23725, -0.34118], [0.30784, -0.2549], [0.4098, -0.04314], [0.43333, 0.12549], [0.48824, 0.13725], [0.40588, 0.20784], [0.3549, 0.23529], [0.16275, 0.25882], [-0.27255, 0.22745], [-0.33922, 0.21961], [-0.40588, 0.19216], [-0.11961, 0.23529]]}