{"rank": 138, "key_id": "5905757155360768", "category": "cat", "n_points": 27, "bbox_aspect": 1.0408163265306123, "n_extensions_spliced": 2, "main_perimeter_px": 680.9969958883042, "score": 0.7174731685947404, "coords": [[-0.37059, 0.05686], [-0.37451, 0.08039], [-0.35882, 0.11961], [-0.40196, 0.1549], [-0.31569, 0.16275], [-0.15098, 0.21765], [0.23725, 0.20196], [0.26863, 0.26863], [0.33529, 0.17451], [0.41373, 0.12353], [0.48431, 0.04118], [0.5, 0.00196], [0.48824, -0.11176], [0.44902, -0.26078], [0.37059, -0.38235], [0.29216, -0.4451], [0.23725, -0.47255], [0.12353, -0.48039], [0.01373, -0.46471], [-0.08824, -0.42157], [-0.18627, -0.36275], [-0.24118, -0.31176], [-0.29216, -0.24118], [-0.41765, -0.02157], [-0.49216, 0.07647], [-0.5, 0.11176], [-0.49216, 0.14706], [-0.37059, 0.05686]]}