{"rank": 139, "key_id": "5460334301151232", "category": "cat", "n_points": 23, "bbox_aspect": 1.0897435897435896, "n_extensions_spliced": 2, "main_perimeter_px": 622.5415136678929, "score": 0.716295801892325, "coords": [[0.01765, 0.12941], [-0.1549, 0.16863], [-0.24902, 0.16471], [-0.2451, 0.20784], [-0.32353, 0.1451], [-0.42549, 0.06667], [-0.48039, -0.0], [-0.5, -0.07843], [-0.48824, -0.17647], [-0.42549, -0.28235], [-0.31176, -0.36863], [-0.02157, -0.43529], [0.13137, -0.45882], [0.2451, -0.45882], [0.34706, -0.41569], [0.39804, -0.36863], [0.41373, -0.32549], [0.41373, -0.25098], [0.36667, -0.17647], [0.26471, -0.06275], [0.24902, -0.04314], [0.10784, 0.07059], [0.00196, 0.12549], [0.01765, 0.12941]]}