{"rank": 140, "key_id": "6326229168816128", "category": "cat", "n_points": 28, "bbox_aspect": 1.0241935483870968, "n_extensions_spliced": 2, "main_perimeter_px": 636.2027801502014, "score": 0.7145366322959724, "coords": [[0.0, 0.1811], [-0.12598, 0.19685], [-0.27953, 0.18898], [-0.35827, 0.12598], [-0.3937, 0.11417], [-0.40551, 0.04331], [-0.42913, -0.02362], [-0.44094, -0.11417], [-0.40551, -0.27953], [-0.35827, -0.37008], [-0.29528, -0.43701], [-0.24409, -0.46457], [-0.17323, -0.48425], [-0.03937, -0.48819], [0.08268, -0.44882], [0.15748, -0.41339], [0.22047, -0.36614], [0.33858, -0.20866], [0.34252, -0.12598], [0.33858, -0.14567], [0.35827, -0.10236], [0.37402, -0.02362], [0.3622, 0.03543], [0.33465, 0.0748], [0.25591, 0.14567], [0.19291, 0.1811], [0.20472, 0.19685], [-0.03937, 0.20079], [0.0, 0.1811]]}