{"rank": 141, "key_id": "5460692880588800", "category": "cat", "n_points": 22, "bbox_aspect": 1.094420600858369, "n_extensions_spliced": 2, "main_perimeter_px": 545.5552345819627, "score": 0.7109603318133921, "coords": [[-0.41765, 0.15098], [-0.5, 0.21373], [-0.45294, 0.10392], [-0.48039, 0.03333], [-0.48824, -0.11176], [-0.46863, -0.19804], [-0.40588, -0.29608], [-0.31961, -0.36667], [-0.21765, -0.41373], [-0.08039, -0.4451], [0.16275, -0.45686], [0.24902, -0.43725], [0.32745, -0.39412], [0.40196, -0.31961], [0.42549, -0.25686], [0.42941, -0.19804], [0.42941, -0.02941], [0.36667, 0.07255], [0.26863, 0.14314], [0.25294, 0.24902], [0.14314, 0.1902], [0.04902, 0.19412], [-0.41765, 0.15098]]}