{"rank": 142, "key_id": "5408501427863552", "category": "cat", "n_points": 25, "bbox_aspect": 1.053941908713693, "n_extensions_spliced": 2, "main_perimeter_px": 660.8089346714721, "score": 0.7095789011680015, "coords": [[0.11417, -0.45866], [-0.07087, -0.45472], [-0.17323, -0.42717], [-0.25984, -0.3878], [-0.35827, -0.31299], [-0.41732, -0.2185], [-0.45276, -0.0374], [-0.45276, 0.0374], [-0.43701, 0.10039], [-0.41339, 0.1437], [-0.44488, 0.13976], [-0.33858, 0.19882], [-0.23622, 0.22638], [0.04724, 0.23425], [0.18898, 0.19488], [0.24016, 0.17126], [0.33465, 0.09252], [0.34252, 0.1437], [0.37402, 0.02165], [0.41339, -0.10827], [0.41732, -0.30906], [0.40945, -0.34055], [0.36614, -0.39173], [0.24016, -0.46654], [0.1063, -0.47441], [0.11417, -0.45866]]}