{"rank": 143, "key_id": "6246327207854080", "category": "cat", "n_points": 26, "bbox_aspect": 1.0408163265306123, "n_extensions_spliced": 2, "main_perimeter_px": 687.5142633013411, "score": 0.709139835261407, "coords": [[0.18235, 0.19412], [0.11961, 0.18627], [0.02941, 0.2098], [-0.1, 0.21373], [-0.19804, 0.18627], [-0.18235, 0.14706], [-0.28824, 0.12353], [-0.39412, -0.07647], [-0.40196, -0.22941], [-0.36275, -0.34706], [-0.31569, -0.39804], [-0.25294, -0.44118], [-0.15098, -0.47255], [-0.06078, -0.48039], [0.05294, -0.47255], [0.12745, -0.45294], [0.4098, -0.23333], [0.47647, -0.10784], [0.5, -0.06078], [0.5, -0.01373], [0.47647, 0.1], [0.4451, 0.13922], [0.44118, 0.13922], [0.3549, 0.20196], [0.2451, 0.23725], [0.07647, 0.26078], [0.18235, 0.19412]]}