{"rank": 144, "key_id": "6401166751563776", "category": "cat", "n_points": 24, "bbox_aspect": 1.0625, "n_extensions_spliced": 2, "main_perimeter_px": 525.8645440956648, "score": 0.7069066696366554, "coords": [[0.09216, -0.0549], [0.03725, 0.00784], [0.01373, -0.00392], [-0.02157, 0.03922], [-0.06863, 0.0549], [-0.15098, 0.05098], [-0.26078, 0.01176], [-0.33529, -0.0549], [-0.3902, -0.13725], [-0.40588, -0.24314], [-0.3902, -0.31765], [-0.35098, -0.37647], [-0.24118, -0.44314], [-0.11176, -0.47059], [0.05686, -0.44706], [0.14706, -0.40784], [0.22941, -0.34118], [0.25686, -0.2902], [0.26863, -0.24314], [0.2451, -0.1451], [0.17451, -0.07451], [0.08824, -0.04314], [-0.08824, -0.04706], [-0.10784, 0.00392], [0.09216, -0.0549]]}