{"rank": 145, "key_id": "4524052553138176", "category": "cat", "n_points": 27, "bbox_aspect": 1.0240963855421688, "n_extensions_spliced": 2, "main_perimeter_px": 730.3298507764616, "score": 0.7061368884507541, "coords": [[-0.31176, 0.16667], [-0.33922, 0.1902], [-0.33529, 0.22549], [-0.23725, 0.28824], [-0.20196, 0.33529], [-0.11569, 0.31961], [0.02941, 0.31961], [0.1, 0.3], [0.15098, 0.27647], [0.22941, 0.22941], [0.3549, 0.12353], [0.4451, -0.01373], [0.49216, -0.16275], [0.5, -0.28431], [0.47647, -0.35098], [0.40588, -0.43333], [0.22549, -0.48824], [0.08824, -0.48824], [0.02157, -0.47255], [-0.17451, -0.38627], [-0.32353, -0.26078], [-0.39412, -0.14314], [-0.42941, -0.03333], [-0.42941, 0.07647], [-0.40196, 0.13922], [-0.3549, 0.20196], [-0.28824, 0.25686], [-0.31176, 0.16667]]}