{"rank": 146, "key_id": "5915208599994368", "category": "cat", "n_points": 29, "bbox_aspect": 1.0, "n_extensions_spliced": 2, "main_perimeter_px": 752.415774572778, "score": 0.7061361010318177, "coords": [[-0.00787, 0.35827], [-0.09055, 0.35039], [-0.23228, 0.29528], [-0.2874, 0.31496], [-0.43701, 0.16142], [-0.49606, 0.07087], [-0.5, -0.08268], [-0.4685, -0.17323], [-0.40551, -0.27559], [-0.25984, -0.40551], [-0.14567, -0.46457], [-0.05118, -0.49213], [0.0748, -0.5], [0.14173, -0.47638], [0.22835, -0.41732], [0.31102, -0.32677], [0.35827, -0.27165], [0.39764, -0.18504], [0.4252, -0.09055], [0.4252, 0.01969], [0.3937, 0.15748], [0.33858, 0.29528], [0.25984, 0.35827], [0.27953, 0.35827], [0.18504, 0.38583], [0.07874, 0.41339], [0.01969, 0.41339], [-0.0315, 0.38583], [-0.08268, 0.3189], [-0.00787, 0.35827]]}