{"rank": 147, "key_id": "5195900479602688", "category": "cat", "n_points": 36, "bbox_aspect": 1.4912280701754386, "n_extensions_spliced": 1, "main_perimeter_px": 540.263037989039, "score": 0.7058105735758127, "coords": [[0.09216, -0.00588], [0.09608, 0.33529], [0.13529, 0.12353], [0.16275, 0.11176], [0.36275, 0.11961], [0.38627, 0.13137], [0.39804, 0.2098], [0.4451, 0.30392], [0.46078, 0.17451], [0.5, 0.00588], [0.49608, -0.08824], [0.46078, -0.19804], [0.43333, -0.24902], [0.39412, -0.27647], [0.27647, -0.30392], [0.22157, -0.28824], [0.14314, -0.15098], [0.13529, -0.12745], [-0.06078, -0.13529], [-0.21765, -0.11569], [-0.37451, -0.12353], [-0.46078, -0.14706], [-0.48431, -0.18235], [-0.5, -0.26078], [-0.48039, -0.30392], [-0.43333, -0.33529], [-0.43333, -0.33529], [-0.48039, -0.30392], [-0.5, -0.26078], [-0.48431, -0.18235], [-0.46078, -0.14706], [-0.37451, -0.12353], [-0.21765, -0.11569], [-0.06078, -0.13529], [0.13529, -0.12745], [0.1, 0.0098], [0.09216, -0.00588]]}