{"rank": 148, "key_id": "4939913990504448", "category": "cat", "n_points": 35, "bbox_aspect": 1.3298429319371727, "n_extensions_spliced": 3, "main_perimeter_px": 784.7494815956284, "score": 0.7056786883121524, "coords": [[-0.09449, -0.13976], [-0.12992, -0.15551], [-0.19685, -0.06496], [-0.25984, -0.02953], [-0.35827, 0.08858], [-0.37402, 0.3248], [-0.33071, 0.30906], [-0.24016, 0.24213], [-0.18898, 0.15945], [-0.12205, 0.08858], [0.14567, 0.08071], [0.22441, 0.13976], [0.25197, 0.25787], [0.30315, 0.37598], [0.35039, 0.24213], [0.38583, 0.18701], [0.40945, 0.06496], [0.40157, 0.01378], [0.37008, -0.0374], [0.25197, -0.10039], [0.24016, -0.13976], [0.14173, -0.14764], [0.1063, -0.23031], [0.5, -0.14764], [0.14173, -0.14764], [0.23622, -0.26575], [0.2126, -0.31299], [0.11811, -0.3563], [-0.00394, -0.37598], [-0.10236, -0.37598], [-0.1378, -0.3563], [-0.19685, -0.2815], [-0.22441, -0.20276], [-0.22835, -0.08465], [-0.2126, -0.06102], [-0.09449, -0.13976]]}