{"rank": 149, "key_id": "6051729017667584", "category": "cat", "n_points": 34, "bbox_aspect": 1.457142857142857, "n_extensions_spliced": 1, "main_perimeter_px": 689.4979363621287, "score": 0.7053295991037439, "coords": [[0.04902, -0.23333], [-0.03725, -0.31176], [-0.1, -0.17059], [0.0451, -0.08431], [0.21765, -0.02157], [0.41373, -0.00588], [0.5, -0.04118], [0.5, -0.04118], [0.41373, -0.00588], [0.21765, -0.02157], [0.0451, -0.08431], [-0.1, -0.17059], [-0.17451, -0.34314], [-0.32745, -0.32745], [-0.42157, -0.26471], [-0.48431, -0.18235], [-0.5, -0.10392], [-0.5, -0.04902], [-0.48039, -0.00196], [-0.38627, 0.09608], [-0.45294, 0.28431], [-0.24118, 0.12353], [-0.05294, 0.11569], [-0.0098, 0.10392], [-0.0098, 0.17451], [0.03333, 0.23333], [0.10784, 0.28824], [0.23725, 0.34314], [0.19412, 0.2098], [0.17059, 0.07255], [0.17843, -0.05686], [0.09216, -0.20588], [0.03333, -0.26863], [0.02157, -0.26863], [0.04902, -0.23333]]}