{"rank": 150, "key_id": "4811774912102400", "category": "cat", "n_points": 25, "bbox_aspect": 1.0450819672131149, "n_extensions_spliced": 2, "main_perimeter_px": 728.1461059139186, "score": 0.7036694916041414, "coords": [[0.43725, -0.0], [0.45294, 0.01961], [0.44902, 0.01961], [0.4451, 0.04314], [0.39412, 0.07843], [0.28431, 0.10588], [0.10784, 0.12941], [-0.37059, 0.12157], [-0.4098, 0.10588], [-0.45294, 0.08627], [-0.5, 0.01569], [-0.5, -0.08627], [-0.42549, -0.20392], [-0.31569, -0.30196], [-0.1902, -0.39216], [-0.04902, -0.45098], [0.08431, -0.47843], [0.19804, -0.47843], [0.30784, -0.4549], [0.39804, -0.38824], [0.46863, -0.29804], [0.5, -0.19216], [0.49216, -0.06275], [0.40588, 0.04706], [0.29608, 0.12549], [0.43725, -0.0]]}