{"rank": 151, "key_id": "6498613758787584", "category": "cat", "n_points": 32, "bbox_aspect": 1.4325842696629214, "n_extensions_spliced": 1, "main_perimeter_px": 653.46555595239, "score": 0.700561235895077, "coords": [[-0.13529, 0.09412], [-0.13922, 0.33725], [-0.11176, 0.2902], [-0.04902, 0.10588], [0.03333, 0.10196], [0.13922, 0.11373], [0.22157, 0.1098], [0.33137, 0.24314], [0.37843, 0.34902], [0.4098, 0.21569], [0.37843, 0.11373], [0.46863, 0.02745], [0.5, -0.05882], [0.48039, -0.14902], [0.4098, -0.2549], [0.33922, -0.30588], [0.22157, -0.34902], [0.14314, -0.32549], [0.01765, -0.23922], [-0.06863, -0.15686], [0.04902, -0.07059], [-0.11176, -0.13333], [-0.2451, -0.20392], [-0.4451, -0.27843], [-0.5, -0.31765], [-0.5, -0.31765], [-0.4451, -0.27843], [-0.2451, -0.20392], [-0.11176, -0.13333], [0.04902, -0.07059], [-0.13922, -0.02353], [-0.13922, 0.0902], [-0.13529, 0.09412]]}