{"rank": 152, "key_id": "5948929831075840", "category": "cat", "n_points": 31, "bbox_aspect": 1.4166666666666667, "n_extensions_spliced": 3, "main_perimeter_px": 651.2808368867686, "score": 0.7000492129804313, "coords": [[0.03725, -0.33333], [0.21765, -0.21569], [0.29216, -0.12549], [0.13922, -0.06667], [0.10392, -0.17255], [0.42941, 0.04314], [0.13922, -0.06667], [0.30784, -0.07059], [0.30784, 0.04706], [0.28824, 0.12941], [0.26078, 0.18039], [0.2098, 0.2], [0.08824, 0.21176], [0.08039, 0.35294], [0.02157, 0.30196], [-0.00196, 0.21961], [-0.13529, 0.23137], [-0.18627, 0.34902], [-0.20196, 0.33725], [-0.25294, 0.23137], [-0.32745, 0.21961], [-0.40588, 0.13333], [-0.42941, 0.06275], [-0.41765, -0.05882], [-0.36275, -0.16471], [-0.28431, -0.16078], [-0.28431, -0.25882], [-0.16667, -0.32941], [-0.05686, -0.35294], [0.00588, -0.3451], [0.06471, -0.2902], [0.03725, -0.33333]]}