{"rank": 153, "key_id": "4879364527226880", "category": "cat", "n_points": 35, "bbox_aspect": 1.3177083333333333, "n_extensions_spliced": 3, "main_perimeter_px": 801.4328614843703, "score": 0.6992619827216348, "coords": [[-0.27866, -0.00395], [-0.31818, -0.35968], [-0.16008, -0.36364], [-0.16008, -0.32806], [-0.19565, -0.32411], [-0.21146, -0.26482], [-0.20356, -0.16601], [-0.16403, -0.07905], [-0.10474, -0.05534], [0.03755, -0.05534], [0.12846, -0.0751], [0.21937, -0.11462], [0.23123, -0.14229], [0.22332, -0.23715], [0.16798, -0.32411], [0.15613, -0.36759], [0.24308, -0.37945], [0.29842, -0.36759], [0.32213, -0.34783], [0.27866, -0.33597], [0.27075, -0.27273], [0.33004, -0.13439], [0.46443, -0.0751], [0.5, -0.03162], [0.5, 0.02372], [0.44466, 0.12253], [0.37352, 0.14625], [0.31028, 0.13834], [0.31028, 0.06324], [0.29842, 0.05534], [0.05731, -0.00395], [-0.12055, -0.00791], [-0.18775, 0.01186], [-0.28656, 0.06719], [-0.27866, 0.06719], [-0.27866, -0.00395]]}