{"rank": 154, "key_id": "4753498245693440", "category": "cat", "n_points": 36, "bbox_aspect": 0.9094488188976378, "n_extensions_spliced": 2, "main_perimeter_px": 675.3152136272663, "score": 0.6980278448174309, "coords": [[-0.39961, 0.16929], [-0.36024, 0.19291], [-0.10433, 0.20472], [0.25394, 0.09843], [0.32874, 0.18504], [0.26969, 0.45669], [0.24606, 0.49606], [0.13976, 0.23228], [0.13976, 0.23228], [0.24606, 0.49606], [0.26969, 0.45669], [0.32874, 0.18504], [0.33661, 0.05512], [0.43504, -0.02756], [0.45472, -0.0748], [0.45472, -0.13386], [0.43898, -0.15354], [0.29331, -0.25197], [0.04921, -0.43701], [-0.08465, -0.5], [-0.21457, -0.49606], [-0.34055, -0.41732], [-0.39173, -0.36614], [-0.45079, -0.18504], [-0.45472, -0.01181], [-0.39567, 0.15354], [-0.36024, 0.19685], [-0.31693, 0.22047], [-0.29724, 0.23622], [-0.18701, 0.5], [-0.16732, 0.47244], [-0.13189, 0.22835], [-0.13189, 0.22835], [-0.16732, 0.47244], [-0.18701, 0.5], [-0.29724, 0.23622], [-0.39961, 0.16929]]}