{"rank": 155, "key_id": "6336954926891008", "category": "cat", "n_points": 47, "bbox_aspect": 1.0365853658536586, "n_extensions_spliced": 2, "main_perimeter_px": 694.1148718923491, "score": 0.6979551741567287, "coords": [[0.03333, 0.30196], [-0.09216, 0.29804], [-0.33922, 0.16471], [-0.32745, 0.2], [-0.32745, 0.3098], [-0.28824, 0.48235], [-0.18627, 0.3451], [-0.11961, 0.21961], [-0.11961, 0.21961], [-0.18627, 0.3451], [-0.28824, 0.48235], [-0.32745, 0.3098], [-0.32745, 0.2], [-0.42941, 0.07843], [-0.48824, -0.01569], [-0.5, -0.12157], [-0.5, -0.18431], [-0.43725, -0.32549], [-0.38627, -0.38824], [-0.28431, -0.45098], [-0.2098, -0.47451], [-0.07647, -0.48235], [0.08824, -0.44314], [0.24118, -0.39216], [0.35882, -0.32941], [0.42941, -0.26275], [0.42549, -0.18431], [0.40588, -0.05882], [0.31569, 0.16863], [0.24118, 0.26275], [0.22157, 0.27059], [0.27255, 0.30588], [0.34314, 0.33333], [0.42941, 0.35294], [0.48824, 0.35294], [0.5, 0.31373], [0.48431, 0.26275], [0.36275, 0.09804], [0.36275, 0.09804], [0.48431, 0.26275], [0.5, 0.31373], [0.48824, 0.35294], [0.42941, 0.35294], [0.34314, 0.33333], [0.27255, 0.30588], [0.22157, 0.27059], [0.0451, 0.3451], [0.03333, 0.30196]]}