{"rank": 156, "key_id": "5836179041681408", "category": "cat", "n_points": 25, "bbox_aspect": 1.0365853658536586, "n_extensions_spliced": 2, "main_perimeter_px": 597.5021485700369, "score": 0.6979551741567287, "coords": [[-0.14314, 0.08235], [-0.13922, 0.07843], [-0.13529, 0.11373], [-0.0451, 0.15294], [0.15882, 0.17255], [0.27647, 0.16078], [0.37059, 0.09804], [0.42941, -0.00392], [0.48431, -0.01961], [0.44118, -0.11765], [0.43333, -0.17647], [0.40196, -0.22745], [0.3, -0.32157], [0.13922, -0.42353], [0.05686, -0.46667], [-0.01765, -0.48235], [-0.1, -0.48235], [-0.17843, -0.45882], [-0.24118, -0.41569], [-0.3549, -0.23137], [-0.35882, -0.10196], [-0.33137, -0.03922], [-0.27255, 0.01961], [-0.19804, 0.07059], [-0.10784, 0.1098], [-0.14314, 0.08235]]}