{"rank": 157, "key_id": "5773400305827840", "category": "cat", "n_points": 26, "bbox_aspect": 1.0240963855421688, "n_extensions_spliced": 2, "main_perimeter_px": 682.0684878411137, "score": 0.6978035551174206, "coords": [[-0.17843, 0.13529], [-0.21765, 0.16667], [-0.29216, 0.16667], [-0.34706, 0.13922], [-0.4098, 0.08431], [-0.48824, -0.05294], [-0.5, -0.12745], [-0.5, -0.29216], [-0.4451, -0.3549], [-0.36667, -0.41765], [-0.27647, -0.46078], [-0.20196, -0.48431], [0.05294, -0.48824], [0.19412, -0.43725], [0.30784, -0.35098], [0.34314, -0.29608], [0.37843, -0.20588], [0.38235, -0.08824], [0.37059, -0.04118], [0.30784, 0.05294], [0.30784, 0.10392], [0.21373, 0.11569], [-0.01765, 0.17059], [-0.27647, 0.19804], [-0.26863, 0.21373], [-0.31961, 0.18627], [-0.17843, 0.13529]]}