{"rank": 158, "key_id": "5748586585260032", "category": "cat", "n_points": 42, "bbox_aspect": 0.9764705882352941, "n_extensions_spliced": 2, "main_perimeter_px": 702.9855298730541, "score": 0.6978019802795479, "coords": [[-0.34314, 0.12353], [-0.26471, 0.17843], [-0.29216, 0.15882], [-0.34314, 0.40588], [-0.33137, 0.45294], [-0.31176, 0.46078], [-0.12745, 0.29608], [-0.12745, 0.29608], [-0.31176, 0.46078], [-0.33137, 0.45294], [-0.34314, 0.40588], [-0.29216, 0.15882], [-0.11569, 0.21373], [0.09608, 0.22941], [0.19412, 0.21765], [0.15098, 0.26471], [0.22941, 0.42549], [0.30392, 0.5], [0.31569, 0.35098], [0.3549, 0.22941], [0.3549, 0.22941], [0.31569, 0.35098], [0.30392, 0.5], [0.22941, 0.42549], [0.15098, 0.26471], [0.32745, 0.14706], [0.42941, 0.03333], [0.48431, -0.08824], [0.48824, -0.16667], [0.47255, -0.23725], [0.40196, -0.34314], [0.24902, -0.44118], [0.03333, -0.49608], [-0.08824, -0.5], [-0.30784, -0.45686], [-0.3902, -0.41765], [-0.44902, -0.36275], [-0.48039, -0.29608], [-0.48824, -0.21373], [-0.47255, -0.10784], [-0.43333, 0.0098], [-0.33922, 0.1549], [-0.34314, 0.12353]]}