{"rank": 159, "key_id": "6748498659639296", "category": "cat", "n_points": 39, "bbox_aspect": 0.9411764705882353, "n_extensions_spliced": 2, "main_perimeter_px": 732.9193979623204, "score": 0.6970321990936466, "coords": [[-0.05882, 0.31569], [-0.18039, 0.33922], [-0.28235, 0.33922], [-0.32941, 0.32745], [-0.32941, 0.31961], [-0.32157, 0.41765], [-0.29412, 0.5], [-0.21569, 0.41765], [-0.19608, 0.35098], [-0.19608, 0.35098], [-0.21569, 0.41765], [-0.29412, 0.5], [-0.32157, 0.41765], [-0.32941, 0.31961], [-0.38824, 0.27255], [-0.43922, 0.16275], [-0.46275, 0.07255], [-0.47059, -0.16275], [-0.45882, -0.23725], [-0.40784, -0.35882], [-0.33725, -0.47647], [-0.29412, -0.5], [0.13333, -0.5], [0.2549, -0.44902], [0.36078, -0.36667], [0.40784, -0.25294], [0.40784, -0.06863], [0.37255, 0.05686], [0.36863, 0.08824], [0.47059, 0.33529], [0.46667, 0.49608], [0.03922, 0.26078], [0.03922, 0.26078], [0.46667, 0.49608], [0.47059, 0.33529], [0.36863, 0.08824], [0.28627, 0.17451], [0.18039, 0.23333], [-0.08627, 0.31176], [-0.05882, 0.31569]]}