{"rank": 160, "key_id": "5498818097315840", "category": "cat", "n_points": 45, "bbox_aspect": 1.007905138339921, "n_extensions_spliced": 2, "main_perimeter_px": 632.626329169947, "score": 0.6949812738667851, "coords": [[-0.07255, 0.22549], [-0.10392, 0.2451], [-0.11569, 0.2451], [-0.28431, 0.47255], [-0.39412, 0.09608], [-0.38627, 0.08039], [-0.38627, 0.08039], [-0.39412, 0.09608], [-0.28431, 0.47255], [-0.11569, 0.2451], [-0.10392, 0.2451], [-0.17843, 0.18235], [-0.25294, 0.13137], [-0.34706, 0.0451], [-0.46078, -0.08431], [-0.5, -0.16275], [-0.5, -0.22549], [-0.47647, -0.29608], [-0.42941, -0.35882], [-0.35882, -0.4098], [-0.26471, -0.45294], [-0.10784, -0.49608], [0.01765, -0.49608], [0.11961, -0.46471], [0.21373, -0.41765], [0.28039, -0.33922], [0.34706, -0.19804], [0.35882, -0.11961], [0.34706, -0.03725], [0.26863, 0.09608], [0.15098, 0.17059], [0.1549, 0.21765], [0.26078, 0.31961], [0.48824, 0.49608], [0.5, 0.46078], [0.47255, 0.30784], [0.39412, 0.11176], [0.39412, 0.11176], [0.47255, 0.30784], [0.5, 0.46078], [0.48824, 0.49608], [0.26078, 0.31961], [0.1549, 0.21765], [0.05686, 0.19804], [-0.11176, 0.1902], [-0.07255, 0.22549]]}