{"rank": 161, "key_id": "5673327785934848", "category": "cat", "n_points": 32, "bbox_aspect": 1.3563829787234043, "n_extensions_spliced": 3, "main_perimeter_px": 601.2072541597657, "score": 0.6945112086617515, "coords": [[-0.17059, 0.17255], [-0.15882, 0.20784], [-0.15882, 0.2902], [-0.19412, 0.36863], [-0.16275, 0.34118], [-0.08039, 0.21176], [-0.04902, 0.19216], [0.12745, 0.19216], [0.26863, 0.34902], [0.27255, 0.24706], [0.26078, 0.13725], [0.3, -0.05882], [0.29216, -0.16863], [0.25294, -0.23137], [0.13529, -0.14902], [0.1902, -0.28235], [0.06471, -0.34902], [-0.02549, -0.36863], [-0.16667, -0.36078], [-0.22549, -0.31373], [-0.26863, -0.23922], [-0.26078, -0.02745], [-0.05294, -0.08235], [-0.10784, -0.10588], [-0.13922, -0.10588], [-0.18235, -0.1451], [-0.27647, -0.20392], [-0.13922, -0.10588], [-0.10784, -0.10588], [-0.05294, -0.08235], [-0.2451, 0.04314], [-0.22549, 0.07059], [-0.17059, 0.17255]]}