{"rank": 162, "key_id": "5581513917726720", "category": "cat", "n_points": 21, "bbox_aspect": 1.0805084745762712, "n_extensions_spliced": 2, "main_perimeter_px": 605.8003318765874, "score": 0.6936716524581222, "coords": [[-0.05686, -0.38039], [-0.13922, -0.36078], [-0.23725, -0.2902], [-0.31569, -0.14902], [-0.31569, -0.0549], [-0.26471, 0.00784], [-0.29216, 0.01961], [-0.19412, 0.05882], [-0.07255, 0.09804], [-0.0098, 0.10588], [0.22157, 0.10588], [0.31961, 0.04706], [0.39804, -0.04314], [0.44902, -0.1451], [0.44902, -0.27059], [0.43333, -0.32549], [0.34314, -0.43529], [0.26863, -0.46275], [-0.03725, -0.46275], [-0.19412, -0.43922], [-0.29608, -0.40392], [-0.05686, -0.38039]]}