{"rank": 163, "key_id": "6048121043812352", "category": "cat", "n_points": 28, "bbox_aspect": 0.9921568627450981, "n_extensions_spliced": 2, "main_perimeter_px": 721.9806660144368, "score": 0.6922909281968502, "coords": [[-0.06471, 0.18627], [-0.11176, 0.20196], [-0.22941, 0.20196], [-0.29216, 0.1902], [-0.3549, 0.14706], [-0.4098, 0.07647], [-0.44902, -0.00588], [-0.46863, -0.09216], [-0.46863, -0.18235], [-0.42549, -0.28824], [-0.35098, -0.37843], [-0.26471, -0.44902], [-0.15882, -0.48824], [-0.05294, -0.5], [0.03725, -0.5], [0.13137, -0.45294], [0.21765, -0.37843], [0.29608, -0.28824], [0.34706, -0.19804], [0.40588, -0.03725], [0.40588, 0.10784], [0.38235, 0.05686], [0.37059, 0.16275], [0.31569, 0.19804], [-0.09608, 0.28431], [-0.15882, 0.28431], [-0.22157, 0.23333], [-0.25686, 0.18627], [-0.06471, 0.18627]]}