{"rank": 164, "key_id": "5734581535768576", "category": "cat", "n_points": 25, "bbox_aspect": 1.028225806451613, "n_extensions_spliced": 2, "main_perimeter_px": 597.7778486326573, "score": 0.6922871269938952, "coords": [[-0.3549, 0.01961], [-0.34314, 0.07451], [-0.26863, 0.12549], [-0.22549, 0.14902], [-0.17059, 0.16078], [0.0098, 0.18431], [0.09216, 0.17647], [0.12745, 0.18431], [0.20588, 0.14118], [0.3, 0.07451], [0.3549, 0.01569], [0.37451, -0.05098], [0.37843, -0.13333], [0.35098, -0.21569], [0.3, -0.28235], [0.22157, -0.34902], [0.08824, -0.42353], [-0.0451, -0.47451], [-0.17451, -0.48627], [-0.26863, -0.44314], [-0.32353, -0.38039], [-0.36275, -0.29804], [-0.40196, -0.08627], [-0.40588, -0.0], [-0.39412, 0.08235], [-0.3549, 0.01961]]}