{"rank": 165, "key_id": "6026247584874496", "category": "cat", "n_points": 44, "bbox_aspect": 0.9882352941176471, "n_extensions_spliced": 2, "main_perimeter_px": 707.4895592740978, "score": 0.6895186473455823, "coords": [[-0.23922, -0.33922], [-0.28627, -0.31961], [-0.32157, -0.28824], [-0.43922, -0.04902], [-0.48627, 0.09216], [-0.49412, 0.17059], [-0.47843, 0.2098], [-0.37255, 0.29216], [-0.40392, 0.27255], [-0.40784, 0.5], [-0.36078, 0.46471], [-0.24706, 0.34314], [-0.24706, 0.34314], [-0.36078, 0.46471], [-0.40784, 0.5], [-0.40392, 0.27255], [-0.15686, 0.36275], [0.02745, 0.36275], [0.16863, 0.31176], [0.19608, 0.3], [0.31765, 0.37843], [0.48627, 0.4451], [0.49412, 0.42157], [0.46275, 0.31569], [0.38039, 0.15882], [0.38039, 0.15882], [0.46275, 0.31569], [0.49412, 0.42157], [0.48627, 0.4451], [0.31765, 0.37843], [0.19608, 0.3], [0.27843, 0.23333], [0.33333, 0.11569], [0.34902, 0.0098], [0.33725, -0.08431], [0.29412, -0.18627], [0.16471, -0.37059], [0.03922, -0.49216], [0.00392, -0.5], [-0.07059, -0.49216], [-0.20392, -0.43725], [-0.27451, -0.3902], [-0.31765, -0.33529], [-0.33333, -0.28039], [-0.23922, -0.33922]]}