{"rank": 166, "key_id": "6538569717907456", "category": "cat", "n_points": 28, "bbox_aspect": 0.9882352941176471, "n_extensions_spliced": 2, "main_perimeter_px": 730.0036366572463, "score": 0.6895186473455823, "coords": [[0.25882, 0.09608], [0.01569, 0.15882], [-0.19216, 0.17059], [-0.29804, 0.13922], [-0.39216, 0.08431], [-0.36471, 0.06863], [-0.42745, 0.05294], [-0.47451, -0.02549], [-0.49412, -0.12745], [-0.48235, -0.23333], [-0.45882, -0.28431], [-0.38039, -0.37059], [-0.32549, -0.4098], [-0.19608, -0.46078], [-0.03922, -0.49608], [0.07059, -0.5], [0.19608, -0.49216], [0.27451, -0.47647], [0.4, -0.41373], [0.47451, -0.32745], [0.4902, -0.28039], [0.49412, -0.17451], [0.43529, -0.06863], [0.44314, -0.06471], [0.39608, -0.02549], [0.31765, 0.02941], [0.17647, 0.08824], [0.03529, 0.09608], [0.25882, 0.09608]]}