{"rank": 167, "key_id": "6567206714343424", "category": "cat", "n_points": 25, "bbox_aspect": 1.0240963855421688, "n_extensions_spliced": 2, "main_perimeter_px": 585.5733596188335, "score": 0.6894702217840873, "coords": [[-0.42549, -0.14706], [-0.34706, -0.04902], [-0.22941, 0.03333], [-0.05294, 0.09216], [0.02157, 0.1], [0.09608, 0.08824], [0.22157, 0.02941], [0.22157, 0.0451], [0.28039, -0.02157], [0.33137, -0.10392], [0.34314, -0.13137], [0.34314, -0.22157], [0.29216, -0.34706], [0.22157, -0.42157], [0.1549, -0.45686], [0.06863, -0.48039], [-0.13922, -0.48824], [-0.26471, -0.46471], [-0.37843, -0.4098], [-0.4451, -0.33137], [-0.46471, -0.26863], [-0.46471, -0.19412], [-0.4451, -0.12353], [-0.38235, -0.08039], [-0.37059, -0.07255], [-0.42549, -0.14706]]}