{"rank": 168, "key_id": "5370734941569024", "category": "cat", "n_points": 43, "bbox_aspect": 0.9764705882352941, "n_extensions_spliced": 2, "main_perimeter_px": 629.8533960306222, "score": 0.6894686469462146, "coords": [[0.23725, -0.46863], [0.04902, -0.5], [-0.06863, -0.47647], [-0.11961, -0.44902], [-0.22549, -0.35098], [-0.27647, -0.23725], [-0.20196, 0.18627], [-0.04902, 0.26078], [-0.15098, 0.3], [-0.26863, 0.34314], [-0.48039, 0.45294], [-0.46863, 0.2451], [-0.48824, 0.1549], [-0.40196, 0.06863], [-0.37059, 0.01373], [-0.22549, -0.11961], [-0.22549, -0.11961], [-0.37059, 0.01373], [-0.40196, 0.06863], [-0.48824, 0.1549], [-0.46863, 0.2451], [-0.48039, 0.45294], [-0.26863, 0.34314], [-0.15098, 0.3], [0.06078, 0.28039], [0.12745, 0.27647], [0.09608, 0.27647], [0.39804, 0.5], [0.48824, 0.10392], [0.48824, 0.06471], [0.44118, 0.0098], [0.44118, 0.0098], [0.48824, 0.06471], [0.48824, 0.10392], [0.39804, 0.5], [0.09608, 0.27647], [0.34314, 0.1549], [0.40588, 0.07255], [0.45294, -0.13922], [0.46078, -0.26863], [0.4451, -0.37059], [0.41373, -0.41373], [0.22549, -0.48039], [0.23725, -0.46863]]}