{"rank": 169, "key_id": "6280821839233024", "category": "cat", "n_points": 40, "bbox_aspect": 1.3421052631578947, "n_extensions_spliced": 1, "main_perimeter_px": 780.1680308518416, "score": 0.6871037321303756, "coords": [[0.3, 0.03529], [0.2098, 0.11373], [0.1, 0.16471], [0.01765, 0.16863], [-0.07647, 0.15294], [-0.23725, 0.10588], [-0.22549, 0.06667], [-0.30392, 0.18824], [-0.3549, 0.24314], [-0.5, 0.31765], [-0.42549, -0.03137], [-0.3549, -0.19608], [-0.33529, -0.21176], [-0.33529, -0.21176], [-0.3549, -0.19608], [-0.42549, -0.03137], [-0.5, 0.31765], [-0.3549, 0.24314], [-0.30392, 0.18824], [-0.22549, 0.06667], [-0.29216, 0.05882], [-0.35882, -0.06667], [-0.38235, -0.17255], [-0.37451, -0.24706], [-0.33529, -0.29804], [-0.28431, -0.33333], [-0.20588, -0.36471], [-0.12745, -0.37255], [-0.02157, -0.35294], [0.13529, -0.27451], [0.24902, -0.11765], [0.29216, 0.06667], [0.27255, 0.11765], [0.22549, 0.1451], [0.10392, 0.13725], [0.23333, 0.28235], [0.32353, 0.33333], [0.49216, 0.37255], [0.5, 0.34902], [0.31176, 0.00392], [0.3, 0.03529]]}