{"rank": 170, "key_id": "5203831572922368", "category": "cat", "n_points": 49, "bbox_aspect": 1.0450819672131149, "n_extensions_spliced": 2, "main_perimeter_px": 631.0536694228722, "score": 0.6870028249374748, "coords": [[-0.22941, 0.15686], [-0.31961, 0.1098], [-0.37059, 0.11373], [-0.42941, 0.27451], [-0.46078, 0.47843], [-0.41373, 0.45882], [-0.36667, 0.40392], [-0.26863, 0.21569], [-0.26863, 0.21569], [-0.36667, 0.40392], [-0.41373, 0.45882], [-0.46078, 0.47843], [-0.42941, 0.27451], [-0.37059, 0.11373], [-0.37451, 0.04314], [-0.48824, -0.20784], [-0.5, -0.26667], [-0.49608, -0.32549], [-0.4451, -0.37255], [-0.32353, -0.43137], [-0.18235, -0.47059], [0.1, -0.47843], [0.19412, -0.42745], [0.31176, -0.24706], [0.33529, -0.12549], [0.33529, 0.01961], [0.18235, 0.15294], [0.2098, 0.16863], [0.28431, 0.26667], [0.36275, 0.33725], [0.43333, 0.38039], [0.5, 0.39608], [0.49608, 0.37255], [0.40588, 0.23137], [0.37059, 0.11765], [0.34314, 0.08235], [0.34314, 0.08235], [0.37059, 0.11765], [0.40588, 0.23137], [0.49608, 0.37255], [0.5, 0.39608], [0.43333, 0.38039], [0.36275, 0.33725], [0.28431, 0.26667], [0.2098, 0.16863], [0.10392, 0.17647], [-0.13529, 0.18039], [-0.22941, 0.16078], [-0.26471, 0.12941], [-0.22941, 0.15686]]}