{"rank": 171, "key_id": "5829972541308928", "category": "cat", "n_points": 27, "bbox_aspect": 0.996078431372549, "n_extensions_spliced": 2, "main_perimeter_px": 584.5410949881954, "score": 0.6867189396672284, "coords": [[-0.10588, -0.01765], [-0.10588, -0.00196], [0.21176, -0.01765], [0.21569, -0.07255], [0.13725, -0.34706], [0.13333, -0.43725], [0.16078, -0.45294], [0.24706, -0.45686], [0.2902, -0.43725], [0.30588, -0.41765], [0.33333, -0.37059], [0.34902, -0.3], [0.33725, -0.28039], [0.28627, -0.27255], [0.27451, -0.25294], [0.31765, -0.13922], [0.34902, 0.00588], [0.35294, 0.08824], [0.42353, 0.11176], [0.46667, 0.15882], [0.49804, 0.26471], [0.49412, 0.39804], [0.4549, 0.45294], [0.42745, 0.46863], [0.30588, 0.47647], [0.22745, 0.45294], [0.15686, 0.39412], [-0.10588, -0.01765]]}