{"rank": 172, "key_id": "6103871413813248", "category": "cat", "n_points": 25, "bbox_aspect": 1.02, "n_extensions_spliced": 2, "main_perimeter_px": 628.0271529436288, "score": 0.6866646068058101, "coords": [[0.18235, 0.20784], [0.14314, 0.23137], [0.07255, 0.25098], [-0.08039, 0.25098], [-0.17059, 0.21569], [-0.25686, 0.17255], [-0.40196, 0.04706], [-0.45686, -0.01961], [-0.46471, -0.01569], [-0.48824, -0.0902], [-0.5, -0.21961], [-0.48039, -0.30196], [-0.43333, -0.36471], [-0.37059, -0.41961], [-0.29216, -0.45882], [-0.14314, -0.4902], [-0.01373, -0.4902], [0.04902, -0.47059], [0.18627, -0.36863], [0.23725, -0.30588], [0.28039, -0.17647], [0.28039, -0.03529], [0.24118, 0.07059], [0.18627, 0.13333], [0.08824, 0.17255], [0.18235, 0.20784]]}