{"rank": 173, "key_id": "5602789994528768", "category": "cat", "n_points": 25, "bbox_aspect": 1.02, "n_extensions_spliced": 2, "main_perimeter_px": 641.0208481261394, "score": 0.6866646068058101, "coords": [[0.26863, 0.11373], [0.22941, 0.16078], [0.18627, 0.16863], [0.14314, 0.19608], [0.05294, 0.19608], [-0.24118, 0.04314], [-0.33137, -0.02745], [-0.39412, -0.12157], [-0.5, -0.0902], [-0.41765, -0.20392], [-0.42157, -0.25098], [-0.32745, -0.39608], [-0.28431, -0.43922], [-0.24118, -0.4549], [-0.1, -0.4902], [-0.0451, -0.4902], [0.13529, -0.42745], [0.22157, -0.37647], [0.31961, -0.29804], [0.42549, -0.12157], [0.4451, 0.03529], [0.48039, 0.02745], [0.41765, 0.08235], [0.24118, 0.18431], [0.18627, 0.19608], [0.26863, 0.11373]]}