{"rank": 174, "key_id": "4904819410075648", "category": "cat", "n_points": 43, "bbox_aspect": 0.9725490196078431, "n_extensions_spliced": 2, "main_perimeter_px": 613.1581076879503, "score": 0.6866517417364069, "coords": [[-0.00784, 0.12353], [-0.02745, 0.15882], [-0.10196, 0.23333], [-0.48627, 0.5], [-0.36078, 0.27647], [-0.30588, 0.1], [-0.30588, 0.1], [-0.36078, 0.27647], [-0.48627, 0.5], [-0.10196, 0.23333], [-0.02745, 0.15882], [-0.20784, 0.13137], [-0.2549, 0.11569], [-0.28627, 0.06078], [-0.30588, -0.06863], [-0.2902, -0.26471], [-0.22745, -0.37059], [-0.12549, -0.44902], [0.03137, -0.49216], [0.18824, -0.5], [0.27059, -0.45294], [0.33725, -0.3902], [0.39216, -0.32745], [0.47843, -0.17843], [0.48627, -0.03333], [0.44706, 0.00196], [0.28235, 0.08039], [0.30588, 0.0098], [0.33333, 0.2098], [0.40392, 0.46863], [0.40392, 0.5], [0.27451, 0.38235], [0.08235, 0.17451], [0.08235, 0.17451], [0.27451, 0.38235], [0.40392, 0.5], [0.40392, 0.46863], [0.33333, 0.2098], [0.30588, 0.0098], [0.21569, 0.1], [0.10196, 0.1], [0.04314, 0.08039], [-0.04314, -0.0098], [-0.00784, 0.12353]]}