{"rank": 175, "key_id": "6315085557399552", "category": "cat", "n_points": 32, "bbox_aspect": 1.3405405405405406, "n_extensions_spliced": 1, "main_perimeter_px": 731.3123433903646, "score": 0.6862871457924778, "coords": [[-0.31048, 0.18347], [-0.31452, 0.34476], [-0.24194, 0.23185], [-0.20565, 0.19556], [-0.10887, 0.26008], [0.0121, 0.26411], [0.20968, 0.20766], [0.2379, 0.19153], [0.24194, 0.16331], [0.31048, 0.28831], [0.35484, 0.33266], [0.43145, 0.36492], [0.5, 0.37298], [0.47984, 0.26008], [0.3871, 0.0746], [0.39113, -0.07863], [0.375, -0.12702], [0.30645, -0.23992], [0.18952, -0.3246], [0.02016, -0.36492], [-0.1129, -0.37298], [-0.1371, -0.36089], [-0.31855, -0.12298], [-0.33871, -0.04234], [-0.17339, -0.01008], [-0.38306, 0.03024], [-0.5, 0.03427], [-0.5, 0.03427], [-0.38306, 0.03024], [-0.17339, -0.01008], [-0.33871, 0.16734], [-0.33065, 0.1754], [-0.31048, 0.18347]]}