{"rank": 176, "key_id": "6226793512042496", "category": "cat", "n_points": 31, "bbox_aspect": 1.3563829787234043, "n_extensions_spliced": 3, "main_perimeter_px": 625.7692680430862, "score": 0.6861778753284182, "coords": [[-0.15882, 0.07451], [-0.20588, 0.17255], [-0.22549, 0.27451], [-0.21765, 0.34118], [-0.18627, 0.36863], [-0.15098, 0.36863], [-0.02549, 0.12549], [-0.01765, 0.14118], [0.10392, 0.13725], [0.1549, 0.09804], [0.16275, 0.06667], [0.16275, 0.10196], [0.20196, 0.2], [0.29216, 0.29412], [0.34706, 0.30588], [0.33529, 0.19216], [0.34314, -0.07843], [0.26471, -0.20392], [0.20196, -0.09412], [0.24118, -0.27451], [0.20588, -0.30196], [0.12353, -0.3098], [-0.01373, -0.23529], [-0.09608, -0.17647], [-0.02941, -0.08627], [-0.03333, -0.14902], [-0.06078, -0.06275], [-0.02941, -0.08627], [-0.13529, -0.12941], [-0.18627, -0.01569], [-0.18627, 0.06667], [-0.15882, 0.07451]]}