{"rank": 177, "key_id": "6078687436865536", "category": "cat", "n_points": 41, "bbox_aspect": 1.3563829787234043, "n_extensions_spliced": 1, "main_perimeter_px": 704.2968719069208, "score": 0.6861778753284182, "coords": [[-0.48824, -0.01961], [-0.48824, 0.14118], [-0.43333, 0.36078], [-0.41373, 0.36863], [-0.3902, 0.36078], [-0.35098, 0.29804], [-0.29216, 0.04706], [-0.22549, 0.00392], [-0.16275, -0.01176], [-0.01765, 0.03137], [-0.00588, 0.19216], [0.0451, 0.29412], [0.06471, 0.28235], [0.09608, 0.22353], [0.13529, 0.05882], [0.11569, -0.07843], [0.13137, -0.03137], [0.17059, 0.00784], [0.2451, 0.03529], [0.4451, 0.05098], [0.48431, 0.03922], [0.5, -0.0], [0.5, -0.04706], [0.45686, -0.16471], [0.45686, -0.16471], [0.5, -0.04706], [0.5, -0.0], [0.48431, 0.03922], [0.4451, 0.05098], [0.2451, 0.03529], [0.17059, 0.00784], [0.13137, -0.03137], [0.05294, -0.24314], [-0.00588, -0.30196], [-0.14314, -0.36863], [-0.24118, -0.36078], [-0.31961, -0.32549], [-0.42941, -0.24706], [-0.48431, -0.15294], [-0.5, -0.02353], [-0.46078, 0.01961], [-0.48824, -0.01961]]}