{"rank": 178, "key_id": "5609258370465792", "category": "cat", "n_points": 23, "bbox_aspect": 1.0365853658536586, "n_extensions_spliced": 2, "main_perimeter_px": 580.5337440630274, "score": 0.6812885074900621, "coords": [[-0.17843, -0.36078], [-0.00196, -0.36471], [0.17451, -0.34902], [0.23725, -0.31765], [0.28431, -0.26667], [0.30392, -0.21961], [0.29608, -0.11373], [0.22549, -0.05882], [0.1902, -0.01961], [0.03333, 0.01176], [-0.17059, 0.01176], [-0.25294, -0.01569], [-0.28431, -0.03922], [-0.31961, -0.06275], [-0.36275, -0.12549], [-0.37843, -0.19608], [-0.37843, -0.27843], [-0.32745, -0.35294], [-0.25686, -0.42353], [-0.17451, -0.47059], [0.0098, -0.48235], [0.14314, -0.38039], [0.1902, -0.30196], [-0.17843, -0.36078]]}