{"rank": 179, "key_id": "5860701908238336", "category": "cat", "n_points": 42, "bbox_aspect": 0.9529411764705882, "n_extensions_spliced": 2, "main_perimeter_px": 661.6161663037255, "score": 0.6807279630926365, "coords": [[-0.35098, 0.08431], [-0.3549, 0.11176], [-0.41765, 0.20196], [-0.43725, 0.25294], [-0.47647, 0.49608], [-0.10784, 0.15882], [-0.10784, 0.15882], [-0.47647, 0.49608], [-0.43725, 0.25294], [-0.41765, 0.20196], [-0.3549, 0.11176], [-0.39804, -0.02941], [-0.40196, -0.15882], [-0.37843, -0.28039], [-0.28824, -0.3902], [-0.16667, -0.46863], [-0.00588, -0.5], [0.22941, -0.48039], [0.34314, -0.42157], [0.42157, -0.35098], [0.43725, -0.31961], [0.38235, -0.09608], [0.40196, -0.11961], [0.43333, 0.28431], [0.47647, 0.5], [0.39412, 0.44902], [0.33137, 0.34314], [0.19804, 0.22941], [0.19804, 0.22941], [0.33137, 0.34314], [0.39412, 0.44902], [0.47647, 0.5], [0.43333, 0.28431], [0.40196, -0.11961], [0.33922, -0.01373], [0.28431, 0.08039], [0.22941, 0.13529], [0.13137, 0.19804], [-0.01373, 0.24902], [-0.15882, 0.24118], [-0.27255, 0.17451], [-0.37843, -0.00196], [-0.35098, 0.08431]]}