{"rank": 180, "key_id": "6179884483215360", "category": "cat", "n_points": 38, "bbox_aspect": 0.9058823529411765, "n_extensions_spliced": 2, "main_perimeter_px": 677.2525901833699, "score": 0.6786106834528415, "coords": [[-0.17451, 0.30784], [-0.31569, 0.20588], [-0.38235, 0.12745], [-0.4451, -0.01373], [-0.45294, -0.17451], [-0.41765, -0.28431], [-0.3, -0.42157], [-0.1902, -0.48039], [-0.13529, -0.49608], [-0.04118, -0.5], [0.04902, -0.48431], [0.15882, -0.43725], [0.24118, -0.37843], [0.32745, -0.29608], [0.39412, -0.15882], [0.41373, -0.01373], [0.4098, 0.07255], [0.37843, 0.16275], [0.35098, 0.20588], [0.22941, 0.29216], [0.26863, 0.30392], [0.45294, 0.45686], [0.37059, 0.10392], [0.37059, 0.10392], [0.45294, 0.45686], [0.26863, 0.30392], [0.1549, 0.31961], [0.04118, 0.33922], [-0.05686, 0.33137], [-0.13922, 0.30784], [-0.15098, 0.31176], [-0.25294, 0.40588], [-0.31176, 0.5], [-0.28431, 0.2098], [-0.28431, 0.2098], [-0.31176, 0.5], [-0.25294, 0.40588], [-0.15098, 0.31176], [-0.17451, 0.30784]]}