{"rank": 181, "key_id": "5555973928255488", "category": "cat", "n_points": 30, "bbox_aspect": 1.3563829787234043, "n_extensions_spliced": 1, "main_perimeter_px": 777.800824649481, "score": 0.6778445419950848, "coords": [[-0.5, 0.06275], [-0.31176, 0.07059], [-0.13922, 0.04314], [-0.14706, 0.02745], [-0.18627, 0.01176], [-0.19412, -0.00784], [-0.20196, -0.12157], [-0.22549, -0.18431], [-0.2451, -0.36863], [-0.2451, -0.2902], [-0.19412, -0.17647], [-0.17451, 0.05882], [-0.11176, 0.06667], [0.09608, 0.03137], [0.18235, 0.03137], [0.15098, -0.06275], [0.14314, -0.3098], [0.14706, -0.14118], [0.19412, 0.03529], [0.1549, 0.08235], [0.14706, 0.19216], [0.17451, 0.21961], [0.20588, 0.22745], [0.31569, 0.21961], [0.37843, 0.16863], [0.38627, 0.18039], [0.39804, 0.11373], [0.38235, 0.07451], [0.35098, 0.04706], [0.18627, 0.01961], [-0.5, 0.06275]]}