{"rank": 182, "key_id": "5721399375167488", "category": "cat", "n_points": 39, "bbox_aspect": 1.3076923076923077, "n_extensions_spliced": 3, "main_perimeter_px": 532.5627964640861, "score": 0.6772542249814265, "coords": [[-0.21765, 0.17059], [-0.23333, 0.26078], [-0.22549, 0.27255], [-0.27647, 0.38235], [-0.30392, 0.35098], [-0.32745, 0.27647], [-0.23333, 0.22549], [-0.17843, 0.11176], [-0.24118, 0.07255], [-0.33529, 0.07647], [-0.41765, 0.11961], [-0.42941, 0.1549], [-0.42941, 0.22549], [-0.42157, 0.22549], [-0.39804, 0.27647], [-0.42941, 0.22549], [-0.42941, 0.1549], [-0.41765, 0.11961], [-0.33529, 0.07647], [-0.24118, 0.07255], [-0.17843, 0.11176], [-0.23333, 0.22549], [-0.32745, 0.27647], [-0.30392, 0.35098], [-0.27647, 0.38235], [-0.22549, 0.27255], [-0.23333, 0.26078], [0.45294, 0.16667], [0.46863, 0.14706], [0.48039, 0.08039], [0.5, -0.17451], [0.31569, -0.21765], [0.09216, -0.23725], [-0.15882, -0.23725], [-0.13137, -0.26471], [-0.23725, -0.22549], [-0.33137, -0.19804], [-0.34314, -0.17843], [-0.28431, -0.05686], [-0.21765, 0.17059]]}