{"rank": 183, "key_id": "5360938226024448", "category": "cat", "n_points": 26, "bbox_aspect": 0.9921568627450981, "n_extensions_spliced": 2, "main_perimeter_px": 683.2357377929152, "score": 0.6756242615301835, "coords": [[-0.04902, 0.14314], [-0.09608, 0.20196], [-0.07255, 0.20588], [-0.16275, 0.23333], [-0.22549, 0.22941], [-0.31176, 0.15882], [-0.39804, 0.0451], [-0.48039, -0.11961], [-0.49608, -0.18235], [-0.49608, -0.27647], [-0.46863, -0.34314], [-0.40196, -0.40588], [-0.33137, -0.44902], [-0.22941, -0.47647], [-0.07255, -0.5], [0.1549, -0.49216], [0.31569, -0.42549], [0.37451, -0.36275], [0.40196, -0.24118], [0.40196, -0.03333], [0.37059, 0.06078], [0.32353, 0.11961], [0.23333, 0.16667], [0.23725, 0.18627], [0.1549, 0.1902], [-0.02549, 0.2098], [-0.04902, 0.14314]]}