{"rank": 184, "key_id": "5465560571707392", "category": "cat", "n_points": 43, "bbox_aspect": 1.4325842696629214, "n_extensions_spliced": 3, "main_perimeter_px": 595.0914447611397, "score": 0.675561235895077, "coords": [[-0.20588, 0.09804], [-0.26078, 0.0902], [-0.24902, 0.09412], [-0.41373, 0.28235], [-0.5, 0.34902], [-0.5, 0.34902], [-0.41373, 0.28235], [-0.24902, 0.09412], [-0.36275, 0.03137], [-0.37843, 0.03529], [-0.47647, 0.18824], [-0.49608, 0.32157], [-0.49608, 0.32157], [-0.47647, 0.18824], [-0.37843, 0.03529], [-0.40196, -0.01176], [-0.42157, -0.08235], [-0.42157, -0.11765], [-0.39804, -0.15294], [-0.23333, -0.26667], [-0.06471, -0.31373], [0.16275, -0.34902], [0.32353, -0.33725], [0.39412, -0.3098], [0.46863, -0.26667], [0.5, -0.21961], [0.49608, -0.12549], [0.44118, -0.02745], [0.34706, 0.03137], [0.16275, 0.07843], [0.0451, 0.08235], [0.01373, 0.06275], [0.27255, 0.14902], [0.49608, 0.25882], [0.46078, 0.04706], [0.44118, 0.01569], [0.44118, 0.01569], [0.46078, 0.04706], [0.49608, 0.25882], [0.27255, 0.14902], [0.01373, 0.06275], [-0.10392, 0.03529], [-0.28824, 0.02745], [-0.20588, 0.09804]]}