{"rank": 185, "key_id": "5893568860258304", "category": "cat", "n_points": 24, "bbox_aspect": 1.0159362549800797, "n_extensions_spliced": 2, "main_perimeter_px": 607.3317550503689, "score": 0.6755368585838005, "coords": [[-0.10392, 0.1902], [-0.16667, 0.17843], [-0.28431, -0.02157], [-0.32353, -0.11569], [-0.34314, -0.20588], [-0.34314, -0.36275], [-0.3, -0.42941], [-0.23725, -0.46078], [-0.15882, -0.48431], [0.0098, -0.49216], [0.08824, -0.46863], [0.15882, -0.42157], [0.22157, -0.36667], [0.26863, -0.30392], [0.35098, -0.15882], [0.36667, 0.01765], [0.33922, 0.06471], [0.33137, 0.08039], [0.25294, 0.13529], [0.17451, 0.16667], [-0.00196, 0.1902], [-0.18627, 0.1902], [-0.22941, 0.16667], [-0.33529, 0.13529], [-0.10392, 0.1902]]}