{"rank": 186, "key_id": "6216833566769152", "category": "cat", "n_points": 42, "bbox_aspect": 0.9450980392156862, "n_extensions_spliced": 2, "main_perimeter_px": 671.0757573839877, "score": 0.6749428061977112, "coords": [[0.07255, 0.31569], [-0.03333, 0.3], [-0.14314, 0.25294], [-0.12745, 0.18627], [-0.18235, 0.22941], [-0.25294, 0.4098], [-0.32353, 0.06863], [-0.32353, 0.06863], [-0.25294, 0.4098], [-0.18235, 0.22941], [-0.12745, 0.18627], [-0.28431, 0.1549], [-0.42941, -0.0098], [-0.46471, -0.11176], [-0.47255, -0.27255], [-0.45294, -0.32745], [-0.41765, -0.37843], [-0.33922, -0.44118], [-0.28039, -0.46863], [-0.09608, -0.5], [0.05686, -0.47255], [0.18627, -0.40588], [0.28824, -0.28039], [0.33137, -0.13529], [0.31176, -0.0098], [0.1902, 0.26863], [0.17843, 0.27255], [0.36275, 0.42941], [0.47255, 0.5], [0.45686, 0.43333], [0.37059, 0.25294], [0.35098, 0.11961], [0.35098, 0.11961], [0.37059, 0.25294], [0.45686, 0.43333], [0.47255, 0.5], [0.36275, 0.42941], [0.17843, 0.27255], [0.14314, 0.30784], [0.10392, 0.32353], [0.04902, 0.33137], [-0.01765, 0.31569], [0.07255, 0.31569]]}