{"rank": 187, "key_id": "6534560483377152", "category": "cat", "n_points": 23, "bbox_aspect": 1.0240963855421688, "n_extensions_spliced": 2, "main_perimeter_px": 577.5501907161129, "score": 0.6728035551174207, "coords": [[-0.20196, 0.11961], [-0.22157, 0.1549], [-0.26078, 0.0451], [-0.28039, -0.05294], [-0.28039, -0.14314], [-0.26078, -0.2098], [-0.21373, -0.27647], [-0.15098, -0.34706], [-0.06471, -0.41373], [-0.01765, -0.44118], [0.13137, -0.48431], [0.25294, -0.48824], [0.4098, -0.43725], [0.46471, -0.38627], [0.48824, -0.31961], [0.5, -0.15098], [0.47255, -0.08431], [0.41765, -0.0098], [0.3902, 0.02941], [0.32745, 0.06078], [0.06078, 0.20196], [-0.02549, 0.23333], [-0.16667, 0.2451], [-0.20196, 0.11961]]}