{"rank": 188, "key_id": "5490548724989952", "category": "cat", "n_points": 25, "bbox_aspect": 1.0, "n_extensions_spliced": 2, "main_perimeter_px": 692.0849563285617, "score": 0.6728027676984843, "coords": [[0.13137, 0.23725], [0.08824, 0.26078], [-0.04118, 0.26863], [-0.13529, 0.24902], [-0.18627, 0.22157], [-0.24902, 0.18235], [-0.28431, 0.14314], [-0.34706, 0.08431], [-0.44118, -0.09608], [-0.45294, -0.14706], [-0.45294, -0.24902], [-0.41373, -0.35098], [-0.33922, -0.43333], [-0.28039, -0.46863], [-0.15882, -0.5], [-0.02549, -0.5], [0.17059, -0.41373], [0.41373, -0.23333], [0.49608, -0.1], [0.5, 0.00588], [0.45294, 0.06078], [0.35882, 0.13529], [0.2098, 0.21765], [0.22157, 0.23333], [0.09216, 0.2451], [0.13137, 0.23725]]}