{"rank": 189, "key_id": "5520940655968256", "category": "cat", "n_points": 44, "bbox_aspect": 0.9645669291338582, "n_extensions_spliced": 2, "main_perimeter_px": 649.3300741515211, "score": 0.6725495281668177, "coords": [[-0.33268, -0.15354], [-0.33661, -0.24803], [-0.32087, -0.29528], [-0.26575, -0.38189], [-0.20276, -0.43307], [-0.00984, -0.5], [0.18307, -0.5], [0.25, -0.48031], [0.33661, -0.42913], [0.37598, -0.38976], [0.45079, -0.26772], [0.48228, -0.15748], [0.47441, -0.07087], [0.43504, 0.01181], [0.38386, 0.09449], [0.32087, 0.15748], [0.29724, 0.16929], [0.28937, 0.5], [0.20276, 0.3937], [0.15551, 0.29134], [0.15551, 0.29134], [0.20276, 0.3937], [0.28937, 0.5], [0.29724, 0.16929], [0.20276, 0.23622], [0.1122, 0.26772], [-0.0689, 0.27953], [-0.15945, 0.25197], [-0.25, 0.19291], [-0.27756, 0.19685], [-0.41142, 0.35433], [-0.44291, 0.37795], [-0.48228, 0.38189], [-0.4626, 0.21654], [-0.39567, 0.04724], [-0.39567, 0.04724], [-0.4626, 0.21654], [-0.48228, 0.38189], [-0.44291, 0.37795], [-0.41142, 0.35433], [-0.27756, 0.19685], [-0.34055, 0.08661], [-0.36811, -0.00394], [-0.36417, -0.12992], [-0.33268, -0.15354]]}