{"rank": 190, "key_id": "5331853441499136", "category": "cat", "n_points": 26, "bbox_aspect": 0.984313725490196, "n_extensions_spliced": 2, "main_perimeter_px": 712.9938638390397, "score": 0.670068676813168, "coords": [[0.29216, 0.22157], [0.16667, 0.29608], [0.01765, 0.34706], [-0.14706, 0.33137], [-0.21373, 0.31176], [-0.28431, 0.26471], [-0.38627, 0.15098], [-0.45686, 0.0451], [-0.43333, 0.06078], [-0.48431, -0.03333], [-0.49216, -0.11569], [-0.47255, -0.22941], [-0.42941, -0.29216], [-0.35098, -0.38235], [-0.27647, -0.43725], [-0.17451, -0.47647], [-0.01765, -0.5], [0.08824, -0.48824], [0.24902, -0.42157], [0.33922, -0.33137], [0.38235, -0.25294], [0.39412, -0.13137], [0.36275, 0.00196], [0.30784, 0.03725], [0.28824, 0.12353], [0.16667, 0.22157], [0.29216, 0.22157]]}