{"rank": 191, "key_id": "5863501744570368", "category": "cat", "n_points": 47, "bbox_aspect": 0.996078431372549, "n_extensions_spliced": 2, "main_perimeter_px": 721.8418218907484, "score": 0.6700522730005617, "coords": [[0.1098, 0.27255], [-0.07059, 0.25294], [-0.25098, 0.19804], [-0.31373, 0.16667], [-0.30588, 0.1902], [-0.33725, 0.5], [-0.32549, 0.44902], [-0.29804, 0.39412], [-0.21961, 0.30784], [-0.13333, 0.24902], [-0.13333, 0.24902], [-0.21961, 0.30784], [-0.29804, 0.39412], [-0.32549, 0.44902], [-0.33725, 0.5], [-0.30588, 0.1902], [-0.43137, 0.05686], [-0.4902, -0.05294], [-0.49804, -0.11961], [-0.48235, -0.1902], [-0.43922, -0.26471], [-0.33725, -0.3549], [-0.09412, -0.46078], [0.1098, -0.5], [0.27843, -0.47647], [0.44314, -0.4098], [0.47059, -0.36667], [0.46667, -0.25686], [0.41961, -0.0451], [0.37255, 0.06078], [0.30196, 0.17059], [0.29804, 0.13529], [0.36471, 0.1902], [0.42353, 0.25686], [0.4902, 0.35882], [0.49804, 0.39804], [0.30196, 0.26471], [0.21961, 0.18627], [0.21961, 0.18627], [0.30196, 0.26471], [0.49804, 0.39804], [0.4902, 0.35882], [0.42353, 0.25686], [0.36471, 0.1902], [0.29804, 0.13529], [0.1451, 0.2451], [0.02353, 0.27255], [0.1098, 0.27255]]}