{"rank": 192, "key_id": "5454025396846592", "category": "cat", "n_points": 24, "bbox_aspect": 1.007905138339921, "n_extensions_spliced": 2, "main_perimeter_px": 572.0636656062502, "score": 0.6699812738667851, "coords": [[-0.02157, 0.23333], [-0.15882, 0.24118], [-0.20196, 0.22549], [-0.29216, 0.16275], [-0.34314, 0.10392], [-0.42157, -0.03725], [-0.4451, -0.11569], [-0.48039, -0.12353], [-0.45686, -0.27647], [-0.4451, -0.3549], [-0.40196, -0.41765], [-0.34314, -0.46863], [-0.27255, -0.49608], [-0.09608, -0.49216], [0.08039, -0.38627], [0.15098, -0.32353], [0.19804, -0.25294], [0.22941, -0.16667], [0.25686, -0.15098], [0.22549, -0.01765], [0.15098, 0.07255], [0.1, 0.10784], [-0.00588, 0.15098], [-0.06863, 0.1549], [-0.02157, 0.23333]]}