{"rank": 193, "key_id": "5561176480022528", "category": "cat", "n_points": 44, "bbox_aspect": 0.9607843137254902, "n_extensions_spliced": 2, "main_perimeter_px": 652.794078613324, "score": 0.6697990334688949, "coords": [[-0.40196, 0.09608], [-0.40588, 0.04118], [-0.35098, -0.07647], [-0.3, -0.24118], [-0.21373, -0.35882], [-0.14706, -0.43333], [-0.05294, -0.49216], [0.17451, -0.5], [0.33529, -0.42549], [0.38235, -0.3902], [0.42941, -0.33137], [0.47255, -0.23333], [0.48039, -0.13922], [0.46471, -0.07255], [0.42157, -0.00588], [0.22941, 0.18627], [0.11176, 0.23725], [0.09216, 0.22157], [0.12353, 0.29608], [0.29216, 0.5], [0.3, 0.06078], [0.3, 0.06078], [0.29216, 0.5], [0.12353, 0.29608], [0.09216, 0.22157], [0.01765, 0.26078], [-0.26078, 0.25686], [-0.21765, 0.28039], [-0.26863, 0.33529], [-0.47255, 0.41373], [-0.48039, 0.39412], [-0.46863, 0.31961], [-0.43333, 0.19804], [-0.40196, 0.14706], [-0.40196, 0.14706], [-0.43333, 0.19804], [-0.46863, 0.31961], [-0.48039, 0.39412], [-0.47255, 0.41373], [-0.26863, 0.33529], [-0.21765, 0.28039], [-0.31176, 0.22157], [-0.32745, 0.13922], [-0.35098, 0.11176], [-0.40196, 0.09608]]}