{"rank": 194, "key_id": "5807800930271232", "category": "cat", "n_points": 34, "bbox_aspect": 1.536144578313253, "n_extensions_spliced": 3, "main_perimeter_px": 568.0282132208368, "score": 0.6683708692068643, "coords": [[0.10784, 0.21569], [0.0451, 0.29412], [-0.0098, 0.32549], [-0.01373, 0.23529], [0.0098, 0.13725], [-0.02941, 0.11765], [-0.07255, 0.07059], [-0.10784, -0.0549], [-0.11176, -0.14902], [-0.09216, -0.20392], [-0.05294, -0.27059], [0.01373, -0.32157], [0.06471, -0.32549], [0.12745, -0.14118], [0.12353, -0.08235], [0.22941, -0.08627], [-0.08431, -0.07843], [0.12353, -0.08235], [0.03333, -0.17255], [0.12745, -0.14118], [0.25294, -0.2902], [0.29216, -0.27843], [0.35098, -0.21961], [0.3902, -0.11765], [0.39412, -0.04706], [0.38235, -0.01961], [0.27647, 0.07059], [0.31961, 0.11373], [0.33922, 0.15294], [0.36667, 0.28627], [0.27647, 0.24706], [0.20588, 0.18824], [0.11961, 0.21176], [0.03725, 0.19216], [0.10784, 0.21569]]}