{"rank": 195, "key_id": "4515903209209856", "category": "cat", "n_points": 27, "bbox_aspect": 1.4166666666666667, "n_extensions_spliced": 3, "main_perimeter_px": 539.8947732826523, "score": 0.666715879647098, "coords": [[0.21373, 0.03922], [0.20588, 0.07843], [0.23725, 0.09804], [0.16275, 0.12941], [0.08824, 0.16863], [-0.00588, 0.19216], [-0.17059, 0.20784], [-0.26863, 0.20392], [-0.22941, 0.19608], [-0.31569, 0.18824], [-0.40588, 0.12941], [-0.46471, 0.05098], [-0.48431, 0.00392], [-0.5, -0.08627], [-0.49608, -0.20784], [-0.45686, -0.27451], [-0.42549, -0.30196], [-0.33137, -0.34118], [-0.22157, -0.35294], [-0.07255, -0.34118], [0.01765, -0.29804], [0.12745, -0.21569], [0.01765, -0.10196], [0.17451, -0.15686], [0.1902, -0.09412], [0.18627, -0.01176], [0.15882, 0.0902], [0.21373, 0.03922]]}