{"rank": 196, "key_id": "4961032608940032", "category": "cat", "n_points": 27, "bbox_aspect": 1.4166666666666667, "n_extensions_spliced": 3, "main_perimeter_px": 440.8928647290484, "score": 0.666715879647098, "coords": [[-0.17059, 0.11765], [-0.22157, 0.13725], [-0.29608, 0.13725], [-0.41373, 0.0549], [-0.38235, 0.06667], [-0.47255, -0.03529], [-0.49608, -0.11765], [-0.5, -0.18039], [-0.46078, -0.23137], [-0.34314, -0.27451], [-0.21373, -0.28235], [-0.13137, -0.27451], [0.00588, -0.20392], [0.04902, -0.15294], [0.03725, -0.16078], [0.08824, -0.22745], [0.09608, -0.21961], [0.11569, -0.24314], [0.08824, -0.22745], [0.03725, -0.16078], [0.05686, -0.04314], [0.03333, 0.05098], [-0.01373, 0.10196], [-0.09216, 0.11765], [-0.18235, 0.11765], [-0.29608, 0.09412], [-0.30784, 0.08627], [-0.17059, 0.11765]]}