{"rank": 197, "key_id": "5790562122727424", "category": "cat", "n_points": 30, "bbox_aspect": 0.9333333333333333, "n_extensions_spliced": 2, "main_perimeter_px": 688.5733398414023, "score": 0.6661744243242849, "coords": [[0.11765, 0.33137], [0.02353, 0.38235], [-0.01961, 0.38627], [-0.08235, 0.37451], [-0.18431, 0.32353], [-0.30196, 0.23333], [-0.36078, 0.16667], [-0.42745, 0.0451], [-0.44706, -0.11176], [-0.43922, -0.19412], [-0.41569, -0.26078], [-0.37647, -0.31569], [-0.27059, -0.41373], [-0.12941, -0.48039], [-0.05098, -0.5], [0.02745, -0.5], [0.09412, -0.48431], [0.15294, -0.45294], [0.2, -0.40588], [0.27843, -0.27647], [0.31373, -0.15098], [0.31373, -0.08431], [0.2902, 0.03725], [0.25882, 0.03333], [0.22353, 0.14314], [0.13333, 0.21373], [-0.00784, 0.26863], [-0.04314, 0.27255], [-0.09804, 0.25686], [-0.14118, 0.24902], [0.11765, 0.33137]]}