{"rank": 198, "key_id": "5851531347755008", "category": "cat", "n_points": 33, "bbox_aspect": 2.1794871794871793, "n_extensions_spliced": 2, "main_perimeter_px": 449.69251025415815, "score": 0.6651678383823801, "coords": [[0.35882, 0.1549], [0.26863, 0.17451], [0.16275, 0.16667], [0.1, 0.13137], [0.03725, 0.18627], [0.01373, 0.07255], [-0.01765, 0.02941], [0.10784, -0.03333], [0.09608, -0.06863], [-0.09608, -0.03333], [-0.24118, -0.06471], [-0.24118, -0.06471], [-0.09608, -0.03333], [0.09608, -0.06863], [-0.07647, 0.0098], [-0.42549, 0.02157], [-0.5, 0.0451], [-0.5, 0.0451], [-0.42549, 0.02157], [-0.07647, 0.0098], [0.10784, -0.03333], [-0.03333, -0.01765], [-0.03333, -0.16275], [-0.02157, -0.18235], [0.13922, -0.22941], [0.36667, -0.17059], [0.41765, -0.10392], [0.43333, -0.04902], [0.43333, 0.01765], [0.41373, 0.06863], [0.42157, 0.10392], [0.5, 0.22941], [0.34706, 0.14706], [0.35882, 0.1549]]}