{"rank": 199, "key_id": "5484681380233216", "category": "cat", "n_points": 28, "bbox_aspect": 1.3636363636363635, "n_extensions_spliced": 3, "main_perimeter_px": 541.927414324613, "score": 0.664911217511172, "coords": [[0.03725, 0.21765], [-0.23333, 0.22157], [-0.37059, 0.17059], [-0.41373, 0.12353], [-0.40196, 0.10392], [-0.43725, 0.01765], [-0.46471, -0.15098], [-0.46471, -0.20588], [-0.44902, -0.24118], [-0.37843, -0.33137], [-0.29608, -0.36667], [-0.20196, -0.36275], [-0.01373, -0.32745], [0.09608, -0.26863], [0.18235, -0.18235], [0.2451, -0.07647], [0.26078, 0.07647], [0.25686, 0.1], [0.23725, 0.11176], [0.24902, 0.11569], [0.32745, 0.11569], [0.3549, 0.13529], [0.39412, 0.13922], [0.32745, 0.11569], [0.24902, 0.11569], [0.16667, 0.13922], [0.08039, 0.19804], [0.04902, 0.19804], [0.03725, 0.21765]]}