{"rank": 0, "source": "003_1642497266744-3GU2KSV7SBQFXOZXAY9G.jpg", "category": "cat", "n_points": 39, "bbox_aspect": 1.3019966722129783, "area_frac": 0.43603394598649664, "score": 1.4416987258805214, "coords": [[0.45463, 0.38211], [0.36709, 0.34441], [0.28658, 0.27093], [0.23866, 0.29201], [0.09105, 0.32588], [-0.07188, 0.31821], [-0.26166, 0.20256], [-0.31917, 0.14058], [-0.34856, 0.17636], [-0.45144, 0.23706], [-0.5, 0.15527], [-0.45016, 0.10288], [-0.3869, 0.06965], [-0.46166, 0.00319], [-0.48786, -0.05304], [-0.43994, -0.0869], [-0.33642, -0.19169], [-0.39329, -0.25176], [-0.31789, -0.20767], [-0.21949, -0.30351], [0.0246, -0.38403], [0.11022, -0.36933], [0.24058, -0.3099], [0.35623, -0.223], [0.40415, -0.09649], [0.40927, -0.00958], [0.5, 0.01725], [0.41054, 0.00575], [0.3984, 0.0524], [0.48211, 0.1016], [0.38754, 0.08115], [0.35112, 0.19297], [0.29233, 0.26518], [0.3722, 0.3393], [0.4476, 0.37636], [0.477, 0.26262], [0.3901, 0.20383], [0.45591, 0.23067], [0.48786, 0.2639], [0.45463, 0.38211]]}