{"rank": 1, "source": "004_1641894875726-OGN4IC22XHU770MT7XK0.jpg", "category": "cat", "n_points": 39, "bbox_aspect": 1.5595134665508255, "area_frac": 0.2922177419354839, "score": 1.4169688410945014, "coords": [[-0.5, 0.11003], [-0.47159, 0.01755], [-0.40641, -0.07159], [-0.37409, -0.19638], [-0.37242, -0.2961], [-0.28329, -0.3156], [-0.27382, -0.25376], [-0.32117, -0.15905], [-0.18412, -0.1117], [-0.22033, -0.18747], [-0.16407, -0.22033], [-0.08663, -0.17187], [-0.00641, -0.24262], [0.12228, -0.22033], [0.20641, -0.15348], [0.26657, -0.15292], [0.31114, -0.21922], [0.18301, -0.21476], [0.25487, -0.26936], [0.39916, -0.261], [0.5, -0.18747], [0.39081, 0.10947], [0.25432, 0.14123], [0.20641, 0.18357], [0.02981, 0.17187], [-0.0376, 0.13621], [-0.13398, 0.14345], [-0.19192, 0.10891], [-0.27493, 0.12396], [-0.35014, 0.09889], [-0.19192, 0.07382], [-0.14234, 0.11393], [-0.12451, -0.0532], [-0.26713, -0.15292], [-0.33064, -0.16518], [-0.2805, -0.25376], [-0.2883, -0.30836], [-0.36518, -0.28942], [-0.40028, -0.07047], [-0.5, 0.11003]]}