{"rank": 2, "source": "016_1605625089538-MHDGMKIZLG794WRIH398.jpg", "category": "cat", "n_points": 38, "bbox_aspect": 1.0108597285067873, "area_frac": 0.4023072358009495, "score": 1.2570302639472943, "coords": [[-0.41406, 0.49194], [-0.41764, 0.40331], [-0.39794, 0.3299], [-0.44628, 0.28962], [-0.47851, 0.22516], [-0.46956, 0.14369], [-0.47493, 0.00224], [-0.5, -0.02551], [-0.49284, -0.21083], [-0.49731, -0.27529], [-0.48926, -0.35765], [-0.37377, -0.45166], [-0.31826, -0.47851], [-0.20457, -0.46329], [-0.1043, -0.46777], [0.07028, -0.49463], [0.09445, -0.47135], [0.18756, -0.48926], [0.28514, -0.47404], [0.34691, -0.40958], [0.3299, -0.35765], [0.36929, -0.30483], [0.43554, -0.25918], [0.46061, -0.20546], [0.45166, -0.16249], [0.4803, -0.10609], [0.5, -0.02372], [0.39436, 0.04163], [0.32095, 0.10609], [0.31558, 0.16965], [0.25022, 0.24575], [0.21352, 0.31826], [0.15175, 0.36929], [0.10877, 0.39167], [0.047, 0.4051], [-0.09982, 0.40689], [-0.18935, 0.39346], [-0.36482, 0.49284], [-0.41406, 0.49194]]}