{"rank": 3, "source": "015_1607171616312-WNCTF7QSU6Y63P8RIPYD.jpg", "category": "cat", "n_points": 39, "bbox_aspect": 1.2430555555555556, "area_frac": 0.22275426874536006, "score": 1.2457958012226393, "coords": [[0.44786, 0.35009], [0.27405, 0.1856], [0.30571, 0.25574], [0.21074, 0.33892], [0.1946, 0.40223], [0.11639, 0.28492], [0.07666, 0.18374], [-0.01955, 0.15642], [-0.12942, 0.08007], [-0.19646, -0.00745], [-0.22874, -0.10366], [-0.26474, -0.13594], [-0.38703, -0.12353], [-0.45965, -0.15146], [-0.5, -0.24084], [-0.49628, -0.31533], [-0.44227, -0.39665], [-0.40937, -0.3532], [-0.44103, -0.30478], [-0.43172, -0.22471], [-0.35537, -0.20236], [-0.32371, -0.21974], [-0.25295, -0.18994], [-0.14929, -0.20236], [-0.08721, -0.22843], [-0.045, -0.20857], [0.04687, -0.22533], [0.08597, -0.18746], [0.14308, -0.07945], [0.16108, -0.14525], [0.25109, -0.22222], [0.2784, -0.18187], [0.23929, -0.16822], [0.21136, -0.0838], [0.21633, -0.00931], [0.33489, 0.10801], [0.4522, 0.28678], [0.45096, 0.16387], [0.49441, 0.14215], [0.44786, 0.35009]]}