{"rank": 4, "source": "005_1638198862645-KPDKQ0RVU7T86NLPMP1K.jpg", "category": "cat", "n_points": 39, "bbox_aspect": 1.66696269982238, "area_frac": 0.22466185296324082, "score": 1.2182994238934828, "coords": [[0.44992, 0.17794], [0.35828, 0.23655], [0.36361, 0.2781], [0.26665, 0.28023], [0.21657, 0.23921], [0.18887, 0.28769], [0.10309, 0.29995], [0.00293, 0.2488], [-0.05248, 0.1918], [-0.14731, 0.18327], [-0.13452, 0.27917], [-0.27304, 0.25253], [-0.33751, 0.18434], [-0.38812, 0.05647], [-0.39718, -0.04795], [-0.5, -0.10069], [-0.4723, -0.17475], [-0.28476, -0.16409], [-0.18993, -0.12786], [-0.1878, -0.17741], [-0.25013, -0.1902], [-0.25812, -0.29995], [-0.10575, -0.27597], [0.06207, -0.21684], [-0.24853, -0.29036], [-0.24108, -0.1886], [-0.10682, -0.14278], [-0.04822, -0.06926], [0.03277, -0.03836], [0.05567, 0.04369], [0.01092, 0.13639], [0.03809, 0.2211], [-0.02744, 0.21311], [0.10202, 0.29409], [0.18514, 0.2829], [0.21817, 0.23282], [0.26931, 0.27491], [0.35509, 0.26478], [0.35615, 0.23015], [0.44992, 0.17794]]}