{"rank": 5, "source": "019_1600090080864-HUP4BRQEVRJJBKZL41RN.jpg", "category": "cat", "n_points": 41, "bbox_aspect": 0.8981337480559876, "area_frac": 0.24950832127351663, "score": 1.1788139647170812, "coords": [[-0.02216, 0.49922], [-0.04316, 0.49145], [-0.03538, 0.30482], [-0.09759, 0.19051], [-0.22978, 0.09876], [-0.32543, 0.11431], [-0.44907, 0.09953], [-0.42341, 0.05677], [-0.35575, -0.10886], [-0.30132, -0.1703], [-0.264, -0.18896], [-0.25, -0.23173], [-0.19246, -0.32115], [-0.16446, -0.39114], [-0.15747, -0.46345], [-0.13958, -0.48911], [-0.15591, -0.39191], [-0.03849, -0.40202], [0.02061, -0.36392], [0.0486, -0.39969], [0.07893, -0.37869], [0.10459, -0.42068], [0.10381, -0.3818], [0.14891, -0.34681], [0.19401, -0.29316], [0.28733, -0.22706], [0.31065, -0.23406], [0.3993, -0.16796], [0.43818, -0.23561], [0.43585, -0.20373], [0.40708, -0.16174], [0.43974, -0.13764], [0.44907, -0.05599], [0.43896, -0.00078], [0.34253, 0.09098], [0.20645, 0.24417], [0.17302, 0.29471], [0.16524, 0.33126], [0.11236, 0.38802], [0.08437, 0.39969], [0.05249, 0.44401], [-0.02216, 0.49922]]}