{"rank": 6, "source": "032_1590153366165-IEAZGWHBBUJU1L6VIEYD.jpg", "category": "cat", "n_points": 39, "bbox_aspect": 0.886150234741784, "area_frac": 0.2893782162780109, "score": 1.1723612900589473, "coords": [[0.27876, 0.5], [0.23415, 0.46009], [0.06279, 0.36033], [-0.0311, 0.35563], [-0.13204, 0.38028], [-0.19777, 0.47183], [-0.26937, 0.49648], [-0.28228, 0.44601], [-0.25176, 0.31808], [-0.27876, 0.25469], [-0.27171, 0.08099], [-0.22477, 0.00235], [-0.33862, -0.03991], [-0.22594, -0.01761], [-0.20716, -0.04577], [-0.22829, -0.13615], [-0.36444, -0.223], [-0.44073, -0.31925], [-0.44308, -0.37089], [-0.35974, -0.45892], [-0.19542, -0.5], [-0.07923, -0.49531], [-0.01819, -0.46948], [0.01467, -0.41197], [0.08157, -0.39085], [0.2142, -0.23592], [0.33157, -0.17606], [0.42899, -0.15023], [0.27406, -0.05047], [0.27758, 0.00235], [0.43603, -0.06573], [0.27758, 0.01761], [0.27641, 0.12207], [0.18016, 0.03052], [0.15082, 0.05282], [0.26937, 0.14789], [0.2811, 0.20423], [0.27171, 0.35329], [0.29519, 0.4507], [0.27876, 0.5]]}