{"rank": 7, "source": "027_1590153856628-JNZSW6V8TAEU43CC3CLM.jpg", "category": "cat", "n_points": 40, "bbox_aspect": 0.8236632536973834, "area_frac": 0.23090412951333036, "score": 1.0140987577355107, "coords": [[-0.24346, 0.49545], [-0.25028, 0.4397], [-0.3322, 0.38851], [-0.36177, 0.34414], [-0.3868, 0.26451], [-0.41069, 0.24061], [-0.39818, 0.2099], [-0.31513, 0.18942], [-0.24118, 0.20876], [-0.2116, 0.17008], [-0.19568, 0.05859], [-0.19113, -0.07679], [-0.17065, -0.09954], [-0.13766, -0.2372], [-0.12287, -0.24516], [-0.11263, -0.37486], [-0.11604, -0.44425], [-0.15245, -0.45791], [-0.13311, -0.5], [-0.05233, -0.49204], [-0.05119, -0.38168], [-0.00114, -0.43174], [-0.03868, -0.44994], [-0.0273, -0.4909], [0.2992, -0.47497], [0.36746, -0.44767], [0.40159, -0.41354], [0.41183, -0.34869], [0.39932, -0.20762], [0.33788, -0.13823], [0.26735, -0.08362], [0.24118, -0.09954], [0.20819, -0.05063], [0.15586, -0.00739], [0.12628, 0.05518], [0.05575, 0.10865], [-0.05347, 0.26337], [-0.0967, 0.40785], [-0.16496, 0.44881], [-0.18999, 0.49204], [-0.24346, 0.49545]]}