{"rank": 8, "source": "010_1610449667488-XM3A63GRUANLYSUF8752.jpg", "category": "cat", "n_points": 39, "bbox_aspect": 1.0687943262411348, "area_frac": 0.1977621130551817, "score": 0.9901139633742385, "coords": [[0.5, 0.36563], [0.33875, 0.46782], [0.13902, 0.23424], [0.09987, 0.22031], [0.03019, 0.1347], [-0.15893, 0.38553], [-0.22196, 0.42137], [-0.20604, 0.30126], [-0.32681, 0.17518], [-0.41772, 0.23689], [-0.31022, 0.05972], [-0.4854, -0.07697], [-0.5, -0.10883], [-0.43364, -0.21831], [-0.48607, -0.08759], [-0.30823, 0.05309], [-0.25713, -0.02522], [-0.17485, 0.0418], [-0.07266, 0.02057], [-0.03218, 0.06437], [0.001, 0.15992], [0.04479, 0.09887], [0.19675, -0.03583], [0.20471, -0.06038], [0.08461, -0.0146], [0.06271, -0.05839], [0.12641, -0.04711], [0.32349, -0.11082], [0.24187, -0.19244], [0.19011, -0.15727], [0.12973, -0.23358], [0.1775, -0.29728], [0.15494, -0.33311], [0.26642, -0.30259], [0.41573, -0.1931], [0.30956, -0.03251], [0.34539, 0.06967], [0.34605, 0.1639], [0.42502, 0.30458], [0.5, 0.36563]]}