{"rank": 9, "source": "022_1588680631639-H4ZRLTJWE2UN94YWD4I4.jpg", "category": "cat", "n_points": 40, "bbox_aspect": 1.7618129218900676, "area_frac": 0.18163596966413867, "score": 0.9289060399157455, "coords": [[-0.5, -0.04351], [-0.43979, -0.0769], [-0.37685, -0.04899], [-0.28325, -0.06267], [-0.24494, -0.13711], [-0.30624, -0.1601], [-0.31117, -0.1902], [-0.25151, -0.21921], [-0.211, -0.21976], [-0.13164, -0.2838], [-0.06814, -0.24165], [-0.02217, -0.22852], [0.04132, -0.16831], [0.05774, -0.06814], [0.03202, 0.04078], [0.04187, 0.05391], [0.17542, 0.03202], [0.22852, 0.00082], [0.24822, -0.05282], [0.28325, -0.08019], [0.35167, -0.05337], [0.5, -0.06431], [0.48194, -0.05118], [0.25753, -0.04789], [0.25369, -0.01669], [0.19787, 0.03366], [0.03093, 0.06377], [-0.0873, 0.03914], [-0.17323, 0.05337], [-0.27011, 0.11138], [-0.2827, 0.20881], [-0.32813, 0.28216], [-0.38451, 0.22304], [-0.46716, 0.1705], [-0.47263, 0.09223], [-0.39272, 0.06924], [-0.38177, 0.04187], [-0.41461, -0.03366], [-0.43815, -0.0468], [-0.49453, -0.026], [-0.5, -0.04351]]}