{"rank": 10, "source": "023_1588167259514-76MUPU9WNNSES24P22V8.jpg", "category": "cat", "n_points": 39, "bbox_aspect": 1.163336229365769, "area_frac": 0.17085160758450124, "score": 0.8879834357506614, "coords": [[-0.19828, 0.4298], [-0.21546, 0.36184], [-0.26326, 0.28865], [-0.2416, 0.19231], [-0.42532, 0.12211], [-0.45892, 0.09671], [-0.5, -0.09373], [-0.48208, -0.09746], [-0.47535, -0.20052], [-0.49851, -0.26326], [-0.39619, -0.29164], [-0.30807, -0.37827], [-0.22591, -0.37304], [-0.21546, -0.40963], [-0.15123, -0.42308], [-0.16617, -0.38872], [-0.26774, -0.30433], [-0.34167, -0.29388], [-0.38872, -0.23114], [-0.39918, -0.17588], [-0.24683, -0.14376], [-0.15795, -0.18633], [-0.12435, -0.1236], [-0.18708, -0.0646], [-0.03323, 0.00859], [0.02278, 0.06609], [0.11314, 0.02726], [0.20724, 0.0773], [0.37005, 0.09074], [0.30956, 0.09597], [0.22442, 0.0758], [0.16841, 0.08476], [-0.01008, 0.18036], [0.02427, 0.23562], [0.04294, 0.32898], [0.07431, 0.38275], [0.02577, 0.35736], [-0.08327, 0.3581], [-0.16617, 0.38424], [-0.19828, 0.4298]]}