{"rank": 11, "source": "029_1590153694148-VSM03ZQDTVIB50TDZTXH.jpg", "category": "cat", "n_points": 41, "bbox_aspect": 1.2419161676646706, "area_frac": 0.09434479120165577, "score": 0.47469701994015584, "coords": [[-0.49229, 0.22324], [-0.5, 0.18081], [-0.2271, 0.03038], [-0.04098, -0.17792], [-0.01302, -0.11909], [-0.15863, -0.05352], [-0.24446, 0.05159], [-0.49229, 0.1837], [-0.446, 0.22806], [-0.28399, 0.13549], [-0.09499, 0.14127], [-0.05545, 0.19335], [0.26181, 0.04773], [0.3756, -0.05931], [0.38621, -0.16635], [0.21456, -0.22999], [0.1837, -0.32835], [0.28303, -0.36114], [0.20974, -0.39585], [0.12777, -0.30906], [0.14995, -0.20974], [0.0757, -0.19431], [0.07088, -0.28881], [0.12488, -0.2377], [0.13259, -0.34667], [0.20781, -0.4026], [0.29171, -0.36017], [0.19238, -0.32257], [0.25121, -0.22131], [0.39103, -0.17213], [0.40357, -0.10366], [0.34378, -0.00145], [0.38717, 0.06895], [0.34957, 0.17599], [0.27049, 0.17213], [0.28881, 0.03809], [-0.00048, 0.16827], [-0.14706, 0.4026], [-0.17502, 0.32835], [-0.26953, 0.36885], [-0.26567, 0.17888], [-0.49229, 0.22324]]}