{"rank": 12, "source": "020_1592384013755-PSWTG8MEBS3H9GDKOU3G.jpg", "category": "cat", "n_points": 39, "bbox_aspect": 0.9340252038547072, "area_frac": 0.1265435092724679, "score": 0.46845419061639587, "coords": [[-0.46256, 0.2487], [-0.46701, 0.13973], [-0.39362, 0.03892], [-0.38399, 0.05004], [-0.25871, 0.05597], [-0.19422, -0.01223], [-0.2083, -0.0404], [-0.17569, -0.10341], [-0.07932, -0.16938], [-0.07858, -0.23091], [-0.01186, -0.27391], [-0.00074, -0.24129], [0.11564, -0.25093], [0.1275, -0.33692], [0.15048, -0.32802], [0.14603, -0.27687], [0.11935, -0.24277], [-0.00667, -0.23536], [-0.02298, -0.25834], [-0.06672, -0.22276], [-0.06968, -0.1679], [-0.12824, -0.1301], [-0.12009, -0.10934], [-0.18087, -0.01668], [-0.106, 0.02039], [-0.07265, 0.01371], [-0.01334, 0.03744], [0.04522, 0.08191], [0.06523, 0.06412], [0.05189, 0.18273], [0.01186, 0.26649], [-0.01112, 0.34581], [-0.00297, 0.5], [-0.07932, 0.49629], [-0.1275, 0.45404], [-0.18384, 0.43254], [-0.23647, 0.45256], [-0.33877, 0.35915], [-0.37064, 0.31023], [-0.46256, 0.2487]]}