{"rank": 13, "source": "014_1608124813545-RFL313TD4K3E51G9UVS1.jpg", "category": "cat", "n_points": 39, "bbox_aspect": 0.746844840386043, "area_frac": 0.14756887393767706, "score": 0.4380541999657378, "coords": [[-0.28582, 0.5], [-0.28953, 0.46659], [-0.18189, 0.27654], [-0.0928, 0.19636], [0.03489, 0.14885], [0.01856, 0.11099], [-0.03267, 0.12212], [-0.0631, 0.06793], [-0.0631, 0.0078], [-0.0928, -0.01002], [-0.07498, -0.05234], [-0.0928, -0.07906], [-0.0735, -0.1199], [-0.13512, -0.13474], [-0.17298, -0.08129], [-0.21604, 0.01002], [-0.31032, -0.08872], [-0.37342, -0.11915], [-0.25019, -0.26689], [-0.14625, -0.24981], [0.02524, -0.43615], [0.0928, -0.48589], [0.14328, -0.5], [0.16184, -0.44803], [0.20713, -0.39607], [0.07572, -0.25204], [0.08389, -0.1971], [0.1314, -0.15033], [0.14996, -0.09169], [0.19228, -0.14439], [0.31403, -0.26912], [0.37342, -0.19191], [0.32888, -0.14439], [0.33779, -0.11693], [0.25464, 0.04046], [0.15071, 0.13771], [-0.05494, 0.20898], [-0.12769, 0.26021], [-0.18263, 0.32257], [-0.28582, 0.5]]}