{"rank": 14, "source": "024_1587299550482-AR6EXTKJC43TXK9264EX.jpg", "category": "cat", "n_points": 39, "bbox_aspect": 1.1082024432809774, "area_frac": 0.08286742069986751, "score": 0.3260914560889225, "coords": [[0.43622, 0.40551], [0.37953, 0.35984], [0.3, 0.45118], [0.22441, 0.37402], [0.19213, 0.28031], [0.07717, 0.16378], [-0.38661, 0.13465], [-0.3811, 0.12756], [0.08189, 0.15512], [0.14252, 0.21811], [0.21969, 0.17638], [0.25906, 0.04724], [0.31969, 0.06142], [0.32047, -0.07874], [0.41102, -0.10945], [0.41417, -0.17244], [0.35827, -0.1874], [0.35669, -0.25118], [0.25354, -0.25354], [0.23307, -0.22362], [0.06142, -0.22835], [0.00551, -0.1811], [0.06142, -0.29291], [-0.10157, -0.14961], [-0.04882, -0.21969], [0.08346, -0.33386], [0.07323, -0.23386], [0.23701, -0.23228], [0.24488, -0.2622], [0.36378, -0.26142], [0.36693, -0.18583], [0.42362, -0.17795], [0.42283, -0.10551], [0.32913, -0.0748], [0.32913, 0.06378], [0.30945, 0.15039], [0.44409, 0.16614], [0.49921, 0.2378], [0.5, 0.29528], [0.43622, 0.40551]]}