{"rank": 15, "source": "025_1586783883572-LSQTQWJ6MJ07YIA8X0QZ.jpg", "category": "cat", "n_points": 39, "bbox_aspect": 0.8832528180354268, "area_frac": 0.10147892720306513, "score": 0.27894233603080615, "coords": [[0.39895, 0.44525], [0.35145, 0.43639], [0.27657, 0.4533], [0.18559, 0.5], [0.19928, 0.44525], [0.30717, 0.20451], [0.14372, 0.12238], [0.09219, 0.11272], [-0.01167, 0.05556], [-0.10105, -0.02174], [-0.13808, -0.07407], [-0.20008, -0.20773], [-0.3128, -0.30757], [-0.33052, -0.30918], [-0.41747, -0.21337], [-0.38285, -0.16747], [-0.44163, -0.20853], [-0.32488, -0.32448], [-0.21779, -0.24557], [-0.18559, -0.21095], [-0.09461, -0.24879], [-0.03341, -0.26006], [-0.02456, -0.38889], [-0.00121, -0.45169], [-0.02214, -0.3132], [-0.01087, -0.2182], [0.01973, -0.1562], [0.10024, -0.07568], [0.28382, -0.0161], [0.3587, 0.00081], [0.39976, -0.04589], [0.40298, -0.25684], [0.42311, -0.26329], [0.41103, -0.04992], [0.34742, 0.11353], [0.36997, 0.17311], [0.44163, 0.21095], [0.4368, 0.33655], [0.42552, 0.41465], [0.39895, 0.44525]]}