{"rank": 16, "source": "033_1590153354099-79TF2ZLM49ONYY6F4ZHE.jpg", "category": "cat", "n_points": 42, "bbox_aspect": 0.9193742478941035, "area_frac": 0.07639488990246406, "score": 0.1489953697976859, "coords": [[-0.29483, 0.5], [-0.26835, 0.38568], [-0.13237, 0.26294], [-0.27677, 0.0728], [-0.45969, -0.02347], [-0.39952, -0.10048], [-0.34296, -0.10168], [-0.23947, -0.03791], [-0.23586, -0.13538], [-0.17569, -0.33755], [-0.10469, -0.37485], [-0.11191, -0.216], [-0.0349, -0.1775], [0.01564, -0.23285], [0.09868, -0.24248], [0.08183, -0.45668], [0.11071, -0.24248], [0.02768, -0.23045], [-0.02527, -0.15704], [-0.11913, -0.20999], [-0.11552, -0.36522], [-0.16847, -0.33273], [-0.22864, -0.13057], [-0.22744, -0.04272], [-0.26955, 0.05957], [-0.12515, 0.25812], [-0.0698, 0.24007], [0.18773, 0.05957], [0.13959, -0.04633], [0.13237, -0.14501], [0.28159, -0.18592], [0.41757, -0.1799], [0.45969, 0.01625], [0.42238, 0.09446], [0.36342, 0.01143], [0.27557, 0.0343], [0.24308, 0.15223], [0.19976, 0.14982], [0.18532, 0.0716], [-0.05776, 0.24248], [-0.11793, 0.26534], [-0.26835, 0.40493], [-0.29483, 0.5]]}