{"rank": 17, "source": "007_1620654070495-GN0VLMJH10V3QXJHC0YS.jpg", "category": "cat", "n_points": 39, "bbox_aspect": 1.6256781193490055, "area_frac": 0.04238897224306076, "score": 0.14221687602871375, "coords": [[-0.5, 0.20412], [-0.47052, 0.13682], [-0.36263, 0.09622], [-0.35428, -0.00501], [-0.46496, -0.14794], [-0.39488, -0.16574], [-0.3921, -0.13293], [-0.32759, -0.07341], [-0.29811, -0.09288], [-0.22191, -0.24082], [-0.18242, -0.22191], [-0.14961, -0.11068], [-0.02836, -0.10845], [-0.03504, -0.14683], [-0.07953, -0.15795], [-0.06618, -0.19132], [0.0584, -0.17019], [0.05117, -0.11735], [-0.01835, -0.09288], [-0.08676, -0.10456], [-0.1129, -0.08176], [-0.18687, -0.08843], [-0.17353, -0.14683], [-0.18854, -0.21969], [-0.21691, -0.23582], [-0.2931, -0.08899], [-0.31702, -0.08065], [-0.35651, 0.0317], [-0.35484, 0.099], [-0.46496, 0.14127], [-0.49277, 0.19577], [-0.37875, 0.29811], [-0.37208, 0.24305], [-0.18076, 0.11068], [0.12291, 0.03115], [0.12514, 0.03671], [-0.18076, 0.11735], [-0.33815, 0.22525], [-0.37653, 0.30756], [-0.5, 0.20412]]}