{"rank": 18, "source": "013_1608129235636-9J2N5FW8FCMGXVP3595Z.jpg", "category": "cat", "n_points": 38, "bbox_aspect": 1.2600334448160535, "area_frac": 0.037330602965444555, "score": 0.1352498370389612, "coords": [[0.30624, 0.39681], [0.33212, 0.29529], [0.28301, 0.25216], [0.30756, 0.16656], [0.2724, 0.07764], [0.46284, 0.01725], [0.49204, -0.01991], [0.44957, -0.0564], [0.3925, 0.00133], [0.2777, 0.03782], [-0.09655, 0.01593], [-0.16224, -0.03052], [-0.18547, -0.01526], [-0.24519, -0.0491], [-0.26908, -0.14665], [-0.31287, -0.2004], [-0.30889, -0.25017], [-0.46019, -0.26476], [-0.5, -0.31984], [-0.48938, -0.3789], [-0.42502, -0.39084], [-0.39317, -0.33378], [-0.41042, -0.27804], [-0.30159, -0.25415], [-0.30292, -0.20372], [-0.26178, -0.1493], [-0.23457, -0.05242], [-0.15959, -0.03849], [-0.07001, 0.01327], [0.27638, 0.03052], [0.38918, -0.00531], [0.44891, -0.06503], [0.5, -0.01593], [0.46682, 0.02389], [0.28235, 0.08228], [0.31553, 0.16523], [0.29031, 0.2495], [0.33942, 0.29197], [0.30624, 0.39681]]}