{"rank": 19, "source": "017_1605196824761-HFZTA4N647FJZYBRI4G1.jpg", "category": "cat", "n_points": 40, "bbox_aspect": 1.349561053471668, "area_frac": 0.022055535324107794, "score": 0.10664822211155611, "coords": [[-0.5, 0.11029], [-0.48344, 0.06002], [-0.37522, 0.01449], [-0.3427, 0.0275], [-0.19131, -0.03459], [-0.10024, -0.10142], [-0.06594, -0.21792], [-0.01508, -0.24808], [-0.0482, -0.31195], [-0.11088, -0.30485], [-0.11266, -0.35512], [0.01449, -0.37049], [0.04169, -0.30781], [0.11443, -0.24749], [0.15523, -0.17652], [0.2741, -0.19367], [0.30308, -0.15346], [0.39474, -0.1233], [0.42963, -0.13513], [0.5, -0.08368], [0.29953, -0.14755], [0.26878, -0.18717], [0.15169, -0.17179], [0.1097, -0.24098], [0.03637, -0.30248], [0.01153, -0.36339], [-0.10792, -0.34802], [-0.10615, -0.31135], [-0.04465, -0.31668], [-0.00739, -0.24749], [-0.06062, -0.212], [-0.09432, -0.0961], [-0.18658, -0.02927], [-0.34329, 0.034], [-0.37167, 0.01981], [-0.4793, 0.06475], [-0.46747, 0.14518], [-0.33442, 0.07658], [-0.38882, 0.12093], [-0.46688, 0.15169], [-0.5, 0.11029]]}