{"rank": 20, "source": "021_1590148140345-U9DSSE7ZXBRPVRUTHWWM.jpg", "category": "cat", "n_points": 39, "bbox_aspect": 1.5653973509933774, "area_frac": 0.031072532894736844, "score": 0.10076797988868205, "coords": [[0.41486, 0.30619], [0.41962, 0.18403], [0.49418, 0.11158], [0.48361, 0.01481], [0.43443, -0.02168], [0.3752, -0.00212], [0.33607, -0.01269], [0.32232, -0.05024], [0.28794, -0.05024], [0.27102, -0.10841], [0.19434, -0.16235], [0.36092, -0.23956], [0.37784, -0.27816], [0.12084, -0.23321], [0.1129, -0.19725], [0.07113, -0.17504], [-0.04257, -0.15494], [-0.07694, -0.13009], [-0.0706, -0.1724], [0.02988, -0.19778], [0.02935, -0.24484], [-0.31491, -0.17557], [0.03358, -0.25013], [0.03993, -0.19831], [-0.06161, -0.17187], [-0.05738, -0.15124], [0.09545, -0.1909], [0.11766, -0.2385], [0.37996, -0.28398], [0.39106, -0.25648], [0.22343, -0.16288], [0.27631, -0.1137], [0.29323, -0.05341], [0.32655, -0.05553], [0.37414, -0.00793], [0.43707, -0.0275], [0.48149, 0.00264], [0.5, 0.11317], [0.41592, 0.21047], [0.41486, 0.30619]]}