{"rank": 21, "source": "002_1646316168358-2E7VHRSOSCOJ6K46MR5H.jpg", "category": "cat", "n_points": 40, "bbox_aspect": 0.889589905362776, "area_frac": 0.06835690172543135, "score": 0.09271455266032225, "coords": [[-0.18691, 0.5], [-0.28312, 0.3123], [-0.23107, 0.18849], [-0.06625, 0.18297], [-0.01183, 0.14826], [-0.00789, 0.0276], [0.0489, -0.0142], [0.12145, -0.22713], [0.23502, -0.18612], [0.29732, -0.11278], [0.43612, -0.06151], [0.29811, -0.22792], [0.13959, -0.28785], [0.15142, -0.32571], [0.05126, -0.36593], [0.04259, -0.44795], [-0.16798, -0.47003], [-0.15773, -0.1664], [-0.18533, -0.47713], [-0.12697, -0.5], [-0.09306, -0.45978], [0.05284, -0.45505], [0.05678, -0.37382], [0.16246, -0.32965], [0.15221, -0.2918], [0.30521, -0.23344], [0.34464, -0.14432], [0.44479, -0.06309], [0.40379, 0.07413], [0.41719, -0.04811], [0.2918, -0.10647], [0.23186, -0.17666], [0.12461, -0.21609], [0.05521, -0.00789], [-0.00079, 0.03312], [0.01498, 0.24921], [0.04259, 0.26577], [0.05126, 0.46293], [0.0071, 0.41956], [-0.14117, 0.43533], [-0.18691, 0.5]]}