{"rank": 22, "source": "009_1613130638232-FU5PTILZPXNVJKUDE4GW.jpg", "category": "cat", "n_points": 39, "bbox_aspect": 1.0841666666666667, "area_frac": 0.04494965233934706, "score": 0.08323549831672289, "coords": [[0.41238, 0.46118], [0.23328, 0.37279], [0.12106, 0.38816], [-0.16795, 0.37279], [-0.29554, 0.30746], [-0.11568, 0.3751], [0.11799, 0.37971], [0.23559, 0.36434], [0.40315, 0.45273], [0.41852, 0.3628], [0.35012, 0.18678], [0.17333, 0.12606], [0.23405, 0.04151], [0.34704, 0.16679], [0.38547, 0.00999], [0.43313, -0.04996], [0.48847, -0.0638], [0.37471, -0.29285], [0.23943, -0.37202], [0.21099, -0.43274], [0.11568, -0.42352], [0.09723, -0.34512], [0.04266, -0.3751], [0.00884, -0.25519], [0.10031, -0.18985], [0.12337, -0.10607], [-0.00192, -0.12375], [-0.08801, -0.17832], [-0.07417, -0.22214], [0.02575, -0.30438], [0.03113, -0.37817], [0.09877, -0.4289], [0.2156, -0.44274], [0.24789, -0.37663], [0.38163, -0.299], [0.5, -0.0638], [0.39393, 0.01384], [0.35319, 0.17525], [0.43082, 0.37125], [0.41238, 0.46118]]}