{"rank": 23, "source": "012_1608645379017-QC0ZXONKR0QRROK9BUTH.jpg", "category": "cat", "n_points": 49, "bbox_aspect": 1.5337904015670911, "area_frac": 0.026959182000655744, "score": 0.030366216768525467, "coords": [[0.5, 0.10568], [0.49553, 0.08206], [0.29757, 0.01692], [0.29055, -0.14847], [0.30396, -0.18742], [0.28927, -0.25702], [0.32631, -0.27171], [0.27458, -0.31897], [0.21073, -0.28384], [0.2037, -0.20594], [0.11175, -0.19828], [0.03129, -0.13633], [0.00447, -0.22893], [0.09132, -0.22957], [0.04598, -0.27043], [-0.03895, -0.2749], [-0.06386, -0.25511], [-0.12005, -0.27874], [-0.19093, -0.25064], [-0.20498, -0.13059], [-0.17625, -0.1076], [-0.21009, 0.00287], [-0.3295, -0.05587], [-0.44189, -0.02203], [-0.46105, 0.01309], [-0.5, -0.06162], [-0.4636, -0.02778], [-0.32886, -0.06162], [-0.21584, -0.00798], [-0.18199, -0.09355], [-0.21137, -0.13059], [-0.1954, -0.25511], [-0.12133, -0.28512], [-0.0613, -0.26086], [-0.04087, -0.28129], [0.04789, -0.27618], [0.0977, -0.25575], [0.09898, -0.22573], [0.01022, -0.22573], [0.03065, -0.14336], [0.10856, -0.20338], [0.1986, -0.21169], [0.20498, -0.28959], [0.25351, -0.29342], [0.27203, -0.32599], [0.33333, -0.27235], [0.29693, -0.25128], [0.30332, 0.01373], [0.49425, 0.07375], [0.5, 0.10568]]}