{"rank": 24, "source": "018_1600513580727-5CR7GPBR8H6EV2CA1TYL.jpg", "category": "cat", "n_points": 42, "bbox_aspect": 1.8094736842105263, "area_frac": 0.02879866144493804, "score": -0.021802680247306652, "coords": [[0.5, 0.24026], [0.44008, 0.25189], [0.30221, 0.10588], [0.30919, 0.19837], [0.21204, 0.24491], [0.14107, 0.18557], [0.10442, 0.10588], [-0.04741, 0.06806], [-0.226, -0.12449], [-0.3249, -0.16463], [-0.46102, -0.05177], [-0.39587, -0.01862], [-0.49244, -0.02676], [-0.5, -0.08028], [-0.43426, -0.15649], [-0.33711, -0.21233], [0.06486, -0.25771], [-0.33479, -0.20593], [-0.46335, -0.11926], [-0.49186, -0.03956], [-0.32664, -0.17161], [-0.21321, -0.12158], [-0.04392, 0.06225], [0.10849, 0.10064], [0.19924, 0.24782], [0.30279, 0.19488], [0.27836, 0.13147], [0.21321, 0.11693], [0.25218, 0.0797], [0.3057, 0.10006], [0.44183, 0.24491], [0.46161, 0.19895], [0.35457, 0.05643], [0.25974, 0.00524], [0.22717, -0.09308], [0.30628, -0.24084], [0.30047, -0.27632], [0.36736, -0.2612], [0.3121, -0.23677], [0.23357, -0.09017], [0.26382, -0.0], [0.36038, 0.05236], [0.5, 0.24026]]}