{"rank": 25, "source": "001_1672397173881-2QDPEEBAXAKF7NMNG958.jpg", "category": "cat", "n_points": 43, "bbox_aspect": 1.8120229007633588, "area_frac": 0.029713643178410794, "score": -0.024798267446595086, "coords": [[-0.5, -0.13533], [-0.43365, -0.18431], [0.03239, 0.26909], [0.302, -0.00895], [0.34781, 0.03002], [0.4426, -0.07741], [0.38257, -0.13691], [0.32833, -0.07846], [0.3099, -0.09531], [0.43786, -0.2396], [0.49473, -0.26066], [0.40258, -0.26488], [0.24566, -0.10058], [0.20932, -0.10005], [0.10664, -0.24065], [0.15929, -0.27067], [0.05345, -0.2712], [0.05187, -0.23117], [0.1535, -0.08899], [0.06925, 0.00527], [-0.03818, 0.00369], [-0.23934, -0.23486], [-0.03555, -0.00158], [0.06661, 0.00053], [0.14718, -0.08899], [0.04818, -0.22696], [0.04818, -0.27593], [0.16456, -0.27593], [0.16298, -0.2396], [0.11611, -0.23644], [0.21248, -0.10479], [0.24302, -0.10532], [0.39995, -0.26962], [0.5, -0.2654], [0.49789, -0.23433], [0.44049, -0.23486], [0.31622, -0.09479], [0.3831, -0.14376], [0.44945, -0.07794], [0.34571, 0.04213], [0.29831, 0.00211], [0.03291, 0.27593], [-0.43312, -0.17694], [-0.5, -0.13533]]}