{"rank": 26, "source": "008_1614273980098-438OJ7VGZ1E89410F2I5.jpg", "category": "cat", "n_points": 39, "bbox_aspect": 1.059244126659857, "area_frac": 0.025395839546149386, "score": -0.05036663236864088, "coords": [[0.37464, 0.46914], [0.3351, 0.43828], [0.37175, 0.27242], [0.32546, 0.19335], [0.32932, 0.14802], [0.17985, 0.10849], [0.12199, 0.1162], [-0.05352, 0.04388], [-0.16538, 0.03423], [-0.36307, 0.11427], [-0.44311, 0.13549], [-0.45082, 0.09595], [-0.392, -0.02748], [-0.49518, -0.13163], [-0.42189, -0.14899], [-0.28881, -0.13163], [-0.20395, -0.17985], [-0.17695, -0.22903], [-0.20781, -0.25796], [-0.11331, -0.31967], [-0.04195, -0.33317], [-0.19238, -0.25313], [-0.16345, -0.2271], [-0.19624, -0.1731], [-0.28206, -0.12295], [-0.40839, -0.14031], [-0.48361, -0.1297], [-0.38332, -0.03327], [-0.44503, 0.12392], [-0.16538, 0.02459], [0.0053, 0.04966], [0.12392, 0.10752], [0.18274, 0.09981], [0.33221, 0.13838], [0.38042, 0.2676], [0.34474, 0.43346], [0.36307, 0.46143], [0.43443, 0.2271], [0.44407, 0.22903], [0.37464, 0.46914]]}