{"rank": 28, "source": "028_1580980907268-ZLIS7ZWL644FYQS37MK1.jpg", "category": "cat", "n_points": 47, "bbox_aspect": 1.8822246455834242, "area_frac": 0.032089627151051625, "score": -0.06714975102967707, "coords": [[-0.5, 0.24073], [-0.48667, 0.20017], [-0.42063, 0.15267], [-0.32619, 0.13528], [-0.3007, 0.08546], [-0.20973, -0.00492], [-0.13673, -0.00608], [-0.07358, -0.03447], [-0.01217, -0.10747], [0.07358, -0.16078], [0.09791, -0.13297], [0.13789, -0.15093], [0.14079, -0.23783], [0.17555, -0.26564], [0.21553, -0.14455], [0.15411, -0.08198], [0.17845, -0.06692], [0.25492, -0.08662], [0.31228, -0.02694], [0.40209, -0.00261], [0.5, 0.07097], [0.4073, 0.09936], [0.34241, 0.07445], [0.28273, 0.01362], [0.37428, 0.08372], [0.43743, 0.09299], [0.49421, 0.07155], [0.40035, 0.00145], [0.30881, -0.02346], [0.25029, -0.08372], [0.17497, -0.06228], [0.1489, -0.08082], [0.18366, -0.13934], [0.19177, -0.21524], [0.17439, -0.25985], [0.14484, -0.23494], [0.14137, -0.14629], [0.10371, -0.12717], [0.07358, -0.15324], [-0.00753, -0.10516], [-0.06025, -0.03737], [-0.12804, -0.00666], [-0.2051, -0.00145], [-0.29664, 0.08835], [-0.3146, 0.14282], [-0.36211, 0.16309], [-0.38297, 0.21408], [-0.5, 0.24073]]}