{"rank": 29, "source": "006_1621937937295-EI9J093W9FTWTXZNEBN7.jpg", "category": "cat", "n_points": 30, "bbox_aspect": 1.8192197906755472, "area_frac": 0.031316016504126035, "score": -0.07045874125447159, "coords": [[0.5, -0.19901], [0.49843, -0.16972], [0.46077, -0.15507], [0.35356, 0.05047], [0.41318, 0.1556], [0.4341, 0.26334], [0.3614, 0.20894], [0.31642, 0.20999], [0.24686, 0.27484], [0.26098, 0.07087], [0.19822, 0.0374], [0.11611, 0.03844], [-0.03556, 0.09127], [-0.38389, 0.05465], [-0.4749, 0.08551], [-0.5, 0.07924], [-0.38389, 0.0489], [-0.02929, 0.08551], [0.11454, 0.03321], [0.19979, 0.03217], [0.26621, 0.06773], [0.25314, 0.26124], [0.3091, 0.20476], [0.36245, 0.20319], [0.42573, 0.25131], [0.40586, 0.15403], [0.34728, 0.05152], [0.45607, -0.15926], [0.49111, -0.17233], [0.46077, -0.20581], [0.5, -0.19901]]}