{"rank": 30, "source": "031_1590153678747-GPU6NQ0U0IHD684ERXKJ.jpg", "category": "cat", "n_points": 41, "bbox_aspect": 0.8698060941828255, "area_frac": 0.02860941396640712, "score": -0.16901356253364558, "coords": [[0.13296, 0.5], [0.01939, 0.2964], [0.07479, 0.19529], [-0.00831, 0.18421], [-0.02493, 0.00693], [0.00693, 0.17313], [0.12881, 0.19252], [0.30609, 0.15928], [0.15235, 0.21191], [0.09557, 0.19806], [0.0374, 0.24792], [0.03463, 0.30055], [0.15374, 0.48892], [0.15374, 0.42936], [0.23546, 0.40166], [0.30609, 0.42936], [0.33934, 0.35042], [0.31025, 0.17452], [0.3795, -0.01247], [0.37812, -0.10665], [0.42244, -0.19252], [0.41967, -0.33241], [0.39335, -0.48476], [0.259, -0.46676], [0.25762, -0.41967], [0.17729, -0.44598], [-0.31579, -0.38781], [-0.32133, -0.39889], [0.19114, -0.45568], [0.39751, -0.5], [0.43075, -0.33795], [0.4349, -0.19391], [0.38781, -0.09695], [0.39197, -0.01108], [0.32133, 0.18144], [0.35457, 0.35596], [0.31994, 0.39612], [0.33657, 0.47784], [0.30055, 0.49861], [0.2313, 0.41274], [0.1662, 0.4349], [0.13296, 0.5]]}