{"rank": 31, "source": "026_1583834162778-IO4OF3WJNNT6ZC2A8WU3.jpg", "category": "cat", "n_points": 33, "bbox_aspect": 2.1189376443418015, "area_frac": 0.024105625491738787, "score": -0.19797607776308307, "coords": [[0.49619, 0.2267], [0.40027, 0.06594], [0.35341, 0.03869], [0.32016, -0.03542], [0.27657, -0.0752], [0.28147, -0.10954], [0.24278, -0.18747], [0.0079, -0.20163], [0.01662, -0.17657], [0.15886, -0.16403], [0.16703, -0.13188], [0.07602, -0.08556], [-0.05041, -0.07411], [-0.11526, -0.14932], [-0.26839, -0.20109], [-0.17793, -0.14768], [-0.3049, -0.2], [-0.27602, -0.23597], [-0.22371, -0.19673], [-0.11362, -0.15422], [-0.04877, -0.07956], [0.08311, -0.09319], [0.16213, -0.1346], [0.1545, -0.15967], [0.01499, -0.17112], [0.00354, -0.20654], [0.25804, -0.18692], [0.28365, -0.07466], [0.32452, -0.03869], [0.35722, 0.03488], [0.40463, 0.06267], [0.45967, 0.1515], [0.5, 0.18038], [0.49619, 0.2267]]}