{"rank": 32, "source": "000_1691411764822-VFZG9DTAP9C412PKZEYK.jpg", "category": "cat", "n_points": 43, "bbox_aspect": 2.6454413892908826, "area_frac": 0.026969054763690922, "score": -0.30614165555550316, "coords": [[-0.5, 0.06318], [-0.46554, 0.032], [-0.48523, -0.00027], [-0.44748, -0.06154], [-0.41193, -0.07194], [-0.29267, -0.05388], [-0.25875, -0.189], [-0.1942, -0.17752], [-0.14004, -0.06811], [-0.08206, -0.02708], [0.00219, -0.04623], [0.04978, -0.15837], [0.08589, -0.16548], [0.15919, 0.00082], [0.08151, -0.15946], [0.05416, -0.15563], [0.00711, -0.04458], [0.00602, -0.01012], [-0.0279, -0.02872], [-0.08589, -0.02216], [-0.14442, -0.06592], [-0.18654, -0.12664], [-0.19694, -0.17205], [-0.25492, -0.18408], [-0.29103, -0.04787], [-0.41685, -0.06647], [-0.44475, -0.05662], [-0.47976, 0.00137], [-0.46007, 0.02708], [-0.42779, 0.00848], [-0.39497, 0.03638], [-0.40755, 0.07741], [-0.46225, 0.03693], [-0.49508, 0.06264], [-0.46499, 0.17205], [-0.38676, 0.09054], [-0.32002, 0.10914], [-0.34683, 0.07577], [-0.35722, -0.00191], [-0.30416, 0.01997], [-0.31893, 0.11625], [-0.38676, 0.09601], [-0.46772, 0.18025], [-0.5, 0.06318]]}