{"rank": 33, "source": "030_1580980904393-AKXEVJCKYTTK5GEQY8HP.jpg", "category": "cat", "n_points": 38, "bbox_aspect": 0.7623456790123457, "area_frac": 0.016080949057920447, "score": -0.3439934967023728, "coords": [[-0.37269, 0.5], [-0.38117, 0.47068], [-0.30864, 0.38349], [-0.18596, 0.17438], [-0.18056, 0.08025], [-0.21219, 0.02238], [-0.27315, -0.05093], [-0.30015, -0.13194], [-0.27932, -0.19676], [-0.17207, -0.28395], [-0.27469, -0.18827], [-0.29321, -0.12809], [-0.26389, -0.04938], [-0.14815, 0.11111], [-0.10725, 0.11497], [0.0108, -0.01312], [0.1196, -0.00617], [0.1358, -0.04475], [0.1196, -0.1034], [0.20062, -0.0733], [0.21065, 0.01157], [0.25154, 0.05093], [0.31019, 0.03318], [0.37037, 0.04552], [0.3642, 0.06404], [0.30556, 0.0409], [0.22068, 0.08179], [0.19367, -0.06867], [0.13272, -0.09259], [0.14275, -0.04244], [0.12423, 0.00077], [0.01235, -0.00617], [-0.02855, 0.04784], [-0.11497, 0.12577], [-0.17438, 0.08796], [-0.1875, 0.19985], [-0.28395, 0.34491], [-0.33333, 0.46065], [-0.37269, 0.5]]}