{"rank": 0, "source": "002_1632302488598-JDFZQTA7EMWVS1C4ORLS.jpg", "category": "pig", "n_points": 39, "bbox_aspect": 1.4195450716090985, "area_frac": 0.3636582895723931, "score": 1.482795051911093, "coords": [[-0.5, 0.17003], [-0.49347, 0.12908], [-0.45134, 0.12018], [-0.40148, 0.06617], [-0.33264, 0.0276], [-0.29466, 0.02641], [-0.27804, -0.09466], [-0.29941, -0.1724], [-0.28101, -0.24777], [-0.22819, -0.28576], [-0.2092, -0.24599], [-0.21039, -0.17953], [-0.14332, -0.17774], [-0.05905, -0.26795], [0.00742, -0.29941], [0.08042, -0.30178], [0.18131, -0.27923], [0.18902, -0.34688], [0.24243, -0.34629], [0.27567, -0.26261], [0.3178, -0.25964], [0.36825, -0.13739], [0.39199, -0.04065], [0.44006, -0.01513], [0.45015, 0.02819], [0.49288, 0.09288], [0.43947, 0.04184], [0.42404, -0.00564], [0.38487, -0.01157], [0.36113, 0.0543], [0.2632, 0.14273], [-0.17359, 0.23947], [-0.17953, 0.2822], [-0.15401, 0.31246], [-0.22404, 0.35045], [-0.27329, 0.34392], [-0.2816, 0.26083], [-0.33442, 0.25252], [-0.39199, 0.21039], [-0.5, 0.17003]]}