{"rank": 1, "source": "005_1608126411027-1XKMV40OXK586EFIPVNN.jpg", "category": "pig", "n_points": 39, "bbox_aspect": 1.553964757709251, "area_frac": 0.3529398395355842, "score": 1.4194638643587845, "coords": [[0.5, 0.163], [0.36889, 0.19206], [0.28242, 0.32176], [0.22502, 0.28278], [0.17186, 0.32034], [0.1095, 0.26364], [0.03933, 0.25159], [0.02729, 0.20624], [-0.02729, 0.21687], [-0.13501, 0.18994], [-0.20305, 0.14245], [-0.24628, 0.073], [-0.16478, -0.03402], [-0.09816, -0.02764], [-0.1506, -0.10773], [-0.17966, -0.09922], [-0.23848, -0.20411], [-0.30369, -0.23175], [-0.33983, -0.2112], [-0.28951, -0.11765], [-0.36393, -0.06733], [-0.44543, -0.09284], [-0.43763, -0.18568], [-0.30369, -0.24026], [-0.2158, -0.20269], [-0.18887, -0.2523], [-0.11729, -0.19844], [-0.11304, -0.2601], [-0.05138, -0.26435], [-0.01382, -0.20128], [0.10312, -0.23175], [0.20588, -0.31042], [0.31361, -0.32176], [0.43551, -0.05245], [0.43196, 0.00213], [0.37456, 0.18072], [0.4185, 0.15875], [0.4433, 0.09142], [0.45181, 0.16726], [0.5, 0.163]]}