{"rank": 2, "source": "001_1640618458634-6MQT1SDYV03LDIY4VQ4E.jpg", "category": "pig", "n_points": 39, "bbox_aspect": 1.0619607843137255, "area_frac": 0.27614730134932536, "score": 1.2990513314809367, "coords": [[-0.31167, 0.47083], [-0.33752, 0.45162], [-0.3449, 0.42578], [-0.27622, 0.4339], [-0.25997, 0.41839], [-0.41211, 0.25665], [-0.43944, 0.21381], [-0.45864, 0.16359], [-0.46455, 0.08752], [-0.4387, -0.1562], [-0.44756, -0.19609], [-0.5, -0.31278], [-0.4904, -0.31721], [-0.33752, -0.17171], [-0.32422, -0.1503], [0.00665, -0.24483], [0.00148, -0.27216], [0.02142, -0.33789], [0.05687, -0.35783], [0.08567, -0.46196], [0.10783, -0.46344], [0.19055, -0.30613], [0.24963, -0.21677], [0.38405, -0.13405], [0.46233, -0.10968], [0.47415, -0.09269], [0.5, -0.01292], [0.49188, -0.00332], [0.29173, 0.04985], [0.29247, 0.0853], [0.31093, 0.12445], [0.28287, 0.13848], [0.24815, 0.11632], [0.20532, 0.10303], [-0.12555, 0.29357], [-0.30133, 0.35783], [-0.25554, 0.40879], [-0.274, 0.44129], [-0.30945, 0.43464], [-0.31167, 0.47083]]}