{"rank": 3, "source": "003_1612015236696-DUJ02FDY57Q5U62QVD04.jpg", "category": "pig", "n_points": 40, "bbox_aspect": 1.4737373737373738, "area_frac": 0.04219929093465904, "score": 0.21726518746689819, "coords": [[-0.5, 0.32557], [-0.48286, 0.27073], [-0.18403, 0.33242], [0.19157, 0.1974], [0.2183, 0.25977], [0.33825, 0.22413], [0.19363, 0.122], [0.24297, 0.10761], [0.26628, 0.17066], [0.45408, 0.01165], [0.40541, -0.0233], [0.35607, -0.12748], [0.29918, -0.122], [0.25326, -0.16175], [0.14222, -0.12611], [0.11686, -0.20082], [0.0538, -0.2392], [0.02228, -0.33242], [-0.03941, -0.30637], [0.0072, -0.15147], [-0.29644, -0.03975], [0.0072, -0.15833], [-0.04558, -0.31186], [0.02776, -0.33927], [0.05997, -0.24263], [0.12303, -0.20425], [0.15387, -0.13091], [0.256, -0.17272], [0.3074, -0.11789], [0.43831, -0.16038], [0.5, 0.01782], [0.44585, 0.02193], [0.28478, 0.16655], [0.33962, 0.16175], [0.37389, 0.19808], [0.34167, 0.23029], [0.2135, 0.26799], [0.19225, 0.20425], [-0.17923, 0.33927], [-0.48012, 0.27896], [-0.5, 0.32557]]}