{"rank": 4, "source": "000_1665147952480-8ZMK2Y98QC2NDD8LHFZF.jpg", "category": "pig", "n_points": 45, "bbox_aspect": 1.4038142620232172, "area_frac": 0.033933658170914545, "score": 0.16419741126813311, "coords": [[-0.49291, 0.17425], [-0.5, 0.1205], [-0.41376, 0.101], [-0.4433, 0.05316], [-0.39132, 0.05375], [-0.21648, -0.00827], [-0.21766, -0.07797], [-0.17868, -0.07679], [-0.1332, -0.16598], [-0.17809, -0.30656], [-0.08949, -0.23272], [0.08181, -0.19138], [0.15328, -0.19079], [0.15918, -0.35027], [0.18517, -0.35617], [0.27968, -0.19374], [0.35292, -0.16243], [0.31158, -0.06793], [0.31276, -0.00236], [0.37832, -0.02776], [0.5, 0.04666], [0.4238, 0.02776], [0.39663, -0.00709], [0.31571, 0.00591], [0.30567, -0.0697], [0.34584, -0.15948], [0.27555, -0.18901], [0.1834, -0.34968], [0.16155, -0.33845], [0.15269, -0.18488], [0.08122, -0.18547], [-0.09008, -0.22682], [-0.171, -0.29297], [-0.12729, -0.16361], [-0.17277, -0.07206], [-0.21294, -0.07265], [-0.20998, -0.00295], [-0.44093, 0.05907], [-0.4303, 0.1772], [-0.36946, 0.15594], [-0.25369, 0.26994], [-0.14796, 0.26403], [-0.15978, 0.35617], [-0.22061, 0.31719], [-0.34584, 0.17425], [-0.49291, 0.17425]]}