{"rank": 5, "source": "008_1580981878906-E2K0HHMM71WTTLDP0FUL.jpg", "category": "pig", "n_points": 39, "bbox_aspect": 1.716763005780347, "area_frac": 0.05070795795795796, "score": 0.1539699323691523, "coords": [[-0.5, 0.22121], [-0.43939, 0.14579], [-0.3202, 0.19899], [-0.35185, 0.07172], [-0.25084, -0.1229], [-0.25758, -0.20168], [-0.16263, -0.16869], [-0.1963, -0.0138], [-0.07912, -0.18552], [-0.07912, -0.09327], [0.00774, -0.10943], [0.09327, -0.29125], [0.10673, -0.1835], [0.20303, -0.2569], [0.2037, -0.08384], [0.14377, -0.09461], [0.09663, -0.28451], [0.02121, -0.11077], [-0.08721, -0.08788], [-0.19899, -0.00842], [-0.2266, -0.0771], [-0.17003, -0.16465], [-0.24949, -0.19764], [-0.24411, -0.1202], [-0.32357, -0.02323], [-0.34916, 0.09192], [-0.31481, 0.20572], [-0.44007, 0.15118], [-0.49596, 0.21246], [-0.28249, 0.20774], [0.06835, 0.28316], [0.21582, 0.27172], [0.23603, 0.1835], [0.34242, 0.09865], [0.39024, 0.23737], [0.29327, 0.15455], [0.21987, 0.28114], [-0.19562, 0.24815], [-0.28653, 0.21515], [-0.5, 0.22121]]}