{"rank": 6, "source": "010_1589812581736-FK00A0FEWTZQ3XN0Z84I.jpg", "category": "pig", "n_points": 39, "bbox_aspect": 1.3173719376391981, "area_frac": 0.03202174429841217, "score": 0.14204705712895493, "coords": [[-0.5, 0.07523], [-0.49831, 0.02367], [-0.39349, -0.03212], [-0.33178, 0.02959], [-0.36982, -0.06086], [-0.27937, -0.12933], [-0.31572, -0.18512], [-0.28191, -0.28233], [-0.15934, -0.27642], [-0.1568, -0.21555], [0.01564, -0.23584], [0.14413, -0.2798], [0.09172, -0.34742], [0.16948, -0.37954], [0.2481, -0.30769], [0.29459, -0.30769], [0.43068, -0.09129], [0.45435, -0.12933], [0.5, -0.09045], [0.42308, -0.09045], [0.28783, -0.30516], [0.24556, -0.29924], [0.16864, -0.37194], [0.10101, -0.34489], [0.15511, -0.27895], [0.01479, -0.22908], [-0.15596, -0.20879], [-0.16441, -0.26965], [-0.2743, -0.2798], [-0.30727, -0.18343], [-0.27515, -0.12257], [-0.36137, -0.05917], [-0.31657, 0.04565], [-0.3918, -0.02367], [-0.49577, 0.04987], [-0.40702, 0.12426], [-0.35207, 0.12595], [-0.36729, 0.17413], [-0.4273, 0.11412], [-0.5, 0.07523]]}