{"rank": 7, "source": "011_1589812449252-W14IFKY75DX92OA635Z1.jpg", "category": "pig", "n_points": 39, "bbox_aspect": 1.3185483870967742, "area_frac": 0.0306238974006105, "score": 0.13428481608140386, "coords": [[-0.46942, 0.34149], [-0.5, 0.24363], [-0.4103, 0.1896], [-0.3002, 0.19266], [-0.38175, 0.16922], [-0.32263, 0.12334], [-0.33078, 0.06728], [-0.29613, 0.01223], [-0.33486, -0.12538], [-0.26656, -0.10805], [-0.1789, -0.04281], [-0.15647, 0.00612], [-0.24618, -0.08461], [-0.33078, -0.11723], [-0.28797, 0.01223], [-0.32161, 0.07136], [-0.31448, 0.13048], [-0.37054, 0.1682], [-0.30122, 0.15902], [-0.33588, 0.21305], [-0.40724, 0.19674], [-0.49286, 0.24771], [-0.46024, 0.33945], [-0.27574, 0.29052], [-0.27778, 0.35474], [-0.21458, 0.36086], [-0.13507, 0.33639], [-0.05148, 0.24465], [0.04027, 0.23649], [0.2054, 0.17941], [0.39195, 0.00306], [0.39704, 0.01019], [0.22375, 0.17533], [0.03925, 0.24465], [-0.04842, 0.25178], [-0.1208, 0.33639], [-0.21254, 0.36799], [-0.32161, 0.35474], [-0.31753, 0.30683], [-0.46942, 0.34149]]}