{"rank": 8, "source": "006_1597667631505-NSALGDOWNGQU87YRPMC1.jpg", "category": "pig", "n_points": 48, "bbox_aspect": 1.5096824167312162, "area_frac": 0.0362807704506087, "score": 0.10488567227585838, "coords": [[-0.5, 0.18702], [-0.46921, 0.1352], [-0.40354, 0.18753], [-0.30246, 0.19831], [-0.18497, 0.30657], [-0.17265, 0.23063], [-0.13674, 0.18394], [0.04387, 0.12442], [0.15829, 0.13982], [0.32042, 0.11929], [0.41124, 0.02129], [0.4374, -0.07363], [0.402, -0.15367], [0.34659, -0.20498], [0.35274, -0.23884], [0.2922, -0.28707], [0.28399, -0.3235], [0.22191, -0.28707], [0.24859, -0.24089], [0.21575, -0.18753], [0.12494, -0.21267], [0.07106, -0.18805], [-0.09415, -0.206], [-0.1588, -0.19882], [-0.17317, -0.30657], [-0.15777, -0.30811], [-0.15059, -0.19882], [-0.09569, -0.21216], [0.07106, -0.19472], [0.11878, -0.21934], [0.21883, -0.19266], [0.24192, -0.24346], [0.21421, -0.29271], [0.26963, -0.3312], [0.35942, -0.24038], [0.35377, -0.20959], [0.40662, -0.15931], [0.44459, -0.07414], [0.40097, 0.03822], [0.32709, 0.12442], [0.16034, 0.14546], [0.04336, 0.13058], [-0.05054, 0.15469], [-0.15829, 0.21524], [-0.1824, 0.31375], [-0.28091, 0.22755], [-0.30144, 0.3312], [-0.34197, 0.19523], [-0.5, 0.18702]]}