{"rank": 9, "source": "007_1589209039258-78S89TEAHMDGMRGRVC5G.jpg", "category": "pig", "n_points": 39, "bbox_aspect": 0.8785822021116139, "area_frac": 0.05216732424677188, "score": -0.020638683476422608, "coords": [[-0.42647, 0.5], [-0.43929, 0.35294], [-0.35709, 0.28658], [-0.29072, 0.1003], [-0.39404, 0.04148], [-0.3767, -0.04299], [-0.3043, -0.14178], [-0.19419, -0.08899], [-0.15875, -0.16817], [-0.05543, -0.17195], [-0.02903, -0.25566], [-0.03507, -0.47662], [0.05241, -0.45551], [0.12934, -0.2451], [0.24925, -0.23002], [0.32089, -0.27451], [0.35256, -0.227], [0.25603, -0.13424], [0.16478, -0.16742], [0.06599, -0.34087], [0.04563, -0.45173], [-0.02753, -0.47436], [-0.02149, -0.25264], [-0.04563, -0.16516], [-0.15347, -0.15988], [-0.33899, 0.22926], [-0.34578, 0.28431], [-0.43175, 0.35671], [-0.42647, 0.48869], [-0.34955, 0.45475], [-0.21305, 0.4736], [-0.06297, 0.42308], [0.07504, 0.2632], [0.15347, 0.23906], [0.22738, 0.27903], [0.12255, 0.31373], [-0.05995, 0.42986], [-0.22059, 0.4819], [-0.34879, 0.46229], [-0.42647, 0.5]]}