{"rank": 10, "source": "009_1589812513052-DC5DHB7J7LTEY6SPJ1K8.jpg", "category": "pig", "n_points": 39, "bbox_aspect": 1.0410958904109588, "area_frac": 0.021900111395909715, "score": -0.08343816786283284, "coords": [[0.21974, 0.47632], [0.18553, 0.48026], [0.17632, 0.42763], [0.05658, 0.30789], [0.07368, 0.26842], [-0.23289, -0.05395], [-0.34079, -0.025], [-0.425, -0.36842], [-0.5, -0.43158], [-0.44211, -0.48026], [-0.36579, -0.40658], [-0.28553, -0.38158], [-0.04342, -0.19342], [0.02368, -0.26842], [0.06579, -0.28553], [0.08158, -0.20789], [0.20132, -0.10263], [0.07237, -0.20132], [0.05789, -0.275], [-0.04605, -0.18158], [-0.29211, -0.37368], [-0.375, -0.4], [-0.45263, -0.47368], [-0.48947, -0.43684], [-0.41579, -0.37632], [-0.33158, -0.03289], [-0.22632, -0.06184], [0.08026, 0.25921], [0.06711, 0.30395], [0.175, 0.41447], [0.26711, 0.32895], [0.24342, 0.26711], [0.48816, 0.02237], [0.41053, -0.06316], [0.49605, 0.00789], [0.47632, 0.05658], [0.25132, 0.275], [0.27895, 0.33289], [0.19605, 0.41316], [0.21974, 0.47632]]}