{"rank": 11, "source": "004_1608644208730-ENMEHKKOMYRAOHY338CT.jpg", "category": "pig", "n_points": 39, "bbox_aspect": 2.357976653696498, "area_frac": 0.020648527298850576, "score": -0.24854100139391383, "coords": [[0.5, -0.00303], [0.37459, -0.03273], [0.40594, -0.05198], [0.30418, -0.09763], [0.27338, -0.16694], [0.23597, -0.09433], [0.16172, -0.06683], [0.11496, -0.08113], [-0.08746, -0.07233], [-0.10561, -0.12019], [-0.18537, -0.12954], [-0.15237, -0.19224], [-0.20627, -0.20435], [-0.28163, -0.15759], [-0.33718, 0.04483], [-0.19252, 0.15044], [-0.13311, 0.17079], [0.09296, 0.12569], [0.15457, 0.12514], [-0.13476, 0.17629], [-0.19197, 0.15759], [-0.31793, 0.06023], [-0.39824, 0.02173], [-0.44719, 0.06793], [-0.4725, 0.01458], [-0.34488, 0.03988], [-0.28713, -0.16089], [-0.20902, -0.21205], [-0.14686, -0.19664], [-0.18042, -0.13449], [-0.10121, -0.12734], [-0.08251, -0.07783], [-0.0154, -0.06958], [0.23267, -0.09983], [0.26733, -0.17079], [0.31958, -0.15759], [0.31133, -0.10204], [0.41034, -0.05693], [0.40814, -0.03163], [0.5, -0.00303]]}