{"rank": 0, "key_id": "4548938520592384", "category": "pig", "n_points": 38, "bbox_aspect": 1.3934426229508197, "n_extensions_spliced": 2, "main_perimeter_px": 570.6484930931076, "score": 0.9800469423203879, "coords": [[-0.19412, 0.25686], [-0.19412, 0.24118], [-0.19412, 0.19804], [-0.1549, 0.35882], [-0.13922, 0.33529], [-0.08824, 0.19412], [-0.08824, 0.19412], [-0.13922, 0.33529], [-0.1549, 0.35882], [-0.19412, 0.19804], [-0.2451, 0.22157], [-0.37451, 0.11569], [-0.48039, -0.0098], [-0.5, -0.08431], [-0.5, -0.12353], [-0.46863, -0.18235], [-0.38627, -0.27647], [-0.32745, -0.31961], [-0.20196, -0.35882], [0.08431, -0.3549], [0.25686, -0.33529], [0.4451, -0.23725], [0.48039, -0.20196], [0.5, -0.13529], [0.5, -0.06471], [0.48039, 0.00588], [0.44902, 0.05686], [0.30784, 0.21373], [0.2451, 0.2451], [0.19804, 0.24902], [0.18627, 0.22549], [0.11176, 0.35098], [0.09608, 0.35882], [0.08039, 0.19412], [0.08039, 0.19412], [0.09608, 0.35882], [0.11176, 0.35098], [0.18627, 0.22549], [-0.19412, 0.25686]]}