{"rank": 1, "key_id": "4659532661784576", "category": "pig", "n_points": 35, "bbox_aspect": 1.4655172413793103, "n_extensions_spliced": 2, "main_perimeter_px": 736.9625952040727, "score": 0.9596514601407877, "coords": [[-0.40196, -0.13333], [-0.15882, -0.12157], [-0.11569, -0.19608], [-0.04118, -0.24706], [0.02941, -0.25098], [0.10784, -0.22745], [0.23333, -0.27843], [0.36667, -0.26275], [0.31569, -0.30588], [0.33137, -0.2549], [0.46471, -0.21961], [0.5, -0.02745], [0.5, 0.02745], [0.48039, 0.08627], [0.33922, 0.18431], [0.3, 0.19608], [0.12745, 0.19608], [0.09216, 0.17647], [0.05294, 0.12549], [0.02549, 0.11765], [-0.08824, 0.16471], [-0.10784, 0.20784], [-0.1, 0.28235], [-0.17059, 0.24706], [-0.22157, 0.25882], [-0.22157, 0.34118], [-0.25294, 0.30196], [-0.26863, 0.24314], [-0.36275, 0.15294], [-0.36275, 0.12549], [-0.46863, 0.12941], [-0.44118, 0.04706], [-0.49216, 0.11765], [-0.46863, 0.12941], [-0.36275, 0.12549], [-0.40196, -0.13333]]}