{"rank": 2, "key_id": "5095056799170560", "category": "pig", "n_points": 41, "bbox_aspect": 1.408839779005525, "n_extensions_spliced": 2, "main_perimeter_px": 645.6676909686252, "score": 0.9539273392433621, "coords": [[-0.18627, 0.13137], [-0.24902, 0.06471], [-0.28431, -0.07255], [-0.29608, -0.01765], [-0.5, -0.0098], [-0.5, -0.0098], [-0.29608, -0.01765], [-0.28039, -0.16275], [-0.19804, -0.26078], [-0.1, -0.32353], [0.01765, -0.3549], [0.14314, -0.3549], [0.21765, -0.32353], [0.27647, -0.27647], [0.36275, -0.18235], [0.4098, -0.08039], [0.41765, 0.0451], [0.40196, 0.1], [0.33137, 0.17451], [0.29216, 0.18627], [0.47255, 0.33137], [0.5, 0.24902], [0.45686, 0.26078], [0.3902, 0.19412], [0.3902, 0.19412], [0.45686, 0.26078], [0.5, 0.24902], [0.47255, 0.33137], [0.29216, 0.18627], [0.22941, 0.20588], [0.14706, 0.21765], [0.04118, 0.21765], [-0.05294, 0.19804], [-0.1549, 0.16275], [-0.18627, 0.13529], [-0.19412, 0.27647], [-0.24902, 0.25294], [-0.17843, 0.34314], [-0.15098, 0.3549], [-0.09608, 0.26078], [-0.06471, 0.23725], [-0.18627, 0.13137]]}