{"rank": 3, "key_id": "4760019390169088", "category": "pig", "n_points": 34, "bbox_aspect": 1.4682080924855492, "n_extensions_spliced": 2, "main_perimeter_px": 742.0083249254204, "score": 0.9500340282036519, "coords": [[-0.33465, -0.0374], [-0.37795, -0.01378], [-0.38976, 0.00984], [-0.3622, 0.06102], [-0.2874, 0.15945], [-0.18504, 0.23031], [-0.09843, 0.26575], [-0.01181, 0.28543], [0.12598, 0.28937], [0.20866, 0.27756], [0.29921, 0.24606], [0.36614, 0.20669], [0.41732, 0.16339], [0.42913, 0.16732], [0.47638, 0.07677], [0.49606, 0.00984], [0.5, -0.07283], [0.4685, -0.14764], [0.41339, -0.21063], [0.3622, -0.25], [0.26378, -0.29331], [0.09055, -0.33268], [-0.00394, -0.34055], [-0.19685, -0.32874], [-0.29134, -0.30118], [-0.38976, -0.25394], [-0.42913, -0.21063], [-0.44488, -0.15551], [-0.43307, -0.10039], [-0.39764, -0.03346], [-0.34252, 0.02953], [-0.24803, 0.09646], [-0.14567, 0.15551], [-0.07874, 0.1752], [-0.33465, -0.0374]]}