{"rank": 4, "key_id": "6529955187916800", "category": "pig", "n_points": 44, "bbox_aspect": 1.3934426229508197, "n_extensions_spliced": 2, "main_perimeter_px": 622.7737963655069, "score": 0.930046942320388, "coords": [[0.20588, 0.20588], [0.13137, 0.25294], [-0.02157, 0.29216], [-0.17451, 0.29216], [-0.22549, 0.28431], [-0.30784, 0.23725], [-0.40196, 0.13529], [-0.4098, 0.13529], [-0.5, 0.35098], [-0.3902, 0.31961], [-0.29216, 0.27647], [-0.28039, 0.26078], [-0.28039, 0.26078], [-0.29216, 0.27647], [-0.3902, 0.31961], [-0.5, 0.35098], [-0.4098, 0.13529], [-0.43725, 0.02157], [-0.43725, -0.07647], [-0.38235, -0.20588], [-0.26471, -0.31176], [-0.13529, -0.3549], [0.01373, -0.35882], [0.08824, -0.33529], [0.31176, -0.19804], [0.35882, -0.15098], [0.39804, -0.07255], [0.39804, 0.0451], [0.36667, 0.10392], [0.27647, 0.22157], [0.22941, 0.25686], [0.19412, 0.27255], [0.39412, 0.34314], [0.5, 0.35882], [0.49608, 0.32745], [0.44118, 0.26471], [0.37843, 0.1549], [0.37843, 0.1549], [0.44118, 0.26471], [0.49608, 0.32745], [0.5, 0.35882], [0.39412, 0.34314], [0.19412, 0.27255], [0.15882, 0.25686], [0.20588, 0.20588]]}