{"rank": 5, "key_id": "6114331320123392", "category": "pig", "n_points": 40, "bbox_aspect": 1.328125, "n_extensions_spliced": 2, "main_perimeter_px": 636.451925458738, "score": 0.9297738222232689, "coords": [[0.13922, 0.28627], [-0.0451, 0.28627], [-0.20196, 0.24314], [-0.37451, 0.12549], [-0.37843, 0.21176], [-0.40588, 0.19216], [-0.5, 0.21961], [-0.5, 0.21961], [-0.40588, 0.19216], [-0.37843, 0.21176], [-0.44902, -0.0549], [-0.41765, -0.20784], [-0.29216, -0.32941], [-0.18235, -0.36471], [0.0098, -0.37647], [0.13529, -0.35294], [0.33137, -0.27843], [0.3902, -0.23137], [0.41373, -0.03922], [0.4098, 0.09804], [0.34314, 0.17255], [0.42549, 0.18431], [0.45294, 0.18039], [0.5, 0.21176], [0.45686, 0.35686], [0.3902, 0.37647], [0.33137, 0.34902], [0.3549, 0.29412], [0.39412, 0.27059], [0.39412, 0.27059], [0.3549, 0.29412], [0.33137, 0.34902], [0.3902, 0.37647], [0.45686, 0.35686], [0.5, 0.21176], [0.45294, 0.18039], [0.42549, 0.18431], [0.23333, 0.24706], [0.1902, 0.26667], [0.10784, 0.27059], [0.13922, 0.28627]]}