{"rank": 6, "key_id": "6200303584018432", "category": "pig", "n_points": 36, "bbox_aspect": 1.265, "n_extensions_spliced": 2, "main_perimeter_px": 430.22593239837397, "score": 0.9290199198907894, "coords": [[-0.38142, 0.13043], [-0.40119, 0.0751], [-0.40909, -0.02372], [-0.37352, -0.19763], [-0.33004, -0.28063], [-0.2668, -0.33202], [-0.12846, -0.37945], [0.08498, -0.39526], [0.18775, -0.37945], [0.25889, -0.35178], [0.35375, -0.29249], [0.41304, -0.2253], [0.44071, -0.15415], [0.45257, -0.07115], [0.45652, 0.12253], [0.44862, 0.13834], [0.5, 0.39526], [0.44071, 0.36759], [0.37747, 0.31621], [0.31818, 0.21739], [0.25494, 0.2332], [-0.03755, 0.25692], [-0.14032, 0.25692], [-0.21937, 0.24111], [-0.21542, 0.18577], [-0.38933, 0.3083], [-0.21937, 0.24111], [-0.14032, 0.25692], [-0.03755, 0.25692], [0.25494, 0.2332], [0.31818, 0.21739], [0.37747, 0.31621], [0.44071, 0.36759], [0.5, 0.39526], [0.44862, 0.13834], [0.43281, 0.21344], [-0.38142, 0.13043]]}