{"rank": 7, "key_id": "4946102077882368", "category": "pig", "n_points": 28, "bbox_aspect": 1.4269662921348314, "n_extensions_spliced": 2, "main_perimeter_px": 631.7785677349641, "score": 0.9199783972596665, "coords": [[0.32677, 0.00394], [0.36614, 0.00394], [0.33071, 0.06299], [0.30709, 0.1378], [0.20472, 0.27165], [0.14961, 0.31496], [0.07874, 0.34646], [-0.05906, 0.34646], [-0.12992, 0.32677], [-0.22835, 0.27559], [-0.32677, 0.17717], [-0.38976, 0.06693], [-0.40945, -0.04331], [-0.41732, 0.01181], [-0.40551, -0.09055], [-0.35433, -0.2126], [-0.2874, -0.28346], [-0.23622, -0.31496], [-0.16142, -0.33858], [-0.0748, -0.35039], [0.11417, -0.32283], [0.20472, -0.28346], [0.25984, -0.24016], [0.35433, -0.12992], [0.38976, -0.0315], [0.38189, 0.04724], [0.3622, 0.09843], [0.30315, 0.16142], [0.32677, 0.00394]]}