{"rank": 8, "key_id": "5012522203611136", "category": "pig", "n_points": 43, "bbox_aspect": 1.4488636363636365, "n_extensions_spliced": 2, "main_perimeter_px": 687.569661101168, "score": 0.9176515472173236, "coords": [[0.31176, 0.31765], [0.22549, 0.32941], [0.01765, 0.32941], [-0.15098, 0.28235], [-0.26078, 0.21961], [-0.24902, 0.24706], [-0.33137, 0.29412], [-0.37451, 0.2902], [-0.38627, 0.12157], [-0.37843, 0.0902], [-0.37843, 0.0902], [-0.38627, 0.12157], [-0.37451, 0.2902], [-0.33137, 0.29412], [-0.24902, 0.24706], [-0.37059, 0.13333], [-0.43725, 0.05882], [-0.49216, -0.04706], [-0.5, -0.15686], [-0.48039, -0.22745], [-0.42549, -0.28627], [-0.34314, -0.32549], [-0.21765, -0.3451], [-0.06078, -0.34118], [0.10392, -0.31373], [0.26078, -0.26667], [0.44118, -0.17255], [0.47255, -0.14118], [0.5, -0.07451], [0.49608, 0.04706], [0.44902, 0.19608], [0.37059, 0.2549], [0.37059, 0.25098], [0.46471, 0.32941], [0.49216, 0.3451], [0.5, 0.27451], [0.48824, 0.19216], [0.48824, 0.19216], [0.5, 0.27451], [0.49216, 0.3451], [0.46471, 0.32941], [0.37059, 0.25098], [0.29608, 0.26667], [0.31176, 0.31765]]}