{"rank": 9, "key_id": "5907243432148992", "category": "pig", "n_points": 39, "bbox_aspect": 1.2814070351758795, "n_extensions_spliced": 2, "main_perimeter_px": 711.4294412038446, "score": 0.9130405386689047, "coords": [[0.08824, 0.30784], [-0.12353, 0.31569], [-0.20588, 0.3], [-0.19412, 0.33137], [-0.2451, 0.37451], [-0.32745, 0.3902], [-0.33137, 0.24902], [-0.33137, 0.24902], [-0.32745, 0.3902], [-0.2451, 0.37451], [-0.19412, 0.33137], [-0.38627, 0.18627], [-0.46471, 0.10784], [-0.48824, 0.06078], [-0.5, 0.00588], [-0.49216, -0.20588], [-0.44902, -0.31569], [-0.39804, -0.36275], [-0.32353, -0.3902], [-0.15882, -0.3902], [-0.03333, -0.37059], [0.25686, -0.27255], [0.44902, -0.13137], [0.49216, -0.06863], [0.5, -0.01373], [0.48039, 0.05294], [0.31961, 0.2451], [0.1549, 0.33529], [0.17451, 0.31176], [0.25294, 0.35098], [0.28431, 0.35098], [0.31569, 0.31961], [0.29216, 0.27255], [0.29216, 0.27255], [0.31569, 0.31961], [0.28431, 0.35098], [0.25294, 0.35098], [0.17451, 0.31176], [0.05294, 0.30392], [0.08824, 0.30784]]}