{"rank": 10, "key_id": "5395867580235776", "category": "pig", "n_points": 35, "bbox_aspect": 1.2439024390243902, "n_extensions_spliced": 2, "main_perimeter_px": 526.2935412183327, "score": 0.9089135972458302, "coords": [[-0.15098, 0.16667], [-0.2451, 0.14314], [-0.30392, 0.11176], [-0.49608, 0.36275], [-0.47647, 0.32745], [-0.47647, 0.3549], [-0.5, 0.3902], [-0.5, 0.3902], [-0.47647, 0.3549], [-0.47647, 0.32745], [-0.49608, 0.36275], [-0.34314, 0.0098], [-0.34314, -0.09216], [-0.24902, -0.28039], [-0.13922, -0.36275], [-0.02941, -0.40196], [0.08431, -0.40196], [0.12745, -0.3902], [0.23725, -0.30784], [0.3549, -0.1549], [0.37843, -0.02941], [0.37451, 0.0451], [0.35882, 0.07255], [0.26078, 0.18235], [0.48431, 0.37451], [0.48431, 0.34706], [0.49216, 0.40196], [0.5, 0.37451], [0.5, 0.37451], [0.49216, 0.40196], [0.48431, 0.34706], [0.48431, 0.37451], [0.21765, 0.20588], [0.14706, 0.22941], [-0.08431, 0.22549], [-0.15098, 0.16667]]}