{"rank": 11, "key_id": "6186996110196736", "category": "pig", "n_points": 25, "bbox_aspect": 1.4111111111111112, "n_extensions_spliced": 2, "main_perimeter_px": 543.8774838048762, "score": 0.9027997076783539, "coords": [[0.24409, 0.16142], [0.26378, 0.01181], [0.26772, -0.05512], [0.37795, -0.03937], [0.29528, -0.12205], [0.26772, -0.05512], [0.26378, 0.01181], [0.23622, 0.20079], [0.17323, 0.27559], [0.12992, 0.31102], [0.0748, 0.33858], [-0.08268, 0.35433], [-0.19685, 0.32677], [-0.38189, 0.22047], [-0.46457, 0.14173], [-0.5, 0.03543], [-0.5, -0.0748], [-0.47244, -0.13386], [-0.32283, -0.25197], [-0.22047, -0.29921], [-0.04724, -0.34252], [0.18504, -0.35433], [0.29528, -0.33071], [0.3622, -0.2874], [0.37795, -0.20079], [0.24409, 0.16142]]}