{"rank": 12, "key_id": "5384471727570944", "category": "pig", "n_points": 47, "bbox_aspect": 1.3858695652173914, "n_extensions_spliced": 2, "main_perimeter_px": 668.8733783311973, "score": 0.9012322189830927, "coords": [[-0.24118, -0.30196], [-0.27255, -0.29412], [-0.36667, -0.22745], [-0.45294, -0.1098], [-0.48431, -0.04314], [-0.5, 0.06667], [-0.48039, 0.11373], [-0.48039, 0.15686], [-0.42549, 0.25098], [-0.28824, 0.32941], [-0.20588, 0.32549], [-0.15882, 0.23137], [-0.15882, 0.23137], [-0.20588, 0.32549], [-0.28824, 0.32941], [-0.42549, 0.25098], [-0.48039, 0.15686], [-0.42941, 0.16471], [-0.20588, 0.22353], [-0.01373, 0.24314], [0.25686, 0.24314], [0.42549, 0.17255], [0.44118, 0.21569], [0.5, 0.3098], [0.47255, 0.35686], [0.45686, 0.36078], [0.37059, 0.36078], [0.22941, 0.32549], [0.15882, 0.27451], [0.14706, 0.24706], [0.14706, 0.24706], [0.15882, 0.27451], [0.22941, 0.32549], [0.37059, 0.36078], [0.45686, 0.36078], [0.47255, 0.35686], [0.5, 0.3098], [0.44118, 0.21569], [0.46471, 0.09412], [0.46471, -0.03137], [0.44118, -0.12157], [0.32745, -0.29412], [0.27647, -0.33725], [0.21765, -0.36078], [0.02157, -0.35686], [-0.20588, -0.31765], [-0.26863, -0.27843], [-0.24118, -0.30196]]}