{"rank": 13, "key_id": "5847930147700736", "category": "pig", "n_points": 34, "bbox_aspect": 1.2439024390243902, "n_extensions_spliced": 2, "main_perimeter_px": 679.8425908844131, "score": 0.9005802639124968, "coords": [[-0.39412, 0.23333], [0.20196, 0.14706], [0.28039, 0.13137], [0.29216, 0.1902], [0.29216, 0.1902], [0.28039, 0.13137], [0.48039, 0.06078], [0.5, 0.01373], [0.5, -0.06078], [0.48039, -0.13137], [0.42157, -0.23333], [0.30784, -0.35882], [0.25686, -0.38627], [0.16667, -0.39804], [-0.01373, -0.40196], [-0.12353, -0.38627], [-0.26863, -0.34706], [-0.35098, -0.30392], [-0.43725, -0.22941], [-0.48039, -0.16275], [-0.49608, -0.11569], [-0.5, -0.00196], [-0.43333, 0.13137], [-0.36667, 0.20196], [-0.36667, 0.20588], [-0.37059, 0.37059], [-0.35882, 0.40196], [-0.31961, 0.3902], [-0.30392, 0.26078], [-0.30392, 0.26078], [-0.31961, 0.3902], [-0.35882, 0.40196], [-0.37059, 0.37059], [-0.36667, 0.20588], [-0.39412, 0.23333]]}