{"rank": 14, "key_id": "4854948703502336", "category": "pig", "n_points": 25, "bbox_aspect": 1.4166666666666667, "n_extensions_spliced": 2, "main_perimeter_px": 581.9280901972078, "score": 0.9000492129804313, "coords": [[0.06863, -0.34902], [-0.06471, -0.31373], [-0.19804, -0.22353], [-0.30392, -0.08627], [-0.32745, -0.03922], [-0.33922, 0.01569], [-0.31569, 0.12157], [-0.29216, 0.17255], [-0.2451, 0.21961], [-0.12353, 0.28235], [-0.07647, 0.27059], [0.00196, 0.29804], [0.17059, 0.25098], [0.30392, 0.16471], [0.34314, 0.12157], [0.39412, 0.03137], [0.40588, -0.0549], [0.37843, -0.16471], [0.39804, -0.12941], [0.32745, -0.22353], [0.27255, -0.26667], [0.17451, -0.31373], [0.06471, -0.3451], [-0.02157, -0.35294], [-0.07255, -0.33725], [0.06863, -0.34902]]}