{"rank": 15, "key_id": "4984314968145920", "category": "pig", "n_points": 26, "bbox_aspect": 1.3655913978494623, "n_extensions_spliced": 2, "main_perimeter_px": 625.6863737554118, "score": 0.8992474163455523, "coords": [[-0.40551, 0.11417], [-0.34252, 0.20079], [-0.22441, 0.27165], [-0.20472, 0.26378], [-0.04724, 0.31102], [0.02756, 0.30709], [0.1378, 0.26378], [0.27165, 0.18504], [0.35039, 0.06693], [0.36614, 0.07087], [0.36614, -0.02756], [0.35433, -0.12992], [0.33071, -0.18504], [0.29528, -0.23228], [0.1811, -0.31102], [0.08268, -0.35039], [0.0, -0.36614], [-0.17717, -0.33071], [-0.25591, -0.29134], [-0.36614, -0.20079], [-0.41339, -0.14961], [-0.46457, -0.06693], [-0.48819, 0.00787], [-0.48031, 0.11811], [-0.45276, 0.18504], [-0.40157, 0.21654], [-0.40551, 0.11417]]}