{"rank": 16, "key_id": "4704962741272576", "category": "pig", "n_points": 27, "bbox_aspect": 1.3492063492063493, "n_extensions_spliced": 2, "main_perimeter_px": 668.7856738791033, "score": 0.8991310054342997, "coords": [[-0.10784, -0.27255], [-0.1902, -0.28824], [-0.32353, -0.28824], [-0.37451, -0.26863], [-0.44902, -0.19412], [-0.47647, -0.14314], [-0.5, -0.06078], [-0.5, 0.04118], [-0.48431, 0.1], [-0.45294, 0.18235], [-0.40196, 0.25686], [-0.31569, 0.31961], [-0.30784, 0.33137], [-0.12745, 0.37059], [0.0098, 0.35882], [0.2451, 0.27647], [0.39412, 0.14314], [0.37843, 0.15882], [0.4451, 0.06863], [0.48039, -0.02157], [0.5, -0.18235], [0.46471, -0.27647], [0.41373, -0.33137], [0.3549, -0.36275], [0.26471, -0.37059], [0.19412, -0.34314], [0.10392, -0.27255], [-0.10784, -0.27255]]}