{"rank": 17, "key_id": "5161917234544640", "category": "pig", "n_points": 30, "bbox_aspect": 1.3010204081632653, "n_extensions_spliced": 2, "main_perimeter_px": 728.8217175792879, "score": 0.8986736545146872, "coords": [[0.38627, 0.23529], [0.36275, 0.27451], [0.28431, 0.31373], [0.16275, 0.33725], [0.05686, 0.33725], [-0.07255, 0.31373], [-0.21373, 0.27059], [-0.22157, 0.27843], [-0.38235, 0.18431], [-0.42941, 0.13725], [-0.48039, 0.03922], [-0.5, -0.08627], [-0.5, -0.19608], [-0.46471, -0.28627], [-0.37059, -0.34902], [-0.30392, -0.37255], [-0.17451, -0.38431], [-0.11569, -0.38431], [-0.05294, -0.36471], [0.08039, -0.30196], [0.24118, -0.20392], [0.37451, -0.08627], [0.42941, 0.03137], [0.43725, 0.1451], [0.42941, 0.19608], [0.39412, 0.25882], [0.35882, 0.28627], [0.3549, 0.30588], [0.31569, 0.30196], [0.2098, 0.30196], [0.38627, 0.23529]]}