{"rank": 18, "key_id": "4591359174377472", "category": "pig", "n_points": 26, "bbox_aspect": 1.4406779661016949, "n_extensions_spliced": 2, "main_perimeter_px": 598.2757481215343, "score": 0.8966175634922978, "coords": [[0.05294, 0.30784], [-0.14314, 0.31176], [-0.13137, 0.33137], [-0.1902, 0.29608], [-0.28431, 0.22157], [-0.38235, 0.10392], [-0.40588, 0.05294], [-0.43333, -0.04902], [-0.42549, -0.16275], [-0.40588, -0.2098], [-0.37451, -0.24118], [-0.28824, -0.3], [-0.24118, -0.32745], [-0.13137, -0.34706], [0.06471, -0.34314], [0.18235, -0.28824], [0.24118, -0.2451], [0.30784, -0.16275], [0.33529, -0.10392], [0.3549, 0.04118], [0.34314, 0.10392], [0.28039, 0.1902], [0.19804, 0.24902], [0.15882, 0.26078], [0.13922, 0.2451], [0.00196, 0.26471], [0.05294, 0.30784]]}