{"rank": 19, "key_id": "4637670024151040", "category": "pig", "n_points": 41, "bbox_aspect": 1.2814070351758795, "n_extensions_spliced": 2, "main_perimeter_px": 662.1845951361755, "score": 0.8963738720022381, "coords": [[-0.31961, -0.20196], [-0.37059, 0.01373], [-0.37059, 0.06863], [-0.41765, 0.08824], [-0.49216, 0.1902], [-0.5, 0.26863], [-0.48431, 0.31569], [-0.31176, 0.26078], [-0.27255, 0.26863], [-0.27255, 0.26863], [-0.31176, 0.26078], [-0.48431, 0.31569], [-0.5, 0.26863], [-0.49216, 0.1902], [-0.41765, 0.08824], [-0.35882, 0.10392], [-0.22941, 0.21765], [0.00588, 0.27647], [0.22941, 0.27647], [0.25294, 0.27647], [0.39412, 0.38235], [0.46863, 0.3902], [0.46863, 0.30784], [0.42549, 0.19412], [0.42549, 0.19412], [0.46863, 0.30784], [0.46863, 0.3902], [0.39412, 0.38235], [0.25294, 0.27647], [0.33529, 0.22549], [0.46863, 0.08039], [0.5, -0.04902], [0.5, -0.1902], [0.42549, -0.31569], [0.37843, -0.34706], [0.31176, -0.37059], [0.13922, -0.3902], [-0.13137, -0.3902], [-0.28824, -0.30784], [-0.34314, -0.1902], [-0.34314, -0.15882], [-0.31961, -0.20196]]}