{"rank": 20, "key_id": "5638545593073664", "category": "pig", "n_points": 26, "bbox_aspect": 1.3563829787234043, "n_extensions_spliced": 2, "main_perimeter_px": 634.4795468063458, "score": 0.8945112086617515, "coords": [[-0.43333, 0.05098], [-0.44118, 0.10588], [-0.46863, 0.05098], [-0.48824, 0.03529], [-0.5, -0.01961], [-0.5, -0.08235], [-0.46471, -0.17255], [-0.36667, -0.29804], [-0.2098, -0.36471], [-0.02549, -0.36863], [0.11176, -0.32941], [0.19412, -0.28235], [0.26078, -0.23137], [0.30784, -0.16078], [0.33137, -0.08627], [0.34706, 0.0902], [0.37451, 0.05098], [0.29608, 0.17647], [0.22941, 0.21569], [0.05686, 0.26275], [-0.03333, 0.27059], [-0.11569, 0.27059], [-0.16275, 0.25882], [-0.28824, 0.18824], [-0.42157, 0.03529], [-0.45686, -0.07059], [-0.43333, 0.05098]]}