{"rank": 21, "key_id": "6419248664543232", "category": "pig", "n_points": 24, "bbox_aspect": 1.3858695652173914, "n_extensions_spliced": 2, "main_perimeter_px": 627.4077531484913, "score": 0.8928988856497594, "coords": [[0.17843, -0.27059], [0.07647, -0.33333], [-0.07647, -0.36078], [-0.19412, -0.34902], [-0.32353, -0.28235], [-0.38235, -0.21961], [-0.4098, -0.11373], [-0.39412, 0.01176], [-0.33137, 0.12549], [-0.32745, 0.07059], [-0.22157, 0.26275], [-0.12745, 0.31765], [-0.0451, 0.3451], [0.08431, 0.36078], [0.17843, 0.34118], [0.27255, 0.30196], [0.31569, 0.25098], [0.35882, 0.1098], [0.36667, -0.00784], [0.38235, -0.03529], [0.34706, -0.15686], [0.31569, -0.21176], [0.16275, -0.33333], [0.13529, -0.34118], [0.17843, -0.27059]]}