{"rank": 22, "key_id": "4926290970804224", "category": "pig", "n_points": 35, "bbox_aspect": 1.6139240506329113, "n_extensions_spliced": 2, "main_perimeter_px": 762.7744199451753, "score": 0.8921292738094941, "coords": [[0.25686, 0.00784], [0.28824, -0.01961], [0.26471, -0.15686], [0.22157, -0.25882], [0.18627, -0.29804], [0.06471, -0.3098], [0.01373, -0.2902], [0.00588, -0.27059], [0.02549, -0.23529], [0.1549, -0.12157], [0.12353, -0.06667], [0.11176, -0.0], [0.02549, -0.04314], [-0.03333, -0.10196], [-0.12353, -0.23922], [-0.1902, -0.25098], [-0.28431, -0.22353], [-0.31569, -0.19216], [-0.31176, -0.13725], [-0.2451, -0.13333], [-0.18627, -0.15294], [-0.20196, -0.12941], [-0.18627, -0.05098], [-0.18627, 0.01569], [-0.21373, 0.05098], [-0.37451, 0.04706], [-0.40588, 0.12549], [-0.3902, 0.19608], [-0.35098, 0.2549], [-0.30784, 0.28235], [-0.21765, 0.3098], [-0.14706, 0.3098], [0.01765, 0.21569], [0.24902, 0.12157], [0.31569, 0.03137], [0.25686, 0.00784]]}