{"rank": 23, "key_id": "4681962717446144", "category": "pig", "n_points": 27, "bbox_aspect": 1.3350785340314135, "n_extensions_spliced": 2, "main_perimeter_px": 680.7129114301678, "score": 0.8917625163434084, "coords": [[-0.08039, 0.32745], [-0.14706, 0.33137], [-0.22549, 0.30784], [-0.28431, 0.28431], [-0.33922, 0.19412], [-0.40196, 0.07647], [-0.42549, -0.04902], [-0.41373, -0.18627], [-0.36275, -0.28039], [-0.28431, -0.33529], [-0.2098, -0.35882], [-0.06471, -0.37451], [0.11176, -0.37451], [0.20588, -0.3549], [0.30392, -0.31176], [0.41765, -0.22941], [0.46471, -0.16275], [0.49608, -0.08039], [0.5, -0.00196], [0.46078, 0.06078], [0.23725, 0.26863], [0.25686, 0.26078], [0.15882, 0.32353], [0.09216, 0.35882], [0.03725, 0.37451], [-0.04902, 0.37059], [-0.11569, 0.34314], [-0.08039, 0.32745]]}