{"rank": 24, "key_id": "5585361377951744", "category": "pig", "n_points": 48, "bbox_aspect": 1.4166666666666667, "n_extensions_spliced": 2, "main_perimeter_px": 462.9709963513218, "score": 0.891715879647098, "coords": [[0.04902, 0.12549], [-0.06863, 0.12941], [-0.13137, 0.08627], [-0.10784, 0.11765], [-0.17843, 0.21569], [-0.22549, 0.24706], [-0.38627, 0.27059], [-0.5, 0.27059], [-0.5, 0.27059], [-0.38627, 0.27059], [-0.22549, 0.24706], [-0.17843, 0.21569], [-0.10784, 0.11765], [-0.16275, -0.01176], [-0.16275, -0.1098], [-0.14706, -0.16863], [-0.07255, -0.29412], [-0.00588, -0.33725], [0.06863, -0.35294], [0.1902, -0.35294], [0.33922, -0.27451], [0.3902, -0.21569], [0.41765, -0.09804], [0.4098, 0.02353], [0.42157, 0.02745], [0.48039, 0.03529], [0.5, 0.05098], [0.44902, 0.27059], [0.45686, 0.33333], [0.48431, 0.35294], [0.43333, 0.34118], [0.34706, 0.29412], [0.3, 0.23922], [0.26471, 0.1451], [0.26471, 0.1451], [0.3, 0.23922], [0.34706, 0.29412], [0.43333, 0.34118], [0.48431, 0.35294], [0.45686, 0.33333], [0.44902, 0.27059], [0.5, 0.05098], [0.48039, 0.03529], [0.42157, 0.02745], [0.36275, 0.09804], [0.22549, 0.14902], [0.13137, 0.16471], [0.02157, 0.12157], [0.04902, 0.12549]]}