{"rank": 25, "key_id": "5835782830948352", "category": "pig", "n_points": 27, "bbox_aspect": 1.4682080924855492, "n_extensions_spliced": 2, "main_perimeter_px": 648.6482507249185, "score": 0.8917006948703187, "coords": [[-0.16142, 0.30118], [-0.23622, 0.29724], [-0.31102, 0.25394], [-0.28346, 0.28937], [-0.3622, 0.21063], [-0.44488, 0.10827], [-0.49213, -0.02165], [-0.49213, -0.09252], [-0.47638, -0.16339], [-0.44094, -0.22244], [-0.38976, -0.27362], [-0.32677, -0.30906], [-0.25197, -0.33268], [-0.09055, -0.34055], [0.0, -0.32874], [0.16535, -0.27362], [0.30709, -0.19882], [0.41732, -0.09646], [0.44882, -0.01378], [0.44882, 0.06102], [0.37795, 0.16339], [0.26772, 0.23425], [0.25197, 0.22244], [0.11811, 0.27756], [-0.09843, 0.30512], [-0.16535, 0.30118], [-0.1811, 0.28543], [-0.16142, 0.30118]]}