{"rank": 26, "key_id": "5549329525768192", "category": "pig", "n_points": 44, "bbox_aspect": 1.3144329896907216, "n_extensions_spliced": 2, "main_perimeter_px": 611.5160311946323, "score": 0.889186537965053, "coords": [[0.18235, 0.38039], [-0.06078, 0.28235], [-0.26471, 0.17255], [-0.30392, 0.19608], [-0.39412, 0.19608], [-0.44902, 0.18039], [-0.47255, 0.14902], [-0.5, 0.07059], [-0.43725, 0.04706], [-0.43725, 0.04706], [-0.5, 0.07059], [-0.47255, 0.14902], [-0.44902, 0.18039], [-0.39412, 0.19608], [-0.30392, 0.19608], [-0.38627, 0.07451], [-0.45686, -0.01961], [-0.48039, -0.11765], [-0.47647, -0.16471], [-0.45294, -0.21176], [-0.34314, -0.30588], [-0.19804, -0.37255], [-0.14706, -0.38039], [-0.04118, -0.34902], [0.07647, -0.26667], [0.18235, -0.14902], [0.24118, -0.03922], [0.28039, 0.16863], [0.26471, 0.30196], [0.28039, 0.28235], [0.35098, 0.29804], [0.46863, 0.28235], [0.48824, 0.27451], [0.5, 0.24314], [0.48431, 0.21569], [0.48431, 0.21569], [0.5, 0.24314], [0.48824, 0.27451], [0.46863, 0.28235], [0.35098, 0.29804], [0.28039, 0.28235], [0.22941, 0.35686], [0.20196, 0.37255], [0.10784, 0.38039], [0.18235, 0.38039]]}