{"rank": 27, "key_id": "5315067677507584", "category": "pig", "n_points": 49, "bbox_aspect": 1.3934426229508197, "n_extensions_spliced": 2, "main_perimeter_px": 601.4120066579715, "score": 0.8883802756537214, "coords": [[0.16275, 0.22549], [-0.1902, 0.22549], [-0.19804, 0.2451], [-0.2451, 0.25294], [-0.29608, 0.28824], [-0.47255, 0.35882], [-0.5, 0.30392], [-0.48039, 0.26078], [-0.48039, 0.16275], [-0.46471, 0.09216], [-0.46471, 0.09216], [-0.48039, 0.16275], [-0.48039, 0.26078], [-0.5, 0.30392], [-0.47255, 0.35882], [-0.29608, 0.28824], [-0.2451, 0.25294], [-0.19804, 0.2451], [-0.23333, 0.21765], [-0.28039, 0.17059], [-0.30392, 0.11176], [-0.31569, -0.16275], [-0.20196, -0.30392], [-0.14706, -0.33137], [-0.09216, -0.34706], [0.00588, -0.35882], [0.26078, -0.35882], [0.3, -0.35882], [0.42941, -0.31176], [0.45686, -0.26863], [0.46471, -0.11961], [0.42941, -0.00196], [0.32353, 0.14706], [0.23333, 0.21765], [0.26078, 0.26078], [0.31569, 0.29608], [0.41765, 0.32353], [0.46471, 0.32353], [0.5, 0.28039], [0.5, 0.19412], [0.48039, 0.13922], [0.48039, 0.13922], [0.5, 0.19412], [0.5, 0.28039], [0.46471, 0.32353], [0.41765, 0.32353], [0.31569, 0.29608], [0.26078, 0.26078], [0.12745, 0.22549], [0.16275, 0.22549]]}