{"rank": 28, "key_id": "6478138005520384", "category": "pig", "n_points": 43, "bbox_aspect": 1.2959183673469388, "n_extensions_spliced": 2, "main_perimeter_px": 550.7157104626294, "score": 0.8875898264834312, "coords": [[-0.15748, 0.22835], [-0.2874, 0.25197], [-0.3622, 0.22047], [-0.35039, 0.22835], [0.09055, 0.31496], [0.23228, 0.33858], [0.27165, 0.33071], [0.27165, 0.33071], [0.23228, 0.33858], [0.09055, 0.31496], [-0.35039, 0.22835], [-0.4252, 0.15748], [-0.4685, 0.09055], [-0.48819, 0.01575], [-0.5, -0.05906], [-0.48031, -0.17717], [-0.42126, -0.27953], [-0.37008, -0.33071], [-0.29528, -0.37795], [-0.12992, -0.38583], [-0.05906, -0.36614], [0.1378, -0.2874], [0.07087, -0.17717], [0.30315, -0.07874], [0.42913, -0.04331], [0.5, 0.02756], [0.49213, 0.06299], [0.25591, 0.38583], [0.25591, 0.38583], [0.49213, 0.06299], [0.5, 0.02756], [0.42913, -0.04331], [0.30315, -0.07874], [0.07087, -0.17717], [0.20472, -0.22047], [0.20472, -0.12992], [0.18504, -0.02756], [0.15748, 0.04331], [0.11024, 0.11811], [0.0748, 0.14961], [-0.09055, 0.21654], [-0.1811, 0.24409], [-0.18504, 0.23622], [-0.15748, 0.22835]]}