{"rank": 29, "key_id": "6068259621175296", "category": "pig", "n_points": 40, "bbox_aspect": 1.25, "n_extensions_spliced": 2, "main_perimeter_px": 623.4918115455511, "score": 0.8873365869517645, "coords": [[0.06078, 0.12157], [-0.19412, 0.15686], [-0.34314, 0.15686], [-0.38235, 0.1451], [-0.42549, 0.12549], [-0.47647, 0.25098], [-0.5, 0.4], [-0.45686, 0.31373], [-0.29216, 0.14118], [-0.29216, 0.14118], [-0.45686, 0.31373], [-0.5, 0.4], [-0.47647, 0.25098], [-0.42549, 0.12549], [-0.45294, 0.08235], [-0.47255, 0.03529], [-0.47255, -0.13333], [-0.42941, -0.21569], [-0.38235, -0.27059], [-0.33922, -0.30588], [-0.22549, -0.36863], [-0.09216, -0.4], [0.19412, -0.4], [0.31176, -0.38824], [0.3549, -0.36078], [0.38627, -0.32157], [0.39412, -0.16863], [0.37843, -0.05098], [0.32745, 0.03529], [0.2451, 0.08627], [0.22941, 0.0902], [0.37451, 0.14902], [0.5, 0.16078], [0.31569, 0.01176], [0.31569, 0.01176], [0.5, 0.16078], [0.37451, 0.14902], [0.22941, 0.0902], [0.07255, 0.13333], [0.03333, 0.11765], [0.06078, 0.12157]]}