{"rank": 30, "key_id": "6593700287217664", "category": "pig", "n_points": 35, "bbox_aspect": 1.2028301886792452, "n_extensions_spliced": 2, "main_perimeter_px": 637.1217582400312, "score": 0.8854101903723072, "coords": [[-0.31176, 0.23922], [-0.3549, 0.33725], [-0.43725, 0.34902], [-0.5, 0.13333], [-0.49216, 0.03922], [-0.4451, -0.10196], [-0.3902, -0.16471], [-0.16667, -0.23529], [-0.16275, -0.19216], [-0.00588, -0.22745], [-0.16667, -0.23529], [-0.3902, -0.16471], [-0.4451, -0.10196], [-0.49216, 0.03922], [-0.5, 0.13333], [-0.43725, 0.34902], [-0.3549, 0.33725], [-0.29608, 0.24314], [-0.21765, 0.23529], [-0.18627, 0.36471], [-0.11569, 0.40784], [-0.1, 0.34118], [0.05294, 0.17255], [0.11569, 0.07059], [0.19412, 0.20392], [0.26078, 0.26667], [0.34314, 0.29804], [0.46471, 0.27059], [0.5, 0.14118], [0.49608, 0.02745], [0.37843, -0.14902], [0.22157, -0.22745], [0.07647, -0.22745], [-0.27255, -0.19608], [-0.41373, -0.1451], [-0.31176, 0.23922]]}