{"rank": 31, "key_id": "5393057748877312", "category": "pig", "n_points": 27, "bbox_aspect": 1.3212435233160622, "n_extensions_spliced": 2, "main_perimeter_px": 564.9880203780107, "score": 0.8844707837426294, "coords": [[-0.31569, -0.05294], [-0.31569, 0.10392], [-0.29608, 0.14314], [-0.33137, 0.15098], [-0.22549, 0.19412], [-0.07255, 0.24902], [-0.00196, 0.25686], [0.13922, 0.26471], [0.20588, 0.25686], [0.2451, 0.24118], [0.23333, 0.2451], [0.35882, 0.13137], [0.39412, 0.06471], [0.41765, -0.03725], [0.41373, -0.15098], [0.39412, -0.21373], [0.30784, -0.32745], [0.26471, -0.35882], [0.22157, -0.37843], [0.08824, -0.37843], [-0.00196, -0.3549], [-0.12745, -0.3], [-0.17843, -0.26078], [-0.22157, -0.20196], [-0.24118, -0.1549], [-0.24902, -0.08039], [-0.28431, -0.03725], [-0.31569, -0.05294]]}