{"rank": 32, "key_id": "5654424242356224", "category": "pig", "n_points": 25, "bbox_aspect": 1.4488636363636365, "n_extensions_spliced": 2, "main_perimeter_px": 550.0339458224328, "score": 0.8843182138839902, "coords": [[0.06471, 0.23137], [0.0098, 0.24706], [-0.04902, 0.23922], [-0.15098, 0.20392], [-0.1902, 0.18431], [-0.26078, 0.14118], [-0.30784, 0.09412], [-0.38235, -0.00784], [-0.4098, -0.11765], [-0.4098, -0.16078], [-0.37451, -0.23529], [-0.33922, -0.27451], [-0.24902, -0.32941], [-0.19804, -0.3451], [-0.08824, -0.3451], [0.02941, -0.30588], [0.14314, -0.23922], [0.26863, -0.11765], [0.32745, 0.00392], [0.33137, 0.08235], [0.31176, 0.15294], [0.29216, 0.15686], [0.25294, 0.21569], [0.09216, 0.22745], [0.00588, 0.20784], [0.06471, 0.23137]]}