{"rank": 33, "key_id": "6204159906807808", "category": "pig", "n_points": 38, "bbox_aspect": 1.215311004784689, "n_extensions_spliced": 2, "main_perimeter_px": 709.719840394773, "score": 0.884302778236092, "coords": [[0.0, 0.37992], [-0.12598, 0.36811], [-0.22441, 0.33661], [-0.34646, 0.26575], [-0.41339, 0.19094], [-0.41732, 0.22638], [-0.48819, 0.2815], [-0.46063, 0.36024], [-0.38583, 0.41142], [-0.29528, 0.37598], [-0.29528, 0.37598], [-0.38583, 0.41142], [-0.46063, 0.36024], [-0.48819, 0.2815], [-0.41732, 0.22638], [-0.48819, 0.02165], [-0.5, -0.11614], [-0.47244, -0.21457], [-0.40945, -0.28543], [-0.29921, -0.3563], [-0.20472, -0.39567], [-0.05118, -0.41142], [0.11811, -0.3878], [0.24016, -0.35236], [0.38976, -0.28937], [0.45669, -0.22638], [0.5, -0.13583], [0.5, -0.05709], [0.44094, 0.09252], [0.37402, 0.21063], [0.30709, 0.26575], [0.30709, 0.33268], [0.24803, 0.3248], [0.24803, 0.3248], [0.30709, 0.33268], [0.15748, 0.34843], [0.09449, 0.36417], [0.0315, 0.35236], [0.0, 0.37992]]}