{"rank": 34, "key_id": "4670742719365120", "category": "pig", "n_points": 28, "bbox_aspect": 1.3010204081632653, "n_extensions_spliced": 2, "main_perimeter_px": 602.5059963975025, "score": 0.8820069878480206, "coords": [[0.3, 0.19608], [0.24118, 0.23922], [0.17843, 0.26275], [0.01765, 0.28235], [-0.05686, 0.28235], [-0.12745, 0.25882], [-0.1902, 0.23137], [-0.22941, 0.23922], [-0.2451, 0.18824], [-0.31176, 0.0902], [-0.33137, -0.03137], [-0.33137, -0.08627], [-0.30784, -0.1451], [-0.23333, -0.25098], [-0.07255, -0.35686], [0.05294, -0.38431], [0.16275, -0.38431], [0.21373, -0.36863], [0.26078, -0.3451], [0.33922, -0.27451], [0.42157, -0.14118], [0.43333, -0.0902], [0.42941, 0.01961], [0.38627, 0.12157], [0.35098, 0.17255], [0.31176, 0.21176], [0.22941, 0.25882], [0.23725, 0.25098], [0.3, 0.19608]]}