{"rank": 35, "key_id": "6289139341197312", "category": "pig", "n_points": 45, "bbox_aspect": 1.3144329896907216, "n_extensions_spliced": 2, "main_perimeter_px": 586.4547096671819, "score": 0.8808532046317197, "coords": [[0.19804, 0.27059], [0.1, 0.28235], [-0.07647, 0.27843], [-0.2451, 0.23137], [-0.3549, 0.17647], [-0.44118, 0.10588], [-0.45686, 0.0902], [-0.38627, 0.3098], [-0.37451, 0.38039], [-0.35098, 0.37255], [-0.33529, 0.35294], [-0.26078, 0.17647], [-0.26078, 0.17647], [-0.33529, 0.35294], [-0.35098, 0.37255], [-0.37451, 0.38039], [-0.38627, 0.3098], [-0.45686, 0.0902], [-0.47647, 0.05098], [-0.5, -0.02745], [-0.49608, -0.12549], [-0.42157, -0.22353], [-0.24118, -0.34118], [-0.13529, -0.38039], [-0.02941, -0.36863], [0.09608, -0.30196], [0.1902, -0.23137], [0.27255, -0.15686], [0.31176, -0.09412], [0.34314, 0.00784], [0.34706, 0.10588], [0.3549, 0.07843], [0.3549, 0.11765], [0.38235, 0.18431], [0.5, 0.32549], [0.25686, 0.26667], [0.23725, 0.24314], [0.23725, 0.24314], [0.25686, 0.26667], [0.5, 0.32549], [0.38235, 0.18431], [0.3549, 0.11765], [0.3549, 0.07843], [0.28431, 0.18431], [0.22549, 0.20392], [0.19804, 0.27059]]}