{"rank": 36, "key_id": "6082895762423808", "category": "pig", "n_points": 45, "bbox_aspect": 1.3144329896907216, "n_extensions_spliced": 2, "main_perimeter_px": 637.8329144827437, "score": 0.8808532046317197, "coords": [[-0.37843, 0.01569], [-0.38627, 0.04314], [-0.42549, 0.29412], [-0.39804, 0.27451], [-0.2451, 0.0902], [-0.23725, 0.09412], [-0.23725, 0.09412], [-0.2451, 0.0902], [-0.39804, 0.27451], [-0.42549, 0.29412], [-0.38627, 0.04314], [-0.46471, -0.0902], [-0.5, -0.16078], [-0.5, -0.19608], [-0.46471, -0.26667], [-0.41373, -0.31373], [-0.28824, -0.37647], [0.04902, -0.38039], [0.28039, -0.33333], [0.33137, -0.31373], [0.39804, -0.26667], [0.46471, -0.17255], [0.45294, -0.06667], [0.40196, 0.02353], [0.30784, 0.11765], [0.31569, 0.11765], [0.46471, 0.36863], [0.48824, 0.38039], [0.5, 0.33725], [0.5, 0.12941], [0.47255, 0.04314], [0.42941, -0.02353], [0.42941, -0.02353], [0.47255, 0.04314], [0.5, 0.12941], [0.5, 0.33725], [0.48824, 0.38039], [0.46471, 0.36863], [0.31569, 0.11765], [0.18627, 0.18431], [-0.08431, 0.25882], [-0.16667, 0.25882], [-0.21765, 0.23922], [-0.29216, 0.11765], [-0.30392, 0.02353], [-0.37843, 0.01569]]}