{"rank": 37, "key_id": "4654775079534592", "category": "pig", "n_points": 25, "bbox_aspect": 1.457142857142857, "n_extensions_spliced": 2, "main_perimeter_px": 659.6171033945403, "score": 0.880329599103744, "coords": [[-0.42941, 0.08824], [-0.30392, 0.21373], [-0.1902, 0.27647], [-0.03333, 0.31176], [0.16667, 0.31569], [0.28824, 0.28039], [0.42549, 0.18627], [0.42157, 0.21765], [0.48039, 0.10392], [0.49608, 0.05686], [0.5, -0.04118], [0.48824, -0.08824], [0.46863, -0.12745], [0.40196, -0.20196], [0.26078, -0.29216], [0.08039, -0.34314], [-0.04118, -0.33922], [-0.09608, -0.32353], [-0.20588, -0.24902], [-0.3, -0.15882], [-0.45294, 0.01765], [-0.47647, 0.06078], [-0.46863, 0.10392], [-0.48039, 0.10784], [-0.41373, 0.13529], [-0.42941, 0.08824]]}