{"rank": 38, "key_id": "4952861014228992", "category": "pig", "n_points": 46, "bbox_aspect": 1.328125, "n_extensions_spliced": 2, "main_perimeter_px": 596.6844657454914, "score": 0.8797738222232688, "coords": [[-0.35098, -0.31765], [-0.46863, -0.22745], [-0.5, -0.15294], [-0.49216, -0.07059], [-0.41765, 0.10588], [-0.41765, 0.11373], [-0.45686, 0.28627], [-0.4451, 0.37255], [-0.42157, 0.37647], [-0.26471, 0.27843], [-0.17059, 0.24314], [-0.13137, 0.24314], [-0.13137, 0.24314], [-0.17059, 0.24314], [-0.26471, 0.27843], [-0.42157, 0.37647], [-0.4451, 0.37255], [-0.45686, 0.28627], [-0.41765, 0.11373], [-0.31569, 0.19216], [-0.13529, 0.26667], [0.03725, 0.29804], [0.08431, 0.2902], [0.22157, 0.22353], [0.26471, 0.23137], [0.45294, 0.3451], [0.49216, 0.35294], [0.5, 0.32157], [0.4451, 0.08627], [0.41373, 0.02745], [0.41373, 0.02745], [0.4451, 0.08627], [0.5, 0.32157], [0.49216, 0.35294], [0.45294, 0.3451], [0.26471, 0.23137], [0.28431, 0.16471], [0.34706, 0.07451], [0.36275, -0.01961], [0.32353, -0.20392], [0.25686, -0.28235], [0.18235, -0.32157], [0.08431, -0.35294], [-0.14706, -0.37647], [-0.23725, -0.36471], [-0.26471, -0.33725], [-0.35098, -0.31765]]}