{"rank": 39, "key_id": "4959536521674752", "category": "pig", "n_points": 29, "bbox_aspect": 1.2814070351758795, "n_extensions_spliced": 2, "main_perimeter_px": 627.8599447253315, "score": 0.8797072053355713, "coords": [[0.18235, 0.14314], [0.08824, 0.17059], [-0.11569, 0.16667], [-0.1, 0.18627], [-0.2451, 0.13529], [-0.32353, 0.09216], [-0.37843, 0.0451], [-0.4098, -0.02157], [-0.41765, -0.09216], [-0.41373, -0.15882], [-0.38627, -0.25294], [-0.35882, -0.3], [-0.30784, -0.34314], [-0.21765, -0.38235], [-0.15882, -0.3902], [0.00196, -0.38235], [0.20196, -0.32353], [0.28824, -0.27647], [0.32745, -0.24118], [0.38627, -0.13137], [0.38627, -0.03333], [0.37451, 0.02157], [0.40196, 0.0098], [0.36275, 0.06078], [0.30784, 0.12353], [0.27255, 0.14706], [0.18627, 0.17059], [0.11176, 0.17843], [-0.03333, 0.15882], [0.18235, 0.14314]]}