{"rank": 40, "key_id": "5536806265159680", "category": "pig", "n_points": 44, "bbox_aspect": 1.2959183673469388, "n_extensions_spliced": 2, "main_perimeter_px": 655.3889109768038, "score": 0.8792564931500979, "coords": [[-0.37402, 0.27559], [-0.24803, 0.33071], [-0.13386, 0.35039], [0.00787, 0.3622], [0.11417, 0.35433], [0.22047, 0.3189], [0.30315, 0.27165], [0.37008, 0.20472], [0.4252, 0.13386], [0.44094, 0.14567], [0.4685, 0.20866], [0.5, 0.38189], [0.31496, 0.3189], [0.31496, 0.3189], [0.5, 0.38189], [0.4685, 0.20866], [0.44094, 0.14567], [0.45276, 0.04331], [0.44882, -0.05906], [0.43307, -0.11417], [0.38189, -0.20866], [0.30709, -0.27953], [0.21654, -0.33465], [0.12205, -0.37008], [0.03937, -0.38583], [-0.07874, -0.37795], [-0.14961, -0.34646], [-0.25197, -0.26378], [-0.33071, -0.15748], [-0.38189, -0.01575], [-0.38189, 0.03937], [-0.42126, 0.12205], [-0.44882, 0.26772], [-0.5, 0.38583], [-0.41339, 0.35039], [-0.30709, 0.34646], [-0.30709, 0.34646], [-0.41339, 0.35039], [-0.5, 0.38583], [-0.44882, 0.26772], [-0.42126, 0.12205], [-0.38189, 0.03937], [-0.38976, 0.11024], [-0.30315, 0.28346], [-0.37402, 0.27559]]}