{"rank": 41, "key_id": "6179207921008640", "category": "pig", "n_points": 25, "bbox_aspect": 1.4597701149425288, "n_extensions_spliced": 2, "main_perimeter_px": 537.0588903296671, "score": 0.879068621505377, "coords": [[0.27165, 0.19291], [0.09055, 0.25591], [0.14173, 0.25984], [0.00787, 0.26378], [-0.07087, 0.25197], [-0.16142, 0.22047], [-0.13386, 0.24409], [-0.22835, 0.1811], [-0.31496, 0.0748], [-0.33071, 0.0315], [-0.33071, -0.05906], [-0.30709, -0.14961], [-0.27953, -0.20079], [-0.23622, -0.25197], [-0.18898, -0.28346], [-0.00787, -0.34252], [0.08268, -0.34252], [0.19291, -0.31102], [0.27953, -0.24803], [0.35039, -0.15748], [0.36614, -0.04331], [0.34252, 0.05512], [0.29134, 0.14961], [0.24409, 0.19685], [0.21654, 0.20472], [0.27165, 0.19291]]}