{"rank": 42, "key_id": "4997889916928000", "category": "pig", "n_points": 23, "bbox_aspect": 1.372972972972973, "n_extensions_spliced": 2, "main_perimeter_px": 519.378733394807, "score": 0.8780210103899659, "coords": [[0.04724, 0.21457], [-0.0748, 0.23031], [-0.16535, 0.20276], [-0.15354, 0.18307], [-0.27953, 0.0689], [-0.31496, -0.01378], [-0.33071, -0.17913], [-0.2874, -0.26575], [-0.21654, -0.32874], [-0.13386, -0.36024], [-0.07874, -0.36417], [0.01969, -0.36024], [0.07087, -0.34449], [0.16535, -0.27756], [0.24803, -0.1437], [0.25984, -0.05315], [0.18898, 0.17126], [0.19291, 0.15157], [0.14567, 0.22244], [0.11417, 0.23819], [0.01575, 0.25], [-0.02362, 0.24606], [-0.08268, 0.21457], [0.04724, 0.21457]]}