{"rank": 43, "key_id": "5727554084274176", "category": "pig", "n_points": 38, "bbox_aspect": 1.2028301886792452, "n_extensions_spliced": 2, "main_perimeter_px": 656.4008112739218, "score": 0.8770768570389738, "coords": [[-0.20588, -0.38824], [-0.28039, -0.33725], [-0.3549, -0.26667], [-0.41765, -0.14118], [-0.43725, 0.01961], [-0.37059, 0.17647], [-0.41373, 0.18039], [-0.45686, 0.27059], [-0.5, 0.41569], [-0.37451, 0.34118], [-0.21373, 0.29412], [-0.21373, 0.29412], [-0.37451, 0.34118], [-0.5, 0.41569], [-0.45686, 0.27059], [-0.41373, 0.18039], [-0.29216, 0.2549], [-0.15098, 0.30196], [-0.00196, 0.30588], [0.18627, 0.24706], [0.12745, 0.28627], [0.4098, 0.40392], [0.42941, 0.2549], [0.41373, 0.1451], [0.41373, 0.1451], [0.42941, 0.2549], [0.4098, 0.40392], [0.12745, 0.28627], [0.34314, 0.14118], [0.4098, 0.06667], [0.48824, -0.06667], [0.5, -0.22745], [0.45686, -0.3098], [0.36667, -0.35686], [0.3, -0.36863], [0.1, -0.36471], [-0.03725, -0.41569], [-0.12353, -0.39608], [-0.20588, -0.38824]]}