{"rank": 44, "key_id": "6082241509720064", "category": "pig", "n_points": 26, "bbox_aspect": 1.3212435233160622, "n_extensions_spliced": 2, "main_perimeter_px": 584.6226913822334, "score": 0.876137450409296, "coords": [[-0.11176, 0.24118], [-0.14706, 0.24118], [-0.22549, 0.21373], [-0.32745, 0.15098], [-0.39412, 0.08431], [-0.42941, 0.00196], [-0.42157, -0.15098], [-0.33137, -0.29216], [-0.25294, -0.34706], [-0.20196, -0.36667], [0.03725, -0.37843], [0.17843, -0.33922], [0.23725, -0.31176], [0.26078, -0.28039], [0.31961, -0.16667], [0.32745, -0.02157], [0.32353, 0.02549], [0.3, 0.07255], [0.23333, 0.16667], [0.26863, 0.1549], [0.15098, 0.22941], [0.06863, 0.25686], [-0.05686, 0.25686], [-0.14314, 0.23725], [-0.1549, 0.22549], [-0.15882, 0.19804], [-0.11176, 0.24118]]}