{"rank": 45, "key_id": "4627377776754688", "category": "pig", "n_points": 27, "bbox_aspect": 1.5029585798816567, "n_extensions_spliced": 2, "main_perimeter_px": 628.7629902800389, "score": 0.875325679168025, "coords": [[0.23228, -0.26969], [0.17323, -0.29331], [-0.01969, -0.32874], [-0.19291, -0.33268], [-0.27165, -0.31693], [-0.33858, -0.27756], [-0.38583, -0.22638], [-0.40157, -0.15945], [-0.40157, -0.0689], [-0.37402, 0.02559], [-0.31496, 0.10433], [-0.31102, 0.18307], [-0.22047, 0.17126], [-0.11811, 0.20669], [0.1063, 0.24213], [0.2126, 0.23819], [0.30709, 0.21063], [0.31102, 0.22638], [0.38583, 0.15157], [0.44094, 0.08465], [0.47638, 0.01378], [0.49606, -0.05315], [0.48425, -0.15945], [0.43701, -0.20276], [0.38189, -0.22638], [0.32283, -0.23819], [0.14567, -0.24213], [0.23228, -0.26969]]}