{"rank": 46, "key_id": "6366370340012032", "category": "pig", "n_points": 24, "bbox_aspect": 1.351063829787234, "n_extensions_spliced": 2, "main_perimeter_px": 627.4886384803466, "score": 0.8750940472971621, "coords": [[-0.02756, 0.34646], [-0.20472, 0.3189], [-0.2874, 0.26378], [-0.2874, 0.2874], [-0.32677, 0.20866], [-0.35039, 0.04724], [-0.33858, -0.11417], [-0.27559, -0.25197], [-0.16929, -0.34252], [-0.06299, -0.37008], [0.05512, -0.37008], [0.12205, -0.35433], [0.26378, -0.29134], [0.32283, -0.24803], [0.36614, -0.20866], [0.40945, -0.14173], [0.4252, -0.02362], [0.40157, 0.08268], [0.35433, 0.1811], [0.22047, 0.30315], [0.25197, 0.27559], [0.09055, 0.3622], [-0.03543, 0.37008], [-0.09055, 0.35433], [-0.02756, 0.34646]]}