{"rank": 47, "key_id": "5792990507302912", "category": "pig", "n_points": 28, "bbox_aspect": 1.2878787878787878, "n_extensions_spliced": 2, "main_perimeter_px": 621.942859807155, "score": 0.8749003278232079, "coords": [[0.34706, 0.34118], [0.39412, 0.33725], [0.26078, 0.37255], [-0.02941, 0.37255], [-0.13137, 0.36078], [-0.2451, 0.31373], [-0.27647, 0.29412], [-0.31569, 0.23922], [-0.3902, 0.18431], [-0.43333, 0.12157], [-0.46078, 0.01569], [-0.49608, -0.04706], [-0.5, -0.10196], [-0.48824, -0.12941], [-0.43333, -0.19216], [-0.39412, -0.26667], [-0.33137, -0.31765], [-0.16667, -0.36471], [-0.13922, -0.38824], [-0.08039, -0.38039], [-0.05294, -0.33725], [0.04118, -0.27843], [0.06078, -0.23922], [0.14314, -0.18824], [0.19804, -0.08627], [0.42941, 0.0902], [0.40588, 0.03137], [0.45294, 0.15294], [0.34706, 0.34118]]}