{"rank": 48, "key_id": "5331666144854016", "category": "pig", "n_points": 26, "bbox_aspect": 1.4912280701754386, "n_extensions_spliced": 2, "main_perimeter_px": 566.2100671278333, "score": 0.8724772402424793, "coords": [[-0.20588, 0.26863], [-0.26078, 0.23333], [-0.31176, 0.16667], [-0.33529, 0.11961], [-0.34314, 0.02941], [-0.33529, -0.03725], [-0.29216, -0.13137], [-0.26078, -0.17843], [-0.1902, -0.24118], [0.00588, -0.31961], [0.1, -0.33529], [0.18235, -0.33137], [0.23333, -0.31176], [0.28039, -0.27255], [0.3549, -0.13529], [0.36275, -0.02157], [0.35098, 0.06863], [0.29216, 0.17451], [0.23333, 0.22549], [0.22157, 0.23725], [0.09216, 0.28824], [-0.05294, 0.29608], [-0.19412, 0.2451], [-0.21765, 0.22549], [-0.20588, 0.22941], [-0.23333, 0.16667], [-0.20588, 0.26863]]}