{"rank": 49, "key_id": "6268867611459584", "category": "pig", "n_points": 25, "bbox_aspect": 1.328125, "n_extensions_spliced": 2, "main_perimeter_px": 558.3391108268947, "score": 0.8714404888899355, "coords": [[-0.03725, 0.23529], [-0.13922, 0.23529], [-0.22549, 0.20392], [-0.29216, 0.15686], [-0.32745, 0.09412], [-0.31176, 0.0902], [-0.35098, -0.05098], [-0.33137, -0.16471], [-0.29216, -0.27451], [-0.21373, -0.33725], [-0.10784, -0.37255], [0.00196, -0.37647], [0.09216, -0.36078], [0.15882, -0.32941], [0.21765, -0.28235], [0.28824, -0.18431], [0.32745, -0.05882], [0.33529, 0.02353], [0.31569, 0.10588], [0.26471, 0.18431], [0.19804, 0.2549], [0.13529, 0.29412], [0.08039, 0.3098], [0.0451, 0.29804], [-0.03725, 0.20784], [-0.03725, 0.23529]]}