{"rank": 50, "key_id": "4906857875374080", "category": "pig", "n_points": 30, "bbox_aspect": 1.251231527093596, "n_extensions_spliced": 2, "main_perimeter_px": 756.9243169234785, "score": 0.8713592359488754, "coords": [[0.17323, 0.31299], [0.06299, 0.33661], [-0.14961, 0.34055], [-0.23228, 0.32874], [-0.3189, 0.29724], [-0.3937, 0.25394], [-0.40551, 0.31299], [-0.42913, 0.21457], [-0.47638, 0.13583], [-0.5, 0.05315], [-0.49606, -0.05709], [-0.48031, -0.1122], [-0.43701, -0.18701], [-0.37008, -0.25394], [-0.25984, -0.3248], [-0.1378, -0.37205], [0.09055, -0.39961], [0.16142, -0.38386], [0.22047, -0.35236], [0.3189, -0.27362], [0.35827, -0.2185], [0.47638, 0.02165], [0.48819, 0.0689], [0.48425, 0.15551], [0.42913, 0.22638], [0.38976, 0.25394], [0.26772, 0.30118], [0.26378, 0.27362], [0.1378, 0.30512], [-0.04724, 0.28543], [0.17323, 0.31299]]}