{"rank": 51, "key_id": "5234565398396928", "category": "pig", "n_points": 27, "bbox_aspect": 1.5178571428571428, "n_extensions_spliced": 2, "main_perimeter_px": 598.620799081855, "score": 0.868420869606232, "coords": [[0.01765, 0.21961], [-0.18235, 0.21569], [-0.2451, 0.20392], [-0.26078, 0.20392], [-0.33922, 0.16471], [-0.38235, 0.12549], [-0.41373, 0.06667], [-0.45294, -0.04706], [-0.45294, -0.10588], [-0.43725, -0.16471], [-0.3549, -0.24314], [-0.28824, -0.27843], [-0.19804, -0.3098], [-0.02549, -0.32941], [0.08039, -0.32157], [0.2098, -0.2549], [0.25686, -0.20784], [0.30784, -0.12157], [0.33529, -0.04706], [0.33529, 0.01961], [0.31961, 0.05882], [0.27255, 0.11373], [0.25686, 0.11765], [0.05686, 0.22353], [-0.06078, 0.25882], [-0.13137, 0.25882], [-0.17059, 0.23922], [0.01765, 0.21961]]}