{"rank": 52, "key_id": "6060560388980736", "category": "pig", "n_points": 44, "bbox_aspect": 1.536144578313253, "n_extensions_spliced": 2, "main_perimeter_px": 414.5678243968237, "score": 0.8683708692068643, "coords": [[0.07647, 0.16863], [-0.09608, 0.18039], [-0.13922, 0.16471], [-0.19412, 0.12941], [-0.28824, 0.00784], [-0.28431, -0.02745], [-0.23725, -0.12941], [-0.21373, -0.14118], [-0.26863, -0.11765], [-0.30392, -0.08235], [-0.5, 0.26667], [-0.4098, 0.23137], [-0.33922, 0.18431], [-0.26471, 0.05098], [-0.26471, 0.05098], [-0.33922, 0.18431], [-0.4098, 0.23137], [-0.5, 0.26667], [-0.30392, -0.08235], [-0.26863, -0.11765], [-0.21373, -0.14118], [-0.13922, -0.25098], [-0.01373, -0.3098], [0.06078, -0.32549], [0.11961, -0.30196], [0.16667, -0.24706], [0.20196, -0.15294], [0.18235, 0.17255], [0.20196, 0.04314], [0.45686, 0.32549], [0.47255, 0.31765], [0.5, 0.08235], [0.49608, 0.01569], [0.48824, -0.02353], [0.42941, -0.09804], [0.42941, -0.09804], [0.48824, -0.02353], [0.49608, 0.01569], [0.5, 0.08235], [0.47255, 0.31765], [0.45686, 0.32549], [0.20196, 0.04314], [0.11569, 0.18431], [0.08431, 0.16078], [0.07647, 0.16863]]}