{"rank": 53, "key_id": "6015197380608000", "category": "pig", "n_points": 25, "bbox_aspect": 1.3212435233160622, "n_extensions_spliced": 2, "main_perimeter_px": 645.0972181083042, "score": 0.8678041170759627, "coords": [[-0.11961, 0.30784], [-0.23333, 0.24118], [-0.29216, 0.17451], [-0.35882, 0.20588], [-0.33137, 0.1], [-0.37059, -0.09608], [-0.33137, -0.20588], [-0.26863, -0.28824], [-0.15098, -0.3549], [0.00588, -0.37843], [0.13922, -0.36667], [0.31176, -0.30784], [0.42941, -0.20196], [0.49216, -0.08039], [0.5, -0.01373], [0.48824, 0.03333], [0.4451, 0.11176], [0.39412, 0.17059], [0.30392, 0.23725], [0.22549, 0.27255], [0.22157, 0.31176], [0.04118, 0.31961], [-0.06078, 0.32745], [-0.13529, 0.31961], [-0.17843, 0.29216], [-0.11961, 0.30784]]}