{"rank": 54, "key_id": "5181144494505984", "category": "pig", "n_points": 23, "bbox_aspect": 1.4488636363636365, "n_extensions_spliced": 2, "main_perimeter_px": 579.059673999845, "score": 0.8676515472173236, "coords": [[0.05294, 0.21176], [-0.02157, 0.22353], [-0.1, 0.21176], [-0.14706, 0.21176], [-0.2451, 0.1098], [-0.28431, 0.03529], [-0.28431, -0.0549], [-0.2451, -0.13333], [-0.11176, -0.22745], [0.02549, -0.30196], [0.15882, -0.3451], [0.3, -0.3451], [0.38235, -0.3098], [0.41373, -0.28235], [0.45686, -0.20392], [0.48824, -0.1098], [0.5, -0.01961], [0.5, 0.08235], [0.43725, 0.19216], [0.3549, 0.24706], [0.24118, 0.27059], [0.10784, 0.27059], [0.02549, 0.23922], [0.05294, 0.21176]]}