{"rank": 55, "key_id": "6059697033445376", "category": "pig", "n_points": 45, "bbox_aspect": 1.2893401015228427, "n_extensions_spliced": 2, "main_perimeter_px": 729.4961322361584, "score": 0.8673608111615347, "coords": [[0.25197, 0.33661], [0.41732, 0.20669], [0.40157, 0.22244], [0.46063, 0.26969], [0.41732, 0.34055], [0.32677, 0.34055], [0.30315, 0.3248], [0.30315, 0.30118], [0.30315, 0.30118], [0.30315, 0.3248], [0.32677, 0.34055], [0.41732, 0.34055], [0.46063, 0.26969], [0.40157, 0.22244], [0.44488, 0.13976], [0.5, -0.08858], [0.48031, -0.14764], [0.42126, -0.24213], [0.27165, -0.34843], [0.16535, -0.3878], [-0.05512, -0.37992], [-0.27165, -0.28543], [-0.30315, -0.26575], [-0.41339, -0.1437], [-0.5, 0.01772], [-0.5, 0.12795], [-0.37795, 0.26969], [-0.33858, 0.28543], [-0.4252, 0.30118], [-0.46457, 0.32874], [-0.4685, 0.36811], [-0.42913, 0.3878], [-0.27953, 0.35236], [-0.24409, 0.30118], [-0.24409, 0.30118], [-0.27953, 0.35236], [-0.42913, 0.3878], [-0.4685, 0.36811], [-0.46457, 0.32874], [-0.4252, 0.30118], [-0.33858, 0.28543], [-0.27953, 0.33661], [-0.14173, 0.36024], [0.25984, 0.34449], [0.32677, 0.29331], [0.25197, 0.33661]]}