{"rank": 56, "key_id": "5903033877659648", "category": "pig", "n_points": 21, "bbox_aspect": 1.4166666666666667, "n_extensions_spliced": 2, "main_perimeter_px": 648.833788076094, "score": 0.866715879647098, "coords": [[0.05294, 0.26275], [-0.04902, 0.23529], [-0.2098, 0.16863], [-0.23333, 0.21176], [-0.33922, 0.06667], [-0.38235, -0.05098], [-0.38235, -0.18824], [-0.29608, -0.28235], [-0.23725, -0.32157], [-0.13137, -0.35294], [0.02549, -0.34118], [0.45294, -0.10196], [0.48039, -0.07059], [0.48824, 0.02745], [0.47255, 0.06275], [0.38627, 0.1451], [0.25294, 0.21569], [0.23333, 0.21569], [0.04118, 0.2549], [-0.08431, 0.2549], [-0.1549, 0.19608], [0.05294, 0.26275]]}