{"rank": 57, "key_id": "4853854359257088", "category": "pig", "n_points": 42, "bbox_aspect": 1.2390243902439024, "n_extensions_spliced": 2, "main_perimeter_px": 720.14572470493, "score": 0.8644964358812408, "coords": [[-0.01575, -0.40354], [-0.19685, -0.3563], [-0.25591, -0.31693], [-0.31102, -0.25], [-0.37008, -0.12008], [-0.3622, 0.04134], [-0.32283, 0.12795], [-0.26378, 0.20276], [-0.24803, 0.1437], [-0.29134, 0.08071], [-0.35827, -0.09252], [-0.42126, -0.15551], [-0.5, -0.15157], [-0.5, -0.07283], [-0.34646, 0.24606], [-0.34646, 0.24606], [-0.5, -0.07283], [-0.5, -0.15157], [-0.42126, -0.15551], [-0.35827, -0.09252], [-0.29134, 0.08071], [-0.24803, 0.1437], [-0.13386, 0.30906], [-0.15354, 0.30512], [-0.40945, 0.2185], [-0.40945, 0.2185], [-0.15354, 0.30512], [-0.04724, 0.3563], [0.1063, 0.39961], [0.25197, 0.40354], [0.31496, 0.3878], [0.42126, 0.30512], [0.48031, 0.20669], [0.49606, 0.15551], [0.5, -0.02559], [0.44882, -0.15945], [0.39764, -0.2185], [0.2874, -0.30118], [0.14173, -0.35236], [-0.0748, -0.36811], [-0.13386, -0.36417], [-0.2126, -0.33268], [-0.01575, -0.40354]]}