{"rank": 58, "key_id": "5388574864179200", "category": "pig", "n_points": 45, "bbox_aspect": 1.526946107784431, "n_extensions_spliced": 2, "main_perimeter_px": 617.102464918002, "score": 0.8642417527156794, "coords": [[-0.33529, 0.2098], [-0.40588, 0.04118], [-0.37451, 0.08824], [-0.46471, 0.07647], [-0.49216, 0.11176], [-0.5, 0.20588], [-0.48039, 0.26078], [-0.42941, 0.31961], [-0.38235, 0.32745], [-0.17451, 0.22549], [-0.17451, 0.22549], [-0.38235, 0.32745], [-0.42941, 0.31961], [-0.48039, 0.26078], [-0.5, 0.20588], [-0.49216, 0.11176], [-0.46471, 0.07647], [-0.37451, 0.08824], [-0.41373, -0.14314], [-0.34706, -0.22941], [-0.25294, -0.28824], [-0.09216, -0.32745], [0.0451, -0.32745], [0.23333, -0.26863], [0.31176, -0.20588], [0.3549, -0.13922], [0.38627, -0.00588], [0.38235, 0.13529], [0.33137, 0.20196], [0.27255, 0.23333], [0.18627, 0.25294], [0.20588, 0.26863], [0.49608, 0.27647], [0.5, 0.19804], [0.49216, 0.17843], [0.41765, 0.13137], [0.35882, 0.11569], [0.35882, 0.11569], [0.41765, 0.13137], [0.49216, 0.17843], [0.5, 0.19804], [0.49608, 0.27647], [0.20588, 0.26863], [-0.37843, 0.26863], [-0.4451, 0.2451], [-0.33529, 0.2098]]}