{"rank": 59, "key_id": "5316229797511168", "category": "pig", "n_points": 30, "bbox_aspect": 1.2378640776699028, "n_extensions_spliced": 2, "main_perimeter_px": 749.244752617845, "score": 0.8638405978233424, "coords": [[0.35098, 0.14118], [0.41373, 0.09412], [0.43725, 0.05882], [0.48431, -0.05882], [0.48824, -0.19608], [0.46078, -0.28627], [0.34706, -0.35686], [0.26471, -0.38039], [0.11176, -0.4], [-0.16667, -0.40392], [-0.34314, -0.36471], [-0.43725, -0.30588], [-0.48431, -0.23137], [-0.5, -0.14118], [-0.49608, 0.05882], [-0.45294, 0.16471], [-0.39412, 0.23137], [-0.25686, 0.27843], [-0.19412, 0.30196], [-0.1902, 0.40392], [-0.1902, 0.40392], [-0.19412, 0.30196], [-0.01373, 0.28627], [0.26471, 0.23529], [0.27255, 0.24706], [0.3, 0.36078], [0.3, 0.36078], [0.27255, 0.24706], [0.41373, 0.19608], [0.5, 0.13333], [0.35098, 0.14118]]}