{"rank": 60, "key_id": "5530387176488960", "category": "pig", "n_points": 46, "bbox_aspect": 1.5119047619047619, "n_extensions_spliced": 2, "main_perimeter_px": 687.5136711089613, "score": 0.8628380309708213, "coords": [[-0.09055, 0.29921], [-0.16929, 0.29921], [-0.24016, 0.31496], [-0.24016, 0.33071], [-0.32283, 0.32283], [-0.44488, 0.2874], [-0.43307, 0.22441], [-0.3937, 0.17323], [-0.3937, 0.17323], [-0.43307, 0.22441], [-0.44488, 0.2874], [-0.32283, 0.32283], [-0.24016, 0.33071], [-0.24016, 0.31496], [-0.27953, 0.25197], [-0.40945, 0.09843], [-0.48425, -0.03543], [-0.5, -0.11024], [-0.48819, -0.17323], [-0.43701, -0.22835], [-0.36614, -0.26772], [-0.26772, -0.29921], [0.06693, -0.33071], [0.29528, -0.3189], [0.3937, -0.29134], [0.48031, -0.24016], [0.5, -0.12992], [0.5, 0.00394], [0.46457, 0.0748], [0.40157, 0.14961], [0.40157, 0.18898], [0.48031, 0.22047], [0.47638, 0.24409], [0.45669, 0.26378], [0.38976, 0.2874], [0.20866, 0.2874], [0.20866, 0.2874], [0.38976, 0.2874], [0.45669, 0.26378], [0.47638, 0.24409], [0.48031, 0.22047], [0.40157, 0.18898], [0.24803, 0.24803], [0.08268, 0.31496], [0.0, 0.32677], [-0.11811, 0.31496], [-0.09055, 0.29921]]}