{"rank": 61, "key_id": "5216203901501440", "category": "pig", "n_points": 26, "bbox_aspect": 1.2959183673469388, "n_extensions_spliced": 2, "main_perimeter_px": 650.2027056240948, "score": 0.8625898264834312, "coords": [[-0.11811, 0.26772], [-0.19685, 0.26772], [-0.29921, 0.23622], [-0.27165, 0.27165], [-0.38583, 0.18504], [-0.45669, 0.09843], [-0.49606, 0.00787], [-0.5, -0.08661], [-0.47244, -0.16929], [-0.41339, -0.24803], [-0.32283, -0.31102], [-0.22441, -0.35827], [-0.12992, -0.38189], [-0.02756, -0.38583], [0.07087, -0.37402], [0.24409, -0.31102], [0.38583, -0.20866], [0.43307, -0.12992], [0.44882, -0.06693], [0.44488, -0.00787], [0.40157, 0.07087], [0.29134, 0.1811], [0.29921, 0.19291], [0.19291, 0.22441], [-0.07874, 0.22835], [-0.14173, 0.24016], [-0.11811, 0.26772]]}