{"rank": 62, "key_id": "4886620991913984", "category": "pig", "n_points": 24, "bbox_aspect": 1.3229166666666667, "n_extensions_spliced": 2, "main_perimeter_px": 620.8994136786262, "score": 0.8603566608586796, "coords": [[0.05118, 0.2874], [0.09449, 0.35039], [-0.1063, 0.34252], [-0.19291, 0.29921], [-0.27559, 0.23228], [-0.27559, 0.24409], [-0.34252, 0.14173], [-0.38976, 0.05118], [-0.41339, -0.05118], [-0.40945, -0.24803], [-0.3622, -0.31102], [-0.3189, -0.33858], [-0.27953, -0.3622], [-0.19685, -0.37795], [0.04331, -0.37402], [0.1063, -0.35039], [0.21654, -0.25591], [0.25984, -0.17717], [0.29921, -0.03937], [0.31102, 0.16535], [0.25984, 0.25197], [0.19291, 0.3189], [0.22441, 0.3189], [0.09843, 0.35433], [0.05118, 0.2874]]}