{"rank": 63, "key_id": "6282167988518912", "category": "pig", "n_points": 26, "bbox_aspect": 1.2893401015228427, "n_extensions_spliced": 2, "main_perimeter_px": 716.9390723688031, "score": 0.8590274778282013, "coords": [[0.24016, 0.19094], [-0.07087, 0.19094], [-0.1811, 0.1752], [-0.3189, 0.1437], [-0.30315, 0.15945], [-0.40945, 0.08858], [-0.48819, -0.01772], [-0.5, -0.05315], [-0.49606, -0.19882], [-0.46457, -0.26181], [-0.43307, -0.30512], [-0.36614, -0.34449], [-0.25197, -0.38386], [-0.03543, -0.3878], [0.13386, -0.36024], [0.29134, -0.28543], [0.42913, -0.19094], [0.4685, -0.14764], [0.48425, -0.09646], [0.5, 0.08071], [0.41339, 0.20669], [0.34646, 0.26181], [0.26772, 0.28543], [0.2126, 0.27756], [0.23622, 0.25787], [0.11024, 0.2185], [0.24016, 0.19094]]}