{"rank": 64, "key_id": "6221831033847808", "category": "pig", "n_points": 41, "bbox_aspect": 1.2142857142857142, "n_extensions_spliced": 2, "main_perimeter_px": 582.688403859492, "score": 0.8587119778071545, "coords": [[-0.0098, 0.19216], [-0.12745, 0.21961], [-0.19412, 0.21961], [-0.19412, 0.24706], [-0.1902, 0.32549], [-0.26471, 0.41176], [-0.29216, 0.23529], [-0.28824, 0.11373], [-0.28824, 0.11373], [-0.29216, 0.23529], [-0.26471, 0.41176], [-0.1902, 0.32549], [-0.19412, 0.24706], [-0.26471, 0.19608], [-0.38627, 0.11373], [-0.49216, -0.03922], [-0.5, -0.12941], [-0.47647, -0.20784], [-0.43333, -0.26275], [-0.36667, -0.30588], [-0.25686, -0.3451], [-0.08824, -0.36863], [0.08039, -0.41176], [0.10392, -0.41176], [0.15882, -0.38431], [0.21765, -0.33333], [0.26078, -0.27059], [0.29608, -0.14118], [0.30392, -0.02353], [0.33529, -0.03529], [0.46863, 0.1451], [0.5, 0.22353], [0.23725, 0.0902], [0.23725, 0.0902], [0.5, 0.22353], [0.46863, 0.1451], [0.33529, -0.03529], [0.26078, 0.06275], [0.17843, 0.15294], [0.08824, 0.21176], [0.00196, 0.23922], [-0.0098, 0.19216]]}