{"rank": 65, "key_id": "6315715738992640", "category": "pig", "n_points": 44, "bbox_aspect": 1.5582822085889572, "n_extensions_spliced": 2, "main_perimeter_px": 524.4873989107009, "score": 0.8583550526199404, "coords": [[-0.14961, 0.21457], [-0.33858, 0.04528], [-0.40945, -0.05315], [-0.39764, -0.07677], [-0.47244, -0.02559], [-0.5, 0.01378], [-0.5, 0.19882], [-0.48819, 0.2185], [-0.40551, 0.12402], [-0.36614, 0.02953], [-0.36614, 0.02953], [-0.40551, 0.12402], [-0.48819, 0.2185], [-0.5, 0.19882], [-0.5, 0.01378], [-0.47244, -0.02559], [-0.39764, -0.07677], [-0.4252, -0.12795], [-0.38583, -0.20276], [-0.26772, -0.28937], [-0.16535, -0.31299], [0.07874, -0.32087], [0.20079, -0.28543], [0.21654, -0.26575], [0.24016, -0.17126], [0.24016, -0.09252], [0.19291, 0.0374], [0.12992, 0.1122], [0.13386, 0.13583], [0.5, 0.32087], [0.47638, 0.21457], [0.44094, 0.13976], [0.24016, -0.07283], [0.2126, -0.07283], [0.2126, -0.07283], [0.24016, -0.07283], [0.44094, 0.13976], [0.47638, 0.21457], [0.5, 0.32087], [0.13386, 0.13583], [0.0315, 0.17126], [-0.2126, 0.17126], [-0.28346, 0.11614], [-0.2874, 0.09646], [-0.14961, 0.21457]]}