{"rank": 66, "key_id": "6370299643691008", "category": "pig", "n_points": 25, "bbox_aspect": 1.3025641025641026, "n_extensions_spliced": 2, "main_perimeter_px": 585.7315007111512, "score": 0.8578370636168372, "coords": [[-0.22835, 0.26969], [-0.04724, 0.3563], [0.10236, 0.36417], [0.14173, 0.34449], [0.20866, 0.2815], [0.30709, 0.1437], [0.25197, 0.17913], [0.35433, 0.04921], [0.37008, -0.00984], [0.37795, -0.10827], [0.3622, -0.18307], [0.31496, -0.26575], [0.24803, -0.32874], [0.19291, -0.36417], [0.09449, -0.38386], [-0.01969, -0.38386], [-0.11024, -0.35236], [-0.16535, -0.31299], [-0.27559, -0.12795], [-0.32283, -0.00197], [-0.31102, 0.1437], [-0.29528, 0.1752], [-0.26378, 0.21063], [-0.29134, 0.24213], [-0.17323, 0.25], [-0.22835, 0.26969]]}