{"rank": 67, "key_id": "5201486101348352", "category": "pig", "n_points": 30, "bbox_aspect": 1.2259615384615385, "n_extensions_spliced": 2, "main_perimeter_px": 693.492772810181, "score": 0.8570772601851266, "coords": [[-0.29216, 0.18431], [-0.33922, 0.13333], [-0.37451, 0.02745], [-0.37451, -0.15686], [-0.33529, -0.26667], [-0.30784, -0.30588], [-0.24118, -0.36078], [-0.15882, -0.39608], [-0.05686, -0.40784], [-0.00588, -0.39216], [0.0451, -0.35686], [0.13137, -0.26275], [0.18235, -0.18824], [0.24902, 0.00392], [0.26078, 0.08235], [0.25686, 0.16471], [0.22549, 0.2549], [0.20196, 0.29412], [0.17059, 0.33725], [0.10784, 0.37255], [0.06078, 0.38431], [-0.1, 0.39216], [-0.27647, 0.32941], [-0.26863, 0.32941], [-0.36667, 0.27059], [-0.39412, 0.23529], [-0.42157, 0.14118], [-0.41765, 0.03529], [-0.40196, -0.0902], [-0.37059, -0.14902], [-0.29216, 0.18431]]}