{"rank": 68, "key_id": "6073046823600128", "category": "pig", "n_points": 25, "bbox_aspect": 1.3010204081632653, "n_extensions_spliced": 2, "main_perimeter_px": 595.5079849007335, "score": 0.8570069878480205, "coords": [[-0.34706, 0.23137], [-0.44902, 0.11765], [-0.47647, 0.06667], [-0.49608, 0.00784], [-0.5, -0.12157], [-0.48431, -0.18431], [-0.42941, -0.27451], [-0.35098, -0.32941], [-0.24118, -0.36863], [-0.12353, -0.38431], [-0.01373, -0.37255], [0.11569, -0.31373], [0.17451, -0.25098], [0.28824, -0.05882], [0.30784, 0.01569], [0.32745, 0.05882], [0.29216, 0.09412], [0.26078, 0.15294], [0.22157, 0.18824], [0.12353, 0.25098], [0.07647, 0.26275], [-0.1549, 0.27843], [-0.26471, 0.2549], [-0.26078, 0.26275], [-0.34314, 0.22353], [-0.34706, 0.23137]]}