{"rank": 69, "key_id": "4593916391194624", "category": "pig", "n_points": 24, "bbox_aspect": 1.3160621761658031, "n_extensions_spliced": 2, "main_perimeter_px": 690.6982932267206, "score": 0.8567202890447068, "coords": [[-0.5, -0.03346], [-0.47244, -0.16732], [-0.43701, -0.23425], [-0.35433, -0.31693], [-0.29528, -0.34055], [-0.13386, -0.37205], [0.26378, -0.37992], [0.32677, -0.36417], [0.39764, -0.32874], [0.44488, -0.2815], [0.48819, -0.19882], [0.5, -0.12795], [0.48819, 0.00591], [0.37008, 0.18701], [0.40945, 0.18701], [0.2874, 0.23425], [0.16929, 0.25787], [-0.12205, 0.25394], [-0.24016, 0.23425], [-0.38583, 0.16339], [-0.43701, 0.10433], [-0.42126, 0.08858], [-0.46457, 0.03346], [-0.46457, -0.06102], [-0.5, -0.03346]]}