{"rank": 70, "key_id": "4615362135982080", "category": "pig", "n_points": 43, "bbox_aspect": 1.2378640776699028, "n_extensions_spliced": 2, "main_perimeter_px": 639.5574622800328, "score": 0.8555072644900091, "coords": [[0.28039, 0.29412], [0.19804, 0.35294], [0.16275, 0.33333], [0.26078, 0.39608], [0.35098, 0.40392], [0.38627, 0.36078], [0.38627, 0.28627], [0.38627, 0.28627], [0.38627, 0.36078], [0.35098, 0.40392], [0.26078, 0.39608], [0.16275, 0.33333], [0.02549, 0.37647], [-0.13137, 0.37255], [-0.2451, 0.30588], [-0.33922, 0.34118], [-0.42549, 0.38431], [-0.47647, 0.36863], [-0.5, 0.32549], [-0.42941, 0.22745], [-0.42941, 0.22745], [-0.5, 0.32549], [-0.47647, 0.36863], [-0.42549, 0.38431], [-0.33922, 0.34118], [-0.30392, 0.24314], [-0.33529, 0.18431], [-0.38627, 0.03922], [-0.3902, -0.06667], [-0.36667, -0.15294], [-0.33137, -0.21176], [-0.21765, -0.3098], [-0.09216, -0.37255], [0.14706, -0.40392], [0.22941, -0.40392], [0.32353, -0.38039], [0.37059, -0.36078], [0.44118, -0.29412], [0.48824, -0.22745], [0.5, -0.18039], [0.49608, -0.12157], [0.43725, 0.01176], [0.34314, 0.16471], [0.28039, 0.29412]]}