{"rank": 71, "key_id": "5274156411125760", "category": "pig", "n_points": 36, "bbox_aspect": 1.1383928571428572, "n_extensions_spliced": 2, "main_perimeter_px": 496.5442923681788, "score": 0.8552016796775215, "coords": [[-0.39412, 0.25098], [-0.39412, 0.24706], [-0.40588, 0.2902], [-0.5, 0.43137], [-0.48431, 0.43922], [-0.3902, 0.43137], [-0.16667, 0.32941], [-0.16667, 0.32941], [-0.3902, 0.43137], [-0.48431, 0.43922], [-0.5, 0.43137], [-0.40588, 0.2902], [-0.39412, 0.24706], [-0.40196, 0.14118], [-0.39804, 0.02353], [-0.31961, -0.19608], [-0.28431, -0.25098], [-0.16667, -0.36863], [-0.13529, -0.38431], [-0.08431, -0.40392], [0.17059, -0.43922], [0.27647, -0.43529], [0.35098, -0.41176], [0.4098, -0.35686], [0.44902, -0.28627], [0.48431, -0.13725], [0.5, 0.07059], [0.49608, 0.19216], [0.46863, 0.25098], [0.45686, 0.27451], [0.45294, 0.43137], [0.23333, 0.34118], [0.23333, 0.34118], [0.45294, 0.43137], [0.45686, 0.27451], [0.45686, 0.24314], [-0.39412, 0.25098]]}