{"rank": 72, "key_id": "4935503738568704", "category": "pig", "n_points": 19, "bbox_aspect": 1.3879781420765027, "n_extensions_spliced": 2, "main_perimeter_px": 526.4262686665189, "score": 0.8522964476224653, "coords": [[-0.27559, 0.1437], [-0.35433, -0.00984], [-0.37402, -0.10433], [-0.29134, -0.12402], [-0.31102, -0.23819], [-0.22441, -0.32874], [-0.15748, -0.36024], [-0.03543, -0.3563], [0.22835, -0.30906], [0.31496, -0.26969], [0.37795, -0.21063], [0.41339, -0.08858], [0.39764, -0.00984], [0.37402, 0.04921], [0.3189, 0.10039], [0.13386, 0.24213], [0.06299, 0.26181], [-0.04331, 0.25], [-0.16535, 0.21063], [-0.27559, 0.1437]]}