{"rank": 73, "key_id": "5823165861199872", "category": "pig", "n_points": 43, "bbox_aspect": 1.2270531400966183, "n_extensions_spliced": 2, "main_perimeter_px": 618.2418670484404, "score": 0.8493669326590348, "coords": [[0.30709, 0.15945], [0.27165, 0.20276], [0.4252, 0.28543], [0.5, 0.34055], [0.5, 0.14764], [0.45669, 0.07677], [0.45669, 0.07677], [0.5, 0.14764], [0.5, 0.34055], [0.4252, 0.28543], [0.27165, 0.20276], [0.05512, 0.26181], [-0.04331, 0.27362], [-0.20079, 0.27362], [-0.27559, 0.24213], [-0.3622, 0.13189], [-0.38189, 0.12402], [-0.4252, 0.16339], [-0.46063, 0.2185], [-0.5, 0.40748], [-0.36614, 0.30906], [-0.29528, 0.2815], [-0.29528, 0.2815], [-0.36614, 0.30906], [-0.5, 0.40748], [-0.46063, 0.2185], [-0.4252, 0.16339], [-0.38189, 0.12402], [-0.40551, -0.04528], [-0.40551, -0.16339], [-0.37402, -0.25], [-0.29921, -0.33661], [-0.22441, -0.37992], [-0.06693, -0.40748], [0.0, -0.40748], [0.15354, -0.37992], [0.30709, -0.3248], [0.35433, -0.29331], [0.39764, -0.22244], [0.40945, -0.08465], [0.37402, 0.06496], [0.35433, 0.10827], [0.29528, 0.13583], [0.30709, 0.15945]]}