{"rank": 74, "key_id": "5203688509407232", "category": "pig", "n_points": 33, "bbox_aspect": 1.1697247706422018, "n_extensions_spliced": 2, "main_perimeter_px": 674.7226817694232, "score": 0.8492073720236869, "coords": [[-0.45686, 0.40784], [-0.41765, 0.42745], [0.17059, 0.42353], [0.28824, 0.36863], [0.32745, 0.31373], [0.35098, 0.23529], [0.3549, 0.08235], [0.32353, -0.0], [0.37059, -0.01961], [0.41373, -0.04706], [0.49608, -0.18431], [0.5, -0.21961], [0.5, -0.21961], [0.49608, -0.18431], [0.41373, -0.04706], [0.37059, -0.01961], [0.24902, -0.12157], [0.16275, -0.19216], [0.10392, -0.22353], [-0.0098, -0.24706], [-0.32745, -0.24314], [-0.18235, -0.2902], [-0.08824, -0.33333], [0.2451, -0.42745], [0.2451, -0.42745], [-0.08824, -0.33333], [-0.18235, -0.2902], [-0.38627, -0.2], [-0.44118, -0.1451], [-0.5, -0.03529], [-0.49216, 0.23137], [-0.43725, 0.31765], [-0.3549, 0.36471], [-0.45686, 0.40784]]}