{"rank": 75, "key_id": "6472422607814656", "category": "pig", "n_points": 23, "bbox_aspect": 1.3160621761658031, "n_extensions_spliced": 2, "main_perimeter_px": 541.7205928417552, "score": 0.8483869557113735, "coords": [[-0.02756, 0.26575], [-0.12205, 0.30512], [-0.22835, 0.30906], [-0.29921, 0.23425], [-0.2874, 0.19094], [-0.3622, 0.10827], [-0.37402, -0.00197], [-0.36614, -0.1752], [-0.29134, -0.31299], [-0.22047, -0.36417], [-0.17323, -0.37992], [-0.05118, -0.37992], [0.06299, -0.34449], [0.17717, -0.26969], [0.20472, -0.19882], [0.22835, -0.06102], [0.22835, 0.04921], [0.20079, 0.10433], [0.09449, 0.18307], [0.11024, 0.22638], [-0.05512, 0.25], [-0.07087, 0.26575], [-0.06299, 0.2815], [-0.02756, 0.26575]]}