{"rank": 76, "key_id": "6222998807773184", "category": "pig", "n_points": 49, "bbox_aspect": 1.3144329896907216, "n_extensions_spliced": 2, "main_perimeter_px": 643.963193295357, "score": 0.8475198712983864, "coords": [[-0.22549, 0.30196], [-0.33922, 0.18824], [-0.4098, 0.14118], [-0.46078, -0.03529], [-0.47255, -0.22745], [-0.37451, -0.30196], [-0.1902, -0.37255], [0.06078, -0.38039], [0.18235, -0.35686], [0.24118, -0.32549], [0.31569, -0.24314], [0.36667, -0.12549], [0.37059, 0.10196], [0.2098, 0.23529], [0.19412, 0.26667], [0.29216, 0.2902], [0.43333, 0.2902], [0.47255, 0.27059], [0.49216, 0.20392], [0.5, 0.00784], [0.38627, 0.00392], [0.35882, 0.01961], [0.35882, 0.01961], [0.38627, 0.00392], [0.5, 0.00784], [0.49216, 0.20392], [0.47255, 0.27059], [0.43333, 0.2902], [0.29216, 0.2902], [0.19412, 0.26667], [-0.02549, 0.31373], [-0.17451, 0.32157], [-0.23725, 0.29412], [-0.24902, 0.31765], [-0.36275, 0.31373], [-0.45686, 0.38039], [-0.48431, 0.36078], [-0.5, 0.26275], [-0.49608, 0.12549], [-0.43333, 0.01569], [-0.40196, 0.00784], [-0.40196, 0.00784], [-0.43333, 0.01569], [-0.49608, 0.12549], [-0.5, 0.26275], [-0.48431, 0.36078], [-0.45686, 0.38039], [-0.36275, 0.31373], [-0.24902, 0.31765], [-0.22549, 0.30196]]}