{"rank": 77, "key_id": "6321921153040384", "category": "pig", "n_points": 40, "bbox_aspect": 1.1805555555555556, "n_extensions_spliced": 2, "main_perimeter_px": 724.0544289910488, "score": 0.8473256972638005, "coords": [[0.07647, 0.32941], [-0.02549, 0.35294], [-0.18627, 0.35294], [-0.16275, 0.32941], [-0.16275, 0.3098], [-0.28824, 0.39608], [-0.31176, 0.36471], [-0.31176, 0.36471], [-0.28824, 0.39608], [-0.16275, 0.3098], [-0.16275, 0.32941], [-0.28431, 0.34118], [-0.40588, 0.30196], [-0.43725, 0.27451], [-0.45686, 0.24314], [-0.49216, 0.10588], [-0.5, 0.07451], [-0.48039, -0.02353], [-0.38627, -0.27451], [-0.28431, -0.34902], [-0.11961, -0.41176], [-0.01373, -0.42353], [0.26078, -0.38039], [0.39412, -0.32157], [0.45686, -0.27451], [0.48824, -0.20392], [0.5, -0.0902], [0.44902, 0.0549], [0.37843, 0.15294], [0.22941, 0.30196], [0.13529, 0.36078], [0.17843, 0.34118], [0.31176, 0.42353], [0.31569, 0.39216], [0.29216, 0.25098], [0.29216, 0.25098], [0.31569, 0.39216], [0.31176, 0.42353], [0.17843, 0.34118], [0.11569, 0.34118], [0.07647, 0.32941]]}