{"rank": 78, "key_id": "5389520004448256", "category": "pig", "n_points": 37, "bbox_aspect": 1.1383928571428572, "n_extensions_spliced": 2, "main_perimeter_px": 572.3858105413357, "score": 0.8468683463441882, "coords": [[-0.21373, 0.18431], [-0.25686, 0.23922], [-0.35098, 0.32941], [-0.47647, 0.37647], [-0.48824, 0.35294], [-0.5, -0.12941], [-0.46078, -0.21961], [-0.33922, -0.34902], [-0.1902, -0.41961], [-0.09608, -0.43922], [0.04118, -0.43922], [0.12353, -0.40784], [0.22941, -0.34118], [0.34706, -0.21176], [0.4098, -0.10196], [0.43333, -0.04314], [0.4451, 0.10588], [0.42157, 0.0902], [0.43725, 0.07059], [0.46863, 0.07059], [0.5, 0.08627], [0.41373, 0.37647], [0.38627, 0.43922], [0.31569, 0.39608], [0.26471, 0.32941], [0.22941, 0.24706], [0.21373, 0.27059], [0.2451, 0.2], [0.22941, 0.24706], [0.26471, 0.32941], [0.31569, 0.39608], [0.38627, 0.43922], [0.41373, 0.37647], [0.5, 0.08627], [0.46863, 0.07059], [0.43725, 0.07059], [0.42157, 0.0902], [-0.21373, 0.18431]]}