{"rank": 79, "key_id": "4917789871570944", "category": "pig", "n_points": 26, "bbox_aspect": 1.2623762376237624, "n_extensions_spliced": 2, "main_perimeter_px": 706.2907302082804, "score": 0.8442331944618726, "coords": [[0.01373, 0.30196], [-0.21373, 0.30588], [-0.25294, 0.29412], [-0.29608, 0.39216], [-0.3549, 0.21961], [-0.46078, 0.06275], [-0.49608, -0.07451], [-0.5, -0.17647], [-0.48824, -0.21961], [-0.44902, -0.26667], [-0.31961, -0.32157], [-0.08039, -0.39216], [0.13137, -0.39608], [0.19804, -0.37647], [0.38235, -0.28627], [0.45294, -0.23529], [0.48431, -0.18824], [0.5, -0.10588], [0.48431, -0.04314], [0.44902, 0.02745], [0.38235, 0.11373], [0.28824, 0.19608], [0.34706, 0.36078], [0.18235, 0.2549], [0.02549, 0.3098], [-0.04118, 0.31765], [0.01373, 0.30196]]}