{"rank": 80, "key_id": "5473753297321984", "category": "pig", "n_points": 40, "bbox_aspect": 1.1751152073732718, "n_extensions_spliced": 2, "main_perimeter_px": 751.589271057875, "score": 0.8440924351643943, "coords": [[0.08431, 0.36667], [-0.11176, 0.39804], [-0.21765, 0.39804], [-0.36275, 0.36275], [-0.36667, 0.36667], [-0.40196, 0.37451], [-0.45686, 0.42549], [-0.46471, 0.32745], [-0.46471, 0.32745], [-0.45686, 0.42549], [-0.40196, 0.37451], [-0.36667, 0.36667], [-0.40588, 0.33529], [-0.46471, 0.26863], [-0.49608, 0.1549], [-0.5, 0.03725], [-0.47647, -0.04902], [-0.41765, -0.16667], [-0.3, -0.29608], [-0.10784, -0.42549], [0.03725, -0.42549], [0.38235, -0.31569], [0.44902, -0.28039], [0.48039, -0.24902], [0.5, -0.19804], [0.5, -0.10784], [0.47647, -0.0098], [0.40196, 0.13922], [0.22549, 0.26471], [0.17059, 0.27647], [0.20588, 0.33922], [0.24902, 0.37059], [0.26863, 0.34314], [0.28824, 0.23725], [0.28824, 0.23725], [0.26863, 0.34314], [0.24902, 0.37059], [0.20588, 0.33922], [0.17059, 0.27647], [0.00588, 0.34706], [0.08431, 0.36667]]}