{"rank": 81, "key_id": "6697158818398208", "category": "pig", "n_points": 23, "bbox_aspect": 1.3076923076923077, "n_extensions_spliced": 2, "main_perimeter_px": 599.6637199755529, "score": 0.8439208916480933, "coords": [[0.01765, 0.22549], [-0.2098, 0.22549], [-0.35882, 0.14706], [-0.4098, 0.10392], [-0.42157, 0.1], [-0.48039, -0.00196], [-0.5, -0.1], [-0.5, -0.19412], [-0.37059, -0.31961], [-0.30784, -0.36275], [-0.26863, -0.37059], [-0.05686, -0.38235], [0.01373, -0.35882], [0.11176, -0.3], [0.2451, -0.17843], [0.28824, -0.11961], [0.30784, -0.06471], [0.3, 0.05686], [0.31961, 0.02941], [0.21765, 0.13529], [0.13529, 0.16275], [-0.04118, 0.16667], [-0.09216, 0.13529], [0.01765, 0.22549]]}