{"rank": 82, "key_id": "4982755785965568", "category": "pig", "n_points": 25, "bbox_aspect": 1.536144578313253, "n_extensions_spliced": 2, "main_perimeter_px": 495.9431741370398, "score": 0.8433708692068643, "coords": [[0.01373, 0.2], [-0.02157, 0.23529], [-0.09216, 0.23529], [-0.17843, 0.21176], [-0.16667, 0.19608], [-0.26078, 0.15686], [-0.34314, 0.01176], [-0.35882, -0.07059], [-0.35098, -0.16471], [-0.31961, -0.21569], [-0.25294, -0.27059], [-0.21373, -0.29412], [-0.11176, -0.32549], [-0.00588, -0.31765], [0.13137, -0.27059], [0.20588, -0.22353], [0.27647, -0.15294], [0.29608, -0.10196], [0.27647, -0.01961], [0.19804, 0.1098], [0.12745, 0.18431], [0.03333, 0.20784], [0.07255, 0.16863], [0.0098, 0.20784], [-0.02157, 0.18431], [0.01373, 0.2]]}