{"rank": 83, "key_id": "4721568049528832", "category": "pig", "n_points": 26, "bbox_aspect": 1.5548780487804879, "n_extensions_spliced": 2, "main_perimeter_px": 612.3455052638884, "score": 0.8432192501675563, "coords": [[-0.13137, 0.27059], [-0.18627, 0.26275], [-0.22549, 0.25098], [-0.39412, 0.14902], [-0.46471, 0.09412], [-0.48824, 0.0549], [-0.5, -0.06667], [-0.48824, -0.13333], [-0.42941, -0.21569], [-0.33529, -0.27451], [-0.29608, -0.2902], [-0.11961, -0.32157], [0.02157, -0.31765], [0.13137, -0.29804], [0.22157, -0.2549], [0.28431, -0.20392], [0.38235, -0.0549], [0.40196, -0.0], [0.40196, 0.07843], [0.41373, 0.04314], [0.37059, 0.15686], [0.33137, 0.20784], [0.16667, 0.28627], [0.10392, 0.29412], [-0.01373, 0.29412], [-0.09216, 0.25098], [-0.13137, 0.27059]]}