{"rank": 84, "key_id": "6115930230751232", "category": "pig", "n_points": 26, "bbox_aspect": 1.2561576354679802, "n_extensions_spliced": 2, "main_perimeter_px": 715.7778591004029, "score": 0.8407763973134648, "coords": [[0.0451, 0.3902], [-0.08824, 0.38627], [-0.17451, 0.3549], [-0.28824, 0.29216], [-0.28824, 0.31176], [-0.38627, 0.21373], [-0.43333, 0.1549], [-0.47647, 0.06078], [-0.49608, -0.03333], [-0.5, -0.14706], [-0.46863, -0.23333], [-0.39804, -0.32353], [-0.36275, -0.34706], [-0.26471, -0.38627], [-0.15882, -0.39804], [0.06471, -0.39804], [0.18235, -0.37451], [0.33922, -0.29216], [0.40196, -0.18235], [0.42941, -0.01765], [0.42941, 0.08431], [0.41373, 0.16275], [0.36275, 0.22157], [0.2451, 0.31176], [0.12745, 0.37451], [0.0098, 0.39804], [0.0451, 0.3902]]}