{"rank": 85, "key_id": "5257876304035840", "category": "pig", "n_points": 30, "bbox_aspect": 1.1971830985915493, "n_extensions_spliced": 2, "main_perimeter_px": 736.2951164656918, "score": 0.8404493999794517, "coords": [[-0.00588, 0.32745], [-0.0451, 0.34314], [-0.11961, 0.33137], [-0.24118, 0.22941], [-0.35882, 0.1], [-0.34706, 0.12353], [-0.46471, -0.0451], [-0.49216, -0.11176], [-0.5, -0.18235], [-0.46078, -0.27647], [-0.3549, -0.35882], [-0.16667, -0.41373], [-0.05294, -0.41765], [0.03725, -0.40588], [0.22157, -0.34314], [0.28824, -0.30392], [0.35882, -0.24118], [0.4098, -0.18235], [0.4451, -0.11961], [0.46078, -0.04118], [0.46078, 0.01765], [0.43725, 0.08431], [0.35098, 0.22157], [0.33137, 0.19412], [0.28431, 0.28039], [0.19804, 0.32745], [0.04902, 0.37451], [-0.01373, 0.37843], [-0.12745, 0.35098], [-0.16275, 0.29608], [-0.00588, 0.32745]]}