{"rank": 86, "key_id": "6328996016947200", "category": "pig", "n_points": 25, "bbox_aspect": 1.2686567164179106, "n_extensions_spliced": 2, "main_perimeter_px": 635.3409662296199, "score": 0.8393738136680297, "coords": [[-0.03333, 0.28039], [-0.12353, 0.28431], [-0.17451, 0.27255], [-0.28431, 0.22549], [-0.28431, 0.26078], [-0.35882, 0.1549], [-0.38627, 0.06863], [-0.38627, -0.08824], [-0.36667, -0.17451], [-0.30784, -0.28039], [-0.26078, -0.32745], [-0.13529, -0.37843], [-0.05294, -0.39412], [0.06863, -0.3902], [0.26078, -0.31961], [0.34706, -0.26078], [0.36667, -0.22157], [0.42941, 0.02157], [0.42941, 0.11961], [0.37451, 0.20196], [0.36275, 0.20588], [0.27255, 0.3], [0.22157, 0.31961], [0.11569, 0.32353], [-0.04118, 0.29608], [-0.03333, 0.28039]]}