{"rank": 87, "key_id": "5241862740770816", "category": "pig", "n_points": 25, "bbox_aspect": 1.2686567164179106, "n_extensions_spliced": 2, "main_perimeter_px": 674.2107976609894, "score": 0.8393738136680297, "coords": [[-0.30392, 0.24118], [-0.12353, 0.28039], [0.06471, 0.28824], [0.15098, 0.27255], [0.28039, 0.21373], [0.34706, 0.15882], [0.37059, 0.11961], [0.39412, 0.06471], [0.41373, -0.06471], [0.4098, -0.1902], [0.39412, -0.25686], [0.3549, -0.31961], [0.28039, -0.37059], [0.21373, -0.38627], [0.1, -0.39412], [-0.10392, -0.37059], [-0.24118, -0.34706], [-0.38627, -0.28824], [-0.46471, -0.22157], [-0.49608, -0.15882], [-0.5, 0.01373], [-0.4098, 0.18235], [-0.41765, 0.18235], [-0.36667, 0.22549], [-0.28824, 0.23333], [-0.30392, 0.24118]]}