{"rank": 88, "key_id": "6221391634366464", "category": "pig", "n_points": 24, "bbox_aspect": 1.2828282828282829, "n_extensions_spliced": 2, "main_perimeter_px": 625.6590721123188, "score": 0.8388164997919519, "coords": [[-0.01969, -0.33465], [-0.20079, -0.2126], [-0.35827, 0.00787], [-0.38583, 0.08661], [-0.38976, 0.13386], [-0.35827, 0.23622], [-0.35827, 0.2126], [-0.33465, 0.27165], [-0.26378, 0.33071], [-0.19291, 0.36614], [-0.09449, 0.38583], [0.00394, 0.38976], [0.11417, 0.37795], [0.24409, 0.34646], [0.3189, 0.29921], [0.36614, 0.22835], [0.36614, 0.23622], [0.39764, 0.12992], [0.40551, -0.00394], [0.3937, -0.07874], [0.35039, -0.17323], [0.24803, -0.2874], [0.19685, -0.32283], [-0.06693, -0.38976], [-0.01969, -0.33465]]}