{"rank": 89, "key_id": "6406583074422784", "category": "pig", "n_points": 29, "bbox_aspect": 1.2085308056872037, "n_extensions_spliced": 2, "main_perimeter_px": 699.8897045531131, "score": 0.8387198892094694, "coords": [[0.27647, 0.34706], [0.27255, 0.33137], [0.21373, 0.3902], [0.14706, 0.4098], [0.06471, 0.41373], [-0.04902, 0.38627], [-0.19412, 0.30392], [-0.26471, 0.22941], [-0.30392, 0.16275], [-0.32353, 0.14314], [-0.33529, 0.02941], [-0.31569, -0.10392], [-0.25294, -0.21373], [-0.16275, -0.33137], [-0.10784, -0.37843], [-0.05294, -0.40588], [0.02157, -0.41373], [0.10392, -0.39412], [0.39412, -0.24902], [0.46471, -0.17843], [0.49608, -0.11569], [0.5, -0.02157], [0.48824, 0.03333], [0.46471, 0.09608], [0.40196, 0.19412], [0.31961, 0.27647], [0.23333, 0.33922], [0.14314, 0.38627], [0.08431, 0.39804], [0.27647, 0.34706]]}