{"rank": 90, "key_id": "4743435745492992", "category": "pig", "n_points": 42, "bbox_aspect": 1.192488262910798, "n_extensions_spliced": 2, "main_perimeter_px": 679.4814279257794, "score": 0.8376989052815289, "coords": [[-0.01181, 0.29724], [-0.05118, 0.30906], [-0.12598, 0.26969], [-0.3189, 0.13189], [-0.37008, 0.10039], [-0.38583, 0.15945], [-0.3937, 0.35236], [-0.20866, 0.19882], [-0.20866, 0.19882], [-0.3937, 0.35236], [-0.38583, 0.15945], [-0.37008, 0.10039], [-0.43701, 0.00984], [-0.48425, -0.06496], [-0.5, -0.14764], [-0.49213, -0.2185], [-0.44488, -0.28543], [-0.40945, -0.31693], [-0.26772, -0.3878], [-0.15354, -0.41142], [0.02362, -0.41929], [0.12598, -0.39961], [0.23228, -0.36417], [0.35827, -0.27756], [0.45276, -0.17126], [0.5, -0.08465], [0.5, -0.00984], [0.47638, 0.04921], [0.40551, 0.13189], [0.33858, 0.19488], [0.23228, 0.25], [0.22835, 0.25394], [0.29921, 0.36024], [0.3622, 0.41929], [0.38189, 0.23031], [0.37795, 0.16732], [0.37795, 0.16732], [0.38189, 0.23031], [0.3622, 0.41929], [0.29921, 0.36024], [0.22835, 0.25394], [-0.01181, 0.29331], [-0.01181, 0.29724]]}