{"rank": 91, "key_id": "6291388998090752", "category": "pig", "n_points": 44, "bbox_aspect": 1.2200956937799043, "n_extensions_spliced": 2, "main_perimeter_px": 683.5380576834403, "score": 0.837053272934015, "coords": [[-0.21765, 0.2451], [-0.27255, 0.24118], [-0.32745, 0.21765], [-0.3549, 0.23333], [-0.26863, 0.36275], [-0.20588, 0.4098], [-0.17843, 0.32353], [-0.12745, 0.24902], [-0.12745, 0.24902], [-0.17843, 0.32353], [-0.20588, 0.4098], [-0.26863, 0.36275], [-0.3549, 0.23333], [-0.3902, 0.16667], [-0.46863, 0.07255], [-0.5, -0.02549], [-0.49608, -0.13529], [-0.48431, -0.17059], [-0.43333, -0.22941], [-0.35098, -0.29216], [-0.11961, -0.37059], [0.00196, -0.40196], [0.11569, -0.4098], [0.34706, -0.38627], [0.44902, -0.35882], [0.49216, -0.33137], [0.5, -0.17843], [0.48824, -0.13529], [0.40196, -0.02941], [0.2451, 0.10784], [0.20588, 0.13137], [0.40196, 0.23725], [0.48039, 0.3], [0.42549, 0.17059], [0.39804, 0.0451], [0.39804, 0.0451], [0.42549, 0.17059], [0.48039, 0.3], [0.40196, 0.23725], [0.20588, 0.13137], [0.16275, 0.16667], [0.0451, 0.22157], [-0.0451, 0.24902], [-0.23333, 0.27255], [-0.21765, 0.2451]]}