{"rank": 92, "key_id": "5039038207623168", "category": "pig", "n_points": 28, "bbox_aspect": 1.2200956937799043, "n_extensions_spliced": 2, "main_perimeter_px": 688.2055541431329, "score": 0.837053272934015, "coords": [[-0.03725, 0.28039], [-0.12353, 0.28824], [-0.19412, 0.28039], [-0.36667, 0.22549], [-0.40196, 0.25294], [-0.43333, 0.17451], [-0.46863, 0.11961], [-0.48824, 0.04902], [-0.48824, -0.10784], [-0.46863, -0.1902], [-0.43333, -0.24902], [-0.37059, -0.31961], [-0.22941, -0.39804], [-0.17059, -0.4098], [-0.01765, -0.4098], [0.17451, -0.39412], [0.26078, -0.37059], [0.40196, -0.31961], [0.45686, -0.28824], [0.48824, -0.25294], [0.5, -0.13137], [0.46863, -0.00196], [0.3902, 0.14314], [0.31569, 0.21373], [0.25294, 0.26863], [0.15882, 0.29608], [0.12745, 0.30784], [0.0451, 0.30784], [-0.03725, 0.28039]]}