{"rank": 93, "key_id": "4624631912726528", "category": "pig", "n_points": 29, "bbox_aspect": 1.2047619047619047, "n_extensions_spliced": 2, "main_perimeter_px": 735.4933086855133, "score": 0.8365334716388537, "coords": [[0.03755, 0.22134], [-0.05336, 0.26877], [-0.23123, 0.28854], [-0.25494, 0.24901], [-0.31423, 0.26482], [-0.35771, 0.23715], [-0.417, 0.18577], [-0.46047, 0.11462], [-0.5, -0.02372], [-0.48419, -0.16996], [-0.417, -0.28854], [-0.31423, -0.37549], [-0.25494, -0.39921], [-0.15613, -0.41502], [-0.06522, -0.41107], [0.04545, -0.3834], [0.27075, -0.3004], [0.37747, -0.24111], [0.45257, -0.19368], [0.48419, -0.16206], [0.49605, -0.11462], [0.5, -0.03162], [0.48024, 0.03953], [0.43281, 0.11067], [0.38538, 0.14625], [0.36957, 0.20553], [0.15613, 0.26877], [0.08893, 0.28854], [-0.12846, 0.31225], [0.03755, 0.22134]]}