{"rank": 94, "key_id": "4948659194036224", "category": "pig", "n_points": 29, "bbox_aspect": 1.2037914691943128, "n_extensions_spliced": 2, "main_perimeter_px": 696.4560256672808, "score": 0.8359693945115467, "coords": [[0.12992, 0.2815], [0.11024, 0.31299], [-0.04724, 0.29331], [-0.2874, 0.28937], [-0.3937, 0.22638], [-0.44882, 0.17126], [-0.4685, 0.14764], [-0.48031, 0.10039], [-0.49606, 0.02953], [-0.5, -0.13189], [-0.46457, -0.21457], [-0.40157, -0.28937], [-0.33858, -0.34449], [-0.18898, -0.40748], [-0.09843, -0.41535], [0.00787, -0.41535], [0.10236, -0.39567], [0.18504, -0.35236], [0.25984, -0.28543], [0.3189, -0.20276], [0.35433, -0.10433], [0.36614, 0.08465], [0.33465, 0.17126], [0.27559, 0.23819], [0.2126, 0.28543], [0.22047, 0.26181], [0.15354, 0.30906], [0.0315, 0.31693], [0.01969, 0.28937], [0.12992, 0.2815]]}