{"rank": 95, "key_id": "6461480591425536", "category": "pig", "n_points": 42, "bbox_aspect": 1.186046511627907, "n_extensions_spliced": 2, "main_perimeter_px": 686.5233629311798, "score": 0.8339072962866854, "coords": [[0.09608, 0.20196], [0.02157, 0.20196], [-0.09608, 0.17843], [-0.16275, 0.15098], [-0.17451, 0.21765], [-0.23725, 0.38235], [-0.25294, 0.41765], [-0.27647, 0.42157], [-0.31569, 0.30784], [-0.31569, 0.12353], [-0.30392, 0.08824], [-0.30392, 0.08824], [-0.31569, 0.12353], [-0.31569, 0.30784], [-0.27647, 0.42157], [-0.25294, 0.41765], [-0.23725, 0.38235], [-0.17451, 0.21765], [-0.16275, 0.15098], [-0.38627, -0.01373], [-0.49216, -0.17451], [-0.5, -0.2451], [-0.43725, -0.31176], [-0.39804, -0.33529], [-0.37843, -0.36667], [-0.19412, -0.42157], [0.14706, -0.41765], [0.23333, -0.38235], [0.36667, -0.27255], [0.48431, -0.01765], [0.5, 0.13137], [0.48824, 0.21373], [0.43333, 0.28431], [0.36667, 0.30392], [0.38235, 0.30392], [0.42157, 0.41373], [0.33137, 0.31961], [0.33137, 0.31961], [0.42157, 0.41373], [0.38235, 0.30392], [0.1902, 0.3], [0.13529, 0.26863], [0.09608, 0.20196]]}