{"rank": 96, "key_id": "5335984205987840", "category": "pig", "n_points": 42, "bbox_aspect": 1.186046511627907, "n_extensions_spliced": 2, "main_perimeter_px": 663.2027237781018, "score": 0.8339072962866854, "coords": [[-0.28431, 0.21373], [-0.31961, 0.22549], [-0.41765, 0.13922], [-0.45686, 0.08039], [-0.49216, -0.00196], [-0.5, -0.17843], [-0.44902, -0.26863], [-0.3902, -0.32745], [-0.31961, -0.36275], [-0.17843, -0.40588], [0.06078, -0.42157], [0.11961, -0.41765], [0.24902, -0.37843], [0.36667, -0.33137], [0.41373, -0.29608], [0.48824, -0.2098], [0.5, -0.13529], [0.49216, -0.00588], [0.45686, 0.08824], [0.42941, 0.12745], [0.35098, 0.20588], [0.26078, 0.26078], [0.21373, 0.31961], [0.39804, 0.42157], [0.41765, 0.30784], [0.41765, 0.30784], [0.39804, 0.42157], [0.21373, 0.31961], [0.06863, 0.32353], [-0.10784, 0.33922], [-0.06078, 0.33529], [-0.13529, 0.36275], [-0.17059, 0.39804], [-0.19804, 0.39412], [-0.25686, 0.31961], [-0.26078, 0.26078], [-0.26078, 0.26078], [-0.25686, 0.31961], [-0.19804, 0.39412], [-0.17059, 0.39804], [-0.13529, 0.36275], [-0.06078, 0.33529], [-0.28431, 0.21373]]}