{"rank": 97, "key_id": "4620529010999296", "category": "pig", "n_points": 27, "bbox_aspect": 1.5974842767295598, "n_extensions_spliced": 2, "main_perimeter_px": 540.3871430699453, "score": 0.8326295202760354, "coords": [[-0.4252, -0.06496], [-0.41339, -0.00591], [-0.35433, 0.07677], [-0.27953, 0.14764], [-0.19291, 0.19488], [-0.23228, 0.18701], [-0.1063, 0.22638], [-0.03543, 0.23819], [0.05512, 0.23819], [0.12992, 0.22244], [0.18504, 0.19882], [0.19291, 0.19488], [0.26772, 0.13976], [0.30315, 0.10433], [0.35827, -0.00197], [0.35827, -0.08071], [0.33071, -0.1437], [0.25591, -0.22244], [0.19685, -0.25787], [0.11811, -0.29331], [0.0, -0.31299], [-0.14567, -0.30906], [-0.27165, -0.27756], [-0.33858, -0.24606], [-0.38976, -0.20276], [-0.41732, -0.10039], [-0.40945, -0.05315], [-0.4252, -0.06496]]}