{"rank": 98, "key_id": "6563945873670144", "category": "pig", "n_points": 42, "bbox_aspect": 1.655844155844156, "n_extensions_spliced": 2, "main_perimeter_px": 615.1837408174022, "score": 0.832512905713491, "coords": [[-0.26471, 0.15294], [-0.35098, 0.13725], [-0.3902, 0.09412], [-0.48039, -0.04314], [-0.5, -0.16863], [-0.49216, -0.27843], [-0.41373, -0.30196], [0.11961, -0.30196], [0.29216, -0.25882], [0.31961, -0.23529], [0.37059, -0.14902], [0.37451, -0.05098], [0.33529, 0.04706], [0.38235, 0.01961], [0.38235, 0.04314], [0.46863, 0.18431], [0.5, 0.30196], [0.40588, 0.2902], [0.24118, 0.29412], [0.24118, 0.25882], [0.19804, 0.18824], [0.19804, 0.18824], [0.24118, 0.25882], [0.24118, 0.29412], [0.40588, 0.2902], [0.5, 0.30196], [0.46863, 0.18431], [0.38235, 0.04314], [0.38235, 0.01961], [0.28431, 0.12549], [0.13137, 0.19216], [-0.1549, 0.18824], [-0.26471, 0.17255], [-0.33529, 0.14902], [-0.31569, 0.14902], [-0.41373, 0.26667], [-0.17843, 0.25882], [-0.1549, 0.21176], [-0.1549, 0.21176], [-0.17843, 0.25882], [-0.41373, 0.26667], [-0.31569, 0.14902], [-0.26471, 0.15294]]}