{"rank": 99, "key_id": "6723109384093696", "category": "pig", "n_points": 28, "bbox_aspect": 1.2085308056872037, "n_extensions_spliced": 2, "main_perimeter_px": 738.9555519759771, "score": 0.8303865558761361, "coords": [[-0.08039, 0.33922], [-0.14314, 0.29216], [-0.26471, 0.22941], [-0.41373, 0.07255], [-0.4451, 0.0098], [-0.46863, -0.09216], [-0.46863, -0.15882], [-0.43725, -0.23333], [-0.39804, -0.28824], [-0.32353, -0.34706], [-0.17843, -0.40196], [-0.03333, -0.41373], [0.04118, -0.40196], [0.15882, -0.36667], [0.23725, -0.31961], [0.31569, -0.23725], [0.34314, -0.18235], [0.36275, -0.11176], [0.37059, 0.01373], [0.31961, 0.18627], [0.2451, 0.29216], [0.20196, 0.33529], [0.1902, 0.31569], [0.07255, 0.38235], [-0.09608, 0.34706], [-0.21373, 0.25294], [-0.22941, 0.25686], [-0.33922, 0.11569], [-0.08039, 0.33922]]}