{"rank": 100, "key_id": "5184113428398080", "category": "pig", "n_points": 39, "bbox_aspect": 1.1383928571428572, "n_extensions_spliced": 2, "main_perimeter_px": 766.7517677549246, "score": 0.8302016796775215, "coords": [[0.03333, 0.36863], [-0.13529, 0.36078], [-0.19412, 0.3451], [-0.28824, 0.29412], [-0.36667, 0.22353], [-0.35098, 0.24314], [-0.34706, 0.35294], [-0.32353, 0.43922], [-0.27647, 0.41176], [-0.26471, 0.33333], [-0.26471, 0.33333], [-0.27647, 0.41176], [-0.32353, 0.43922], [-0.34706, 0.35294], [-0.35098, 0.24314], [-0.45686, 0.06275], [-0.5, -0.1098], [-0.49608, -0.21569], [-0.41765, -0.31765], [-0.3549, -0.34902], [-0.13137, -0.41176], [0.08431, -0.43922], [0.40196, -0.41961], [0.43725, -0.40784], [0.47255, -0.37255], [0.49216, -0.33333], [0.5, -0.26275], [0.47255, -0.15294], [0.33137, 0.16471], [0.22157, 0.2549], [0.28431, 0.25882], [0.28431, 0.4], [0.27255, 0.41961], [0.19412, 0.33333], [0.19412, 0.33333], [0.27255, 0.41961], [0.28431, 0.4], [0.28431, 0.25882], [-0.08824, 0.35294], [0.03333, 0.36863]]}