{"rank": 101, "key_id": "6291347839385600", "category": "pig", "n_points": 27, "bbox_aspect": 1.2211538461538463, "n_extensions_spliced": 2, "main_perimeter_px": 659.5677422626404, "score": 0.8293267654872041, "coords": [[-0.37402, 0.14567], [-0.35039, 0.20866], [-0.46457, 0.23622], [-0.27559, 0.26378], [-0.18898, 0.30709], [-0.08268, 0.33071], [0.05118, 0.3189], [0.1811, 0.2874], [0.23228, 0.26772], [0.2874, 0.22441], [0.34646, 0.15354], [0.38976, 0.06299], [0.40945, -0.03937], [0.40945, -0.13386], [0.35827, -0.24803], [0.31102, -0.30709], [0.22441, -0.37402], [0.11811, -0.40945], [0.04331, -0.40945], [-0.03937, -0.3937], [-0.16142, -0.33858], [-0.32283, -0.2126], [-0.35433, -0.15354], [-0.37402, -0.08268], [-0.35827, 0.06693], [-0.31102, 0.14567], [-0.20079, 0.24016], [-0.37402, 0.14567]]}