{"rank": 102, "key_id": "4638176297615360", "category": "pig", "n_points": 25, "bbox_aspect": 1.25, "n_extensions_spliced": 2, "main_perimeter_px": 471.48550799557086, "score": 0.8290032536184312, "coords": [[-0.03725, 0.14902], [-0.06471, 0.13333], [-0.09608, 0.08235], [-0.14706, -0.09804], [-0.17059, -0.02353], [-0.14706, -0.15294], [-0.13529, -0.2], [-0.09608, -0.27843], [-0.05294, -0.32941], [0.02157, -0.38431], [0.07647, -0.4], [0.13137, -0.39608], [0.18627, -0.37647], [0.25294, -0.32549], [0.29216, -0.28235], [0.32745, -0.20392], [0.35098, -0.04706], [0.33529, 0.0549], [0.26863, 0.16863], [0.29608, 0.16078], [0.22549, 0.21569], [0.15882, 0.24706], [0.11569, 0.23922], [0.05294, 0.19216], [-0.03725, 0.05098], [-0.03725, 0.14902]]}