{"rank": 103, "key_id": "5980378621804544", "category": "pig", "n_points": 42, "bbox_aspect": 1.1751152073732718, "n_extensions_spliced": 2, "main_perimeter_px": 688.8999299013308, "score": 0.8274257684977275, "coords": [[-0.37451, 0.28039], [-0.32353, 0.3549], [-0.35098, 0.34314], [-0.49608, 0.34314], [-0.5, 0.20196], [-0.46863, 0.07647], [-0.46863, 0.07647], [-0.5, 0.20196], [-0.49608, 0.34314], [-0.35098, 0.34314], [-0.18235, 0.42157], [-0.05294, 0.42549], [-0.00196, 0.41373], [0.17843, 0.32745], [0.3549, 0.18235], [0.3902, 0.13922], [0.42157, 0.06078], [0.46863, 0.10392], [0.48039, 0.13137], [0.5, 0.27647], [0.5, 0.3549], [0.48824, 0.37059], [0.23725, 0.37451], [0.23725, 0.37451], [0.48824, 0.37059], [0.5, 0.3549], [0.5, 0.27647], [0.48039, 0.13137], [0.46863, 0.10392], [0.42157, -0.07647], [0.3902, -0.14706], [0.31961, -0.2451], [0.20588, -0.33922], [0.00588, -0.42157], [-0.11569, -0.42549], [-0.19412, -0.38235], [-0.26471, -0.30784], [-0.4098, -0.07647], [-0.43725, -0.00196], [-0.42549, 0.13529], [-0.36275, 0.28824], [-0.33922, 0.31569], [-0.37451, 0.28039]]}