{"rank": 104, "key_id": "4845738779475968", "category": "pig", "n_points": 25, "bbox_aspect": 1.5740740740740742, "n_extensions_spliced": 2, "main_perimeter_px": 642.8975219145599, "score": 0.8262968520199528, "coords": [[-0.31176, -0.08235], [-0.33922, 0.04706], [-0.32353, 0.13333], [-0.30784, 0.1451], [-0.26863, 0.20784], [-0.14314, 0.30196], [-0.06471, 0.31765], [0.03725, 0.31765], [0.21765, 0.28627], [0.36667, 0.22353], [0.42941, 0.16471], [0.5, 0.21961], [0.47647, 0.01176], [0.47255, -0.06667], [0.45686, -0.11765], [0.39804, -0.18824], [0.31176, -0.2549], [0.1902, -0.3098], [-0.1, -0.31765], [-0.17451, -0.30588], [-0.26078, -0.27451], [-0.35098, -0.20784], [-0.3902, -0.13333], [-0.39804, -0.04706], [-0.35098, 0.00784], [-0.31176, -0.08235]]}