{"rank": 105, "key_id": "5854262540107776", "category": "pig", "n_points": 25, "bbox_aspect": 1.2450980392156863, "n_extensions_spliced": 2, "main_perimeter_px": 663.3742333353274, "score": 0.8262527589205084, "coords": [[-0.34252, 0.20472], [-0.38976, 0.18504], [-0.43701, 0.1378], [-0.40945, 0.12205], [-0.49606, 0.02362], [-0.5, -0.09055], [-0.44488, -0.24016], [-0.38583, -0.30315], [-0.3189, -0.33858], [-0.14173, -0.38189], [0.04724, -0.40157], [0.11417, -0.40157], [0.25197, -0.37008], [0.38976, -0.2874], [0.42913, -0.24409], [0.49606, -0.1378], [0.5, -0.08268], [0.48425, -0.02362], [0.43307, 0.05118], [0.45669, 0.09449], [0.36614, 0.1063], [0.19291, 0.1811], [-0.05512, 0.23622], [-0.18504, 0.23622], [-0.3189, 0.20472], [-0.34252, 0.20472]]}