{"rank": 106, "key_id": "4538922182901760", "category": "pig", "n_points": 29, "bbox_aspect": 1.1805555555555556, "n_extensions_spliced": 2, "main_perimeter_px": 712.8289164108343, "score": 0.8223256972638004, "coords": [[0.10392, 0.2], [0.07647, 0.24706], [0.03725, 0.28235], [-0.01765, 0.29804], [-0.09608, 0.29804], [-0.21373, 0.2902], [-0.30784, 0.25882], [-0.28431, 0.28627], [-0.38627, 0.19216], [-0.4451, 0.10588], [-0.48431, 0.01176], [-0.5, -0.08627], [-0.49216, -0.22745], [-0.45294, -0.28235], [-0.39804, -0.33333], [-0.25294, -0.4], [-0.15098, -0.41961], [0.04902, -0.42353], [0.14706, -0.39216], [0.23333, -0.3451], [0.3, -0.2902], [0.35098, -0.22745], [0.38235, -0.15294], [0.3902, -0.02353], [0.38627, 0.03529], [0.34314, 0.11373], [0.33529, 0.14902], [0.22157, 0.22353], [-0.0451, 0.33333], [0.10392, 0.2]]}