{"rank": 107, "key_id": "6164827330314240", "category": "pig", "n_points": 25, "bbox_aspect": 1.2378640776699028, "n_extensions_spliced": 2, "main_perimeter_px": 636.2781209008035, "score": 0.8221739311566758, "coords": [[0.31961, 0.19608], [0.31176, 0.18824], [0.24902, 0.24706], [0.1549, 0.27451], [0.09608, 0.27843], [-0.12745, 0.27059], [-0.21765, 0.23922], [-0.25294, 0.21176], [-0.28824, 0.17647], [-0.28039, 0.18824], [-0.32353, 0.08235], [-0.33137, -0.14902], [-0.31176, -0.24314], [-0.25294, -0.32941], [-0.20588, -0.36471], [-0.14706, -0.38824], [-0.02549, -0.40392], [0.09608, -0.4], [0.22549, -0.3451], [0.42157, -0.21569], [0.45294, -0.18039], [0.48039, -0.11765], [0.48431, -0.01176], [0.3902, 0.1451], [0.27255, 0.25098], [0.31961, 0.19608]]}