{"rank": 108, "key_id": "5267707610005504", "category": "pig", "n_points": 40, "bbox_aspect": 1.1383928571428572, "n_extensions_spliced": 2, "main_perimeter_px": 705.279857041044, "score": 0.8218683463441881, "coords": [[0.03725, -0.43922], [-0.02157, -0.43529], [-0.18235, -0.38824], [-0.31176, -0.31765], [-0.39804, -0.23922], [-0.47255, -0.11765], [-0.5, -0.03137], [-0.5, 0.07451], [-0.45686, 0.17255], [-0.38235, 0.22745], [-0.44902, 0.24706], [-0.44118, 0.41176], [-0.42941, 0.43922], [-0.24118, 0.35294], [-0.24118, 0.35294], [-0.42941, 0.43922], [-0.44118, 0.41176], [-0.44902, 0.24706], [-0.26863, 0.26667], [-0.1902, 0.27843], [0.02549, 0.27451], [0.30784, 0.18824], [0.26471, 0.24314], [0.38235, 0.35294], [0.47647, 0.41176], [0.48431, 0.21176], [0.48431, 0.21176], [0.47647, 0.41176], [0.38235, 0.35294], [0.26471, 0.24314], [0.37059, 0.15686], [0.44118, 0.10196], [0.49216, -0.01569], [0.5, -0.16078], [0.46471, -0.25882], [0.43333, -0.3098], [0.39412, -0.35686], [0.32353, -0.4], [0.16275, -0.42745], [0.04118, -0.43529], [0.03725, -0.43922]]}