{"rank": 109, "key_id": "4634756106944512", "category": "pig", "n_points": 26, "bbox_aspect": 1.6037735849056605, "n_extensions_spliced": 2, "main_perimeter_px": 642.4130381040011, "score": 0.8215456922447794, "coords": [[0.33529, 0.31176], [0.11569, 0.31176], [-0.19412, 0.25686], [-0.42157, 0.13529], [-0.48039, 0.06471], [-0.5, -0.07255], [-0.49216, -0.11569], [-0.39412, -0.16275], [-0.25294, -0.17059], [-0.26078, -0.31176], [-0.26078, -0.31176], [-0.25294, -0.17059], [0.10784, -0.17059], [0.15882, -0.13529], [0.14706, -0.27647], [0.14706, -0.27647], [0.15882, -0.13529], [0.27255, -0.13529], [0.35882, -0.13529], [0.43725, -0.11176], [0.46471, -0.08039], [0.5, 0.04902], [0.5, 0.12745], [0.44118, 0.19804], [0.33529, 0.26078], [0.3, 0.26863], [0.33529, 0.31176]]}