{"rank": 110, "key_id": "6653347035611136", "category": "pig", "n_points": 42, "bbox_aspect": 1.1643835616438356, "n_extensions_spliced": 2, "main_perimeter_px": 670.6463212738263, "score": 0.8210037051044987, "coords": [[-0.08824, 0.19412], [-0.22549, 0.18627], [-0.41765, 0.01765], [-0.34706, 0.05294], [-0.36667, 0.19412], [-0.39804, 0.33529], [-0.39804, 0.42941], [-0.36667, 0.37843], [-0.33137, 0.28039], [-0.28824, 0.25294], [-0.28824, 0.25294], [-0.33137, 0.28039], [-0.36667, 0.37843], [-0.39804, 0.42941], [-0.39804, 0.33529], [-0.36667, 0.19412], [-0.34706, 0.05294], [-0.5, -0.13137], [-0.49216, -0.31961], [-0.3902, -0.40196], [-0.28824, -0.42941], [-0.06863, -0.42941], [0.10784, -0.39412], [0.45686, -0.27647], [0.49216, -0.22549], [0.5, -0.07255], [0.46471, -0.01765], [0.42549, 0.02549], [0.42549, 0.2098], [0.39804, 0.25294], [0.36667, 0.2098], [0.32353, 0.20196], [0.27255, 0.2098], [0.27255, 0.2098], [0.32353, 0.20196], [0.36667, 0.2098], [0.39804, 0.25294], [0.42549, 0.2098], [0.42549, 0.02549], [0.33137, 0.1], [0.14706, 0.18627], [-0.06471, 0.19412], [-0.08824, 0.19412]]}