{"rank": 111, "key_id": "6162928015245312", "category": "pig", "n_points": 27, "bbox_aspect": 1.2037914691943128, "n_extensions_spliced": 2, "main_perimeter_px": 653.7993961487089, "score": 0.8193027278448801, "coords": [[-0.00394, 0.31693], [-0.09055, 0.32874], [-0.12992, 0.31693], [-0.20472, 0.26969], [-0.2874, 0.1752], [-0.23622, 0.16732], [-0.33858, 0.02953], [-0.34252, -0.05709], [-0.32677, -0.12795], [-0.24803, -0.26575], [-0.14567, -0.3563], [0.0315, -0.41142], [0.12205, -0.41535], [0.20472, -0.39961], [0.28346, -0.37205], [0.37008, -0.30512], [0.41732, -0.21457], [0.4252, -0.13189], [0.41339, -0.04134], [0.34646, 0.11614], [0.25197, 0.21457], [0.25197, 0.22638], [0.17717, 0.26575], [0.07087, 0.29724], [-0.07874, 0.30512], [-0.14173, 0.28937], [-0.20079, 0.25394], [-0.00394, 0.31693]]}