{"rank": 112, "key_id": "5953321502244864", "category": "pig", "n_points": 37, "bbox_aspect": 1.094420600858369, "n_extensions_spliced": 2, "main_perimeter_px": 622.3847025673018, "score": 0.8192936651467255, "coords": [[-0.29216, 0.22941], [-0.03333, 0.30392], [0.07255, 0.31569], [0.24902, 0.30784], [0.30392, 0.28431], [0.32745, 0.25686], [0.35882, 0.16275], [0.37451, 0.07255], [0.38235, 0.04902], [0.43333, 0.28431], [0.5, 0.45686], [0.27647, 0.31176], [0.27647, 0.31176], [0.5, 0.45686], [0.43333, 0.28431], [0.38235, 0.04902], [0.37843, -0.18627], [0.33529, -0.27255], [0.23725, -0.39804], [0.14314, -0.45686], [-0.0098, -0.45686], [-0.06863, -0.43725], [-0.15882, -0.36275], [-0.24118, -0.26471], [-0.3, -0.09216], [-0.32745, 0.06471], [-0.35882, 0.03725], [-0.49216, 0.23725], [-0.5, 0.26471], [-0.26471, 0.26471], [-0.26471, 0.26471], [-0.5, 0.26471], [-0.49216, 0.23725], [-0.35882, 0.03725], [-0.32353, 0.17059], [-0.31569, 0.19804], [-0.27647, 0.20588], [-0.29216, 0.22941]]}