{"rank": 113, "key_id": "6114809110069248", "category": "pig", "n_points": 24, "bbox_aspect": 1.2450980392156863, "n_extensions_spliced": 2, "main_perimeter_px": 567.2635759537992, "score": 0.8179194255871751, "coords": [[-0.32677, 0.03937], [-0.33858, -0.00787], [-0.33858, -0.07874], [-0.2874, -0.22047], [-0.2126, -0.29528], [-0.16929, -0.32283], [-0.08661, -0.3622], [0.03543, -0.39764], [0.11024, -0.40157], [0.1811, -0.38976], [0.2874, -0.33858], [0.42126, -0.20866], [0.46063, -0.1378], [0.4685, -0.0748], [0.41732, 0.01969], [0.29134, 0.1378], [0.32283, 0.14961], [0.16929, 0.20079], [0.04724, 0.24016], [-0.04724, 0.24803], [-0.14961, 0.22441], [-0.30315, 0.12598], [-0.32677, 0.12992], [-0.33465, 0.07087], [-0.32677, 0.03937]]}