{"rank": 114, "key_id": "5936638658084864", "category": "pig", "n_points": 24, "bbox_aspect": 1.2439024390243902, "n_extensions_spliced": 2, "main_perimeter_px": 558.8479985839729, "score": 0.8172469305791635, "coords": [[-0.12353, 0.20196], [-0.1549, 0.20196], [-0.22549, 0.1549], [-0.33529, 0.04902], [-0.35882, 0.03333], [-0.38235, -0.0451], [-0.3902, -0.19804], [-0.37059, -0.24118], [-0.31176, -0.31176], [-0.22157, -0.36667], [-0.07255, -0.40196], [0.08431, -0.38235], [0.16667, -0.33922], [0.19804, -0.30784], [0.23333, -0.26863], [0.27255, -0.17843], [0.28824, -0.05294], [0.2451, 0.07255], [0.22549, 0.10392], [0.17451, 0.16667], [0.07647, 0.21373], [0.0098, 0.23333], [-0.10392, 0.22549], [-0.23725, 0.1549], [-0.12353, 0.20196]]}