{"rank": 115, "key_id": "6325930844749824", "category": "pig", "n_points": 27, "bbox_aspect": 1.1981132075471699, "n_extensions_spliced": 2, "main_perimeter_px": 607.8352483609439, "score": 0.815993029007718, "coords": [[-0.16929, 0.31496], [-0.2126, 0.27559], [-0.25197, 0.21654], [-0.29921, 0.11811], [-0.32677, 0.00394], [-0.3189, -0.15748], [-0.25591, -0.30315], [-0.2126, -0.35039], [-0.14173, -0.39764], [-0.07874, -0.41732], [-0.01575, -0.41732], [0.05906, -0.40157], [0.12598, -0.37008], [0.25984, -0.25591], [0.33071, -0.14173], [0.34646, -0.05906], [0.33858, 0.01575], [0.2874, 0.14567], [0.29134, 0.14961], [0.18504, 0.25984], [0.11811, 0.30709], [0.05118, 0.33071], [-0.05118, 0.33858], [-0.17323, 0.29134], [-0.18504, 0.30315], [-0.24409, 0.22835], [-0.26378, 0.18898], [-0.16929, 0.31496]]}