{"rank": 116, "key_id": "5509829118394368", "category": "pig", "n_points": 26, "bbox_aspect": 1.2115384615384615, "n_extensions_spliced": 2, "main_perimeter_px": 595.4408060256915, "score": 0.8154598064988913, "coords": [[-0.25397, 0.09921], [-0.22222, 0.0754], [-0.18651, 0.1627], [-0.0873, 0.19841], [0.05952, 0.21825], [0.23016, 0.21825], [0.28175, 0.20238], [0.30556, 0.18651], [0.38492, 0.13889], [0.44444, 0.0873], [0.49603, -0.0], [0.5, -0.07937], [0.45635, -0.1746], [0.40476, -0.24603], [0.30556, -0.34127], [0.2619, -0.36111], [0.02381, -0.4127], [-0.03571, -0.40873], [-0.10714, -0.37698], [-0.25397, -0.27778], [-0.31349, -0.20238], [-0.37302, -0.09524], [-0.38095, -0.02381], [-0.36508, 0.01587], [-0.32937, 0.06746], [-0.2619, 0.10714], [-0.25397, 0.09921]]}