{"rank": 117, "key_id": "6616878912897024", "category": "pig", "n_points": 39, "bbox_aspect": 1.1135371179039302, "n_extensions_spliced": 2, "main_perimeter_px": 749.2399349641548, "score": 0.8147485134880815, "coords": [[-0.22549, 0.32745], [-0.26863, 0.34706], [-0.21765, 0.42157], [-0.17451, 0.44902], [-0.06863, 0.33137], [-0.06863, 0.33137], [-0.17451, 0.44902], [-0.21765, 0.42157], [-0.26863, 0.34706], [-0.35098, 0.25686], [-0.40588, 0.17059], [-0.46471, 0.02549], [-0.49608, -0.07255], [-0.5, -0.1902], [-0.49216, -0.22941], [-0.43725, -0.33137], [-0.32353, -0.41765], [-0.22941, -0.44118], [0.04902, -0.44902], [0.2098, -0.39412], [0.33922, -0.31569], [0.42941, -0.2098], [0.46863, -0.12745], [0.49608, -0.02157], [0.5, 0.06078], [0.48824, 0.1], [0.40196, 0.22157], [0.40196, 0.25686], [0.38627, 0.4451], [0.28824, 0.38627], [0.19804, 0.35098], [0.19804, 0.35098], [0.28824, 0.38627], [0.38627, 0.4451], [0.40196, 0.25686], [0.3, 0.26863], [0.14314, 0.29608], [-0.20196, 0.30392], [-0.28824, 0.27647], [-0.22549, 0.32745]]}