{"rank": 118, "key_id": "5694831680552960", "category": "pig", "n_points": 20, "bbox_aspect": 1.5088757396449703, "n_extensions_spliced": 2, "main_perimeter_px": 528.603653055784, "score": 0.8142418511367688, "coords": [[-0.13529, 0.18235], [-0.11176, 0.18627], [-0.03725, 0.23333], [0.16275, 0.23725], [0.19412, 0.24118], [0.26078, 0.1902], [0.33922, 0.1], [0.39412, -0.02549], [0.39412, -0.10784], [0.37059, -0.15882], [0.28431, -0.25686], [0.17843, -0.33137], [0.02157, -0.33137], [-0.06863, -0.3], [-0.26863, -0.04118], [-0.26078, 0.0451], [-0.22941, 0.10392], [-0.17059, 0.17451], [-0.09216, 0.21373], [-0.00588, 0.21373], [-0.13529, 0.18235]]}