{"rank": 119, "key_id": "5432156761358336", "category": "pig", "n_points": 22, "bbox_aspect": 1.5454545454545454, "n_extensions_spliced": 2, "main_perimeter_px": 613.9447459590382, "score": 0.8141412490876905, "coords": [[0.22157, 0.32353], [-0.14314, 0.32353], [-0.25294, 0.29608], [-0.35882, 0.21765], [-0.33529, 0.22549], [-0.38627, 0.15098], [-0.38627, -0.00196], [-0.33137, -0.16667], [-0.26078, -0.27647], [-0.24118, -0.30392], [-0.18235, -0.32353], [0.11961, -0.32353], [0.21765, -0.29608], [0.3, -0.25686], [0.36275, -0.21373], [0.42941, -0.11176], [0.43725, 0.02157], [0.37059, 0.11176], [0.26471, 0.19804], [0.25686, 0.27255], [0.27647, 0.27255], [0.2451, 0.29216], [0.22157, 0.32353]]}