{"rank": 120, "key_id": "6412725250949120", "category": "pig", "n_points": 26, "bbox_aspect": 1.2085308056872037, "n_extensions_spliced": 2, "main_perimeter_px": 627.998521988437, "score": 0.8137198892094694, "coords": [[-0.28039, -0.3902], [-0.34706, -0.30392], [-0.37451, -0.22549], [-0.39412, -0.10784], [-0.38627, -0.03725], [-0.31176, 0.03333], [-0.16275, 0.11961], [-0.15882, 0.10784], [0.06471, 0.20588], [0.1902, 0.22157], [0.26471, 0.22157], [0.29216, 0.22941], [0.34314, 0.18235], [0.39412, 0.1], [0.41373, -0.0098], [0.43725, -0.04902], [0.43725, -0.09216], [0.42941, -0.12353], [0.34706, -0.24118], [0.21765, -0.36667], [0.10392, -0.39412], [0.01765, -0.40588], [-0.15098, -0.40196], [-0.20588, -0.41373], [-0.37059, -0.40588], [-0.39412, -0.39412], [-0.28039, -0.3902]]}