{"rank": 121, "key_id": "5807336872476672", "category": "pig", "n_points": 22, "bbox_aspect": 1.548780487804878, "n_extensions_spliced": 2, "main_perimeter_px": 542.1198733565016, "score": 0.8126364115321456, "coords": [[-0.25591, 0.18504], [-0.24409, 0.19685], [-0.35433, 0.03937], [-0.37795, -0.02362], [-0.38583, -0.1063], [-0.34646, -0.20472], [-0.24803, -0.27953], [-0.18898, -0.30709], [-0.09843, -0.32283], [0.0315, -0.32283], [0.13386, -0.29921], [0.22441, -0.25984], [0.32677, -0.18504], [0.37008, -0.11024], [0.38583, -0.06299], [0.35433, 0.13386], [0.27165, 0.20079], [0.30709, 0.2126], [0.09449, 0.23622], [-0.07087, 0.24409], [-0.15748, 0.21654], [-0.22441, 0.16929], [-0.25591, 0.18504]]}