{"rank": 122, "key_id": "5700017337663488", "category": "pig", "n_points": 23, "bbox_aspect": 1.5679012345679013, "n_extensions_spliced": 2, "main_perimeter_px": 505.6652355552672, "score": 0.8123806800512089, "coords": [[-0.16142, 0.29134], [-0.21654, 0.22835], [-0.24803, 0.15748], [-0.27165, 0.06693], [-0.27165, -0.02362], [-0.22047, -0.15748], [-0.10236, -0.27165], [0.00394, -0.3189], [0.14173, -0.3189], [0.23622, -0.27165], [0.27953, -0.23228], [0.33858, -0.1378], [0.35039, -0.08268], [0.35827, -0.01969], [0.33858, 0.07874], [0.26378, 0.16142], [0.20472, 0.20866], [0.14173, 0.23228], [0.12598, 0.17323], [-0.0315, 0.24803], [-0.09055, 0.24409], [-0.0748, 0.18504], [-0.1811, 0.20079], [-0.16142, 0.29134]]}