{"rank": 123, "key_id": "5782699551752192", "category": "pig", "n_points": 28, "bbox_aspect": 1.1759259259259258, "n_extensions_spliced": 2, "main_perimeter_px": 682.8620570178163, "score": 0.8112418692325444, "coords": [[-0.37402, 0.15354], [-0.32677, 0.22047], [-0.2126, 0.29528], [-0.19685, 0.26378], [-0.16929, 0.30709], [0.11024, 0.28346], [0.11024, 0.2874], [0.31102, 0.15748], [0.37795, 0.07087], [0.40945, -0.0], [0.41732, -0.07087], [0.40551, -0.16535], [0.38189, -0.20866], [0.33071, -0.25984], [0.09843, -0.38583], [-0.10236, -0.4252], [-0.19685, -0.4252], [-0.31102, -0.33465], [-0.4252, -0.27953], [-0.48031, -0.18898], [-0.5, -0.11811], [-0.5, -0.03937], [-0.46457, 0.1063], [-0.44882, 0.13386], [-0.41339, 0.16142], [-0.38583, 0.16929], [-0.33071, 0.16929], [-0.31102, 0.14961], [-0.37402, 0.15354]]}