{"rank": 124, "key_id": "5198024554840064", "category": "pig", "n_points": 26, "bbox_aspect": 1.2028301886792452, "n_extensions_spliced": 2, "main_perimeter_px": 595.0897518225688, "score": 0.8104101903723071, "coords": [[0.22941, -0.39608], [0.15882, -0.41569], [0.04902, -0.41176], [-0.08039, -0.37647], [-0.15098, -0.33333], [-0.22549, -0.2549], [-0.24902, -0.19216], [-0.26078, -0.10196], [-0.24902, -0.01569], [-0.22941, 0.04706], [-0.18235, 0.11765], [-0.12745, 0.16863], [-0.04902, 0.20392], [-0.08824, 0.21569], [0.00196, 0.21569], [0.10392, 0.20784], [0.25686, 0.15686], [0.34314, 0.11373], [0.35882, 0.12157], [0.41373, 0.05882], [0.45686, -0.01176], [0.5, -0.16863], [0.48431, -0.26667], [0.4451, -0.30196], [0.38235, -0.31373], [0.07647, -0.30588], [0.22941, -0.39608]]}