{"rank": 125, "key_id": "4839892020363264", "category": "pig", "n_points": 26, "bbox_aspect": 1.6346153846153846, "n_extensions_spliced": 2, "main_perimeter_px": 622.954235561434, "score": 0.8082119557652933, "coords": [[-0.17059, 0.26275], [-0.25686, 0.2549], [-0.33529, 0.22353], [-0.4098, 0.1451], [-0.44902, 0.03529], [-0.41373, 0.05098], [-0.44118, -0.01961], [-0.3902, -0.12549], [-0.33529, -0.18824], [-0.23333, -0.2549], [-0.12353, -0.2902], [0.00196, -0.30588], [0.1, -0.30588], [0.27647, -0.27843], [0.35098, -0.25098], [0.42941, -0.19608], [0.48039, -0.12549], [0.5, -0.07059], [0.49608, -0.01176], [0.44902, 0.07451], [0.33922, 0.15686], [0.17451, 0.21176], [0.22157, 0.20392], [-0.02941, 0.2549], [-0.11176, 0.26275], [-0.17843, 0.23922], [-0.17059, 0.26275]]}