{"rank": 126, "key_id": "6349285559894016", "category": "pig", "n_points": 26, "bbox_aspect": 1.1971830985915493, "n_extensions_spliced": 2, "main_perimeter_px": 677.7006330369844, "score": 0.8071160666461183, "coords": [[0.37059, 0.28824], [0.35882, 0.25686], [0.26078, 0.3549], [0.17451, 0.38235], [-0.02549, 0.37843], [-0.16667, 0.33137], [-0.14314, 0.35882], [-0.22941, 0.28824], [-0.30784, 0.19412], [-0.3549, 0.09608], [-0.37059, 0.03725], [-0.3902, -0.08431], [-0.39412, -0.22549], [-0.37451, -0.27255], [-0.31569, -0.33922], [-0.24118, -0.38627], [-0.14314, -0.41765], [0.02941, -0.41765], [0.07255, -0.39804], [0.20196, -0.31569], [0.30392, -0.19412], [0.36667, -0.03333], [0.37451, 0.1902], [0.36667, 0.21765], [0.28039, 0.30392], [0.23725, 0.32353], [0.37059, 0.28824]]}