{"rank": 127, "key_id": "6283850638426112", "category": "pig", "n_points": 46, "bbox_aspect": 1.6387096774193548, "n_extensions_spliced": 2, "main_perimeter_px": 569.0285345990164, "score": 0.8064608272320127, "coords": [[0.0315, 0.30512], [-0.01969, 0.30118], [-0.09843, 0.26969], [-0.13386, 0.25787], [-0.4252, 0.22638], [-0.47638, 0.20669], [-0.5, 0.16339], [-0.48425, 0.1122], [-0.44094, 0.08071], [-0.38583, 0.07677], [-0.38583, 0.07677], [-0.44094, 0.08071], [-0.48425, 0.1122], [-0.5, 0.16339], [-0.47638, 0.20669], [-0.4252, 0.22638], [-0.13386, 0.25787], [-0.2126, 0.16732], [-0.23622, 0.12402], [-0.26378, 0.04134], [-0.28346, -0.08071], [-0.27953, -0.13583], [-0.24409, -0.23425], [-0.16142, -0.28543], [-0.09449, -0.30512], [0.28346, -0.30512], [0.4685, -0.26969], [0.5, -0.20669], [0.49213, -0.06496], [0.38976, 0.05315], [0.23622, 0.1752], [0.22047, 0.18307], [0.24803, 0.21457], [0.28346, 0.22244], [0.40945, 0.17913], [0.44488, 0.12008], [0.44094, 0.08071], [0.42126, 0.03346], [0.42126, 0.03346], [0.44094, 0.08071], [0.44488, 0.12008], [0.40945, 0.17913], [0.28346, 0.22244], [0.24803, 0.21457], [0.22047, 0.18307], [0.02362, 0.26969], [0.0315, 0.30512]]}