{"rank": 128, "key_id": "6107694400274432", "category": "pig", "n_points": 16, "bbox_aspect": 1.3457446808510638, "n_extensions_spliced": 2, "main_perimeter_px": 415.69068887593437, "score": 0.8056660358267841, "coords": [[0.44862, 0.17391], [0.5, -0.01581], [0.49605, -0.11858], [0.36166, -0.28854], [0.32213, -0.32016], [0.26285, -0.32411], [-0.07708, -0.26482], [-0.1166, -0.24506], [-0.1087, -0.24111], [-0.17194, -0.18577], [-0.23123, -0.04348], [-0.23518, 0.04348], [-0.12451, 0.20553], [-0.10474, 0.22134], [-0.10079, 0.2253], [-0.02174, 0.2332], [0.44862, 0.17391]]}