{"rank": 129, "key_id": "6752124211822592", "category": "pig", "n_points": 27, "bbox_aspect": 1.1805555555555556, "n_extensions_spliced": 2, "main_perimeter_px": 730.2190350964901, "score": 0.8056590305971338, "coords": [[-0.16667, 0.31765], [-0.27255, 0.31373], [-0.24118, 0.3098], [-0.30784, 0.28235], [-0.40196, 0.13725], [-0.43725, 0.0549], [-0.46078, -0.05098], [-0.46078, -0.12941], [-0.42941, -0.21176], [-0.30392, -0.33725], [-0.24902, -0.36471], [-0.06078, -0.41569], [0.0098, -0.42353], [0.09608, -0.42353], [0.36667, -0.36471], [0.43333, -0.29804], [0.49216, -0.18431], [0.5, -0.12941], [0.49216, -0.01569], [0.45294, 0.1098], [0.37451, 0.22745], [0.28824, 0.30588], [0.3, 0.32549], [0.18627, 0.3451], [0.02549, 0.35686], [-0.13529, 0.35686], [-0.22549, 0.33725], [-0.16667, 0.31765]]}