{"rank": 130, "key_id": "5747007664685056", "category": "pig", "n_points": 25, "bbox_aspect": 1.2085308056872037, "n_extensions_spliced": 2, "main_perimeter_px": 674.5814940904054, "score": 0.8053865558761361, "coords": [[-0.00196, 0.2098], [-0.29216, 0.21373], [-0.3549, 0.19412], [-0.3902, 0.2098], [-0.4451, 0.14314], [-0.48431, 0.07647], [-0.5, -0.02941], [-0.46863, -0.15098], [-0.39412, -0.26078], [-0.30784, -0.33137], [-0.22941, -0.37059], [-0.13137, -0.40196], [0.01765, -0.41373], [0.12353, -0.41373], [0.22549, -0.39412], [0.32745, -0.36275], [0.41373, -0.31569], [0.46863, -0.24902], [0.5, -0.14706], [0.48824, -0.06078], [0.43333, 0.05294], [0.37059, 0.11569], [0.24902, 0.18627], [0.28824, 0.21373], [0.0098, 0.21765], [-0.00196, 0.2098]]}