{"rank": 131, "key_id": "5644839435632640", "category": "pig", "n_points": 28, "bbox_aspect": 1.1643835616438356, "n_extensions_spliced": 2, "main_perimeter_px": 706.1649289980826, "score": 0.8043370384378321, "coords": [[-0.1902, 0.17451], [-0.24902, 0.17059], [-0.30392, 0.14706], [-0.30784, 0.16667], [-0.38627, 0.09216], [-0.45294, 0.06863], [-0.5, 0.02941], [-0.46078, -0.19412], [-0.40588, -0.32353], [-0.37059, -0.36275], [-0.34314, -0.3902], [-0.26078, -0.41765], [-0.19804, -0.42941], [-0.07647, -0.42941], [0.31176, -0.35882], [0.49608, -0.3], [0.5, -0.28431], [0.44118, -0.16275], [0.40588, -0.00196], [0.32745, 0.15882], [0.3, 0.14314], [0.29608, 0.1902], [0.21373, 0.23333], [0.11961, 0.24118], [0.03333, 0.27255], [-0.11569, 0.27255], [-0.2098, 0.24118], [-0.22941, 0.21373], [-0.1902, 0.17451]]}