{"rank": 132, "key_id": "4984072600289280", "category": "pig", "n_points": 19, "bbox_aspect": 1.2959183673469388, "n_extensions_spliced": 2, "main_perimeter_px": 570.9217802500953, "score": 0.804256493150098, "coords": [[0.22835, 0.20472], [-0.14173, 0.22047], [-0.17323, 0.22835], [-0.22835, 0.19291], [-0.28346, 0.14567], [-0.31496, 0.06299], [-0.31496, -0.09843], [-0.28346, -0.20079], [-0.23622, -0.26772], [-0.16929, -0.31496], [-0.04724, -0.37008], [0.08661, -0.38583], [0.2126, -0.32677], [0.34646, -0.20079], [0.40551, -0.09449], [0.42126, 0.09843], [0.29921, 0.16142], [0.32677, 0.16142], [0.1811, 0.25197], [0.22835, 0.20472]]}