{"rank": 133, "key_id": "4540537996574720", "category": "pig", "n_points": 35, "bbox_aspect": 1.8345323741007193, "n_extensions_spliced": 2, "main_perimeter_px": 697.8268368273772, "score": 0.8024445038821018, "coords": [[-0.16667, -0.13137], [-0.16667, -0.26078], [-0.12745, -0.27255], [-0.08431, -0.25294], [-0.08431, -0.23725], [-0.11176, -0.2098], [-0.10392, -0.11961], [0.1, -0.11961], [0.19412, -0.10392], [0.16667, -0.24902], [0.2451, -0.25294], [0.27647, -0.21373], [0.2451, -0.2098], [0.25294, -0.14314], [0.3902, -0.06471], [0.43725, 0.0098], [0.48039, 0.03333], [0.5, 0.06471], [0.49216, 0.08039], [0.40196, 0.11569], [0.35098, 0.17059], [0.36275, 0.17059], [0.29216, 0.18627], [0.11569, 0.21765], [-0.19412, 0.2098], [-0.25294, 0.19412], [-0.33137, 0.14314], [-0.35098, 0.11176], [-0.36275, 0.08039], [-0.36275, 0.01765], [-0.32745, -0.02941], [-0.2098, -0.10784], [-0.13922, -0.12745], [-0.13529, -0.10784], [-0.16275, -0.06863], [-0.16667, -0.13137]]}