{"rank": 134, "key_id": "5845431202349056", "category": "pig", "n_points": 35, "bbox_aspect": 1.0672268907563025, "n_extensions_spliced": 2, "main_perimeter_px": 673.7185130807717, "score": 0.801680616374761, "coords": [[-0.31102, 0.31102], [-0.35827, 0.27953], [-0.37402, 0.40551], [-0.37008, 0.4685], [-0.14567, 0.30315], [-0.14567, 0.30315], [-0.37008, 0.4685], [-0.37402, 0.40551], [-0.35827, 0.27953], [-0.44882, 0.16535], [-0.48819, 0.09843], [-0.5, 0.03937], [-0.49213, -0.05118], [-0.45669, -0.15354], [-0.3622, -0.27953], [-0.18898, -0.3937], [0.03543, -0.45669], [0.16142, -0.4685], [0.33465, -0.38189], [0.40157, -0.28346], [0.43307, -0.15748], [0.42126, -0.06299], [0.41732, -0.03543], [0.5, 0.24409], [0.5, 0.28346], [0.27165, 0.12598], [0.27165, 0.12598], [0.5, 0.28346], [0.5, 0.24409], [0.41732, -0.03543], [0.3622, 0.03543], [0.28346, 0.09843], [0.01969, 0.24409], [-0.06693, 0.27559], [-0.30709, 0.31496], [-0.31102, 0.31102]]}