{"rank": 135, "key_id": "4666906415988736", "category": "pig", "n_points": 41, "bbox_aspect": 1.118942731277533, "n_extensions_spliced": 2, "main_perimeter_px": 601.8858387461016, "score": 0.801471742374478, "coords": [[0.05512, 0.12008], [-0.00394, 0.13976], [-0.14567, 0.15551], [-0.22047, 0.15157], [-0.31496, 0.09646], [-0.40157, 0.01772], [-0.38583, 0.07283], [-0.37008, 0.36024], [-0.35433, 0.44685], [-0.28346, 0.27362], [-0.28346, 0.27362], [-0.35433, 0.44685], [-0.37008, 0.36024], [-0.38583, 0.07283], [-0.45276, -0.04528], [-0.48819, -0.12402], [-0.5, -0.23819], [-0.45669, -0.32087], [-0.29528, -0.41535], [-0.15354, -0.44685], [0.09055, -0.44291], [0.17323, -0.41929], [0.27559, -0.36024], [0.3189, -0.31299], [0.35039, -0.26181], [0.35827, -0.1752], [0.34252, -0.09252], [0.28346, 0.01772], [0.12205, 0.12402], [0.12205, 0.1437], [0.31102, 0.18307], [0.5, 0.2815], [0.37402, 0.14764], [0.3189, -0.00591], [0.3189, -0.00591], [0.37402, 0.14764], [0.5, 0.2815], [0.31102, 0.18307], [0.12205, 0.1437], [0.08268, 0.13583], [0.0315, 0.12402], [0.05512, 0.12008]]}