{"rank": 136, "key_id": "5034802564562944", "category": "pig", "n_points": 22, "bbox_aspect": 1.2450980392156863, "n_extensions_spliced": 2, "main_perimeter_px": 654.4383290477105, "score": 0.8012527589205084, "coords": [[0.45276, 0.01181], [0.3622, 0.03543], [0.34646, -0.00787], [0.19685, 0.05118], [0.24409, 0.17717], [0.24016, 0.31102], [0.19685, 0.37008], [0.1378, 0.40157], [-0.01969, 0.40157], [-0.1378, 0.37008], [-0.25591, 0.2874], [-0.3622, 0.18504], [-0.47244, 0.01181], [-0.5, -0.11811], [-0.5, -0.20472], [-0.48425, -0.24016], [-0.37402, -0.33858], [-0.22835, -0.3937], [-0.11417, -0.40157], [-0.04331, -0.37795], [0.11811, -0.2874], [0.27953, -0.17717], [0.45276, 0.01181]]}