{"rank": 137, "key_id": "5679168589135872", "category": "pig", "n_points": 22, "bbox_aspect": 1.2439024390243902, "n_extensions_spliced": 2, "main_perimeter_px": 524.3777065672687, "score": 0.8005802639124968, "coords": [[-0.10784, -0.37451], [-0.22941, -0.3], [-0.3, -0.22941], [-0.33529, -0.11569], [-0.31961, 0.02157], [-0.27255, 0.09608], [-0.15098, 0.17843], [-0.11569, 0.20588], [-0.03333, 0.21765], [0.08431, 0.22157], [0.21373, 0.17451], [0.17843, 0.22549], [0.30392, 0.07647], [0.33922, 0.00588], [0.34314, -0.03725], [0.33529, -0.13529], [0.31569, -0.18627], [0.28431, -0.24902], [0.2098, -0.31176], [0.08039, -0.38627], [-0.00588, -0.40196], [-0.13137, -0.37059], [-0.10784, -0.37451]]}