{"rank": 138, "key_id": "5993383006830592", "category": "pig", "n_points": 26, "bbox_aspect": 1.186046511627907, "n_extensions_spliced": 2, "main_perimeter_px": 694.314054341282, "score": 0.800573962953352, "coords": [[-0.28824, 0.21765], [-0.34706, 0.15098], [-0.37843, 0.06863], [-0.3902, -0.17843], [-0.33137, -0.30784], [-0.28039, -0.36275], [-0.23725, -0.38627], [-0.1549, -0.4098], [-0.06863, -0.42157], [0.10392, -0.42157], [0.28431, -0.35098], [0.3549, -0.30784], [0.44902, -0.20588], [0.5, -0.06471], [0.5, 0.08431], [0.46078, 0.17451], [0.40588, 0.24902], [0.35882, 0.27647], [0.3, 0.28431], [0.29608, 0.33137], [0.10392, 0.31176], [-0.02157, 0.31569], [-0.21373, 0.27255], [-0.31569, 0.21765], [-0.33137, 0.1902], [-0.4098, 0.2098], [-0.28824, 0.21765]]}