{"rank": 139, "key_id": "5977215642632192", "category": "pig", "n_points": 32, "bbox_aspect": 1.103896103896104, "n_extensions_spliced": 2, "main_perimeter_px": 757.0529247344413, "score": 0.8003281852774605, "coords": [[0.08431, 0.33922], [0.02549, 0.35098], [-0.06078, 0.3549], [-0.12745, 0.33922], [-0.25294, 0.26863], [-0.2451, 0.28039], [-0.3902, 0.13922], [-0.43725, 0.05294], [-0.46471, -0.03333], [-0.47255, -0.11961], [-0.46863, -0.19412], [-0.4451, -0.26078], [-0.40196, -0.32353], [-0.33922, -0.37843], [-0.26863, -0.41765], [-0.17843, -0.44118], [-0.08431, -0.45294], [0.10392, -0.45294], [0.1902, -0.42941], [0.31176, -0.36667], [0.39804, -0.26863], [0.45686, -0.13137], [0.46863, -0.01373], [0.46471, 0.08824], [0.40588, 0.21373], [0.37451, 0.2451], [0.29608, 0.28431], [0.18627, 0.31569], [0.24118, 0.34314], [0.08039, 0.32353], [-0.06863, 0.32745], [-0.07647, 0.31176], [0.08431, 0.33922]]}