{"rank": 140, "key_id": "5969655854268416", "category": "pig", "n_points": 27, "bbox_aspect": 1.1697247706422018, "n_extensions_spliced": 2, "main_perimeter_px": 715.8729435611523, "score": 0.799207372023687, "coords": [[-0.33529, -0.32941], [-0.37843, -0.29412], [-0.46863, -0.16863], [-0.5, -0.07059], [-0.5, -0.00784], [-0.47647, 0.06667], [-0.41765, 0.14902], [-0.44118, 0.16863], [-0.3, 0.26275], [-0.14314, 0.32549], [-0.04118, 0.34118], [0.03333, 0.33725], [0.13137, 0.32549], [0.21765, 0.28627], [0.26471, 0.26275], [0.32353, 0.20392], [0.38235, 0.13333], [0.41765, 0.06275], [0.44118, -0.03529], [0.42941, -0.17647], [0.40588, -0.24314], [0.35098, -0.3098], [0.25686, -0.36471], [0.01373, -0.42353], [-0.16667, -0.42745], [-0.27255, -0.38039], [-0.42549, -0.27059], [-0.33529, -0.32941]]}