{"rank": 141, "key_id": "4561360149020672", "category": "pig", "n_points": 34, "bbox_aspect": 1.8214285714285714, "n_extensions_spliced": 2, "main_perimeter_px": 618.638106942406, "score": 0.7991291131837971, "coords": [[0.01373, -0.27059], [-0.02549, -0.27451], [-0.13529, -0.2549], [-0.26078, -0.19216], [-0.31176, -0.12941], [-0.33137, -0.07059], [-0.33137, 0.01569], [-0.31569, 0.0549], [-0.26471, 0.11765], [-0.20588, 0.15686], [-0.1902, 0.17255], [-0.07255, 0.19608], [0.04118, 0.19608], [0.08824, 0.18039], [0.15098, 0.14902], [0.15098, 0.18039], [0.2098, 0.09804], [0.23725, 0.01961], [0.23725, -0.0549], [0.22157, -0.10196], [0.17843, -0.15686], [0.05294, -0.25098], [-0.05686, -0.26667], [-0.11961, -0.24314], [-0.17843, -0.17255], [-0.18627, -0.10588], [-0.17059, -0.07843], [-0.11176, -0.03922], [-0.02549, -0.03529], [0.05686, -0.09804], [0.08039, -0.1451], [0.07255, -0.19216], [0.04118, -0.22745], [-0.00588, -0.24706], [0.01373, -0.27059]]}