{"rank": 142, "key_id": "5743812452286464", "category": "pig", "n_points": 22, "bbox_aspect": 1.2390243902439024, "n_extensions_spliced": 2, "main_perimeter_px": 502.2883474717434, "score": 0.7978297692145742, "coords": [[-0.27165, 0.01772], [-0.11024, 0.12402], [0.01575, 0.1752], [0.12598, 0.17913], [0.2126, 0.1437], [0.22835, 0.15551], [0.24803, 0.10039], [0.2874, 0.02165], [0.29921, -0.02953], [0.30315, -0.12795], [0.28346, -0.2185], [0.22047, -0.32087], [0.16142, -0.38386], [0.12205, -0.40354], [-0.04331, -0.40354], [-0.14173, -0.36417], [-0.23228, -0.29331], [-0.29528, -0.19094], [-0.30709, -0.05709], [-0.26772, -0.00197], [-0.19685, 0.06496], [-0.22441, 0.08071], [-0.27165, 0.01772]]}