{"rank": 143, "key_id": "5026323393150976", "category": "pig", "n_points": 35, "bbox_aspect": 1.8478260869565217, "n_extensions_spliced": 2, "main_perimeter_px": 767.3656270907787, "score": 0.7973903303006606, "coords": [[0.26078, 0.2549], [0.11569, 0.27059], [-0.02941, 0.23922], [-0.02941, 0.21569], [-0.06471, 0.15686], [-0.08824, 0.1451], [-0.37059, 0.14118], [-0.39804, 0.10196], [-0.46078, 0.07451], [-0.48431, 0.04706], [-0.5, -0.06275], [-0.45294, -0.24314], [-0.4098, -0.26275], [-0.3549, -0.25882], [-0.28431, -0.15294], [-0.27255, -0.06275], [-0.3, -0.17647], [-0.26078, -0.24314], [-0.21373, -0.27059], [-0.15882, -0.27059], [-0.11569, -0.17647], [-0.0098, -0.03922], [-0.0098, 0.02745], [-0.0451, -0.10196], [-0.05294, -0.2], [-0.01373, -0.22745], [0.06863, -0.20392], [0.1, -0.15686], [0.13922, -0.06275], [0.14706, 0.01961], [0.24902, 0.0549], [0.42941, 0.04314], [0.43333, 0.08235], [0.41373, 0.10588], [0.43725, 0.10196], [0.26078, 0.2549]]}