{"rank": 144, "key_id": "5078110305255424", "category": "pig", "n_points": 22, "bbox_aspect": 1.5838509316770186, "n_extensions_spliced": 2, "main_perimeter_px": 561.1058002024154, "score": 0.7969624728464081, "coords": [[-0.06471, 0.27255], [-0.15882, 0.24118], [-0.31176, 0.14706], [-0.28039, 0.14706], [-0.41373, 0.04902], [-0.43333, -0.00196], [-0.32745, -0.17843], [-0.23333, -0.26863], [-0.13137, -0.30784], [-0.02941, -0.31569], [0.10392, -0.28039], [0.16667, -0.24902], [0.22157, -0.19412], [0.28431, -0.08039], [0.3, 0.02549], [0.29216, 0.1], [0.25294, 0.18235], [0.22157, 0.16667], [0.18627, 0.23333], [-0.0098, 0.28431], [-0.18235, 0.27647], [-0.2098, 0.26471], [-0.06471, 0.27255]]}