{"rank": 145, "key_id": "5333163687542784", "category": "pig", "n_points": 25, "bbox_aspect": 1.191588785046729, "n_extensions_spliced": 2, "main_perimeter_px": 726.783966211528, "score": 0.7955040387940866, "coords": [[0.29608, 0.28235], [0.26863, 0.3098], [0.16275, 0.32549], [-0.07255, 0.33333], [-0.13529, 0.32157], [-0.33529, 0.23529], [-0.37451, 0.23922], [-0.38627, 0.2], [-0.44118, 0.13333], [-0.47255, 0.02353], [-0.45294, -0.12549], [-0.3549, -0.29412], [-0.31569, -0.33725], [-0.22549, -0.4], [-0.11569, -0.41961], [0.1, -0.41176], [0.30784, -0.32941], [0.42157, -0.23529], [0.45294, -0.13725], [0.46471, 0.16471], [0.42157, 0.25098], [0.42549, 0.23529], [0.38235, 0.29412], [0.33137, 0.31373], [0.23333, 0.31373], [0.29608, 0.28235]]}