{"rank": 146, "key_id": "5342430045929472", "category": "pig", "n_points": 20, "bbox_aspect": 1.2623762376237624, "n_extensions_spliced": 2, "main_perimeter_px": 433.9847341247903, "score": 0.7942331944618727, "coords": [[-0.26078, 0.13333], [-0.26078, 0.12941], [-0.39804, 0.02745], [-0.43333, -0.01569], [-0.4451, -0.07059], [-0.4451, -0.16078], [-0.42941, -0.22353], [-0.35882, -0.32549], [-0.25686, -0.38431], [-0.18627, -0.39608], [0.0098, -0.39608], [0.06863, -0.39216], [0.15098, -0.36471], [0.27647, -0.27843], [0.30392, -0.23922], [0.30784, -0.12157], [0.29608, -0.07451], [0.2451, 0.0549], [0.18627, 0.13725], [0.20588, 0.1451], [-0.26078, 0.13333]]}