{"rank": 147, "key_id": "4796075112136704", "category": "pig", "n_points": 24, "bbox_aspect": 1.2028301886792452, "n_extensions_spliced": 2, "main_perimeter_px": 678.4601661835748, "score": 0.7937435237056405, "coords": [[0.11176, 0.28627], [-0.2098, 0.2549], [-0.34706, 0.20392], [-0.44118, 0.12941], [-0.40196, 0.17647], [-0.48431, 0.06667], [-0.5, 0.01569], [-0.49216, -0.09804], [-0.41765, -0.21176], [-0.33137, -0.29412], [-0.22157, -0.36078], [-0.07255, -0.41176], [0.08431, -0.41569], [0.33137, -0.35686], [0.4098, -0.28235], [0.44902, -0.21961], [0.46863, -0.13725], [0.46863, -0.04314], [0.4451, 0.06275], [0.41373, 0.11765], [0.35098, 0.17255], [0.33922, 0.18039], [0.1902, 0.25882], [0.11569, 0.27843], [0.11176, 0.28627]]}