{"rank": 148, "key_id": "4608478251319296", "category": "pig", "n_points": 24, "bbox_aspect": 1.2028301886792452, "n_extensions_spliced": 2, "main_perimeter_px": 637.821790295035, "score": 0.7937435237056405, "coords": [[0.21765, 0.25098], [0.24118, 0.24314], [0.14314, 0.2902], [0.04118, 0.30196], [-0.06863, 0.28235], [-0.05294, 0.3098], [-0.23725, 0.21961], [-0.29216, 0.18824], [-0.42549, 0.06667], [-0.48824, -0.06275], [-0.5, -0.12157], [-0.49216, -0.17647], [-0.47255, -0.23922], [-0.35882, -0.36078], [-0.22157, -0.41176], [-0.06863, -0.41569], [0.13922, -0.32941], [0.26471, -0.23922], [0.33922, -0.13725], [0.37843, -0.00784], [0.37059, 0.07843], [0.32353, 0.18824], [0.26471, 0.2549], [0.21373, 0.26667], [0.21765, 0.25098]]}