{"rank": 149, "key_id": "5933246707662848", "category": "pig", "n_points": 27, "bbox_aspect": 1.1598173515981736, "n_extensions_spliced": 2, "main_perimeter_px": 656.4111354819826, "score": 0.7932532104065761, "coords": [[-0.03937, 0.3248], [-0.11811, 0.29724], [-0.20866, 0.22638], [-0.25591, 0.17913], [-0.32677, 0.0689], [-0.37795, 0.1437], [-0.3622, -0.05315], [-0.3622, -0.12402], [-0.32283, -0.26575], [-0.23622, -0.35236], [-0.16142, -0.39567], [-0.0748, -0.41929], [0.09843, -0.4311], [0.24409, -0.39567], [0.34646, -0.3248], [0.41339, -0.23425], [0.43701, -0.17913], [0.45669, -0.05315], [0.43701, 0.04134], [0.41732, 0.08465], [0.44094, 0.08071], [0.32677, 0.19094], [0.20079, 0.26181], [0.13386, 0.2815], [-0.02362, 0.29724], [-0.09843, 0.29331], [-0.16142, 0.27756], [-0.03937, 0.3248]]}