{"rank": 150, "key_id": "4665327403139072", "category": "pig", "n_points": 28, "bbox_aspect": 1.1434977578475336, "n_extensions_spliced": 2, "main_perimeter_px": 598.5107854282746, "score": 0.7916670092872995, "coords": [[-0.17843, 0.14706], [-0.24902, 0.17451], [-0.22549, 0.19804], [-0.29608, 0.16667], [-0.32353, 0.14314], [-0.35882, 0.09608], [-0.40588, -0.04902], [-0.40588, -0.15098], [-0.37843, -0.23333], [-0.29608, -0.33922], [-0.21765, -0.38235], [-0.08431, -0.42157], [0.04118, -0.43725], [0.10392, -0.43333], [0.2098, -0.39804], [0.26078, -0.36667], [0.29608, -0.32353], [0.34706, -0.20196], [0.36275, -0.1], [0.35882, 0.00196], [0.33922, 0.06078], [0.30784, 0.11176], [0.22941, 0.17843], [0.21373, 0.20588], [0.12353, 0.21373], [0.00196, 0.22157], [-0.11569, 0.19804], [-0.19804, 0.1549], [-0.17843, 0.14706]]}