{"rank": 151, "key_id": "5854789483102208", "category": "pig", "n_points": 27, "bbox_aspect": 1.1538461538461537, "n_extensions_spliced": 2, "main_perimeter_px": 661.0166485593279, "score": 0.7896400249136223, "coords": [[0.06078, 0.22941], [0.04118, 0.24902], [-0.03333, 0.26863], [-0.18627, 0.26863], [-0.13922, 0.29216], [-0.33137, 0.21373], [-0.42549, 0.12353], [-0.47647, 0.0451], [-0.48824, -0.06078], [-0.47255, -0.13137], [-0.42941, -0.22157], [-0.37843, -0.28824], [-0.31569, -0.33137], [-0.20196, -0.38235], [-0.06863, -0.41765], [0.1549, -0.43333], [0.28431, -0.40196], [0.3902, -0.36275], [0.44118, -0.31176], [0.48431, -0.23333], [0.48431, -0.13137], [0.46863, -0.07647], [0.34314, 0.14314], [0.26078, 0.23333], [0.22941, 0.25294], [0.24118, 0.31569], [0.17843, 0.24902], [0.06078, 0.22941]]}