{"rank": 152, "key_id": "5571311608791040", "category": "pig", "n_points": 41, "bbox_aspect": 1.0991379310344827, "n_extensions_spliced": 2, "main_perimeter_px": 745.29219414286, "score": 0.7889710891429657, "coords": [[-0.0098, 0.36078], [-0.17059, 0.34118], [-0.28824, 0.2902], [-0.39412, 0.19216], [-0.44902, 0.1098], [-0.45686, 0.12941], [-0.43333, 0.30588], [-0.37843, 0.4], [-0.27255, 0.31765], [-0.27255, 0.31765], [-0.37843, 0.4], [-0.43333, 0.30588], [-0.45686, 0.12941], [-0.49216, -0.01961], [-0.5, -0.2549], [-0.49216, -0.2902], [-0.43725, -0.38039], [-0.36275, -0.4549], [-0.05294, -0.4549], [0.18627, -0.40392], [0.33922, -0.3451], [0.42549, -0.27059], [0.47647, -0.19216], [0.49608, -0.09804], [0.5, -0.00392], [0.46863, 0.13725], [0.41373, 0.23137], [0.43725, 0.24314], [0.46078, 0.32549], [0.47255, 0.4549], [0.40196, 0.41569], [0.32353, 0.34118], [0.32353, 0.34118], [0.40196, 0.41569], [0.47255, 0.4549], [0.46078, 0.32549], [0.43725, 0.24314], [0.34706, 0.29804], [0.21373, 0.33725], [0.11176, 0.34902], [0.04902, 0.33333], [-0.0098, 0.36078]]}