{"rank": 153, "key_id": "4848794254442496", "category": "pig", "n_points": 20, "bbox_aspect": 1.251231527093596, "n_extensions_spliced": 2, "main_perimeter_px": 477.3049988850607, "score": 0.7880259026155422, "coords": [[-0.14567, 0.03346], [-0.24016, -0.00591], [-0.24016, -0.02559], [-0.31102, -0.07677], [-0.33858, -0.17913], [-0.30709, -0.27362], [-0.22441, -0.3563], [-0.12992, -0.39961], [0.01575, -0.39961], [0.12205, -0.36024], [0.19685, -0.30906], [0.25984, -0.23425], [0.29134, -0.15551], [0.27165, -0.11614], [0.27953, -0.04921], [0.21654, 0.05315], [0.12598, 0.11614], [0.00787, 0.12795], [-0.12598, 0.08071], [-0.2126, -0.00197], [-0.14567, 0.03346]]}