{"rank": 154, "key_id": "6085538777923584", "category": "pig", "n_points": 29, "bbox_aspect": 1.1233480176211454, "n_extensions_spliced": 2, "main_perimeter_px": 716.2728301690571, "score": 0.7875555704057341, "coords": [[0.01765, 0.25686], [-0.05686, 0.27255], [-0.11961, 0.26078], [-0.14314, 0.27255], [-0.21373, 0.21373], [-0.30392, 0.13529], [-0.35882, 0.06863], [-0.39412, 0.00196], [-0.41765, -0.08039], [-0.42157, -0.18627], [-0.40196, -0.28039], [-0.3549, -0.35882], [-0.27255, -0.41765], [-0.13922, -0.4451], [0.09216, -0.43333], [0.23725, -0.37843], [0.36275, -0.31176], [0.44902, -0.22941], [0.49216, -0.13922], [0.5, -0.05294], [0.46863, 0.02941], [0.41765, 0.10392], [0.3549, 0.16667], [0.28039, 0.22157], [0.19412, 0.26078], [0.19412, 0.32745], [0.08039, 0.28824], [-0.04902, 0.29608], [-0.17843, 0.28431], [0.01765, 0.25686]]}