{"rank": 155, "key_id": "4565412752654336", "category": "pig", "n_points": 30, "bbox_aspect": 1.108695652173913, "n_extensions_spliced": 2, "main_perimeter_px": 748.5847748986217, "score": 0.7866983997298125, "coords": [[0.07647, 0.27059], [0.01373, 0.30588], [-0.10784, 0.31373], [-0.26078, 0.26275], [-0.39412, 0.15686], [-0.40588, 0.16471], [-0.48431, 0.01569], [-0.5, -0.0549], [-0.5, -0.12941], [-0.47647, -0.20392], [-0.42157, -0.28235], [-0.3549, -0.33725], [-0.26863, -0.38824], [-0.07255, -0.44314], [0.03333, -0.45098], [0.14706, -0.45098], [0.2451, -0.43529], [0.33137, -0.39216], [0.40196, -0.34118], [0.44902, -0.28627], [0.47647, -0.21961], [0.5, -0.0902], [0.49216, -0.01569], [0.43333, 0.12549], [0.38235, 0.18824], [0.26078, 0.27451], [0.25686, 0.29412], [0.1902, 0.29804], [0.10392, 0.31373], [-0.02941, 0.3098], [0.07647, 0.27059]]}