{"rank": 156, "key_id": "6727627953930240", "category": "pig", "n_points": 23, "bbox_aspect": 1.2028301886792452, "n_extensions_spliced": 2, "main_perimeter_px": 576.946003921462, "score": 0.7854101903723072, "coords": [[-0.12353, -0.39216], [0.02549, -0.4], [0.12353, -0.36863], [0.23725, -0.27059], [0.28431, -0.17255], [0.3, -0.07059], [0.28824, 0.01569], [0.30392, 0.05098], [0.22157, 0.0902], [0.08039, 0.16863], [-0.08039, 0.19216], [-0.18235, 0.18824], [-0.22941, 0.17255], [-0.21765, 0.20392], [-0.31569, 0.12549], [-0.39804, 0.0549], [-0.48431, -0.07451], [-0.48824, -0.2], [-0.47255, -0.24706], [-0.42157, -0.30196], [-0.32745, -0.36078], [-0.22941, -0.39608], [-0.07255, -0.41569], [-0.12353, -0.39216]]}