{"rank": 157, "key_id": "5478612977319936", "category": "pig", "n_points": 38, "bbox_aspect": 1.0537190082644627, "n_extensions_spliced": 2, "main_perimeter_px": 744.908318290396, "score": 0.7844308409997021, "coords": [[-0.24902, 0.4], [-0.34706, 0.37255], [-0.40196, 0.32157], [-0.41373, 0.35686], [-0.39412, 0.42353], [-0.3549, 0.47451], [-0.24118, 0.42745], [-0.21765, 0.4], [-0.18235, 0.38431], [-0.18235, 0.38431], [-0.21765, 0.4], [-0.24118, 0.42745], [-0.3549, 0.47451], [-0.39412, 0.42353], [-0.41373, 0.35686], [-0.49608, 0.11765], [-0.5, 0.01569], [-0.48431, -0.05098], [-0.4451, -0.12941], [-0.22157, -0.38039], [-0.13922, -0.41961], [0.11961, -0.47451], [0.22941, -0.47059], [0.37059, -0.44314], [0.48431, -0.26667], [0.5, -0.20392], [0.49216, -0.08235], [0.47647, -0.01961], [0.4098, 0.07843], [0.35098, 0.14118], [0.25686, 0.20392], [0.0451, 0.31765], [0.08431, 0.36078], [0.10784, 0.35294], [0.10784, 0.35294], [0.08431, 0.36078], [-0.08039, 0.35686], [-0.2451, 0.37255], [-0.24902, 0.4]]}