{"rank": 158, "key_id": "4799003826847744", "category": "pig", "n_points": 50, "bbox_aspect": 1.215311004784689, "n_extensions_spliced": 2, "main_perimeter_px": 471.1059992165713, "score": 0.7843027782360921, "coords": [[0.0315, 0.17126], [-0.03937, 0.17126], [-0.12598, 0.12008], [-0.16929, 0.00984], [-0.17323, -0.24213], [-0.16142, -0.21063], [-0.20472, -0.20276], [-0.27165, -0.1752], [-0.34252, -0.10433], [-0.46063, 0.08465], [-0.5, 0.23031], [-0.5, 0.32087], [-0.48819, 0.34055], [-0.16535, 0.14764], [-0.16535, 0.14764], [-0.48819, 0.34055], [-0.5, 0.32087], [-0.5, 0.23031], [-0.46063, 0.08465], [-0.34252, -0.10433], [-0.27165, -0.1752], [-0.20472, -0.20276], [-0.16142, -0.21063], [-0.12205, -0.34449], [-0.09055, -0.37992], [-0.04331, -0.39961], [0.13386, -0.41142], [0.2126, -0.38386], [0.32283, -0.29331], [0.35827, -0.22638], [0.37008, -0.16732], [0.37008, -0.10433], [0.33465, -0.00984], [0.26378, 0.08858], [0.15748, 0.15157], [0.1811, 0.17126], [0.4252, 0.41142], [0.46063, 0.37205], [0.5, 0.28937], [0.5, 0.17126], [0.4252, 0.05315], [0.31496, -0.04921], [0.31496, -0.04921], [0.4252, 0.05315], [0.5, 0.17126], [0.5, 0.28937], [0.46063, 0.37205], [0.4252, 0.41142], [0.1811, 0.17126], [0.00787, 0.1752], [0.0315, 0.17126]]}