{"rank": 159, "key_id": "6091859581468672", "category": "pig", "n_points": 36, "bbox_aspect": 1.028225806451613, "n_extensions_spliced": 2, "main_perimeter_px": 710.6985471578339, "score": 0.7839537936605618, "coords": [[-0.01373, 0.31765], [-0.1549, 0.31765], [-0.28039, 0.25882], [-0.38627, 0.16471], [-0.37843, 0.18431], [-0.34706, 0.48627], [-0.19412, 0.28627], [-0.19412, 0.28627], [-0.34706, 0.48627], [-0.37843, 0.18431], [-0.46471, 0.0549], [-0.5, -0.0549], [-0.5, -0.13725], [-0.40588, -0.3098], [-0.30784, -0.40784], [-0.25686, -0.43922], [-0.10392, -0.48627], [0.08039, -0.47843], [0.27255, -0.43529], [0.32745, -0.41176], [0.44118, -0.33725], [0.5, -0.13725], [0.5, -0.04314], [0.46471, 0.01961], [0.35098, 0.16471], [0.27647, 0.23137], [0.20588, 0.25098], [0.17059, 0.28627], [0.21765, 0.38824], [0.28039, 0.47843], [0.3, 0.4], [0.3, 0.4], [0.28039, 0.47843], [0.21765, 0.38824], [0.17059, 0.28627], [0.03725, 0.25098], [-0.01373, 0.31765]]}