{"rank": 160, "key_id": "5399138248163328", "category": "pig", "n_points": 27, "bbox_aspect": 1.1434977578475336, "n_extensions_spliced": 2, "main_perimeter_px": 614.418668625867, "score": 0.7833336759539662, "coords": [[-0.26471, 0.01373], [-0.32353, -0.06471], [-0.34314, -0.14706], [-0.33529, -0.22549], [-0.28039, -0.32745], [-0.20196, -0.38627], [-0.07647, -0.42549], [-0.0098, -0.43725], [0.10784, -0.42941], [0.23725, -0.38235], [0.33137, -0.32745], [0.42941, -0.22549], [0.47647, -0.13922], [0.48824, -0.08431], [0.48824, 0.01765], [0.42941, 0.11961], [0.40588, 0.15882], [0.33922, 0.19804], [0.24902, 0.24118], [0.1549, 0.25294], [0.05686, 0.2451], [-0.11176, 0.20588], [-0.19412, 0.17451], [-0.24118, 0.13529], [-0.26863, 0.09216], [-0.2451, 0.08824], [-0.28431, 0.02549], [-0.26471, 0.01373]]}