{"rank": 161, "key_id": "6232385421049856", "category": "pig", "n_points": 46, "bbox_aspect": 1.1545454545454545, "n_extensions_spliced": 2, "main_perimeter_px": 665.4948712134402, "score": 0.7817308054981401, "coords": [[0.23228, 0.15354], [0.06693, 0.2126], [-0.20079, 0.24803], [-0.30315, 0.23228], [-0.34646, 0.20866], [-0.40157, 0.15748], [-0.44094, 0.17717], [-0.25591, 0.3937], [-0.19685, 0.43307], [-0.09843, 0.3622], [-0.05118, 0.2874], [0.01181, 0.24409], [0.01181, 0.24409], [-0.05118, 0.2874], [-0.09843, 0.3622], [-0.19685, 0.43307], [-0.25591, 0.3937], [-0.44094, 0.17717], [-0.45276, 0.08661], [-0.48819, 0.01181], [-0.5, -0.06299], [-0.46063, -0.20472], [-0.34252, -0.32677], [-0.25984, -0.37795], [-0.14173, -0.4252], [0.06299, -0.43307], [0.16535, -0.40945], [0.28346, -0.34252], [0.34252, -0.27165], [0.36614, -0.2126], [0.35827, -0.14173], [0.27165, 0.00394], [0.12992, 0.14567], [0.12992, 0.15748], [0.36614, 0.29921], [0.5, 0.3622], [0.48819, 0.15748], [0.38189, 0.00787], [0.33858, -0.10236], [0.33858, -0.10236], [0.38189, 0.00787], [0.48819, 0.15748], [0.5, 0.3622], [0.36614, 0.29921], [0.12992, 0.15748], [0.02756, 0.20079], [0.23228, 0.15354]]}