{"rank": 162, "key_id": "5984802270347264", "category": "pig", "n_points": 26, "bbox_aspect": 1.1538461538461537, "n_extensions_spliced": 2, "main_perimeter_px": 619.3380468159108, "score": 0.7813066915802889, "coords": [[-0.2451, -0.43333], [-0.29216, -0.41373], [-0.47255, -0.27647], [-0.49608, -0.22549], [-0.5, -0.11176], [-0.45294, 0.02941], [-0.40588, 0.08824], [-0.26863, 0.18627], [-0.14706, 0.24902], [-0.13529, 0.25294], [-0.06471, 0.28039], [0.03333, 0.29216], [0.06078, 0.29608], [0.1, 0.28824], [0.17059, 0.26078], [0.22941, 0.21373], [0.28824, 0.13529], [0.33922, 0.02549], [0.37059, -0.1], [0.36667, -0.16275], [0.31961, -0.27255], [0.26471, -0.34706], [0.19412, -0.40196], [0.12745, -0.42157], [0.02941, -0.42549], [-0.13137, -0.38235], [-0.2451, -0.43333]]}