{"rank": 163, "key_id": "5671467092017152", "category": "pig", "n_points": 51, "bbox_aspect": 1.6037735849056605, "n_extensions_spliced": 2, "main_perimeter_px": 526.2238086543874, "score": 0.7798790255781127, "coords": [[-0.28431, 0.22941], [-0.34314, 0.19412], [-0.38235, 0.15098], [-0.48824, -0.0451], [-0.5, -0.22941], [-0.42941, -0.29216], [-0.36667, -0.30784], [-0.18627, -0.31176], [-0.08431, -0.20196], [0.01373, -0.02157], [0.04902, 0.07647], [0.2098, -0.00196], [0.25294, 0.02941], [0.23725, 0.03333], [0.23725, 0.03333], [0.25294, 0.02941], [0.2098, -0.00196], [0.05686, 0.25686], [0.10392, 0.27647], [0.18235, 0.29216], [0.28039, 0.29216], [0.34706, 0.26471], [0.3902, 0.22157], [0.47255, 0.08431], [0.5, -0.07255], [0.5, -0.2098], [0.45686, -0.25686], [0.39804, -0.28431], [-0.14706, -0.31176], [-0.14706, -0.26471], [-0.09608, -0.22941], [-0.00588, -0.19412], [-0.00588, -0.19412], [-0.09608, -0.22941], [-0.14706, -0.26471], [-0.14706, -0.31176], [0.39804, -0.28431], [0.45686, -0.25686], [0.5, -0.2098], [0.5, -0.07255], [0.47255, 0.08431], [0.3902, 0.22157], [0.34706, 0.26471], [0.28039, 0.29216], [0.18235, 0.29216], [0.10392, 0.27647], [0.01373, 0.29216], [-0.05686, 0.31176], [-0.22941, 0.31176], [-0.42549, 0.23333], [-0.4451, 0.20196], [-0.28431, 0.22941]]}