{"rank": 164, "key_id": "6663622442876928", "category": "pig", "n_points": 40, "bbox_aspect": 1.0717299578059072, "n_extensions_spliced": 2, "main_perimeter_px": 741.3250863639635, "score": 0.7796279891502015, "coords": [[-0.24803, 0.22244], [-0.23622, 0.20669], [-0.33071, 0.32087], [-0.41732, 0.37992], [-0.41732, 0.37992], [-0.33071, 0.32087], [-0.23622, 0.20669], [-0.20472, 0.25394], [-0.03543, 0.27756], [0.11417, 0.25], [0.25984, 0.18701], [0.20866, 0.32874], [0.20472, 0.39567], [0.23622, 0.4626], [0.27559, 0.46654], [0.38189, 0.33268], [0.40551, 0.24213], [0.40945, 0.13583], [0.44488, 0.11614], [0.49213, 0.00591], [0.5, -0.17913], [0.48031, -0.25], [0.44488, -0.30906], [0.34252, -0.39567], [0.22047, -0.44685], [0.06299, -0.46654], [-0.11024, -0.42717], [-0.22047, -0.37205], [-0.30315, -0.30512], [-0.3622, -0.23819], [-0.3937, -0.16732], [-0.41339, -0.0689], [-0.40945, -0.00197], [-0.39764, 0.02165], [-0.32283, 0.09646], [-0.47244, 0.24606], [-0.5, 0.3248], [-0.5, 0.3248], [-0.47244, 0.24606], [-0.32283, 0.09646], [-0.24803, 0.22244]]}