{"rank": 165, "key_id": "4894436993531904", "category": "pig", "n_points": 44, "bbox_aspect": 1.1233480176211454, "n_extensions_spliced": 2, "main_perimeter_px": 602.1187236672195, "score": 0.7792222370724008, "coords": [[-0.24118, 0.18627], [-0.32745, 0.06078], [-0.3549, -0.02157], [-0.36667, -0.10392], [-0.33137, -0.22941], [-0.26078, -0.32353], [-0.2098, -0.36275], [-0.11176, -0.41373], [0.01765, -0.4451], [0.11176, -0.43333], [0.2098, -0.40588], [0.28039, -0.36667], [0.33529, -0.30784], [0.3902, -0.20196], [0.39412, -0.05294], [0.32353, 0.15098], [0.23725, 0.25686], [0.24118, 0.20588], [0.34314, 0.34314], [0.5, 0.4451], [0.49608, 0.40196], [0.35098, 0.10784], [0.35098, 0.10784], [0.49608, 0.40196], [0.5, 0.4451], [0.34314, 0.34314], [0.24118, 0.20588], [0.17451, 0.29216], [0.06863, 0.31961], [-0.04118, 0.32745], [-0.13529, 0.29608], [-0.21765, 0.21765], [-0.17843, 0.23333], [-0.37843, 0.31961], [-0.4451, 0.32745], [-0.5, 0.31569], [-0.48431, 0.22157], [-0.39804, -0.03333], [-0.39804, -0.03333], [-0.48431, 0.22157], [-0.5, 0.31569], [-0.4451, 0.32745], [-0.37843, 0.31961], [-0.17843, 0.23333], [-0.24118, 0.18627]]}