{"rank": 166, "key_id": "5807319390617600", "category": "pig", "n_points": 28, "bbox_aspect": 1.1233480176211454, "n_extensions_spliced": 2, "main_perimeter_px": 757.5046357117595, "score": 0.7792222370724008, "coords": [[0.16667, 0.22941], [0.11176, 0.27647], [0.05294, 0.29216], [-0.08431, 0.29216], [-0.23333, 0.26863], [-0.30392, 0.21765], [-0.26863, 0.22941], [-0.37451, 0.15098], [-0.41373, 0.09216], [-0.43725, -0.02157], [-0.44118, -0.17059], [-0.43333, -0.2098], [-0.35882, -0.31961], [-0.30784, -0.37451], [-0.20588, -0.43333], [0.14314, -0.4451], [0.26078, -0.42941], [0.36275, -0.37059], [0.4451, -0.3], [0.48824, -0.19804], [0.5, -0.14706], [0.5, -0.00588], [0.46471, 0.10784], [0.41373, 0.16667], [0.30784, 0.24118], [0.33922, 0.27647], [0.24118, 0.26863], [-0.02549, 0.28431], [0.16667, 0.22941]]}