{"rank": 167, "key_id": "4697070948581376", "category": "pig", "n_points": 26, "bbox_aspect": 1.1493212669683257, "n_extensions_spliced": 2, "main_perimeter_px": 635.1951013349554, "score": 0.7785561968823662, "coords": [[0.32677, 0.22244], [0.24409, 0.28543], [0.19685, 0.30512], [0.10236, 0.3248], [-0.00787, 0.3248], [-0.16929, 0.2815], [-0.20079, 0.25787], [-0.27165, 0.22244], [-0.30315, 0.12008], [-0.34252, -0.04528], [-0.34646, -0.17126], [-0.31102, -0.24213], [-0.27953, -0.29331], [-0.20866, -0.33661], [-0.07087, -0.40748], [0.01969, -0.4311], [0.15748, -0.43504], [0.18898, -0.41535], [0.38976, -0.26181], [0.46063, -0.15945], [0.47638, -0.08071], [0.4685, -0.02953], [0.43701, 0.02953], [0.34252, 0.13976], [0.33465, 0.20276], [0.30709, 0.22244], [0.32677, 0.22244]]}