{"rank": 168, "key_id": "6701930199908352", "category": "pig", "n_points": 27, "bbox_aspect": 1.1345291479820627, "n_extensions_spliced": 2, "main_perimeter_px": 630.1670764874879, "score": 0.777821836452332, "coords": [[0.01779, 0.31028], [0.14822, 0.30632], [0.23123, 0.27075], [0.21146, 0.27866], [0.32213, 0.20356], [0.38538, 0.1166], [0.42885, 0.01383], [0.43676, -0.11265], [0.41304, -0.20751], [0.3419, -0.30632], [0.30237, -0.34585], [0.20751, -0.40119], [0.10079, -0.43676], [-0.00593, -0.44071], [-0.13636, -0.39328], [-0.19565, -0.35375], [-0.25889, -0.27866], [-0.29447, -0.21542], [-0.31028, -0.14427], [-0.31423, 0.00593], [-0.28656, 0.14822], [-0.23913, 0.25099], [-0.24308, 0.28261], [-0.17984, 0.32213], [-0.09684, 0.36561], [0.00988, 0.36957], [0.05731, 0.3498], [0.01779, 0.31028]]}