{"rank": 169, "key_id": "5350919036207104", "category": "pig", "n_points": 27, "bbox_aspect": 1.1333333333333333, "n_extensions_spliced": 2, "main_perimeter_px": 766.8376024124914, "score": 0.7770836344329553, "coords": [[-0.26863, 0.35882], [-0.30784, 0.33137], [-0.38235, 0.22941], [-0.33137, 0.21373], [-0.45294, 0.06863], [-0.47255, -0.01765], [-0.48039, -0.19412], [-0.45294, -0.26078], [-0.41373, -0.31961], [-0.3549, -0.36275], [-0.16275, -0.42941], [-0.05686, -0.44118], [0.12353, -0.43725], [0.28039, -0.36275], [0.41765, -0.24902], [0.45294, -0.19804], [0.48039, -0.11961], [0.46471, 0.08431], [0.37059, 0.27647], [0.27255, 0.39804], [0.30392, 0.32745], [0.23333, 0.42549], [0.1902, 0.43725], [0.0451, 0.44118], [-0.22549, 0.35882], [-0.28431, 0.33529], [-0.30392, 0.31176], [-0.26863, 0.35882]]}