{"rank": 170, "key_id": "4749657538297856", "category": "pig", "n_points": 23, "bbox_aspect": 1.1869158878504673, "n_extensions_spliced": 2, "main_perimeter_px": 649.7900348009381, "score": 0.7760868774294972, "coords": [[0.01575, 0.33465], [-0.1063, 0.27953], [-0.20079, 0.20866], [-0.27953, 0.12205], [-0.35039, 0.00787], [-0.3622, -0.02756], [-0.38189, -0.09055], [-0.38189, -0.20866], [-0.35433, -0.27165], [-0.29134, -0.30315], [0.11024, -0.41339], [0.19685, -0.42126], [0.25197, -0.3937], [0.29921, -0.35433], [0.43701, -0.17717], [0.45669, -0.09449], [0.44882, 0.01181], [0.42913, 0.01575], [0.3937, 0.14961], [0.32677, 0.22835], [0.27953, 0.27165], [0.2126, 0.30315], [-0.04331, 0.35827], [0.01575, 0.33465]]}