{"rank": 171, "key_id": "6457510384893952", "category": "pig", "n_points": 26, "bbox_aspect": 1.1447963800904977, "n_extensions_spliced": 2, "main_perimeter_px": 672.8578117898179, "score": 0.7757948520786547, "coords": [[0.09684, 0.30237], [-0.07312, 0.32609], [-0.14822, 0.30632], [-0.23913, 0.25494], [-0.25099, 0.25494], [-0.38142, 0.10474], [-0.46443, -0.02569], [-0.5, -0.10474], [-0.49605, -0.20356], [-0.46838, -0.23913], [-0.40119, -0.29447], [-0.23913, -0.39328], [-0.05731, -0.43676], [0.08498, -0.4249], [0.16008, -0.39328], [0.29051, -0.31028], [0.38142, -0.23518], [0.43676, -0.14427], [0.44466, -0.09289], [0.44466, 0.00593], [0.4249, 0.05336], [0.35771, 0.13636], [0.22727, 0.22727], [0.27866, 0.21146], [0.14822, 0.25494], [0.05336, 0.25099], [0.09684, 0.30237]]}