{"rank": 172, "key_id": "5110428189327360", "category": "pig", "n_points": 41, "bbox_aspect": 1.0759493670886076, "n_extensions_spliced": 2, "main_perimeter_px": 711.6973834843359, "score": 0.7740451505147908, "coords": [[-0.11961, 0.26471], [-0.11961, 0.26471], [-0.17059, 0.33529], [-0.29216, 0.46471], [-0.29216, 0.35882], [-0.26863, 0.21765], [-0.26863, 0.21765], [-0.29216, 0.35882], [-0.29216, 0.46471], [-0.17059, 0.33529], [-0.11961, 0.26471], [-0.21373, 0.25686], [-0.3, 0.21373], [-0.40588, 0.11176], [-0.46078, 0.03333], [-0.47647, -0.00196], [-0.5, -0.16667], [-0.49608, -0.26078], [-0.47647, -0.31176], [-0.39804, -0.38235], [-0.21373, -0.44902], [0.06471, -0.46471], [0.17843, -0.45686], [0.29608, -0.41765], [0.43333, -0.31176], [0.45686, -0.28039], [0.48431, -0.20196], [0.5, -0.05686], [0.48039, 0.04118], [0.43333, 0.10392], [0.32353, 0.1549], [0.33529, 0.33529], [0.37059, 0.46078], [0.22941, 0.30784], [0.17059, 0.21373], [0.17059, 0.21373], [0.22941, 0.30784], [0.37059, 0.46078], [0.33529, 0.33529], [0.32353, 0.1549], [-0.11176, 0.25294], [-0.11961, 0.26471]]}