{"rank": 173, "key_id": "6745471882100736", "category": "pig", "n_points": 46, "bbox_aspect": 1.1383928571428572, "n_extensions_spliced": 2, "main_perimeter_px": 705.5925626648924, "score": 0.7718683463441881, "coords": [[0.39412, 0.32549], [0.24902, 0.36471], [0.16275, 0.36471], [0.01765, 0.33725], [-0.20588, 0.17255], [-0.36667, 0.02745], [-0.35882, 0.08627], [-0.40588, 0.10196], [-0.47255, 0.16078], [-0.5, 0.23529], [-0.31176, 0.26667], [-0.27647, 0.23137], [-0.27647, 0.16471], [-0.27647, 0.16471], [-0.27647, 0.23137], [-0.31176, 0.26667], [-0.5, 0.23529], [-0.47255, 0.16078], [-0.40588, 0.10196], [-0.35882, 0.08627], [-0.42941, -0.09804], [-0.43725, -0.28235], [-0.36667, -0.35294], [-0.2098, -0.42353], [-0.02941, -0.43922], [0.05294, -0.42353], [0.14314, -0.35294], [0.24902, -0.22353], [0.36667, -0.0], [0.40196, 0.13333], [0.4098, 0.25098], [0.39412, 0.21176], [0.48039, 0.32941], [0.5, 0.40784], [0.49216, 0.43922], [0.35882, 0.37255], [0.42941, 0.36471], [0.42941, 0.36471], [0.35882, 0.37255], [0.49216, 0.43922], [0.5, 0.40784], [0.48039, 0.32941], [0.39412, 0.21176], [0.39412, 0.33333], [0.36275, 0.35686], [0.24902, 0.36078], [0.39412, 0.32549]]}