{"rank": 174, "key_id": "5389341394206720", "category": "pig", "n_points": 30, "bbox_aspect": 1.0851063829787233, "n_extensions_spliced": 2, "main_perimeter_px": 598.714252699764, "score": 0.7716440560751379, "coords": [[-0.4098, 0.38627], [-0.46471, 0.29216], [-0.48824, 0.15098], [-0.5, -0.0098], [-0.48824, -0.2098], [-0.46078, -0.26078], [-0.37059, -0.3549], [-0.19412, -0.4451], [-0.07647, -0.46078], [-0.00588, -0.43725], [0.14314, -0.35098], [0.19804, -0.26471], [0.22941, -0.1], [0.21373, 0.04118], [0.26863, 0.07255], [0.36275, 0.23333], [0.3902, 0.26078], [0.42549, 0.25686], [0.42941, 0.29216], [0.46863, 0.20196], [0.42549, 0.25686], [0.3902, 0.26078], [0.36275, 0.23333], [0.26863, 0.07255], [0.17451, 0.15098], [0.10784, 0.27647], [-0.00588, 0.36667], [-0.05686, 0.38627], [-0.08824, 0.38235], [-0.14706, 0.32745], [-0.4098, 0.38627]]}