{"rank": 175, "key_id": "4687766627549184", "category": "pig", "n_points": 31, "bbox_aspect": 1.0714285714285714, "n_extensions_spliced": 2, "main_perimeter_px": 764.7392877113133, "score": 0.7710977777393504, "coords": [[0.1902, 0.29412], [0.10784, 0.31765], [0.00588, 0.32157], [-0.07647, 0.32157], [-0.18235, 0.30588], [-0.13922, 0.34118], [-0.30784, 0.24706], [-0.39412, 0.15294], [-0.47255, 0.01961], [-0.49216, -0.03922], [-0.5, -0.14118], [-0.48824, -0.23137], [-0.45294, -0.33333], [-0.3902, -0.41961], [-0.3549, -0.43922], [-0.09608, -0.46667], [0.01765, -0.45882], [0.11961, -0.42353], [0.31961, -0.3098], [0.4098, -0.23137], [0.46078, -0.14902], [0.48824, -0.06275], [0.5, 0.07843], [0.49608, 0.12157], [0.46863, 0.18039], [0.36667, 0.27451], [0.29216, 0.31373], [0.27255, 0.29804], [0.19804, 0.3451], [0.15098, 0.34902], [0.1, 0.33725], [0.1902, 0.29412]]}