{"rank": 176, "key_id": "5136209674240000", "category": "pig", "n_points": 28, "bbox_aspect": 1.108695652173913, "n_extensions_spliced": 2, "main_perimeter_px": 732.0748085083527, "score": 0.7700317330631459, "coords": [[0.31961, 0.2549], [0.31176, 0.27843], [0.28039, 0.30588], [0.13137, 0.3451], [0.02549, 0.34902], [-0.08824, 0.31765], [-0.21373, 0.2549], [-0.37451, 0.12941], [-0.33922, 0.0902], [-0.45686, 0.02353], [-0.49608, -0.07843], [-0.5, -0.16863], [-0.47255, -0.25098], [-0.41765, -0.32549], [-0.33922, -0.38824], [-0.23725, -0.42745], [-0.06078, -0.45098], [0.06863, -0.44706], [0.19804, -0.41961], [0.34314, -0.35294], [0.41765, -0.2902], [0.46863, -0.21176], [0.5, -0.10196], [0.49216, 0.00392], [0.44902, 0.10196], [0.3549, 0.2], [0.25294, 0.22745], [0.27255, 0.23529], [0.31961, 0.2549]]}