{"rank": 177, "key_id": "5030577122050048", "category": "pig", "n_points": 23, "bbox_aspect": 1.1759259259259258, "n_extensions_spliced": 2, "main_perimeter_px": 595.4333150997999, "score": 0.7695752025658777, "coords": [[-0.14567, 0.23622], [-0.23228, 0.24409], [-0.25591, 0.26378], [-0.34252, 0.19291], [-0.40157, 0.11811], [-0.44094, -0.03543], [-0.43701, -0.11417], [-0.40551, -0.20079], [-0.35039, -0.2874], [-0.25591, -0.37795], [-0.1811, -0.41339], [-0.12205, -0.4252], [-0.02362, -0.4252], [0.15354, -0.38583], [0.22047, -0.33858], [0.33071, -0.21654], [0.34252, -0.15748], [0.34252, -0.04331], [0.27559, 0.06299], [0.11811, 0.16535], [0.19291, 0.11417], [-0.10236, 0.24016], [-0.18898, 0.25197], [-0.14567, 0.23622]]}