{"rank": 178, "key_id": "5201928571060224", "category": "pig", "n_points": 26, "bbox_aspect": 1.1339285714285714, "n_extensions_spliced": 2, "main_perimeter_px": 678.6278108894867, "score": 0.7691178516462653, "coords": [[-0.12992, 0.29921], [-0.18504, 0.29134], [-0.25984, 0.22835], [-0.31496, 0.14961], [-0.37008, 0.02362], [-0.38189, -0.11811], [-0.37402, -0.19685], [-0.35039, -0.27559], [-0.31496, -0.32283], [-0.27165, -0.3622], [-0.11417, -0.42913], [-0.01969, -0.44094], [0.15748, -0.44094], [0.24803, -0.4252], [0.3622, -0.35827], [0.43307, -0.24803], [0.44882, -0.11024], [0.40945, 0.06693], [0.37795, 0.18504], [0.30315, 0.28346], [0.29134, 0.31496], [0.24409, 0.31496], [0.08661, 0.32283], [-0.05512, 0.28346], [-0.16535, 0.22047], [-0.2126, 0.21654], [-0.12992, 0.29921]]}