{"rank": 179, "key_id": "6054692008230912", "category": "pig", "n_points": 23, "bbox_aspect": 1.1751152073732718, "n_extensions_spliced": 2, "main_perimeter_px": 624.9807468133095, "score": 0.7690924351643943, "coords": [[-0.41373, -0.06078], [-0.37059, -0.13922], [-0.30392, -0.05686], [-0.41373, -0.01765], [-0.3549, 0.16275], [-0.24118, 0.30392], [-0.19804, 0.33529], [-0.10392, 0.37451], [0.08431, 0.42549], [0.37843, 0.34314], [0.40196, 0.31961], [0.47255, 0.18235], [0.48824, 0.08431], [0.48039, -0.09216], [0.5, -0.16275], [0.47647, -0.22549], [0.48431, -0.28039], [0.39804, -0.38627], [0.36275, -0.40588], [0.24902, -0.42549], [0.06863, -0.40196], [-0.03725, -0.35882], [-0.13137, -0.26471], [-0.41373, -0.06078]]}