{"rank": 180, "key_id": "6337840885530624", "category": "pig", "n_points": 27, "bbox_aspect": 1.118942731277533, "n_extensions_spliced": 2, "main_perimeter_px": 727.164534285186, "score": 0.7681384090411447, "coords": [[-0.17717, 0.34449], [-0.17323, 0.34055], [-0.38976, 0.20276], [-0.43701, 0.15157], [-0.48425, 0.05709], [-0.5, -0.05315], [-0.5, -0.19882], [-0.47638, -0.25787], [-0.38583, -0.34055], [-0.31496, -0.38386], [-0.18898, -0.4311], [-0.00787, -0.44685], [0.1063, -0.43898], [0.28346, -0.37992], [0.40551, -0.30118], [0.46457, -0.23425], [0.48819, -0.18307], [0.5, -0.12402], [0.48425, -0.00591], [0.45669, 0.0689], [0.38976, 0.15551], [0.2874, 0.25394], [0.28346, 0.27362], [0.19291, 0.30118], [0.00787, 0.3563], [-0.08661, 0.3563], [-0.17717, 0.33268], [-0.17717, 0.34449]]}