{"rank": 181, "key_id": "5116853032583168", "category": "pig", "n_points": 31, "bbox_aspect": 1.0625, "n_extensions_spliced": 2, "main_perimeter_px": 810.6396614646889, "score": 0.7652400029699887, "coords": [[-0.46471, 0.11765], [-0.48039, 0.14902], [-0.48039, 0.19216], [-0.46078, 0.23922], [-0.28431, 0.37647], [-0.3, 0.40392], [-0.18235, 0.42353], [-0.08039, 0.4549], [0.03725, 0.47059], [0.15882, 0.47059], [0.29216, 0.43922], [0.43725, 0.36471], [0.42941, 0.38039], [0.46471, 0.32549], [0.48824, 0.24706], [0.5, 0.09804], [0.48039, 0.01176], [0.37843, -0.18431], [0.26078, -0.3098], [0.12745, -0.4], [0.0451, -0.43529], [-0.10784, -0.47059], [-0.18627, -0.47059], [-0.25294, -0.46275], [-0.32745, -0.41569], [-0.40196, -0.32549], [-0.46078, -0.22745], [-0.48824, -0.12941], [-0.5, -0.01569], [-0.5, 0.0902], [-0.46471, 0.19608], [-0.46471, 0.11765]]}