{"rank": 182, "key_id": "5095123450855424", "category": "pig", "n_points": 27, "bbox_aspect": 1.1135371179039302, "n_extensions_spliced": 2, "main_perimeter_px": 788.9299646659831, "score": 0.7647485134880816, "coords": [[0.05686, 0.42157], [-0.09216, 0.42549], [-0.14706, 0.40588], [-0.25294, 0.34706], [-0.40588, 0.23333], [-0.39804, 0.25686], [-0.47647, 0.12353], [-0.5, 0.0098], [-0.49608, -0.1], [-0.45686, -0.17843], [-0.38235, -0.28039], [-0.27647, -0.36667], [-0.19804, -0.41373], [-0.11569, -0.43725], [0.01765, -0.44902], [0.33922, -0.4451], [0.37843, -0.41765], [0.4098, -0.31176], [0.4098, -0.04118], [0.39804, 0.01373], [0.37059, 0.07647], [0.23333, 0.22157], [0.23725, 0.25294], [0.08431, 0.29608], [-0.14706, 0.37059], [-0.17451, 0.37059], [-0.20196, 0.33529], [0.05686, 0.42157]]}