{"rank": 183, "key_id": "5913397801517056", "category": "pig", "n_points": 36, "bbox_aspect": 1.0, "n_extensions_spliced": 2, "main_perimeter_px": 744.7101807450694, "score": 0.764469434365151, "coords": [[-0.36275, 0.26863], [-0.43333, 0.1549], [-0.48431, 0.01373], [-0.5, -0.05294], [-0.49216, -0.14706], [-0.46078, -0.21765], [-0.37059, -0.33529], [-0.17059, -0.46471], [-0.06078, -0.49608], [0.07255, -0.5], [0.38627, -0.31569], [0.47647, -0.23333], [0.5, -0.11176], [0.44118, 0.06078], [0.37451, 0.17451], [0.40588, 0.18627], [0.46078, 0.35882], [0.46471, 0.42941], [0.43333, 0.48039], [0.41373, 0.5], [0.27255, 0.41765], [0.23333, 0.30784], [0.23333, 0.30784], [0.27255, 0.41765], [0.41373, 0.5], [0.36667, 0.48431], [0.36667, 0.48431], [0.43333, 0.48039], [0.46471, 0.42941], [0.46078, 0.35882], [0.40588, 0.18627], [0.24902, 0.26471], [0.1, 0.32745], [-0.01765, 0.34314], [-0.28431, 0.30392], [-0.39804, 0.23333], [-0.36275, 0.26863]]}