{"rank": 184, "key_id": "4977237050785792", "category": "pig", "n_points": 22, "bbox_aspect": 1.1805555555555556, "n_extensions_spliced": 2, "main_perimeter_px": 561.1122626578303, "score": 0.7639923639304671, "coords": [[0.32353, -0.35686], [0.38235, -0.2902], [0.39412, -0.07451], [0.35098, 0.02353], [0.29608, 0.11373], [0.2451, 0.12941], [0.21765, 0.18824], [0.09216, 0.25098], [-0.05294, 0.2549], [-0.12745, 0.22745], [-0.16667, 0.2], [-0.18627, 0.21569], [-0.22549, 0.12941], [-0.26471, 0.04706], [-0.27647, -0.11765], [-0.25686, -0.18824], [-0.17451, -0.32157], [-0.09608, -0.38039], [0.00196, -0.41961], [0.17843, -0.42353], [0.31569, -0.35686], [0.33529, -0.3098], [0.32353, -0.35686]]}