{"rank": 185, "key_id": "4859721414606848", "category": "pig", "n_points": 35, "bbox_aspect": 1.9389312977099236, "n_extensions_spliced": 2, "main_perimeter_px": 455.6565093402761, "score": 0.7637013716293463, "coords": [[-0.5, 0.06496], [-0.46063, 0.10827], [-0.34646, 0.1752], [-0.25591, 0.21063], [-0.16929, 0.22638], [-0.07087, 0.23031], [-0.01969, 0.21063], [0.01181, 0.17913], [0.02756, 0.13976], [0.01969, 0.13583], [0.06299, 0.19094], [0.14961, 0.25], [0.2126, 0.25787], [0.24409, 0.25], [0.37795, 0.15157], [0.42126, 0.02953], [0.42913, -0.11614], [0.4252, 0.01378], [0.37795, 0.15157], [0.24409, 0.25], [0.2126, 0.25787], [0.14961, 0.25], [0.06299, 0.19094], [0.01969, 0.13583], [0.0315, -0.0374], [-0.01181, -0.13583], [-0.08661, -0.2185], [-0.19291, -0.25787], [-0.27165, -0.25787], [-0.37402, -0.22244], [-0.43701, -0.1752], [-0.5, -0.05315], [-0.5, 0.01772], [-0.45669, 0.08465], [-0.37402, 0.16339], [-0.5, 0.06496]]}