{"rank": 186, "key_id": "6237169301585920", "category": "pig", "n_points": 23, "bbox_aspect": 1.1643835616438356, "n_extensions_spliced": 2, "main_perimeter_px": 643.4379081347035, "score": 0.7626703717711655, "coords": [[-0.32745, 0.22549], [-0.36667, 0.1], [-0.36275, -0.05294], [-0.32353, -0.21373], [-0.24902, -0.3549], [-0.19412, -0.3902], [-0.13137, -0.40588], [0.04902, -0.42941], [0.20196, -0.42941], [0.29216, -0.36667], [0.33529, -0.27647], [0.37059, -0.13922], [0.37843, 0.02157], [0.3549, 0.09608], [0.29216, 0.19412], [0.25686, 0.20196], [0.12745, 0.28824], [-0.09608, 0.33529], [-0.1902, 0.33137], [-0.22157, 0.30784], [-0.27255, 0.31176], [-0.32745, 0.27255], [-0.36667, 0.20588], [-0.32745, 0.22549]]}