{"rank": 187, "key_id": "6138981076959232", "category": "pig", "n_points": 27, "bbox_aspect": 1.1091703056768558, "n_extensions_spliced": 2, "main_perimeter_px": 723.898186457818, "score": 0.7619980187901588, "coords": [[0.10236, -0.45079], [-0.00787, -0.43504], [-0.16142, -0.37992], [-0.17323, -0.34449], [-0.31496, -0.24213], [-0.38976, -0.16339], [-0.48425, -0.01378], [-0.5, 0.10827], [-0.43701, 0.19094], [-0.35433, 0.24213], [-0.33465, 0.25394], [-0.31102, 0.26181], [-0.07087, 0.3248], [0.07087, 0.3248], [0.2126, 0.30118], [0.24803, 0.30512], [0.3189, 0.26969], [0.37008, 0.23031], [0.45669, 0.13189], [0.49606, 0.04528], [0.5, -0.1437], [0.46457, -0.25394], [0.4252, -0.32087], [0.38976, -0.35236], [0.28346, -0.40748], [0.22047, -0.41535], [0.06299, -0.41535], [0.10236, -0.45079]]}