{"rank": 188, "key_id": "6150296369627136", "category": "pig", "n_points": 22, "bbox_aspect": 1.1767441860465115, "n_extensions_spliced": 2, "main_perimeter_px": 552.0881037935194, "score": 0.7617287901183845, "coords": [[0.23913, 0.10474], [0.25494, 0.10474], [0.21937, 0.12846], [0.14427, 0.16403], [0.00198, 0.17984], [-0.06522, 0.16403], [-0.18775, 0.1166], [-0.23913, 0.08103], [-0.23123, 0.04941], [-0.30237, -0.00593], [-0.33399, -0.15217], [-0.32213, -0.24704], [-0.24704, -0.33399], [-0.11265, -0.40119], [0.02569, -0.4249], [0.21146, -0.39723], [0.31818, -0.3419], [0.38538, -0.24308], [0.417, -0.05731], [0.33004, 0.09289], [0.27866, 0.11265], [0.21937, 0.11265], [0.23913, 0.10474]]}