{"rank": 189, "key_id": "5828495508766720", "category": "pig", "n_points": 27, "bbox_aspect": 1.108695652173913, "n_extensions_spliced": 2, "main_perimeter_px": 748.0283423724555, "score": 0.7616983997298126, "coords": [[-0.3902, 0.07059], [-0.33137, 0.24706], [-0.40588, 0.29804], [-0.26471, 0.27059], [-0.16667, 0.27451], [-0.13529, 0.25098], [-0.10392, 0.24706], [0.09608, 0.26275], [0.32353, 0.26275], [0.41373, 0.19216], [0.40588, 0.2], [0.45294, 0.11765], [0.48431, -0.18431], [0.41765, -0.38039], [0.39412, -0.41569], [0.35882, -0.43922], [0.31569, -0.45098], [0.20196, -0.45098], [0.01373, -0.40784], [-0.26471, -0.24314], [-0.4098, -0.20392], [-0.46078, -0.15686], [-0.48824, -0.09412], [-0.49216, 0.05882], [-0.45686, 0.12549], [-0.41373, 0.16471], [-0.37843, 0.16863], [-0.3902, 0.07059]]}