{"rank": 190, "key_id": "5677517820133376", "category": "pig", "n_points": 27, "bbox_aspect": 1.108695652173913, "n_extensions_spliced": 2, "main_perimeter_px": 651.3125189818586, "score": 0.7616983997298126, "coords": [[-0.13137, 0.36863], [-0.2098, 0.32157], [-0.17059, 0.33725], [-0.28824, 0.23529], [-0.3549, 0.12549], [-0.38235, 0.00784], [-0.38235, -0.11373], [-0.36667, -0.17255], [-0.30392, -0.28235], [-0.21373, -0.37255], [-0.10784, -0.43137], [0.0098, -0.45098], [0.12745, -0.44314], [0.23725, -0.39608], [0.33137, -0.31765], [0.39804, -0.22353], [0.42941, -0.12157], [0.42941, -0.03137], [0.40196, 0.06275], [0.35098, 0.14902], [0.37451, 0.15294], [0.28824, 0.22745], [0.21765, 0.2902], [0.13137, 0.32941], [0.0098, 0.34902], [-0.07255, 0.34902], [-0.11961, 0.32157], [-0.13137, 0.36863]]}