{"rank": 191, "key_id": "5718642241044480", "category": "pig", "n_points": 28, "bbox_aspect": 1.094420600858369, "n_extensions_spliced": 2, "main_perimeter_px": 736.7776701365499, "score": 0.7609603318133922, "coords": [[-0.06863, 0.27255], [-0.17059, 0.27647], [-0.22549, 0.26471], [-0.30392, 0.21373], [-0.36275, 0.14314], [-0.3902, 0.14314], [-0.39412, 0.08431], [-0.42157, -0.07647], [-0.41373, -0.20196], [-0.3549, -0.30784], [-0.22549, -0.39804], [-0.12745, -0.42941], [-0.03725, -0.45294], [0.06863, -0.45686], [0.16275, -0.40588], [0.31961, -0.29216], [0.38627, -0.22549], [0.43725, -0.11176], [0.44902, -0.03333], [0.44118, 0.08039], [0.38627, 0.19804], [0.32353, 0.26863], [0.30784, 0.34314], [0.22549, 0.33529], [0.14314, 0.36667], [-0.06863, 0.37451], [-0.19804, 0.35098], [-0.31961, 0.34314], [-0.06863, 0.27255]]}