{"rank": 192, "key_id": "5956642849947648", "category": "pig", "n_points": 29, "bbox_aspect": 1.0808510638297872, "n_extensions_spliced": 2, "main_perimeter_px": 684.1814650658167, "score": 0.7605602280438819, "coords": [[0.23622, -0.00984], [0.22047, 0.02953], [0.16142, 0.08465], [0.01969, 0.1437], [-0.08268, 0.15945], [-0.23622, 0.15945], [-0.40157, 0.12402], [-0.45669, 0.08858], [-0.46063, 0.10433], [-0.48819, 0.05709], [-0.49213, -0.02165], [-0.47638, -0.09646], [-0.44094, -0.18701], [-0.36614, -0.29331], [-0.27953, -0.37205], [-0.20866, -0.41142], [-0.04331, -0.45866], [0.16929, -0.4626], [0.27165, -0.43504], [0.33858, -0.39567], [0.39764, -0.31693], [0.42126, -0.23819], [0.43307, -0.12795], [0.40551, -0.0374], [0.3622, 0.0374], [0.32677, 0.0689], [0.27165, 0.10039], [0.24016, 0.10039], [0.12598, 0.12795], [0.23622, -0.00984]]}