{"rank": 193, "key_id": "6311928005656576", "category": "pig", "n_points": 27, "bbox_aspect": 1.103896103896104, "n_extensions_spliced": 2, "main_perimeter_px": 777.1299296735118, "score": 0.7586615186107939, "coords": [[-0.24118, 0.37451], [-0.33137, 0.32745], [-0.39804, 0.26471], [-0.43725, 0.2098], [-0.49216, 0.04902], [-0.5, -0.08039], [-0.48824, -0.16275], [-0.4451, -0.24902], [-0.40196, -0.30784], [-0.33922, -0.36275], [-0.25294, -0.40588], [-0.1549, -0.44118], [-0.06078, -0.45294], [0.25686, -0.43725], [0.39412, -0.37451], [0.42549, -0.34706], [0.49216, -0.23725], [0.5, -0.08039], [0.46863, 0.02941], [0.40588, 0.15882], [0.3902, 0.18627], [0.30392, 0.30784], [0.17451, 0.39412], [0.07647, 0.44118], [0.00588, 0.45294], [-0.04902, 0.44902], [-0.26078, 0.35882], [-0.24118, 0.37451]]}