{"rank": 194, "key_id": "4527152730996736", "category": "pig", "n_points": 24, "bbox_aspect": 1.1434977578475336, "n_extensions_spliced": 2, "main_perimeter_px": 603.9656241703645, "score": 0.7583336759539662, "coords": [[-0.28824, 0.18627], [-0.22157, 0.24118], [-0.13922, 0.27255], [0.08039, 0.28824], [0.13529, 0.26471], [0.2098, 0.18627], [0.28824, 0.05294], [0.30784, -0.01373], [0.28824, -0.07255], [0.31569, -0.14706], [0.30392, -0.19804], [0.21765, -0.34314], [0.17451, -0.39804], [0.08039, -0.43725], [-0.1549, -0.43725], [-0.2451, -0.39412], [-0.33922, -0.29216], [-0.37843, -0.22549], [-0.3902, -0.09216], [-0.37059, -0.12353], [-0.37059, -0.03333], [-0.30392, 0.07647], [-0.22549, 0.13137], [-0.14314, 0.14706], [-0.28824, 0.18627]]}