{"rank": 195, "key_id": "6507967291588608", "category": "pig", "n_points": 24, "bbox_aspect": 1.1434977578475336, "n_extensions_spliced": 2, "main_perimeter_px": 577.3553495634023, "score": 0.7583336759539662, "coords": [[0.13137, 0.20588], [0.03725, 0.28039], [-0.06863, 0.28824], [-0.17843, 0.23725], [-0.25686, 0.14706], [-0.29216, 0.08039], [-0.31961, -0.07647], [-0.27647, -0.07255], [-0.32353, -0.1549], [-0.30784, -0.23725], [-0.24902, -0.36667], [-0.2098, -0.40588], [-0.15882, -0.43333], [-0.0451, -0.43725], [0.08039, -0.38627], [0.17843, -0.31176], [0.26471, -0.16275], [0.28039, -0.04118], [0.25686, -0.03333], [0.2451, 0.16667], [0.19804, 0.22549], [0.17451, 0.23725], [0.09216, 0.24118], [0.0098, 0.23333], [0.13137, 0.20588]]}