{"rank": 196, "key_id": "5738400898351104", "category": "pig", "n_points": 47, "bbox_aspect": 1.7397260273972603, "n_extensions_spliced": 2, "main_perimeter_px": 530.4413768766578, "score": 0.7562545472510422, "coords": [[-0.05118, 0.2126], [-0.23228, 0.19291], [-0.23622, 0.18504], [-0.4685, 0.2874], [-0.49606, 0.25197], [-0.5, 0.2126], [-0.46063, 0.11417], [-0.43307, 0.09449], [-0.43307, 0.09449], [-0.46063, 0.11417], [-0.5, 0.2126], [-0.49606, 0.25197], [-0.4685, 0.2874], [-0.23622, 0.18504], [-0.31102, 0.14173], [-0.35827, 0.09449], [-0.38189, 0.0315], [-0.38583, -0.05512], [-0.33071, -0.14961], [-0.18504, -0.24803], [-0.12598, -0.27165], [-0.02362, -0.2874], [0.15748, -0.28346], [0.23622, -0.25197], [0.33465, -0.1811], [0.38189, -0.1063], [0.40945, -0.0315], [0.40945, 0.0315], [0.38583, 0.06693], [0.40945, 0.08661], [0.44488, 0.08661], [0.4685, 0.09843], [0.49606, 0.15748], [0.5, 0.21654], [0.34646, 0.24803], [0.27953, 0.21654], [0.20472, 0.15748], [0.20472, 0.15748], [0.27953, 0.21654], [0.34646, 0.24803], [0.5, 0.21654], [0.49606, 0.15748], [0.4685, 0.09843], [0.44488, 0.08661], [0.40945, 0.08661], [0.1378, 0.19685], [-0.01575, 0.23228], [-0.05118, 0.2126]]}