{"rank": 197, "key_id": "4667332225925120", "category": "pig", "n_points": 28, "bbox_aspect": 1.0851063829787233, "n_extensions_spliced": 2, "main_perimeter_px": 757.2991784692374, "score": 0.7549773894084713, "coords": [[-0.04902, 0.39412], [-0.16275, 0.40588], [-0.22157, 0.39412], [-0.22549, 0.4098], [-0.26863, 0.36667], [-0.38235, 0.2451], [-0.48824, 0.05686], [-0.5, -0.07647], [-0.48431, -0.21373], [-0.42157, -0.31176], [-0.31569, -0.39412], [-0.23725, -0.42941], [-0.06863, -0.45686], [0.05686, -0.46078], [0.13922, -0.4451], [0.21765, -0.41765], [0.3549, -0.33529], [0.3902, -0.30392], [0.42157, -0.22941], [0.44118, -0.09216], [0.43333, -0.00588], [0.38627, 0.1549], [0.32745, 0.25686], [0.22941, 0.35882], [0.30392, 0.37059], [0.14314, 0.40196], [0.05294, 0.42549], [-0.10392, 0.42941], [-0.04902, 0.39412]]}