{"rank": 198, "key_id": "4815155034587136", "category": "pig", "n_points": 39, "bbox_aspect": 1.9172932330827068, "n_extensions_spliced": 2, "main_perimeter_px": 783.2816162496388, "score": 0.7548904737791783, "coords": [[-0.3902, 0.06471], [-0.47647, 0.06471], [-0.5, -0.00196], [-0.48039, -0.05294], [-0.44902, -0.02549], [-0.45294, -0.08039], [-0.5, -0.00196], [-0.47647, 0.06471], [-0.37843, 0.08039], [-0.31961, 0.17843], [-0.22941, 0.22941], [-0.0098, 0.25686], [0.15882, 0.26078], [0.28431, 0.20588], [0.37451, 0.11176], [0.39412, 0.05294], [0.5, 0.10784], [0.43725, 0.00588], [0.35098, -0.03725], [0.32745, -0.11961], [0.28039, -0.17843], [0.21373, -0.2098], [0.19412, -0.18235], [0.22941, -0.14314], [0.17843, -0.06471], [0.14706, -0.07647], [0.12745, -0.19412], [0.05294, -0.17843], [0.06471, -0.07647], [-0.09216, -0.06863], [-0.09216, -0.20196], [-0.13529, -0.25686], [-0.19412, -0.23333], [-0.12353, -0.09608], [-0.16667, -0.09216], [-0.2451, -0.14706], [-0.34706, -0.18235], [-0.32353, -0.13529], [-0.33922, -0.05294], [-0.3902, 0.06471]]}