{"rank": 199, "key_id": "5316822645604352", "category": "pig", "n_points": 25, "bbox_aspect": 1.1233480176211454, "n_extensions_spliced": 2, "main_perimeter_px": 609.8857604540755, "score": 0.7542222370724008, "coords": [[-0.34706, 0.13137], [-0.36275, 0.13922], [-0.40196, 0.08431], [-0.41765, 0.05294], [-0.42549, -0.07255], [-0.39804, -0.14706], [-0.33137, -0.25294], [-0.28824, -0.30784], [-0.20196, -0.38627], [-0.15098, -0.41373], [-0.06863, -0.43725], [0.06471, -0.4451], [0.17059, -0.41765], [0.25686, -0.37843], [0.32745, -0.32745], [0.39804, -0.24118], [0.42157, -0.13922], [0.42157, -0.08039], [0.39804, 0.00588], [0.33137, 0.13529], [0.33922, 0.14314], [0.17059, 0.20196], [0.0098, 0.22941], [-0.18235, 0.19804], [-0.33137, 0.14706], [-0.34706, 0.13137]]}