{"rank": 0, "source": "003_1640624254808-QZR3GF4WJ88LM0EU5OUQ.jpg", "category": "elephant", "n_points": 39, "bbox_aspect": 1.4133763094278808, "area_frac": 0.33289122280570144, "score": 1.485843594225584, "coords": [[-0.5, -0.24088], [-0.46294, -0.27281], [-0.3854, -0.18158], [-0.35348, -0.11203], [-0.2309, 0.00827], [-0.2081, 0.00599], [-0.187, -0.09607], [-0.17788, -0.23518], [-0.11688, -0.30473], [-0.13113, -0.27794], [-0.17218, -0.23233], [-0.16819, -0.21921], [-0.13227, -0.21636], [-0.12828, -0.24145], [-0.09179, -0.24145], [-0.02566, -0.21009], [0.06385, -0.19242], [0.11345, -0.21807], [0.14481, -0.19812], [0.21209, -0.19413], [0.22634, -0.2004], [0.35462, -0.14567], [0.39339, -0.12286], [0.45724, -0.09949], [0.4829, -0.08352], [0.49487, -0.04875], [0.4675, -0.08238], [0.39681, -0.10804], [0.26967, -0.16961], [0.24686, -0.12628], [0.24401, 0.1069], [0.30274, 0.11032], [0.29647, 0.15251], [0.22691, 0.1622], [0.16306, 0.18672], [0.05758, 0.19128], [0.05188, 0.28877], [-0.27594, 0.35376], [-0.44128, -0.10861], [-0.5, -0.24088]]}