{"rank": 1, "source": "008_1635874559966-DEV37RHN9V2SYDU3A7P5.jpg", "category": "elephant", "n_points": 39, "bbox_aspect": 1.4133858267716535, "area_frac": 0.3268720014992504, "score": 1.4858388806060294, "coords": [[-0.5, 0.03621], [-0.46769, 0.04958], [-0.35404, 0.1454], [-0.16462, 0.33649], [-0.13733, 0.34763], [-0.11003, 0.34485], [-0.23538, 0.00167], [-0.25432, -0.17437], [-0.24596, -0.25627], [-0.21699, -0.33036], [-0.2337, -0.27465], [-0.22813, -0.26407], [-0.1546, -0.23844], [0.13677, -0.16045], [0.19694, -0.15209], [0.21755, -0.16212], [0.26435, -0.21226], [0.39136, -0.2663], [0.42368, -0.26017], [0.43649, -0.21783], [0.48217, -0.23565], [0.49443, -0.25125], [0.49164, -0.35376], [0.49721, -0.35376], [0.5, -0.24847], [0.48607, -0.2312], [0.43092, -0.2078], [0.34903, -0.10752], [0.31894, -0.05348], [0.26546, 0.06852], [0.2376, 0.17047], [0.21309, 0.30808], [0.20084, 0.31755], [0.08106, 0.33036], [-0.01031, 0.31755], [-0.11783, 0.35376], [-0.15682, 0.34708], [-0.19192, 0.32145], [-0.35961, 0.14819], [-0.5, 0.03621]]}