{"rank": 2, "source": "052_1594135339655-B5TZTG61UGZ7POPHFCLW.jpg", "category": "elephant", "n_points": 39, "bbox_aspect": 1.439446366782007, "area_frac": 0.35677673303834806, "score": 1.4730495651306672, "coords": [[-0.45974, 0.33113], [-0.30829, 0.23798], [-0.43389, 0.10637], [-0.38341, 0.01923], [-0.33353, -0.02163], [-0.36599, -0.05349], [-0.48738, -0.03486], [-0.5, -0.0631], [-0.46755, -0.1887], [-0.35877, -0.17488], [-0.36358, -0.26923], [-0.25721, -0.29147], [-0.23257, -0.17488], [-0.18269, -0.15925], [-0.17067, -0.09075], [-0.0631, -0.128], [-0.0625, -0.15745], [-0.14303, -0.25], [-0.16767, -0.33413], [-0.04447, -0.34736], [0.01923, -0.32272], [0.07692, -0.14483], [0.13882, -0.01623], [0.25, -0.04087], [0.35817, -0.08413], [0.45913, -0.23377], [0.5, -0.20373], [0.40385, -0.09135], [0.34736, 0.05228], [0.3113, 0.19892], [0.23978, 0.28125], [0.16346, 0.3125], [0.07572, 0.29147], [0.02704, 0.25541], [-0.02945, 0.28125], [-0.22656, 0.28906], [-0.29627, 0.25], [-0.34976, 0.27464], [-0.4369, 0.34736], [-0.45974, 0.33113]]}