{"rank": 3, "source": "043_1603286066624-23GOC4SQFD7AB8TXMRY8.jpg", "category": "elephant", "n_points": 39, "bbox_aspect": 1.3368506493506493, "area_frac": 0.41414628657164293, "score": 1.4601910446240736, "coords": [[-0.28385, 0.32301], [-0.31906, 0.19429], [-0.32028, 0.04372], [-0.21645, 0.01275], [-0.14663, 0.017], [-0.10899, -0.01639], [-0.07802, -0.07893], [-0.05798, -0.18276], [-0.05191, -0.35033], [0.02338, -0.37098], [0.08288, -0.36369], [0.09745, -0.34548], [0.09806, -0.16576], [0.08834, -0.1105], [0.11445, -0.14997], [0.15817, -0.13418], [0.22253, -0.15665], [0.34153, -0.12811], [0.31724, -0.19369], [0.31481, -0.32605], [0.34032, -0.37401], [0.41925, -0.36733], [0.43685, -0.28901], [0.43807, -0.17061], [0.45871, -0.04129], [0.48907, -0.05707], [0.5, -0.00061], [0.48725, 0.04189], [0.49575, 0.09897], [0.45264, 0.23497], [0.41439, 0.29205], [0.35246, 0.32665], [0.25288, 0.35944], [0.10291, 0.36126], [-0.00638, 0.34305], [-0.05131, 0.34487], [-0.08409, 0.32605], [-0.1612, 0.37401], [-0.23831, 0.35458], [-0.28385, 0.32301]]}