{"rank": 4, "source": "006_1636374243088-1NHR5VXQUZAKUQ1UV0CZ.jpg", "category": "elephant", "n_points": 39, "bbox_aspect": 1.490376569037657, "area_frac": 0.44636575269684486, "score": 1.4487103923880136, "coords": [[-0.46968, 0.226], [-0.48596, 0.18782], [-0.5, 0.06766], [-0.49158, -0.32987], [-0.37816, -0.32819], [-0.35682, -0.29787], [-0.44891, -0.29506], [-0.4635, -0.28158], [-0.47024, -0.16367], [-0.44947, -0.12044], [-0.37984, -0.07215], [-0.32538, -0.0772], [-0.26867, -0.05418], [-0.1603, -0.05867], [-0.0991, -0.10584], [-0.09798, -0.29169], [-0.08787, -0.33549], [0.05418, -0.32931], [0.05474, -0.18613], [0.06766, -0.17378], [0.20354, -0.17378], [0.21252, -0.17996], [0.21757, -0.33156], [0.34278, -0.33436], [0.36917, -0.32819], [0.36805, 0.07608], [0.37535, 0.14009], [0.48709, 0.13448], [0.48596, 0.02106], [0.49439, -0.02218], [0.5, 0.08899], [0.48765, 0.14739], [0.37647, 0.1502], [0.36524, 0.22319], [-0.08113, 0.22319], [-0.10415, 0.21308], [-0.15581, 0.33549], [-0.258, 0.25519], [-0.31864, 0.25239], [-0.46968, 0.226]]}