{"rank": 5, "source": "072_1590154651734-VOQREUKFBY8TBZ4BHCWW.jpg", "category": "elephant", "n_points": 39, "bbox_aspect": 1.5242839352428394, "area_frac": 0.35299506247645873, "score": 1.4329632412469921, "coords": [[0.49265, 0.02737], [0.43873, 0.09109], [0.41176, 0.08374], [0.34314, 0.14093], [0.33415, 0.1826], [0.24428, 0.21855], [0.17729, 0.26593], [0.13317, 0.32802], [-0.03595, 0.28554], [-0.28758, 0.25368], [-0.35784, 0.1156], [-0.40686, 0.0723], [-0.43873, -0.00776], [-0.49673, -0.05842], [-0.47794, -0.17034], [-0.44526, -0.16544], [-0.44526, -0.07394], [-0.33497, 0.0192], [-0.28105, -0.04453], [-0.21324, -0.04779], [-0.21405, -0.18587], [-0.17075, -0.26757], [-0.1152, -0.30025], [-0.06454, -0.28717], [-0.01471, -0.20629], [-0.05556, -0.18668], [-0.10294, -0.11397], [-0.00654, -0.04698], [0.11193, -0.11397], [0.15359, -0.07639], [0.20997, -0.13521], [0.28023, -0.15319], [0.24837, -0.20711], [0.23775, -0.28309], [0.2884, -0.32802], [0.35703, -0.28227], [0.40114, -0.20221], [0.47958, -0.16299], [0.5, -0.09028], [0.49265, 0.02737]]}