{"rank": 6, "source": "028_1612619273909-OZLHJBX24QP1WBVWCTEL.jpg", "category": "elephant", "n_points": 39, "bbox_aspect": 1.4029692470837751, "area_frac": 0.23821238594961916, "score": 1.4202912642955152, "coords": [[0.49244, 0.33371], [0.3904, 0.35639], [0.29743, 0.33749], [0.29819, 0.31481], [0.37831, 0.21126], [0.30877, 0.16138], [0.25208, 0.1712], [0.17423, 0.26266], [0.03364, 0.26266], [0.01701, 0.18556], [-0.06085, 0.13039], [-0.19917, 0.12812], [-0.30877, 0.07596], [-0.42895, -0.01096], [-0.37302, -0.21882], [-0.37453, -0.35488], [-0.31255, -0.35639], [-0.32389, -0.27853], [-0.17649, -0.20748], [-0.12736, -0.29592], [-0.09864, -0.25813], [-0.13416, -0.17498], [0.02305, -0.06311], [0.02986, -0.10544], [-0.02986, -0.14701], [-0.02003, -0.20219], [0.07672, -0.13114], [0.07899, -0.07974], [0.11149, -0.10166], [0.12661, -0.16742], [0.18178, -0.12887], [0.11073, -0.00038], [0.12585, 0.05782], [0.27853, 0.12963], [0.33296, 0.11829], [0.42441, 0.1969], [0.3647, 0.27627], [0.37075, 0.30348], [0.49017, 0.29516], [0.49244, 0.33371]]}