{"rank": 7, "source": "031_1611065228520-W6ZBN9PUH0UD8IXTUL0G.jpg", "category": "elephant", "n_points": 39, "bbox_aspect": 1.5790441176470589, "area_frac": 0.3031764816204051, "score": 1.40825679304503, "coords": [[-0.5, -0.07683], [-0.4901, -0.07916], [-0.41502, 0.06752], [-0.38766, 0.04948], [-0.28696, 0.05588], [-0.27183, 0.0844], [-0.16007, 0.06461], [-0.12456, 0.01339], [-0.19441, -0.17346], [-0.1915, -0.20198], [-0.09488, -0.23458], [-0.09604, -0.18277], [-0.05588, -0.09604], [-0.03201, -0.07916], [0.00582, -0.00291], [0.07334, 0.01106], [0.21595, 0.0064], [0.23749, -0.01746], [0.22759, -0.14785], [0.20722, -0.19208], [0.19732, -0.28231], [0.31781, -0.31665], [0.33062, -0.29919], [0.32538, -0.21187], [0.3603, -0.16938], [0.3702, -0.10652], [0.45518, -0.02445], [0.48021, 0.17811], [0.43248, 0.22119], [0.23341, 0.22875], [0.18917, 0.26542], [0.1071, 0.27183], [0.07101, 0.29336], [-0.02386, 0.30384], [-0.1135, 0.29569], [-0.16473, 0.23923], [-0.29569, 0.25378], [-0.34575, 0.17811], [-0.37835, 0.16298], [-0.5, -0.07683]]}