{"rank": 8, "source": "023_1614946995552-C2UEU3SVZLGZ2NXDHR3X.jpg", "category": "elephant", "n_points": 39, "bbox_aspect": 1.5957081545064378, "area_frac": 0.4053323330832708, "score": 1.400908230429699, "coords": [[-0.5, -0.11485], [-0.4376, -0.117], [-0.29882, 0.00081], [-0.25686, 0.02071], [-0.2929, -0.05514], [-0.3397, -0.06159], [-0.29559, -0.08903], [-0.20845, 0.02232], [-0.15949, 0.02501], [-0.13475, -0.04653], [-0.05783, -0.02232], [-0.06105, -0.08526], [-0.03093, -0.22458], [0.03308, -0.24449], [0.07988, -0.17079], [0.02501, -0.13152], [0.02985, -0.05299], [0.18908, -0.03577], [0.19607, -0.08687], [0.15358, -0.1568], [0.1482, -0.27945], [0.22889, -0.28429], [0.24072, -0.15035], [0.25847, -0.10678], [0.30635, -0.06966], [0.32894, -0.08203], [0.31926, -0.13475], [0.32195, -0.3128], [0.41178, -0.31334], [0.43921, 0.01049], [0.41931, 0.16756], [0.39134, 0.28053], [0.37359, 0.30958], [-0.02932, 0.26708], [-0.14389, 0.31334], [-0.17832, 0.28268], [-0.24502, 0.19231], [-0.36552, 0.05783], [-0.40048, 0.03739], [-0.5, -0.11485]]}