{"rank": 9, "source": "055_1591538790513-CASZD6TQNVRAQP9E6CCL.jpg", "category": "elephant", "n_points": 42, "bbox_aspect": 1.215008431703204, "area_frac": 0.2918581389257684, "score": 1.3857951458744469, "coords": [[-0.46391, 0.20611], [-0.47918, 0.1034], [-0.42991, -0.06384], [-0.5, -0.22762], [-0.26475, -0.26856], [-0.26405, -0.21443], [-0.10999, -0.2408], [-0.1093, -0.30187], [0.15232, -0.34282], [0.18217, -0.08605], [0.34663, -0.16724], [0.3848, -0.25121], [0.35288, -0.3449], [0.22658, -0.33171], [0.27099, -0.41152], [0.30222, -0.37127], [0.38619, -0.38723], [0.43616, -0.3567], [0.43893, -0.22415], [0.42019, -0.17418], [0.5, -0.16863], [0.36954, -0.10895], [0.29806, -0.03053], [0.2703, -0.10895], [0.21964, -0.10062], [0.20229, -0.03956], [0.1662, -0.07495], [0.09126, -0.01804], [0.03435, 0.10965], [-0.0406, 0.16863], [-0.02602, 0.26232], [0.04476, 0.34629], [0.04337, 0.40389], [0.19257, 0.38446], [0.26058, 0.29563], [0.21686, 0.38515], [0.03435, 0.41152], [0.03713, 0.34976], [-0.03366, 0.26579], [-0.0517, 0.17071], [-0.31124, 0.19986], [-0.40632, 0.22068], [-0.46391, 0.20611]]}