{"rank": 10, "source": "048_1597247112990-P95SP0PGIVMEEISL2IR6.jpg", "category": "elephant", "n_points": 39, "bbox_aspect": 1.681735985533454, "area_frac": 0.2913650586701434, "score": 1.364151956397372, "coords": [[-0.49516, 0.19032], [-0.49355, 0.02581], [-0.47258, 0.00376], [-0.47204, -0.08333], [-0.5, -0.13548], [-0.41989, -0.17849], [-0.37097, -0.17097], [-0.30215, -0.09301], [-0.23495, -0.1], [-0.25108, 0.01129], [-0.0957, -0.04677], [-0.07419, -0.00108], [0.02527, -0.10376], [0.02903, -0.14839], [0.11505, -0.21505], [0.14355, -0.25591], [0.22688, -0.29731], [0.25215, -0.27527], [0.33925, -0.25484], [0.4414, -0.16989], [0.5, -0.00645], [0.44892, 0.05161], [0.35108, 0.13065], [0.30269, 0.19516], [0.28065, 0.16882], [0.30376, 0.10376], [0.35323, 0.03763], [0.33333, -0.01505], [0.36237, -0.07796], [0.32581, -0.07903], [0.31022, -0.11129], [0.25054, -0.11129], [0.19194, -0.08011], [-0.01828, 0.11183], [-0.10323, 0.16882], [-0.20806, 0.25484], [-0.28548, 0.24032], [-0.38441, 0.29731], [-0.43925, 0.28602], [-0.49516, 0.19032]]}