{"rank": 11, "source": "040_1605872179406-5YAXRVLY4DRN91DAFJEB.jpg", "category": "elephant", "n_points": 40, "bbox_aspect": 1.724202626641651, "area_frac": 0.2733898217957505, "score": 1.3541952769019592, "coords": [[-0.5, 0.28999], [-0.47008, 0.18879], [-0.41893, 0.1469], [-0.45267, 0.06638], [-0.43199, 0.00762], [-0.45212, -0.037], [-0.39064, -0.0593], [-0.38139, -0.12568], [-0.3667, -0.09521], [-0.25408, -0.13765], [-0.14853, -0.1012], [-0.10337, -0.09848], [-0.08596, -0.12677], [-0.10501, -0.19641], [-0.08977, -0.23014], [0.0593, -0.28999], [0.09521, -0.27258], [0.08487, -0.13384], [0.09195, -0.09086], [0.13275, -0.03645], [0.21001, -0.00979], [0.216, 0.00925], [0.38575, 0.08977], [0.46409, 0.08161], [0.49891, 0.16594], [0.48694, 0.22307], [0.43961, 0.17301], [0.33896, 0.14799], [0.30087, 0.15452], [0.25462, 0.19587], [0.12133, 0.20131], [0.00979, 0.14635], [-0.05713, 0.17519], [-0.13221, 0.18172], [-0.21654, 0.16485], [-0.33896, 0.18934], [-0.41295, 0.1518], [-0.46572, 0.19967], [-0.45375, 0.27258], [-0.47497, 0.24374], [-0.5, 0.28999]]}