{"rank": 12, "source": "067_1587212372915-UCV6X3S832KGP9FG91AU.jpg", "category": "elephant", "n_points": 39, "bbox_aspect": 1.3777089783281733, "area_frac": 0.22871733148079337, "score": 1.3535687945104198, "coords": [[-0.5, 0.12022], [-0.46105, 0.08801], [-0.40712, 0.13745], [-0.35468, 0.01161], [-0.303, -0.0236], [-0.28577, -0.12322], [-0.24082, -0.13221], [-0.2573, -0.2573], [-0.24157, -0.36292], [-0.07303, -0.35243], [0.01311, -0.31199], [-0.03483, -0.21386], [-0.07228, -0.19438], [-0.08052, -0.103], [0.07004, -0.07228], [0.14045, -0.26255], [0.28052, -0.22135], [0.28127, -0.19139], [0.21161, -0.15169], [0.23633, -0.04457], [0.11723, 0.0161], [0.18165, 0.06779], [0.30375, 0.04157], [0.3824, -0.02285], [0.42285, -0.09401], [0.47228, -0.23483], [0.5, -0.25955], [0.40861, -0.0221], [0.32097, 0.05581], [0.23933, 0.07603], [0.16217, 0.25581], [0.06779, 0.19813], [0.07154, 0.16292], [0.00262, 0.12172], [-0.08801, 0.14045], [-0.11948, 0.18914], [-0.24007, 0.16142], [-0.39663, 0.15693], [-0.46854, 0.09775], [-0.5, 0.12022]]}