{"rank": 13, "source": "061_1588866112013-DV930WK9E1IZ876NZ0OT.jpg", "category": "elephant", "n_points": 39, "bbox_aspect": 1.7426739926739927, "area_frac": 0.40699448529411764, "score": 1.3392360679409396, "coords": [[-0.5, 0.21755], [-0.39911, 0.17183], [-0.39175, 0.11403], [-0.35339, -0.01156], [-0.31398, -0.07147], [-0.28245, -0.16605], [-0.30137, -0.28429], [-0.20993, -0.268], [-0.23568, -0.06043], [-0.19574, -0.06831], [-0.10168, -0.05097], [-0.06752, -0.08303], [-0.02549, -0.06989], [-0.00815, -0.10457], [0.06595, -0.07409], [0.11167, -0.27693], [0.19154, -0.27693], [0.18313, -0.11403], [0.19469, -0.00946], [0.2877, 0.01366], [0.29716, -0.04414], [0.35549, -0.09249], [0.36495, -0.17026], [0.43221, -0.22176], [0.43799, -0.25959], [0.47846, -0.23121], [0.44167, -0.09721], [0.41697, -0.09091], [0.40279, -0.01471], [0.48634, 0.0042], [0.5, 0.05255], [0.39648, 0.03626], [0.38492, 0.16395], [0.33237, 0.25644], [0.05123, 0.28692], [-0.1516, 0.26274], [-0.21361, 0.21965], [-0.32974, 0.24961], [-0.46427, 0.21387], [-0.5, 0.21755]]}