{"rank": 14, "source": "002_1644678858141-DG5LYYPW6D7KQNUBUHN8.jpg", "category": "elephant", "n_points": 39, "bbox_aspect": 1.1150442477876106, "area_frac": 0.25285700899550223, "score": 1.333195296132547, "coords": [[0.49711, 0.12951], [0.38456, 0.16486], [0.34993, 0.19733], [0.32468, 0.27742], [0.27417, 0.32071], [0.27633, 0.36544], [0.24026, 0.40296], [0.15512, 0.44553], [0.01443, 0.43543], [-0.09163, 0.35967], [-0.12121, 0.25649], [-0.23377, 0.15404], [-0.33333, 0.03788], [-0.37662, -0.03571], [-0.39466, -0.09993], [-0.39105, -0.15765], [-0.44372, -0.24134], [-0.41198, -0.33009], [-0.3456, -0.35823], [-0.25108, -0.33297], [-0.15152, -0.4044], [-0.07864, -0.40584], [-0.03319, -0.44841], [0.07576, -0.42532], [0.11111, -0.36688], [-0.01659, -0.29906], [-0.09307, -0.27886], [-0.03752, -0.17713], [-0.12987, -0.12734], [-0.03752, 0.07251], [0.11255, 0.0184], [0.28139, -0.0855], [0.33117, -0.0018], [0.21934, 0.06674], [0.16811, 0.14683], [0.24315, 0.20815], [0.27345, 0.13528], [0.36003, 0.07179], [0.46898, 0.05303], [0.49711, 0.12951]]}