{"rank": 15, "source": "010_1632765089097-B374DE2HSZDMG2TVGI1V.jpg", "category": "elephant", "n_points": 39, "bbox_aspect": 1.8140068886337544, "area_frac": 0.32340631818864457, "score": 1.311153861216892, "coords": [[0.5, 0.20854], [0.48608, 0.21614], [0.37025, 0.18703], [0.23481, 0.1807], [0.15823, 0.22816], [0.12658, 0.27563], [0.02848, 0.26297], [0.07468, 0.16044], [0.01203, 0.10158], [-0.00886, 0.13956], [-0.06899, 0.1731], [-0.06456, 0.24082], [-0.10253, 0.2693], [-0.25063, 0.2693], [-0.36582, 0.19968], [-0.38418, 0.125], [-0.42975, 0.09019], [-0.45696, -0.06804], [-0.40506, -0.14399], [-0.36013, -0.24715], [-0.26392, -0.23133], [-0.27342, -0.19146], [-0.2443, -0.11677], [-0.20443, -0.14146], [-0.14177, -0.09968], [-0.0962, -0.12247], [-0.11392, -0.22627], [-0.07911, -0.26487], [-0.02089, -0.2693], [-0.02215, -0.14335], [0.00823, -0.05348], [0.06392, 0.01804], [0.15443, 0.05095], [0.22468, 0.02943], [0.24051, 0.05981], [0.17025, 0.09082], [0.23165, 0.08513], [0.29684, 0.12373], [0.48734, 0.18006], [0.5, 0.20854]]}