{"rank": 16, "source": "044_1599996648441-6E607HJQPS4MF25VAMRL.jpg", "category": "elephant", "n_points": 39, "bbox_aspect": 1.1624695369618196, "area_frac": 0.23613135041918829, "score": 1.2791401942406788, "coords": [[0.5, 0.40636], [0.45458, 0.43012], [0.38679, 0.3253], [0.29595, 0.28127], [0.30992, 0.32739], [0.24423, 0.28477], [-0.01083, 0.34347], [-0.11076, 0.31621], [-0.03529, 0.18553], [0.04507, 0.10657], [-0.07442, 0.087], [-0.17435, 0.11006], [-0.23096, 0.17435], [-0.23096, 0.22956], [-0.41125, 0.14151], [-0.47973, 0.02551], [-0.5, -0.09958], [-0.5, -0.25332], [-0.45248, -0.36862], [-0.42593, -0.35395], [-0.4441, -0.27149], [-0.3819, -0.32949], [-0.21698, -0.35744], [-0.13382, -0.43012], [-0.10517, -0.42523], [-0.03809, -0.3246], [-0.16946, -0.23026], [-0.07792, -0.13732], [-0.01992, 0.03319], [0.10377, -0.08141], [0.16597, -0.11286], [0.23375, -0.00384], [0.20231, 0.04018], [0.10727, 0.04927], [0.05835, 0.09609], [0.16387, 0.10867], [0.20231, 0.22117], [0.27289, 0.2673], [0.35814, 0.29175], [0.5, 0.40636]]}