{"rank": 17, "source": "024_1614768582522-ZDV3VQMRIS3KYI4HDTEY.jpg", "category": "elephant", "n_points": 39, "bbox_aspect": 1.0235492010092515, "area_frac": 0.29681546696426725, "score": 1.2732627717728726, "coords": [[0.49507, 0.42194], [0.20583, 0.4885], [0.17379, 0.48603], [0.09162, 0.43344], [0.00698, 0.33895], [-0.06286, 0.28882], [-0.13435, 0.21076], [-0.00698, 0.05711], [-0.13517, -0.08094], [-0.18447, -0.10477], [-0.30608, 0.0152], [-0.22391, 0.11134], [-0.23624, 0.11956], [-0.35456, -0.02588], [-0.38332, -0.02999], [-0.40633, -0.08258], [-0.44412, -0.22309], [-0.4811, -0.24117], [-0.44906, -0.27568], [-0.43755, -0.3332], [-0.34141, -0.40468], [-0.27403, -0.40468], [-0.20912, -0.44495], [-0.10887, -0.44248], [-0.05793, -0.4885], [0.01849, -0.47946], [0.13188, -0.35949], [0.09573, -0.30855], [-0.01849, -0.30526], [-0.01274, -0.25021], [0.07847, -0.12942], [0.14503, -0.17625], [0.17543, -0.22638], [0.28718, -0.21816], [0.38825, -0.19351], [0.38168, -0.12942], [0.31758, 0.00616], [0.5, 0.17954], [0.48521, 0.26993], [0.49507, 0.42194]]}