{"rank": 18, "source": "051_1594991930755-X0H1R588VGXK3C8LBUHR.jpg", "category": "elephant", "n_points": 39, "bbox_aspect": 1.0072057646116894, "area_frac": 0.3065548780487805, "score": 1.2619953833595168, "coords": [[0.05167, 0.49642], [0.00397, 0.41534], [-0.13911, 0.32631], [-0.14467, 0.28975], [-0.2035, 0.2961], [-0.28219, 0.26272], [-0.45866, 0.13156], [-0.5, 0.06638], [-0.49364, -0.0155], [-0.44833, -0.11804], [-0.46105, -0.1411], [-0.42607, -0.28975], [-0.42448, -0.35652], [-0.3744, -0.49006], [-0.26073, -0.46065], [-0.25358, -0.26431], [-0.20111, -0.24762], [-0.13672, -0.39547], [-0.08983, -0.42488], [0.13593, -0.34141], [0.08347, -0.18402], [0.09777, -0.13076], [0.06518, -0.00835], [0.07552, 0.06797], [0.12003, 0.09897], [0.18045, 0.04412], [0.24324, -0.09976], [0.26789, -0.0306], [0.30048, -0.04014], [0.37202, -0.14666], [0.33068, -0.17925], [0.35374, -0.24523], [0.45151, -0.219], [0.47138, -0.15461], [0.41097, 0.04094], [0.34976, 0.13076], [0.26709, 0.31836], [0.21304, 0.39626], [0.15342, 0.40262], [0.05167, 0.49642]]}