{"rank": 19, "source": "027_1613130306136-SALT4T8RYLJUVA0P5TNM.jpg", "category": "elephant", "n_points": 32, "bbox_aspect": 1.049567269866247, "area_frac": 0.2524825712143928, "score": 1.2383340030654315, "coords": [[0.5, 0.33546], [0.44753, 0.35195], [0.37106, 0.47639], [0.30285, 0.44865], [0.21964, 0.46589], [0.16867, 0.42091], [0.20315, 0.38418], [0.19115, 0.28298], [0.07196, 0.3452], [-0.10345, 0.33846], [-0.18816, 0.29648], [-0.23463, 0.4419], [-0.18066, 0.18853], [-0.11994, 0.06484], [-0.11619, -0.03486], [-0.03073, -0.23501], [-0.18516, -0.31597], [-0.19715, -0.40142], [-0.13043, -0.47639], [0.06522, -0.3482], [0.12819, -0.28448], [0.05022, -0.21927], [0.04723, -0.11282], [0.0952, -0.08508], [0.12294, -0.17129], [0.15142, -0.16679], [0.12819, -0.07759], [0.21214, -0.10157], [0.22039, -0.15255], [0.3958, -0.11057], [0.4985, -0.01687], [0.46027, 0.19228], [0.5, 0.33546]]}