{"rank": 20, "source": "069_1581496833679-102H9JX8FOJR55TK8QH5.jpg", "category": "elephant", "n_points": 39, "bbox_aspect": 1.9304812834224598, "area_frac": 0.23062272727272728, "score": 1.1513283902364069, "coords": [[-0.5, 0.01634], [-0.46454, -0.07507], [-0.40803, -0.10554], [-0.29945, -0.259], [-0.21634, -0.21579], [-0.17645, -0.14377], [-0.12659, -0.11219], [-0.01745, -0.08338], [0.05623, -0.0928], [0.11108, -0.11219], [0.1072, -0.07341], [0.05457, -0.05789], [-0.0036, -0.02078], [0.09945, -0.03075], [0.1615, 0.01357], [0.34377, 0.07562], [0.40471, 0.08338], [0.48338, 0.11607], [0.5, 0.15263], [0.48227, 0.17036], [0.37479, 0.13601], [0.22299, 0.11385], [0.09612, 0.11163], [-0.02798, 0.1892], [-0.07175, 0.25734], [-0.10997, 0.259], [-0.2241, 0.22133], [-0.14654, 0.08116], [-0.20028, 0.03906], [-0.24349, -0.01191], [-0.28172, 0.05457], [-0.32327, 0.05679], [-0.37424, 0.10332], [-0.36427, 0.1892], [-0.28172, 0.19972], [-0.28837, 0.21136], [-0.36371, 0.20526], [-0.38255, 0.11108], [-0.4867, 0.0723], [-0.5, 0.01634]]}