{"rank": 21, "source": "038_1608123981994-ZSI48BWESFAT1GZM3OVL.jpg", "category": "elephant", "n_points": 39, "bbox_aspect": 1.2157809983896941, "area_frac": 0.20934969558599695, "score": 1.1498382750020149, "coords": [[-0.05166, 0.41126], [-0.10199, 0.37219], [-0.18808, 0.23642], [-0.05497, 0.40132], [-0.02185, 0.35166], [-0.0351, 0.29404], [0.02848, 0.16026], [0.09073, 0.08477], [-0.00331, -0.02914], [-0.05232, 0.01391], [-0.09338, 0.00331], [-0.06291, -0.06623], [0.15232, -0.31258], [0.11192, -0.36159], [0.05828, -0.37152], [0.0543, -0.32318], [-0.11258, -0.14503], [-0.19338, -0.04371], [-0.23311, -0.0702], [0.03444, -0.37351], [0.07748, -0.40861], [0.16358, -0.34305], [0.16358, -0.31192], [0.03377, -0.16424], [0.06424, -0.1351], [0.2351, -0.29205], [0.27947, -0.24106], [0.18675, -0.12914], [0.24503, -0.08278], [0.3106, -0.13245], [0.36424, -0.08543], [0.32715, -0.03576], [0.37748, 0.00464], [0.44238, -0.05033], [0.5, -0.00265], [0.37881, 0.23576], [0.31788, 0.30265], [0.05232, 0.40265], [-0.00596, 0.33841], [-0.05166, 0.41126]]}