{"rank": 22, "source": "007_1636373908166-EXNHDUDQ9HM0SW03B8FA.jpg", "category": "elephant", "n_points": 39, "bbox_aspect": 1.4926108374384237, "area_frac": 0.18879369842460614, "score": 1.0804239776551785, "coords": [[0.45875, 0.19912], [0.19747, 0.33498], [0.15347, 0.33113], [0.09076, 0.29923], [-0.27778, 0.21012], [-0.30528, 0.17327], [-0.42684, 0.12431], [-0.38449, -0.03465], [-0.31078, -0.17822], [-0.39164, -0.22827], [-0.44279, -0.11826], [-0.47305, -0.10396], [-0.5, -0.13201], [-0.38284, -0.33168], [-0.24477, -0.24587], [-0.24587, -0.21837], [-0.15677, -0.19142], [-0.09736, -0.30693], [-0.06601, -0.31298], [-0.01925, -0.28053], [-0.09131, -0.30418], [-0.14686, -0.19912], [-0.14961, -0.13641], [-0.09571, -0.05556], [-0.00715, -0.0066], [-0.03355, 0.04565], [-0.09021, 0.09681], [-0.12211, 0.24037], [0.09186, 0.29318], [0.15457, 0.32508], [0.20077, 0.32838], [0.38669, 0.22937], [0.38999, 0.10176], [0.4593, -0.07921], [0.39604, 0.10396], [0.39549, 0.21947], [0.45325, 0.19527], [0.44059, 0.17547], [0.4582, 0.10506], [0.45875, 0.19912]]}