{"rank": 23, "source": "001_1658852877005-WBSCNLNB19R7PK4CH9C2.jpg", "category": "elephant", "n_points": 36, "bbox_aspect": 1.8341232227488151, "area_frac": 0.2105104403479941, "score": 1.043996616035213, "coords": [[0.44509, 0.18411], [0.38372, 0.26357], [0.32817, 0.26421], [0.27972, 0.20349], [0.23514, 0.2416], [0.20672, 0.18734], [0.17894, 0.20801], [0.09173, 0.1938], [0.04393, 0.19897], [-0.00969, 0.16408], [-0.05556, 0.16344], [-0.08075, 0.13049], [-0.13178, 0.19251], [-0.14276, 0.17442], [-0.08398, 0.12403], [-0.06266, 0.12855], [-0.05362, 0.05039], [-0.02196, -0.0562], [-0.05879, -0.1447], [-0.07171, -0.20736], [0.05297, -0.18605], [0.02972, -0.08398], [0.15245, -0.05168], [0.16925, -0.06008], [0.18475, -0.1124], [0.18023, -0.19315], [0.24096, -0.18023], [0.27261, -0.04199], [0.30943, 0.02067], [0.37209, -0.02842], [0.45478, -0.14341], [0.5, -0.1376], [0.48062, -0.02842], [0.46899, -0.01486], [0.47093, 0.05491], [0.46124, 0.1447], [0.44509, 0.18411]]}