{"rank": 24, "source": "041_1605624651991-Z6U3EHR3I5KNB9EJOZ6S.jpg", "category": "elephant", "n_points": 40, "bbox_aspect": 0.8321400159108989, "area_frac": 0.22837385321100917, "score": 1.0060843588554407, "coords": [[0.13206, 0.5], [0.02944, 0.46579], [0.00557, 0.47295], [-0.09865, 0.41249], [-0.1599, 0.34089], [-0.17582, 0.35044], [-0.24025, 0.27168], [-0.28799, 0.26611], [-0.32697, 0.12371], [-0.35243, 0.08313], [-0.34765, 0.03063], [-0.358, -0.10143], [-0.3564, -0.18894], [-0.30708, -0.27407], [-0.24662, -0.31543], [-0.25696, -0.3751], [-0.29833, -0.43079], [-0.27924, -0.43158], [-0.23469, -0.32737], [-0.19968, -0.35123], [-0.10342, -0.35442], [-0.07796, -0.37112], [-0.02387, -0.45227], [0.06683, -0.5], [0.14638, -0.34407], [0.01034, -0.25099], [0.02148, -0.19053], [0.11217, -0.10859], [0.24901, -0.23111], [0.28481, -0.19212], [0.41527, -0.11575], [0.35243, -0.04336], [0.30708, 0.06961], [0.39539, 0.16189], [0.38425, 0.16587], [0.28481, 0.07518], [0.11217, 0.23667], [0.07876, 0.34248], [0.09149, 0.40294], [0.13842, 0.48727], [0.13206, 0.5]]}