{"rank": 25, "source": "064_1588175206282-6Q7KF47V65R0L9EUDVS2.jpg", "category": "elephant", "n_points": 38, "bbox_aspect": 1.550040683482506, "area_frac": 0.1786600566572238, "score": 0.9856940809818552, "coords": [[0.5, 0.13097], [0.42178, 0.28425], [0.3, 0.32257], [0.18031, 0.26483], [0.14934, 0.20814], [0.23281, 0.1147], [0.23018, -0.04541], [0.31155, -0.23333], [0.25591, -0.23596], [0.19606, -0.13937], [0.12835, -0.1189], [0.08635, -0.16509], [-0.01129, -0.1273], [-0.01444, -0.31627], [-0.06903, -0.31207], [-0.11837, -0.09685], [-0.17192, 0.04278], [-0.15932, 0.11837], [-0.28898, 0.15302], [-0.44383, 0.10367], [-0.4853, 0.01234], [-0.5, -0.07848], [-0.29423, -0.16142], [-0.24331, -0.08005], [-0.16929, -0.01706], [-0.12415, -0.09895], [-0.07533, -0.31837], [-0.01129, -0.32257], [-0.00236, -0.1336], [0.0937, -0.17087], [0.12625, -0.12625], [0.19554, -0.15144], [0.28793, -0.26798], [0.31732, -0.23176], [0.23648, -0.04488], [0.24751, 0.1273], [0.29108, 0.08268], [0.38189, 0.06063], [0.5, 0.13097]]}