{"rank": 26, "source": "046_1598967366967-M8G2E3IPMJ61PBTOGVRG.jpg", "category": "elephant", "n_points": 39, "bbox_aspect": 1.662041625371655, "area_frac": 0.18309544450160414, "score": 0.9709705136157539, "coords": [[0.5, 0.18336], [0.46124, 0.23763], [0.30262, 0.19827], [0.07961, 0.29368], [-0.02057, 0.29249], [-0.11896, 0.24478], [-0.16726, 0.24359], [-0.18813, 0.18396], [-0.33602, 0.06828], [-0.3867, 0.00566], [-0.38372, -0.04323], [-0.43202, -0.09273], [-0.39744, -0.12016], [-0.06112, -0.29249], [-0.02475, -0.30083], [0.02057, -0.21497], [-0.01521, -0.1941], [0.00268, -0.14699], [-0.05814, -0.1124], [-0.03309, -0.09511], [0.05277, -0.12314], [0.09094, -0.03369], [0.03429, -0.00865], [0.04502, 0.05635], [-0.13566, 0.14281], [-0.1613, 0.17501], [-0.16369, 0.23763], [-0.05695, 0.26983], [-0.04681, 0.21974], [0.00507, 0.20602], [0.00984, 0.25373], [-0.04502, 0.27221], [0.04144, 0.29428], [0.18157, 0.24717], [0.29964, 0.19171], [0.45468, 0.23345], [0.4845, 0.1941], [0.34019, 0.13506], [0.37716, 0.13566], [0.5, 0.18336]]}