{"rank": 27, "source": "032_1610370912886-UP231I87BLPJG00X7VTD.jpg", "category": "elephant", "n_points": 39, "bbox_aspect": 2.0189673340358274, "area_frac": 0.19996879615952734, "score": 0.9360330306473984, "coords": [[-0.5, 0.08325], [-0.48956, 0.06446], [-0.3737, -0.01487], [-0.29332, -0.08533], [-0.18946, -0.03053], [-0.13361, 0.02323], [-0.09081, -0.03627], [-0.04854, -0.13231], [0.00104, -0.07542], [0.03184, -0.08533], [-0.03236, -0.21373], [-0.00157, -0.24765], [0.14823, -0.05715], [0.17693, -0.10725], [0.23904, -0.06185], [0.21764, -0.15057], [0.22599, -0.2059], [0.30115, -0.15475], [0.45981, -0.08377], [0.5, -0.05611], [0.45929, 0.00548], [0.37683, 0.08272], [0.29697, 0.18867], [0.24478, 0.1845], [0.16075, 0.11508], [0.11848, 0.15632], [0.06942, 0.08899], [0.08194, 0.00548], [0.03392, -0.08011], [-0.00157, -0.06968], [-0.04697, -0.12657], [-0.07568, -0.0535], [-0.12891, 0.02792], [0.06472, 0.2059], [-0.01357, 0.14483], [-0.07985, 0.24765], [-0.0214, 0.13648], [-0.19572, -0.02375], [-0.39927, 0.16101], [-0.5, 0.08325]]}