{"rank": 28, "source": "054_1591617196109-9XR4NVV99S6OG8KGVME3.jpg", "category": "elephant", "n_points": 39, "bbox_aspect": 2.63550135501355, "area_frac": 0.22873848897535667, "score": 0.9221100974705372, "coords": [[-0.5, 0.01183], [-0.43933, 0.091], [-0.4162, 0.06272], [-0.41105, -0.00617], [-0.43985, -0.08226], [-0.40334, -0.11722], [-0.29434, -0.02468], [-0.25887, -0.04216], [-0.29383, -0.07763], [-0.29897, -0.11722], [-0.24602, -0.13213], [-0.15501, -0.08946], [-0.10051, -0.07249], [-0.04447, -0.07506], [0.02853, -0.18509], [0.1072, -0.17892], [0.06298, -0.07558], [0.0599, -0.05193], [0.12211, -0.03342], [0.21311, -0.04679], [0.25733, -0.04267], [0.39871, -0.00463], [0.46761, 0.00206], [0.5, 0.06581], [0.46195, 0.06889], [0.43882, 0.03548], [0.35244, 0.02211], [0.27841, 0.06889], [0.22082, 0.15013], [0.10566, 0.1599], [0.0455, 0.13316], [0.00283, 0.17892], [-0.05835, 0.18972], [-0.09794, 0.15116], [-0.15553, 0.17069], [-0.22494, 0.17584], [-0.31234, 0.16401], [-0.36735, 0.16761], [-0.46452, 0.07661], [-0.5, 0.01183]]}