{"rank": 29, "source": "020_1620990680486-QZVZASMUB5JLD8WDYRXH.jpg", "category": "elephant", "n_points": 39, "bbox_aspect": 1.0422764227642276, "area_frac": 0.18606446776611693, "score": 0.9023412733417591, "coords": [[0.4688, 0.27691], [0.36973, 0.28783], [0.32293, 0.25429], [0.17317, 0.33385], [0.18721, 0.37832], [0.11778, 0.46568], [0.039, 0.47972], [-0.08346, 0.46724], [-0.15445, 0.34789], [-0.14743, 0.19891], [-0.29797, 0.14587], [-0.25351, 0.13963], [-0.15445, 0.18643], [-0.05382, 0.17239], [-0.04758, 0.10842], [0.0429, 0.09126], [0.039, 0.00546], [0.08424, -0.0585], [0.04992, -0.13417], [0.00936, -0.09048], [-0.00702, -0.15367], [-0.12246, -0.13651], [-0.09906, -0.36193], [-0.04368, -0.14977], [-0.00546, -0.17005], [0.0, -0.27769], [-0.06786, -0.34555], [-0.00468, -0.36193], [0.02808, -0.40952], [0.117, -0.38924], [0.1131, -0.27301], [0.17785, -0.23791], [0.19033, -0.16225], [0.13963, -0.12871], [0.19657, -0.04914], [0.30187, -0.08034], [0.39314, -0.0546], [0.45476, 0.00312], [0.5, 0.22699], [0.4688, 0.27691]]}