{"rank": 30, "source": "025_1614686938632-UXLC0RB8VIS8TDDGV8NP.jpg", "category": "elephant", "n_points": 39, "bbox_aspect": 1.3318928262748488, "area_frac": 0.15251962826470117, "score": 0.8727079796418655, "coords": [[0.5, -0.03147], [0.10934, 0.33063], [0.0425, 0.33907], [-0.0425, 0.37541], [-0.24822, 0.35334], [-0.34036, 0.32674], [-0.33517, 0.23718], [-0.30986, 0.20084], [-0.30532, 0.11194], [-0.20733, 0.08858], [-0.21188, 0.02239], [-0.1645, -0.03212], [-0.49611, -0.06457], [-0.46626, -0.07365], [-0.39358, -0.37541], [-0.32479, -0.36632], [-0.25535, -0.33452], [-0.23589, -0.26768], [-0.1061, -0.24951], [-0.02953, -0.20928], [-0.01265, -0.26119], [0.02953, -0.27158], [0.14114, -0.23134], [0.11518, -0.11843], [0.09182, -0.09896], [0.06067, 0.00227], [0.01655, -0.01655], [-0.15217, -0.02953], [-0.20539, 0.02758], [-0.20344, 0.09572], [-0.29818, 0.11454], [-0.30273, 0.20539], [-0.32803, 0.24043], [-0.33193, 0.32349], [-0.24627, 0.3462], [-0.03926, 0.36827], [0.0425, 0.33128], [0.10545, 0.32414], [0.48767, -0.02823], [0.5, -0.03147]]}