{"rank": 31, "source": "060_1589107263116-477T2E49N486Y0VXCTRX.jpg", "category": "elephant", "n_points": 38, "bbox_aspect": 1.0895741556534508, "area_frac": 0.12819859154929578, "score": 0.5787118395734333, "coords": [[-0.48854, 0.45889], [-0.5, 0.40633], [-0.46429, 0.36253], [-0.4279, 0.37062], [-0.37871, 0.30593], [-0.26078, 0.05863], [-0.18396, 0.04313], [-0.08356, 0.06739], [-0.04784, 0.0283], [-0.02898, 0.07345], [0.07278, 0.11119], [0.21024, 0.04582], [0.25067, 0.00202], [0.33895, -0.25135], [0.28167, -0.3066], [0.2473, -0.30054], [0.26078, -0.37736], [0.21024, -0.39757], [0.07817, -0.3659], [0.1314, -0.40296], [0.22776, -0.40296], [0.26819, -0.3814], [0.24798, -0.30728], [0.3814, -0.29313], [0.31132, -0.28639], [0.34636, -0.25067], [0.25943, 0.0027], [0.21563, 0.04987], [0.23383, 0.09501], [0.22035, 0.29043], [0.18059, 0.34501], [0.07951, 0.38342], [-0.02022, 0.30795], [-0.12601, 0.38073], [-0.13612, 0.32615], [-0.24528, 0.23248], [-0.28774, 0.24798], [-0.33288, 0.32951], [-0.48854, 0.45889]]}