{"rank": 32, "source": "015_1628843986230-EJHVIMGYNX1184ZLTUTR.jpg", "category": "elephant", "n_points": 39, "bbox_aspect": 1.4523052464228934, "area_frac": 0.09103616941529236, "score": 0.5130410987442686, "coords": [[0.5, -0.05692], [0.29529, 0.12863], [0.36754, 0.20033], [0.13164, 0.34428], [-0.09715, 0.28407], [-0.01177, 0.17843], [-0.14587, 0.07827], [-0.15134, 0.27039], [-0.25096, 0.31527], [-0.39655, 0.24904], [-0.45348, 0.10126], [-0.40805, -0.00657], [-0.5, -0.10016], [-0.33196, -0.2775], [-0.23837, -0.27696], [-0.33799, -0.13684], [-0.38396, -0.20361], [-0.49124, -0.09633], [-0.40203, -0.00766], [-0.44581, 0.10454], [-0.34674, 0.14833], [-0.39272, 0.24466], [-0.16502, 0.26273], [-0.15025, 0.01806], [-0.00684, 0.17679], [-0.02983, 0.25506], [0.16721, 0.31801], [0.16667, 0.185], [0.28599, 0.26163], [0.36262, 0.19869], [0.19513, 0.09633], [0.29584, 0.09305], [0.44034, -0.0208], [0.45019, -0.12753], [0.29912, -0.09633], [0.06267, -0.18774], [0.22906, -0.1861], [0.30077, -0.11111], [0.44691, -0.14559], [0.5, -0.05692]]}