{"rank": 33, "source": "004_1638985208764-S2U8W6UBGYDN8X3HF0ZN.jpg", "category": "elephant", "n_points": 38, "bbox_aspect": 1.8618677042801557, "area_frac": 0.12084189797449363, "score": 0.5104758652833583, "coords": [[-0.5, 0.09039], [-0.42215, 0.0209], [-0.20637, 0.08203], [-0.06165, 0.05329], [0.03605, -0.14159], [0.00366, -0.26855], [0.18443, -0.23511], [0.16353, -0.12121], [0.28997, -0.08568], [0.29937, -0.21682], [0.49007, -0.13741], [0.40805, -0.00993], [0.40805, 0.0883], [0.3302, 0.2069], [0.27011, 0.22884], [0.07785, 0.19175], [0.02665, 0.26855], [-0.08255, 0.24974], [-0.07158, 0.11651], [-0.02665, 0.09457], [0.11599, 0.20219], [0.26907, 0.22362], [0.39916, 0.09457], [0.40282, -0.01202], [0.48433, -0.13584], [0.43783, -0.17189], [0.36834, -0.06844], [0.33386, 0.12539], [0.24713, 0.14472], [0.14838, 0.0047], [0.24504, -0.08568], [0.15726, -0.12017], [0.17712, -0.22153], [0.10502, -0.21891], [-0.00993, -0.07053], [-0.05904, 0.05852], [-0.20481, 0.08777], [-0.42111, 0.02612], [-0.5, 0.09039]]}