{"rank": 34, "source": "071_1590154672242-WT7AYI1UL9XCOW7KTDGI.jpg", "category": "elephant", "n_points": 39, "bbox_aspect": 0.59375, "area_frac": 0.183263473326317, "score": 0.4916424277797528, "coords": [[-0.13616, 0.5], [-0.15402, 0.48363], [-0.16592, 0.43601], [-0.19271, 0.42708], [-0.21949, 0.38542], [-0.23289, 0.33036], [-0.29688, 0.24554], [-0.22545, 0.1756], [-0.19866, 0.13244], [-0.1183, 0.06994], [-0.10342, 0.0744], [-0.09301, 0.11905], [-0.06324, 0.14435], [-0.03943, 0.09673], [-0.06176, -0.01488], [-0.03795, -0.04464], [-0.00223, -0.0253], [0.00074, -0.07292], [-0.01562, -0.10714], [-0.1183, -0.22024], [-0.20908, -0.34077], [-0.23289, -0.38542], [-0.24479, -0.43304], [-0.24628, -0.48958], [-0.23438, -0.5], [-0.17188, -0.49405], [-0.13765, -0.43155], [-0.02902, -0.30655], [0.05729, -0.24107], [0.11979, -0.1875], [0.18378, -0.12351], [0.20461, -0.07589], [0.20908, 0.0506], [0.26116, 0.1756], [0.27604, 0.22768], [0.29688, 0.26637], [0.29092, 0.28423], [0.14807, 0.35565], [0.07068, 0.40476], [-0.13616, 0.5]]}