{"rank": 35, "source": "037_1608728863046-22V94CG65MAH14N8JWTI.jpg", "category": "elephant", "n_points": 39, "bbox_aspect": 1.2976190476190477, "area_frac": 0.08045615277094868, "score": 0.42207810936092416, "coords": [[-0.4191, 0.38532], [-0.44078, 0.32193], [-0.48165, 0.29942], [-0.5, 0.2402], [-0.47581, 0.18849], [-0.495, 0.10842], [-0.42577, 0.09008], [-0.46497, -0.02669], [-0.4241, -0.03003], [-0.4166, 0.09508], [-0.36656, 0.11259], [-0.28732, 0.09842], [-0.22894, 0.35696], [-0.06464, 0.32944], [0.09133, 0.33528], [0.16555, 0.31526], [0.30484, 0.32527], [0.43078, 0.35863], [0.40409, 0.33111], [0.40742, 0.06339], [0.43661, -0.02335], [0.43078, -0.1226], [0.39825, -0.18849], [0.38157, -0.37531], [0.40742, -0.18515], [0.43912, -0.12344], [0.44495, -0.0342], [0.41576, 0.06339], [0.41827, 0.33194], [0.44829, 0.30275], [0.47498, -0.04587], [0.5, -0.04754], [0.4658, 0.29608], [0.43411, 0.36864], [0.30234, 0.33278], [0.15388, 0.32277], [0.08632, 0.34362], [-0.07048, 0.33778], [-0.28649, 0.38198], [-0.4191, 0.38532]]}