{"rank": 36, "source": "000_1673455430780-FGE1NQBJYXLYB3QYASJ4.jpg", "category": "elephant", "n_points": 39, "bbox_aspect": 1.1675, "area_frac": 0.09191004497751125, "score": 0.4168350016228592, "coords": [[0.48929, 0.40043], [0.46645, 0.30193], [0.42862, 0.25696], [0.27088, -0.00571], [0.14026, -0.17131], [-0.0182, -0.08708], [0.00464, -0.00785], [0.09172, 0.02926], [0.09886, 0.06852], [0.2566, 0.1035], [0.11028, 0.1349], [0.07388, 0.19272], [0.06531, 0.12848], [0.25161, 0.10992], [0.07388, 0.06353], [0.00892, 0.00143], [-0.15882, 0.01856], [-0.18451, -0.00357], [-0.19236, -0.18986], [-0.32869, -0.27195], [-0.47859, -0.26909], [-0.48787, -0.21913], [-0.5, -0.40971], [-0.41577, -0.42541], [-0.40578, -0.3576], [-0.31585, -0.36617], [-0.25874, -0.42827], [-0.14739, -0.39829], [-0.16667, -0.30692], [-0.09743, -0.26481], [-0.04532, -0.36474], [0.04961, -0.31263], [-0.06959, -0.09921], [-0.02391, -0.00571], [-0.02748, -0.08922], [0.12884, -0.18415], [0.2773, -0.00928], [0.43576, 0.25482], [0.47716, 0.30906], [0.48929, 0.40043]]}