{"rank": 37, "source": "057_1589811479726-30J5NEU32SHF9UE1FFMF.jpg", "category": "elephant", "n_points": 38, "bbox_aspect": 1.3036529680365296, "area_frac": 0.07763074074074074, "score": 0.4008730883052902, "coords": [[0.34705, 0.36836], [0.29918, 0.38354], [-0.34413, 0.21424], [-0.34005, 0.05196], [-0.2303, -0.36427], [-0.33421, 0.05312], [-0.34588, 0.20607], [0.31436, 0.38004], [0.32954, 0.33625], [0.20987, 0.30298], [0.21512, 0.27262], [0.1404, 0.24694], [0.17951, 0.1045], [0.25598, 0.10216], [0.41302, 0.13135], [0.49241, -0.03503], [0.39901, -0.13135], [0.30677, -0.12142], [0.34005, -0.06655], [0.39609, -0.08932], [0.42995, -0.02393], [0.39959, 0.05429], [0.18885, 0.0035], [0.25482, -0.25102], [0.17542, -0.2732], [0.13106, -0.12843], [0.15791, -0.26737], [0.26124, -0.25452], [0.1941, -0.00058], [0.39609, 0.04845], [0.42411, -0.02627], [0.39317, -0.08231], [0.3383, -0.05896], [0.29977, -0.11967], [0.3453, -0.15061], [0.40251, -0.13602], [0.5, -0.03736], [0.4352, 0.08698], [0.34705, 0.36836]]}