{"rank": 38, "source": "019_1622824347378-K100P45VMYQJHKGCQORO.jpg", "category": "elephant", "n_points": 39, "bbox_aspect": 1.2183544303797469, "area_frac": 0.08417929482370592, "score": 0.4002959877979971, "coords": [[-0.49675, 0.13506], [-0.47143, 0.1039], [-0.38442, 0.08961], [-0.32403, 0.10584], [-0.30584, 0.1513], [-0.19935, 0.12987], [-0.13247, 0.15519], [-0.03831, 0.11688], [-0.11753, 0.17273], [-0.08506, 0.24935], [0.00195, 0.30065], [0.08701, 0.03117], [0.21429, 0.00844], [0.24481, 0.30714], [0.37792, 0.22468], [0.39351, 0.15844], [0.38766, 0.04416], [0.32922, -0.08701], [0.32597, -0.13571], [0.27143, -0.27597], [0.26753, -0.4013], [0.03896, -0.33636], [0.04156, -0.34805], [0.26948, -0.41039], [0.27792, -0.27792], [0.33247, -0.13766], [0.33636, -0.08766], [0.39026, 0.02597], [0.4013, 0.10844], [0.39286, 0.22078], [0.14351, 0.37662], [0.10974, 0.41039], [-0.00584, 0.30325], [-0.09026, 0.2539], [-0.12338, 0.15974], [-0.2, 0.13636], [-0.30844, 0.15779], [-0.32857, 0.11169], [-0.38312, 0.09675], [-0.49675, 0.13506]]}