{"rank": 39, "source": "009_1634903662932-JBV4V55XQCG7KPH22F7B.jpg", "category": "elephant", "n_points": 43, "bbox_aspect": 1.3317307692307692, "area_frac": 0.07428282070517629, "score": 0.3882019571364231, "coords": [[0.4988, 0.07461], [0.46931, 0.10289], [0.41697, 0.06318], [0.3941, 0.08424], [0.2864, 0.08303], [0.20337, 0.11552], [0.17208, 0.16245], [0.10529, 0.19134], [0.08724, 0.24489], [0.00421, 0.30445], [-0.00241, 0.35319], [-0.08785, 0.37304], [-0.22924, 0.28159], [-0.30686, 0.2136], [-0.21661, 0.05114], [-0.15704, -0.01083], [-0.11312, 0.05716], [-0.05235, 0.06318], [-0.08604, 0.17268], [-0.08123, 0.28039], [-0.05596, 0.36823], [-0.00722, 0.34898], [-0.0006, 0.30024], [0.07822, 0.24489], [0.09567, 0.19254], [0.16245, 0.16245], [0.19795, 0.11131], [0.25933, 0.08424], [0.41998, 0.05596], [0.46811, 0.09627], [0.49338, 0.04332], [0.42419, 0.00722], [0.32491, -0.00722], [0.25511, -0.05957], [0.19013, -0.03369], [0.0373, -0.02166], [0.01203, -0.05295], [0.08123, -0.0343], [0.18953, -0.03971], [0.25752, -0.06558], [0.32732, -0.01324], [0.43081, 0.0006], [0.5, 0.04031], [0.4988, 0.07461]]}