{"rank": 40, "source": "014_1629808931371-WCLLU6X76U8Z31J8SQ3X.jpg", "category": "elephant", "n_points": 40, "bbox_aspect": 0.8358565737051793, "area_frac": 0.12331882970742686, "score": 0.37887364239100124, "coords": [[0.38924, 0.49203], [0.34382, 0.5], [0.23466, 0.23147], [0.20359, 0.20916], [0.1741, 0.46574], [0.12709, 0.48327], [-0.06892, 0.46892], [-0.06813, 0.29681], [-0.12629, 0.22749], [-0.11594, 0.03625], [-0.09283, 0.01873], [0.25139, 0.04183], [0.2753, -0.17251], [0.20598, -0.34622], [0.25139, -0.30159], [0.34622, -0.2992], [0.35259, -0.46494], [0.27131, -0.4761], [0.26335, -0.38287], [0.19163, -0.3502], [0.01315, -0.36773], [-0.09602, -0.35498], [-0.13984, -0.27849], [-0.18207, -0.29203], [-0.08805, -0.37092], [0.00199, -0.37012], [0.01554, -0.5], [0.11116, -0.49203], [0.09841, -0.36693], [0.25618, -0.38924], [0.26494, -0.48566], [0.36135, -0.47052], [0.35578, -0.29442], [0.23865, -0.29124], [0.28406, -0.1741], [0.27928, -0.08805], [0.40677, -0.06653], [0.41474, 0.03785], [0.18367, 0.06175], [0.25139, 0.14622], [0.38924, 0.49203]]}