{"rank": 41, "source": "029_1612018571977-4LNH9CTYTUV8CLMRZMZ3.jpg", "category": "elephant", "n_points": 39, "bbox_aspect": 1.1641673243883188, "area_frac": 0.07865629685157421, "score": 0.33531147739154304, "coords": [[0.5, 0.40915], [0.37186, 0.09051], [0.19763, -0.01797], [0.17525, -0.0878], [0.00847, -0.27627], [0.06339, -0.35627], [-0.31966, -0.21729], [-0.49186, -0.37458], [-0.39898, -0.11288], [-0.39085, 0.02881], [-0.21729, 0.11153], [0.02678, 0.15559], [0.02203, 0.02949], [0.1122, -0.02339], [0.18814, 0.07559], [0.12102, 0.17458], [0.26136, 0.34203], [0.1522, 0.35356], [0.07356, 0.28915], [0.03288, 0.16441], [-0.02949, 0.13186], [-0.22068, 0.11831], [-0.39763, 0.02068], [-0.40373, -0.10068], [-0.5, -0.37932], [-0.39627, -0.38068], [-0.44237, -0.3278], [-0.31627, -0.24102], [-0.22407, -0.23695], [-0.07695, -0.30068], [-0.05254, -0.40373], [0.05864, -0.42949], [0.09729, -0.29593], [0.05932, -0.20034], [0.14339, -0.26542], [0.27627, -0.28983], [0.12034, -0.15898], [0.20441, -0.02339], [0.37661, 0.08305], [0.5, 0.40915]]}