{"rank": 42, "source": "068_1586781588808-RRCM2LOL8GTMHV20BV9E.jpg", "category": "elephant", "n_points": 40, "bbox_aspect": 0.9794941900205059, "area_frac": 0.09679485103626943, "score": 0.33073525934840087, "coords": [[0.10902, 0.5], [-0.00171, 0.45967], [-0.27239, 0.40977], [-0.44395, 0.26145], [-0.48975, 0.09877], [-0.43712, -0.01401], [-0.36466, -0.10629], [-0.48291, 0.09672], [-0.43233, 0.26282], [-0.31066, 0.11791], [-0.36671, 0.10287], [-0.32502, 0.027], [-0.28059, 0.04751], [-0.2512, -0.02973], [-0.17054, 0.01265], [-0.1555, 0.06049], [-0.21907, 0.18421], [-0.33732, 0.31613], [-0.40157, 0.28879], [-0.2512, 0.41524], [-0.05434, 0.4419], [0.10492, 0.48565], [0.21702, 0.35509], [0.28264, 0.24094], [0.48291, 0.01675], [0.43438, -0.0434], [0.21907, 0.16234], [0.11312, 0.15482], [0.11176, 0.09945], [0.3879, -0.10971], [0.30519, -0.22386], [0.02632, 0.0393], [-0.02358, -0.03657], [0.25325, -0.28401], [0.35714, -0.17806], [0.48975, 0.0188], [0.28811, 0.24504], [0.21975, 0.36329], [0.12269, 0.47608], [0.30588, 0.3756], [0.10902, 0.5]]}