{"rank": 43, "source": "056_1591103582646-KLEWEGBB6NDYL4MMARTW.jpg", "category": "elephant", "n_points": 39, "bbox_aspect": 1.409823484267076, "area_frac": 0.04686862491930278, "score": 0.2688171594874693, "coords": [[0.48966, 0.1761], [0.41345, 0.12983], [0.39058, -0.24633], [0.29586, -0.21312], [0.273, 0.20441], [0.23598, -0.00027], [0.15596, -0.01497], [0.25558, -0.16249], [0.13092, -0.22401], [0.1478, -0.1233], [0.06451, -0.0988], [0.05961, -0.00735], [-0.08519, 0.01007], [-0.04709, -0.10533], [-0.15052, -0.28715], [-0.26483, -0.18263], [-0.18263, -0.07812], [-0.25286, -0.04709], [-0.36336, -0.16957], [-0.28715, -0.34867], [-0.21366, -0.31764], [-0.34486, -0.25122], [-0.35629, -0.17392], [-0.24796, -0.0509], [-0.19516, -0.09935], [-0.32254, -0.20386], [-0.20114, -0.27409], [-0.09336, -0.26538], [-0.0411, -0.10751], [-0.06777, -0.00735], [0.05471, -0.01334], [0.13255, -0.12711], [0.12765, -0.22999], [0.26266, -0.16249], [0.1614, -0.01225], [0.26375, 0.05634], [0.28987, -0.21094], [0.39711, -0.25286], [0.41943, 0.12657], [0.48966, 0.1761]]}