{"rank": 44, "source": "075_1590154611258-PYELPHVJGIANTNXZGY22.jpg", "category": "elephant", "n_points": 39, "bbox_aspect": 1.1308411214953271, "area_frac": 0.06812102903707845, "score": 0.2517688063820061, "coords": [[0.37485, 0.41381], [0.29811, 0.39138], [0.21547, 0.43034], [0.10331, 0.44215], [0.02066, 0.3111], [-0.0974, 0.2804], [-0.26505, 0.27922], [-0.37603, 0.19776], [-0.42444, 0.11983], [-0.4941, 0.10685], [-0.5, 0.05608], [-0.38548, 0.05254], [-0.37131, -0.17651], [-0.44215, -0.25325], [-0.36777, -0.34298], [-0.2497, -0.37485], [-0.21547, -0.2072], [-0.31464, -0.26623], [-0.36777, -0.32999], [-0.42916, -0.25561], [-0.36068, -0.17887], [-0.37485, -0.15407], [-0.37721, 0.0608], [-0.48701, 0.09976], [-0.38312, 0.13872], [-0.26033, 0.27096], [-0.07851, 0.27568], [0.02774, 0.30519], [0.06316, 0.35596], [0.06198, 0.27096], [0.18359, 0.17651], [0.29457, 0.24144], [0.26387, 0.29575], [0.18595, 0.33589], [0.18359, 0.42208], [0.29221, 0.38312], [0.36541, 0.40555], [0.48937, -0.03483], [0.5, -0.03837], [0.37485, 0.41381]]}