{"rank": 45, "source": "070_1590154684348-SZUZBWG0HXUQG1EMVZO7.jpg", "category": "elephant", "n_points": 39, "bbox_aspect": 1.250269687162891, "area_frac": 0.05341684727317892, "score": 0.23382201244595213, "coords": [[0.46376, 0.28085], [0.49051, 0.21527], [0.39646, 0.08154], [0.34642, 0.07808], [0.37317, -0.12123], [0.45686, -0.2541], [0.41199, -0.30069], [0.34469, -0.12295], [0.16954, 0.04185], [0.09534, 0.00129], [0.17127, -0.06428], [0.24806, -0.22994], [0.35936, -0.3352], [0.2541, -0.35677], [0.18076, -0.22217], [0.00216, -0.11691], [-0.08067, -0.16437], [-0.08758, -0.25496], [-0.01769, -0.3585], [-0.14538, -0.36626], [-0.17472, -0.14538], [-0.19025, -0.35677], [-0.08326, -0.39991], [-0.00906, -0.35936], [-0.07981, -0.25496], [-0.07377, -0.16695], [0.00129, -0.12468], [0.17386, -0.22563], [0.24892, -0.36454], [0.37403, -0.31104], [0.25496, -0.22649], [0.17903, -0.06342], [0.27222, -0.04185], [0.40682, -0.30759], [0.46376, -0.25065], [0.38007, -0.11864], [0.34814, 0.06687], [0.41631, 0.08067], [0.5, 0.21355], [0.46376, 0.28085]]}