{"rank": 46, "source": "017_1625833122547-JXFYSP608N4P034SGWQF.jpg", "category": "elephant", "n_points": 39, "bbox_aspect": 1.220035778175313, "area_frac": 0.0532533499203018, "score": 0.21570566316881584, "coords": [[-0.49267, 0.27126], [-0.5, 0.22067], [-0.28006, 0.17082], [-0.2478, 0.07551], [-0.20161, 0.11144], [-0.18475, -0.1261], [-0.26613, -0.00587], [-0.38123, -0.04399], [-0.3805, -0.09824], [-0.26906, -0.14443], [-0.15836, -0.2412], [-0.03519, -0.23314], [0.10117, -0.40982], [0.33871, -0.30352], [0.28592, -0.21334], [0.32845, -0.07698], [0.27273, -0.02126], [-0.01466, 0.10117], [-0.0154, 0.22067], [0.07331, 0.2522], [0.14589, 0.35924], [0.03006, 0.3827], [-0.05132, 0.32918], [-0.10484, 0.40982], [-0.18328, 0.33431], [-0.06525, 0.32845], [-0.02126, 0.09677], [0.32111, -0.07845], [0.27933, -0.21701], [0.32991, -0.30059], [0.10704, -0.40103], [-0.02493, -0.25], [-0.21041, -0.20821], [-0.3739, -0.09384], [-0.26979, -0.0154], [-0.15249, -0.12463], [-0.19501, 0.12097], [-0.23167, 0.17889], [-0.35704, 0.17742], [-0.49267, 0.27126]]}