{"rank": 47, "source": "035_1609259598961-G4K6Y5TPXOE9E9WKLPKI.jpg", "category": "elephant", "n_points": 28, "bbox_aspect": 1.4862258953168044, "area_frac": 0.05744125226570282, "score": 0.212810113925729, "coords": [[-0.46293, 0.16775], [-0.47127, 0.01019], [-0.44903, 0.06302], [-0.44995, 0.16589], [-0.40269, 0.09731], [-0.41381, 0.17516], [-0.38415, 0.2595], [-0.29796, 0.33272], [-0.13207, 0.27433], [-0.05514, 0.26506], [0.11631, 0.16404], [0.21084, 0.12419], [0.17285, 0.0278], [0.2405, -0.08341], [0.32762, -0.02595], [0.39991, 0.0519], [0.48703, 0.00556], [0.45551, -0.10751], [0.31928, -0.24004], [0.39898, -0.18443], [0.46478, -0.11121], [0.49629, 0.01019], [0.29055, 0.11956], [0.18489, 0.1418], [-0.05329, 0.2734], [-0.13114, 0.2836], [-0.2683, 0.33642], [-0.32669, 0.33179], [-0.46293, 0.16775]]}