{"rank": 48, "source": "033_1609845893510-NYHQTG0TRI96EMOM8YJH.jpg", "category": "elephant", "n_points": 42, "bbox_aspect": 1.3952922077922079, "area_frac": 0.035848664795208735, "score": 0.19773412603897234, "coords": [[0.3662, 0.35835], [0.19692, 0.33682], [0.04159, 0.16812], [-0.29407, 0.21233], [-0.40111, 0.16172], [-0.47091, -0.02036], [-0.4267, -0.09773], [-0.46975, -0.29959], [-0.35748, -0.35486], [-0.3313, -0.23793], [-0.30919, -0.34962], [-0.24927, -0.34962], [-0.17423, -0.16114], [0.08464, -0.27225], [0.10966, -0.35835], [0.16958, -0.34148], [0.17597, -0.27167], [0.2708, -0.32926], [0.29174, -0.26876], [0.22484, -0.31704], [0.15445, -0.23909], [0.16259, -0.33508], [0.11257, -0.34962], [0.08813, -0.26294], [0.02589, -0.24898], [-0.18005, -0.153], [-0.25102, -0.34206], [-0.30163, -0.34439], [-0.32548, -0.22978], [-0.28185, -0.10878], [-0.34293, -0.13031], [-0.33479, -0.22804], [-0.35922, -0.34497], [-0.46219, -0.29552], [-0.42263, -0.19721], [-0.4203, -0.09482], [-0.46451, -0.00756], [-0.40809, 0.1466], [-0.30919, 0.21291], [0.04392, 0.16172], [0.15038, 0.2897], [0.20971, 0.33217], [0.3662, 0.35835]]}