{"rank": 49, "source": "021_1620654296116-81F8L0G482DKESLZP4PR.jpg", "category": "elephant", "n_points": 39, "bbox_aspect": 1.499602859412232, "area_frac": 0.04190810202550638, "score": 0.1958389589251181, "coords": [[-0.5, 0.18459], [-0.42373, 0.16764], [-0.37076, 0.11361], [-0.34534, -0.00556], [-0.37288, -0.16605], [-0.36706, -0.25821], [-0.19703, -0.28046], [-0.17055, -0.12315], [-0.01377, -0.14963], [-0.03655, -0.30164], [0.13559, -0.33342], [0.15307, -0.15387], [0.17585, -0.10249], [0.27807, -0.07654], [0.39619, -0.08713], [0.36229, -0.28416], [0.42002, -0.22908], [0.5, -0.1009], [0.47617, -0.00874], [0.28231, 0.18141], [0.24364, 0.07336], [0.3268, 0.05853], [0.35011, 0.11202], [0.47987, -0.0241], [0.49364, -0.09772], [0.36864, -0.2794], [0.39989, -0.0776], [0.25265, -0.07071], [0.16314, -0.09772], [0.12924, -0.32707], [-0.03125, -0.29582], [-0.0143, -0.14168], [-0.17532, -0.11785], [-0.20392, -0.27569], [-0.36176, -0.25238], [-0.36706, -0.16764], [-0.34004, -0.00344], [-0.366, 0.11785], [-0.41261, 0.1777], [-0.5, 0.18459]]}