{"rank": 50, "source": "016_1626706474411-NO8GOWX4X9AEG4IRYBB7.jpg", "category": "elephant", "n_points": 39, "bbox_aspect": 1.6359724612736661, "area_frac": 0.048584804762531054, "score": 0.1749732106564345, "coords": [[0.47054, 0.07996], [0.33219, 0.04419], [0.23225, 0.20147], [0.06812, 0.30563], [-0.00815, 0.15939], [-0.24329, 0.11625], [-0.32062, 0.0626], [-0.39847, -0.07996], [-0.34008, -0.22567], [-0.38006, -0.26355], [-0.29537, -0.30563], [-0.21068, -0.17359], [-0.17596, -0.29826], [-0.10074, -0.29143], [-0.10074, -0.20042], [-0.01657, -0.19884], [-0.03656, -0.29248], [0.05708, -0.29774], [0.12862, -0.18569], [0.10074, -0.11678], [0.03972, -0.16938], [0.05339, -0.29037], [0.00289, -0.29511], [-0.03761, -0.1636], [-0.10863, -0.19779], [-0.10652, -0.28406], [-0.17017, -0.29248], [-0.19385, -0.18517], [-0.23961, -0.15518], [-0.30168, -0.30247], [-0.37322, -0.26249], [-0.33325, -0.2262], [-0.39164, -0.08048], [-0.37743, -0.0242], [-0.2717, 0.09837], [-0.0213, 0.14992], [0.07023, 0.29143], [0.22804, 0.19726], [0.33009, 0.03735], [0.47054, 0.07996]]}