{"rank": 51, "source": "059_1589115045749-GE5AJQFIX5OEH6QZ0IC5.jpg", "category": "elephant", "n_points": 37, "bbox_aspect": 1.4180194805194806, "area_frac": 0.03407964077794081, "score": 0.17302559407407983, "coords": [[-0.5, 0.20092], [-0.46623, 0.25987], [-0.3901, 0.28907], [-0.28248, 0.2925], [-0.20635, 0.31082], [-0.17315, 0.34574], [-0.11133, 0.31196], [-0.08615, 0.17687], [-0.12965, 0.1099], [-0.23097, 0.08701], [-0.15484, 0.09101], [-0.11019, 0.11563], [-0.081, 0.16371], [-0.08157, 0.21923], [0.00315, 0.22095], [0.09531, 0.16543], [0.24699, 0.18832], [0.39525, 0.04293], [0.40212, -0.02977], [0.44906, -0.15341], [0.5, -0.16485], [0.44161, -0.11677], [0.4067, -0.01603], [0.40384, 0.04522], [0.33572, 0.0996], [0.26359, 0.18546], [0.23841, 0.19462], [0.0976, 0.1723], [0.01116, 0.22667], [-0.02547, 0.21294], [-0.08443, 0.22667], [-0.09531, 0.3154], [-0.17373, 0.3526], [-0.21036, 0.31654], [-0.28477, 0.29937], [-0.41185, 0.29136], [-0.47252, 0.26274], [-0.5, 0.20092]]}