{"rank": 52, "source": "018_1624875682677-UVDBVU40WYP97P50QM70.jpg", "category": "elephant", "n_points": 39, "bbox_aspect": 1.2585034013605443, "area_frac": 0.04167660109787448, "score": 0.1679753077621099, "coords": [[0.46525, 0.17104], [0.30618, 0.36255], [0.11236, 0.34015], [0.05212, 0.3973], [-0.04672, 0.32085], [-0.10695, 0.36873], [-0.3749, 0.18726], [-0.45058, 0.0668], [-0.46139, -0.11622], [-0.36641, -0.22741], [-0.35405, -0.39344], [-0.21583, -0.39421], [-0.12162, -0.23205], [-0.20502, -0.22664], [-0.21969, -0.38726], [-0.34865, -0.38649], [-0.35869, -0.22355], [-0.47143, -0.09382], [-0.36873, 0.18263], [-0.10463, 0.361], [-0.0444, 0.31313], [0.05521, 0.38726], [0.239, 0.32703], [0.30309, 0.3556], [0.45753, 0.16795], [0.49228, -0.17645], [0.46834, -0.361], [0.41042, -0.30232], [0.41351, -0.08764], [0.34788, -0.0166], [0.15946, -0.16795], [0.13784, -0.31467], [0.21197, -0.30154], [0.16795, -0.1695], [0.35714, -0.01892], [0.40734, -0.09382], [0.40347, -0.30618], [0.46988, -0.37027], [0.5, -0.17799], [0.46525, 0.17104]]}