{"rank": 53, "source": "077_1590154519801-GABVWKIPW57Z15G89WUR.jpg", "category": "elephant", "n_points": 36, "bbox_aspect": 1.1086387434554974, "area_frac": 0.058368356822338624, "score": 0.15687260913905646, "coords": [[-0.28158, 0.38253], [-0.37957, 0.2562], [-0.5, -0.00708], [-0.44805, -0.02597], [-0.3902, 0.07202], [-0.2497, 0.20897], [-0.0124, 0.14168], [0.03719, 0.20425], [-0.00885, 0.31287], [0.17532, 0.30815], [0.38666, 0.21488], [0.48229, 0.09917], [0.48819, -0.11806], [0.44923, -0.43566], [0.38194, -0.42385], [0.30165, -0.24557], [0.29811, -0.16175], [0.09032, -0.13813], [0.15762, -0.17119], [0.13754, -0.28808], [0.22845, -0.30342], [0.28749, -0.22786], [0.37131, -0.43447], [0.45868, -0.451], [0.5, -0.12043], [0.49292, 0.10508], [0.37957, 0.23495], [0.18359, 0.31877], [-0.03011, 0.31169], [0.01004, 0.15702], [-0.20956, 0.19362], [-0.17296, 0.2987], [-0.22137, 0.31877], [-0.26623, 0.20779], [-0.48229, 0.00354], [-0.37367, 0.24203], [-0.28158, 0.38253]]}