{"rank": 54, "source": "047_1597248432427-UNTC5KD05YQIEUQ19QMS.jpg", "category": "elephant", "n_points": 39, "bbox_aspect": 1.1511811023622047, "area_frac": 0.04785819486404834, "score": 0.1426705261494018, "coords": [[0.5, 0.23529], [0.47674, 0.17579], [0.39808, 0.17852], [0.34815, 0.13406], [0.14432, 0.1751], [0.21067, 0.13817], [0.1156, 0.12517], [0.00752, 0.00958], [0.09576, 0.06293], [0.12585, -0.12791], [0.19152, -0.21135], [0.07387, -0.26265], [0.05882, -0.21204], [-0.06772, -0.14569], [-0.1368, -0.15458], [-0.20383, -0.22845], [-0.1026, -0.34884], [-0.27975, -0.42681], [-0.30711, -0.25376], [-0.35499, -0.23529], [-0.40698, -0.32216], [-0.37073, -0.37688], [-0.30575, -0.36662], [-0.28386, -0.43434], [-0.11081, -0.3632], [-0.20041, -0.23461], [-0.13611, -0.16826], [-0.05335, -0.14843], [0.05677, -0.22093], [0.06635, -0.27428], [0.20109, -0.20793], [0.16758, -0.14295], [0.22503, -0.09439], [0.14227, -0.07729], [0.09781, 0.02804], [0.1238, 0.13406], [0.29275, 0.16758], [0.34884, 0.12585], [0.48153, 0.16895], [0.5, 0.23529]]}