{"rank": 55, "source": "042_1605623984433-8HXST2QI08TO59NCLOD6.jpg", "category": "elephant", "n_points": 40, "bbox_aspect": 1.4886649874055415, "area_frac": 0.03088209258232352, "score": 0.1423073054255547, "coords": [[0.5, 0.29075], [0.44247, 0.29639], [0.35054, 0.20389], [0.29413, 0.18302], [0.2225, 0.23322], [0.14241, 0.24676], [0.0533, 0.3291], [-0.04315, 0.33587], [-0.08714, 0.30541], [-0.1176, 0.20615], [-0.09786, 0.19994], [-0.08094, 0.30259], [-0.05386, 0.32628], [0.05161, 0.3229], [0.13847, 0.24168], [0.22081, 0.22702], [0.29244, 0.17682], [0.35336, 0.19769], [0.45206, 0.29019], [0.45826, 0.24732], [0.35561, 0.17287], [0.29865, 0.15651], [0.21968, 0.05274], [0.13959, 0.0313], [0.14636, -0.05499], [0.22194, -0.14354], [0.20784, -0.20897], [0.13508, -0.18697], [0.03864, -0.20953], [0.00874, -0.05386], [-0.011, -0.01607], [0.03469, -0.21517], [0.13621, -0.19318], [0.21235, -0.21517], [0.22814, -0.14016], [0.15257, -0.05217], [0.1458, 0.02623], [0.2225, 0.04653], [0.29921, 0.14467], [0.43232, 0.21799], [0.5, 0.29075]]}