{"rank": 56, "source": "012_1632763791963-2FHHL9ASHEHJHQGIEUXR.jpg", "category": "elephant", "n_points": 39, "bbox_aspect": 1.2039170506912442, "area_frac": 0.03966851318349089, "score": 0.12488682828308917, "coords": [[0.5, 0.32153], [0.32392, 0.41531], [-0.12871, 0.15694], [-0.25598, 0.14067], [-0.20813, 0.05646], [-0.27895, 0.03923], [-0.26555, 0.00287], [-0.19665, 0.0488], [-0.21579, 0.12344], [-0.12392, 0.14928], [0.24641, 0.36268], [0.38038, 0.10144], [0.46077, -0.09474], [0.35837, -0.13014], [0.35455, -0.00191], [0.31914, 0.04593], [0.25024, 0.02105], [0.25598, -0.18565], [0.1689, -0.22488], [0.16124, -0.03062], [0.01866, -0.09761], [0.09234, -0.26794], [0.04067, -0.28517], [-0.04067, -0.13014], [-0.07799, -0.15885], [0.00526, -0.31483], [0.10383, -0.25933], [0.03014, -0.10239], [0.1555, -0.04593], [0.15837, -0.23254], [0.26555, -0.17895], [0.26268, 0.01435], [0.3201, 0.03636], [0.34593, -0.0067], [0.34593, -0.14354], [0.46651, -0.10335], [0.46842, -0.06411], [0.26172, 0.36555], [0.32679, 0.40383], [0.5, 0.32153]]}