{"rank": 57, "source": "011_1632764801662-7SIVIOBHRGH4A6JX0QHT.jpg", "category": "elephant", "n_points": 39, "bbox_aspect": 1.1218836565096952, "area_frac": 0.045894568328055434, "score": 0.11284322047504428, "coords": [[-0.0177, 0.44568], [-0.07284, 0.41193], [-0.19959, 0.40453], [-0.24321, 0.26708], [-0.13704, 0.20782], [-0.23745, 0.18642], [-0.30823, 0.10247], [-0.47037, 0.14444], [-0.43663, 0.06872], [-0.28025, 0.03251], [-0.32551, -0.03416], [-0.46214, -0.11235], [-0.43663, -0.1716], [-0.26132, -0.05309], [-0.31481, -0.13868], [-0.41605, -0.193], [-0.38971, -0.26132], [-0.27449, -0.20288], [-0.27449, -0.34362], [-0.31152, -0.39712], [-0.11564, -0.24568], [-0.19465, -0.23498], [-0.26708, -0.33951], [-0.24979, -0.17654], [-0.39053, -0.24815], [-0.40782, -0.19712], [-0.23251, -0.06626], [-0.26379, -0.04486], [-0.43251, -0.16173], [-0.45144, -0.11646], [-0.30412, -0.0284], [-0.27202, 0.0358], [-0.42099, 0.07119], [-0.47202, 0.13621], [-0.30494, 0.09424], [-0.23086, 0.18148], [-0.12963, 0.19877], [-0.22757, 0.26872], [-0.23416, 0.34115], [-0.0177, 0.44568]]}