{"rank": 58, "source": "063_1588605282612-N0KHWJUYW4K152SJEC6Q.jpg", "category": "elephant", "n_points": 43, "bbox_aspect": 1.4140233722871451, "area_frac": 0.022957175925925926, "score": 0.1082662536147811, "coords": [[-0.5, 0.19481], [-0.47107, 0.07202], [-0.22019, 0.07615], [-0.16116, 0.04191], [-0.14876, -0.00295], [-0.18005, -0.2072], [-0.17296, -0.22314], [0.10921, -0.27509], [-0.02538, -0.24144], [-0.1706, -0.21783], [-0.14345, -0.00236], [-0.15643, 0.04427], [-0.22019, 0.08146], [-0.46753, 0.07615], [-0.49587, 0.18713], [-0.451, 0.20897], [-0.34179, 0.21665], [-0.25856, 0.2621], [-0.21311, 0.3294], [-0.15584, 0.34829], [-0.00531, 0.2804], [-0.00236, 0.18654], [-0.07674, 0.16824], [-0.00413, 0.17001], [0.01476, 0.18772], [0.01181, 0.27745], [0.17119, 0.3294], [0.22196, 0.32881], [0.32468, 0.29044], [0.39079, 0.24557], [0.42503, 0.19067], [0.5, -0.01063], [0.42857, 0.19599], [0.37898, 0.26446], [0.27568, 0.317], [0.19894, 0.33648], [0.00295, 0.27686], [-0.11747, 0.34475], [-0.16234, 0.3536], [-0.21665, 0.33294], [-0.25856, 0.268], [-0.35183, 0.2196], [-0.46281, 0.21192], [-0.5, 0.19481]]}