{"rank": 59, "source": "034_1609766284622-TLB2HZ2K179YD0AZ1P9S.jpg", "category": "elephant", "n_points": 39, "bbox_aspect": 1.1772020725388601, "area_frac": 0.03317871553463349, "score": 0.07024007613242944, "coords": [[-0.39613, 0.41769], [-0.45687, 0.3235], [-0.44806, 0.26629], [-0.49032, 0.14657], [-0.5, 0.04269], [-0.45951, -0.13248], [-0.38204, -0.18178], [-0.38556, -0.29445], [-0.30194, -0.3103], [-0.19278, -0.24692], [-0.14525, -0.29005], [-0.09683, -0.41857], [-0.02025, -0.39305], [0.04313, -0.40801], [0.17606, -0.28653], [0.12324, -0.15449], [0.26761, -0.1228], [0.3081, -0.07438], [0.33539, -0.2029], [0.44542, -0.23636], [0.48151, -0.114], [0.46127, 0.02685], [0.5, 0.11928], [0.47711, 0.15361], [0.40581, 0.08055], [0.3794, 0.0066], [0.26585, -0.11224], [0.11004, -0.15009], [0.16109, -0.28829], [0.03785, -0.39833], [-0.07923, -0.41505], [-0.13556, -0.28653], [-0.22975, -0.23812], [-0.3037, -0.30062], [-0.38116, -0.28565], [-0.37236, -0.17826], [-0.4507, -0.1272], [-0.49032, 0.04533], [-0.44718, 0.3191], [-0.39613, 0.41769]]}