{"rank": 60, "source": "005_1638015354377-UJFPQ6U2V7Z772FYY2V7.jpg", "category": "elephant", "n_points": 43, "bbox_aspect": 1.1797488226059654, "area_frac": 0.03422647691492785, "score": 0.06303938338932408, "coords": [[-0.5, -0.41517], [-0.38357, -0.27146], [-0.33234, -0.12043], [-0.25316, -0.15569], [-0.22056, -0.25815], [-0.13673, -0.25549], [-0.20193, -0.3493], [-0.17399, -0.42382], [-0.08749, -0.39587], [-0.01564, -0.26148], [0.0682, -0.22289], [0.2485, -0.39055], [0.32701, -0.34198], [0.31836, -0.23952], [0.39421, -0.29741], [0.46274, -0.26214], [0.43546, -0.10978], [0.47937, 0.02129], [0.42016, 0.07518], [0.41883, 0.15502], [0.1507, 0.32868], [0.02961, 0.27878], [0.19528, 0.3187], [0.26048, 0.24817], [0.40818, 0.15303], [0.38623, 0.11444], [0.46939, 0.02528], [0.42748, -0.11045], [0.45542, -0.25749], [0.3982, -0.28809], [0.24917, -0.18563], [0.32236, -0.32934], [0.2505, -0.37991], [0.07219, -0.21623], [-0.0143, -0.24551], [-0.09281, -0.38856], [-0.16933, -0.41717], [-0.19395, -0.35063], [-0.13207, -0.2475], [-0.21457, -0.2495], [-0.24385, -0.15236], [-0.33566, -0.10912], [-0.39088, -0.26813], [-0.5, -0.41517]]}