{"rank": 61, "source": "030_1611249383790-RGW2OFGZTZZWYE20ITJV.jpg", "category": "elephant", "n_points": 36, "bbox_aspect": 1.5851419031719534, "area_frac": 0.029620800571837025, "score": 0.060783616570047286, "coords": [[-0.5, 0.03107], [-0.4268, 0.02212], [-0.37994, 0.07688], [-0.33412, 0.07688], [-0.33834, -0.13165], [-0.33254, -0.12902], [-0.3257, 0.06951], [-0.3415, 0.13691], [-0.30674, 0.17167], [-0.09716, 0.30964], [-0.0208, 0.30332], [0.03186, 0.28489], [0.11453, 0.21064], [0.07873, 0.13955], [0.07978, 0.10585], [0.11085, 0.0674], [0.19616, 0.01001], [0.11453, 0.07583], [0.08399, 0.1306], [0.12928, 0.21854], [0.13086, 0.24223], [0.24144, 0.26962], [0.31727, 0.22117], [0.36203, 0.1327], [0.34887, 0.18589], [0.31938, 0.22749], [0.24197, 0.27541], [0.12823, 0.24855], [0.10979, 0.21801], [0.03291, 0.29068], [-0.02343, 0.30964], [-0.10032, 0.31543], [-0.3357, 0.15482], [-0.33465, 0.08689], [-0.38415, 0.08425], [-0.43049, 0.02949], [-0.5, 0.03107]]}