{"rank": 62, "source": "076_1590154602983-196IAOB4K548KKFCPIT4.jpg", "category": "elephant", "n_points": 39, "bbox_aspect": 2.076101468624833, "area_frac": 0.04979965922338804, "score": 0.015484232207896749, "coords": [[0.5, 0.12444], [0.44084, 0.23441], [0.34759, 0.21897], [0.28971, 0.1283], [0.21061, 0.1701], [0.10386, 0.16109], [-0.12701, 0.20289], [-0.20804, 0.12058], [-0.36045, 0.02154], [-0.44341, 0.10386], [-0.5, 0.06785], [-0.38553, -0.0164], [-0.25241, 0.01511], [-0.14952, -0.09164], [-0.13151, -0.17074], [-0.18103, -0.24084], [-0.08842, -0.2164], [-0.0582, -0.15916], [0.06656, -0.2119], [0.05305, -0.08199], [0.21125, -0.06399], [0.22862, -0.20096], [0.30322, -0.13151], [0.26206, -0.04598], [0.0537, -0.07621], [0.08392, -0.1926], [-0.12701, -0.16945], [-0.14566, -0.08842], [-0.25241, 0.01961], [-0.38489, -0.0119], [-0.49228, 0.07042], [-0.4492, 0.09614], [-0.36045, 0.01704], [-0.20418, 0.11608], [-0.16881, 0.17846], [0.20868, 0.16559], [0.28971, 0.12251], [0.35402, 0.21511], [0.43569, 0.23119], [0.5, 0.12444]]}