{"rank": 63, "source": "045_1598971167532-9X652VGJWGGR8MQ7GFSV.jpg", "category": "elephant", "n_points": 44, "bbox_aspect": 1.1441696113074205, "area_frac": 0.02930318094020669, "score": 0.004563920526599069, "coords": [[-0.47282, 0.31161], [-0.43144, 0.22823], [-0.5, 0.10778], [-0.48703, 0.00216], [-0.39129, -0.1189], [-0.22267, -0.2622], [-0.22884, -0.35979], [-0.31099, -0.437], [-0.14114, -0.3882], [-0.14731, -0.1924], [-0.2307, -0.07505], [-0.20476, -0.03428], [-0.05899, -0.18314], [0.11272, -0.31347], [0.19981, -0.29679], [0.17758, -0.09111], [0.28073, -0.07258], [0.33632, -0.27085], [0.44317, -0.24737], [0.43762, 0.0176], [0.3672, 0.27579], [0.38697, 0.32149], [0.47962, 0.23873], [0.46047, 0.31717], [0.36041, 0.27023], [0.43144, 0.00957], [0.437, -0.24182], [0.3425, -0.26467], [0.28691, -0.06702], [0.17326, -0.08555], [0.1924, -0.29185], [0.1189, -0.30605], [-0.05219, -0.17943], [-0.20723, -0.02502], [-0.23935, -0.07566], [-0.15596, -0.1924], [-0.14978, -0.38573], [-0.30976, -0.42959], [-0.21773, -0.35855], [-0.21526, -0.26035], [-0.38573, -0.11458], [-0.48023, 0.00525], [-0.49321, 0.10531], [-0.42403, 0.22761], [-0.47282, 0.31161]]}