{"rank": 64, "source": "066_1587571117088-PYK0YLAFH5KK0YD90KUG.jpg", "category": "elephant", "n_points": 31, "bbox_aspect": 1.651777575205105, "area_frac": 0.03106774306024713, "score": 0.0031406055669457172, "coords": [[0.5, 0.21385], [0.40011, 0.23869], [0.3543, 0.17412], [0.25938, 0.27566], [0.19426, 0.25193], [0.15563, 0.30105], [0.06898, 0.26959], [0.05077, 0.23372], [-0.17219, 0.14045], [-0.07174, 0.16915], [0.05519, 0.22875], [0.07285, 0.26462], [0.15011, 0.29443], [0.19371, 0.24476], [0.25552, 0.26959], [0.28035, 0.22434], [0.35982, 0.16584], [0.28974, 0.08637], [0.35596, 0.05988], [0.34603, -0.10513], [0.30408, -0.11065], [0.28091, -0.06485], [0.17605, -0.03228], [0.20861, -0.12224], [0.20364, -0.04663], [0.27539, -0.06871], [0.30077, -0.11672], [0.35762, -0.10458], [0.36313, 0.06153], [0.30905, 0.08858], [0.39735, 0.22268], [0.5, 0.21385]]}