{"rank": 65, "source": "074_1590154628305-RNPLZY45ED5Q62J27BA7.jpg", "category": "elephant", "n_points": 39, "bbox_aspect": 1.0869565217391304, "area_frac": 0.02992320162408766, "score": -0.00512422963298733, "coords": [[0.3, 0.46], [-0.23875, 0.4525], [-0.24625, 0.4125], [-0.41125, 0.38625], [-0.41375, 0.30125], [-0.45375, 0.295], [-0.5, 0.18125], [-0.4825, -0.45625], [-0.30375, -0.4475], [-0.30625, -0.19125], [-0.05875, -0.18875], [-0.05125, -0.45125], [0.15125, -0.46], [0.1475, -0.17875], [0.34125, -0.16625], [0.34, -0.0825], [0.27875, -0.06625], [0.27625, -0.00375], [0.39125, -0.0], [0.40125, -0.33625], [0.4025, -0.005], [0.2675, 0.0075], [0.27, -0.075], [0.33125, -0.09125], [0.33125, -0.1575], [0.13875, -0.17], [0.14625, -0.44875], [-0.04625, -0.44125], [-0.04875, -0.18625], [-0.315, -0.1825], [-0.31375, -0.44125], [-0.47, -0.45], [-0.49375, 0.16], [-0.445, 0.2875], [-0.4, 0.2975], [-0.40125, 0.37875], [-0.23625, 0.40375], [-0.23, 0.4425], [0.29, 0.45125], [0.3, 0.46]]}