{"rank": 66, "source": "079_1590154448400-DOQ4Z98FCWQZUSUYZ36P.jpg", "category": "elephant", "n_points": 39, "bbox_aspect": 1.1288659793814433, "area_frac": 0.02467924806787201, "score": -0.010105577700396072, "coords": [[-0.48782, 0.40791], [-0.48174, 0.17047], [-0.5, -0.00913], [-0.47869, -0.39574], [-0.27017, -0.37443], [-0.25951, -0.10198], [-0.19711, -0.07306], [-0.23212, -0.21461], [-0.23212, -0.35616], [-0.08295, -0.38965], [-0.02207, -0.0761], [0.05251, -0.08371], [0.02207, -0.26636], [0.04186, -0.3379], [0.121, -0.42466], [0.27169, -0.44292], [0.33257, -0.35008], [0.28082, -0.29833], [0.32801, -0.26636], [0.37976, -0.15068], [0.26256, -0.32877], [0.31279, -0.35312], [0.2656, -0.4277], [0.13166, -0.41096], [0.04033, -0.30137], [0.06773, -0.07458], [-0.02511, -0.03653], [-0.0997, 0.06088], [-0.06925, 0.29072], [-0.11644, 0.44292], [-0.086, 0.26332], [-0.11796, 0.06088], [-0.04186, -0.04718], [-0.15601, -0.03653], [-0.27626, -0.10046], [-0.28387, -0.3653], [-0.4589, -0.38813], [-0.48478, -0.00609], [-0.46651, 0.23744], [-0.48782, 0.40791]]}