{"rank": 67, "source": "013_1631632987215-PJO69KYF6Y46OCSR9NLV.jpg", "category": "elephant", "n_points": 44, "bbox_aspect": 2.0245040840140023, "area_frac": 0.041602668730494334, "score": -0.03858076363041077, "coords": [[-0.49885, -0.12421], [-0.47003, -0.12248], [-0.47233, -0.19568], [-0.36513, -0.23084], [-0.34496, -0.2049], [-0.33804, -0.07233], [-0.26715, -0.06715], [-0.14207, -0.14207], [-0.26081, -0.05965], [-0.34496, -0.06772], [-0.35245, -0.20317], [-0.36571, -0.21988], [-0.46657, -0.18818], [-0.45447, -0.01412], [-0.47522, 0.0049], [-0.48271, -0.11902], [-0.49942, -0.05159], [-0.49251, 0.00893], [-0.46023, 0.05793], [-0.45908, 0.19798], [-0.31787, 0.24063], [-0.23314, 0.24063], [-0.21354, 0.22219], [-0.11671, 0.23602], [-0.08444, 0.18588], [-0.01297, 0.18703], [-0.00663, 0.2268], [0.06772, 0.22565], [0.10173, 0.15648], [0.03256, 0.15303], [0.04986, 0.12651], [0.10865, 0.15303], [0.11499, 0.20375], [0.07003, 0.23199], [-0.00893, 0.23314], [-0.02392, 0.20548], [-0.0804, 0.20663], [-0.11499, 0.24236], [-0.21412, 0.22911], [-0.22738, 0.24697], [-0.31902, 0.24697], [-0.46542, 0.20259], [-0.46657, 0.06081], [-0.5, 0.01009], [-0.49885, -0.12421]]}