{"rank": 68, "source": "058_1589652746176-DVEGENMYEHIOGI7H864Y.jpg", "category": "elephant", "n_points": 34, "bbox_aspect": 1.0363777089783281, "area_frac": 0.03131441085537616, "score": -0.06763193755855433, "coords": [[-0.3469, 0.41972], [-0.48581, 0.16804], [-0.5, 0.01942], [-0.34914, -0.0702], [-0.32674, -0.0463], [-0.27446, 0.13443], [-0.14675, 0.35474], [-0.26848, 0.17476], [-0.3469, -0.06049], [-0.49029, 0.02539], [-0.4776, 0.16505], [-0.34093, 0.41299], [-0.26998, 0.39806], [-0.18857, 0.45108], [-0.04892, 0.47423], [0.07879, 0.43391], [0.17438, 0.25915], [0.16841, 0.01867], [0.09149, -0.10904], [0.12957, 0.00299], [0.08999, 0.02016], [0.02801, -0.0941], [0.08103, -0.12099], [0.0168, -0.24944], [0.27894, -0.41598], [0.1348, -0.30769], [0.02726, -0.25467], [0.02726, -0.22479], [0.18783, 0.04257], [0.18185, 0.26363], [0.07356, 0.45183], [-0.05116, 0.48245], [-0.19455, 0.4578], [-0.27222, 0.40627], [-0.3469, 0.41972]]}