{"rank": 69, "source": "050_1595926988609-LGSP570F7NDI1LZ4R0E7.jpg", "category": "elephant", "n_points": 39, "bbox_aspect": 0.8673253352152435, "area_frac": 0.03726904904178044, "score": -0.11905506247141828, "coords": [[-0.31087, 0.5], [-0.35039, 0.44707], [-0.35956, -0.1295], [-0.34121, 0.19795], [-0.34263, 0.44425], [-0.28405, 0.44566], [-0.27558, 0.253], [-0.23324, 0.20642], [-0.16126, 0.19584], [-0.1789, -0.01658], [-0.07163, -0.07092], [0.12456, -0.04834], [0.29534, -0.08292], [0.32287, -0.2156], [0.2283, -0.36309], [0.06387, -0.48941], [-0.02505, -0.49083], [-0.06034, -0.44072], [-0.16196, -0.3892], [-0.26359, -0.37862], [-0.29534, -0.40614], [-0.22195, -0.5], [-0.1295, -0.49506], [-0.11044, -0.42943], [-0.04058, -0.44284], [-0.0314, -0.49929], [0.06669, -0.49718], [0.12385, -0.44989], [0.1295, -0.49435], [0.253, -0.49788], [0.23677, -0.35886], [0.33063, -0.21912], [0.29393, -0.07516], [0.12668, -0.04058], [-0.06951, -0.06316], [-0.17114, -0.01164], [-0.15138, 0.19513], [-0.26711, 0.25512], [-0.27629, 0.44284], [-0.31087, 0.5]]}