{"rank": 70, "source": "039_1606832473476-3WU2KZTA1CCC8N7UFQLS.jpg", "category": "elephant", "n_points": 39, "bbox_aspect": 0.8606635071090047, "area_frac": 0.03491410339587092, "score": -0.138582112375835, "coords": [[-0.19242, 0.4763], [-0.41422, -0.06872], [-0.43033, -0.20995], [-0.20474, -0.32559], [-0.14976, -0.12749], [-0.10711, -0.13033], [-0.03507, -0.23839], [-0.01422, -0.3237], [-0.02085, -0.43934], [0.00664, -0.48009], [0.16682, -0.5], [0.18578, -0.47915], [0.24929, -0.24408], [0.27109, -0.11327], [0.19242, -0.40711], [0.109, -0.4109], [0.09668, -0.48863], [-0.01137, -0.43365], [-0.00474, -0.3218], [-0.03791, -0.20427], [-0.09763, -0.1237], [-0.15829, -0.12275], [-0.21137, -0.31422], [-0.42085, -0.20427], [-0.40474, -0.06872], [-0.18389, 0.46967], [-0.01517, 0.49052], [0.09668, 0.36256], [0.16209, 0.23081], [0.01991, 0.15782], [0.08626, 0.08294], [0.19905, 0.07915], [0.18578, 0.22322], [0.2891, 0.24313], [0.35545, 0.11517], [0.31659, 0.23934], [0.17156, 0.2346], [0.10047, 0.37488], [-0.00758, 0.5], [-0.19242, 0.4763]]}