{"rank": 71, "source": "049_1596462082266-WK74R3QGQT01SCMWP9FR.jpg", "category": "elephant", "n_points": 39, "bbox_aspect": 0.7847469707769066, "area_frac": 0.03982198950803027, "score": -0.17377438895251415, "coords": [[-0.07448, 0.5], [-0.1422, 0.41661], [-0.2598, 0.3995], [-0.35959, 0.28403], [-0.39166, 0.19708], [-0.18496, 0.02887], [-0.38453, 0.21989], [-0.35246, 0.27976], [-0.25339, 0.3938], [-0.13792, 0.40948], [-0.07306, 0.49002], [0.02744, 0.42872], [0.19351, 0.29045], [0.24626, 0.17284], [0.24483, 0.13008], [0.16215, 0.16215], [0.12651, 0.11297], [0.20848, 0.08304], [0.24483, 0.11511], [0.24056, -0.08375], [0.2598, -0.14576], [0.17783, -0.13721], [0.09373, -0.07234], [0.08446, -0.1201], [0.28261, -0.1593], [0.21775, -0.22559], [0.28617, -0.32038], [0.26194, -0.45795], [0.29544, -0.5], [0.35531, -0.45795], [0.38097, -0.36743], [0.37954, -0.27762], [0.31041, -0.20492], [0.39237, -0.14647], [0.27548, -0.15075], [0.2484, -0.0809], [0.2541, 0.17641], [0.20135, 0.29401], [0.09515, 0.39095], [-0.07448, 0.5]]}