{"rank": 72, "source": "026_1613408156855-3TXE3QU1KXJKDYA80171.jpg", "category": "elephant", "n_points": 31, "bbox_aspect": 0.9817893903404592, "area_frac": 0.01988165791447862, "score": -0.19660554277396328, "coords": [[0.48377, 0.39311], [0.34679, 0.3171], [0.43468, 0.33531], [0.29058, 0.2601], [0.30404, 0.23001], [0.23911, 0.14529], [0.38005, 0.0384], [0.32304, -0.03127], [0.23911, -0.0384], [0.0966, -0.2118], [0.02375, -0.22447], [0.06572, -0.33135], [0.01504, -0.36698], [-0.05305, -0.35827], [-0.00633, -0.40974], [-0.07838, -0.49208], [-0.17973, -0.36857], [-0.25812, -0.30602], [-0.08155, -0.5], [-0.03405, -0.48892], [0.01425, -0.37569], [0.07522, -0.33135], [0.03088, -0.22842], [0.10055, -0.21892], [0.24624, -0.04315], [0.32542, -0.03998], [0.38717, 0.04394], [0.24466, 0.15796], [0.31433, 0.22922], [0.30404, 0.26326], [0.49089, 0.35748], [0.48377, 0.39311]]}