{"rank": 73, "source": "073_1590154637979-ETYXK1KLFU0AY71IMWCB.jpg", "category": "elephant", "n_points": 54, "bbox_aspect": 0.8854679802955665, "area_frac": 0.032234277169719855, "score": -0.23227219032497176, "coords": [[0.28756, 0.42118], [0.40209, 0.2303], [0.43411, 0.05172], [0.31712, -0.12069], [0.23707, -0.11946], [0.04002, -0.01478], [-0.03756, -0.09975], [-0.17057, -0.13793], [-0.11145, 0.16379], [-0.06466, 0.25739], [-0.1484, 0.27094], [-0.18534, 0.16872], [-0.12007, 0.1564], [-0.11145, 0.09606], [-0.16933, -0.04557], [-0.25185, -0.16749], [-0.29741, -0.367], [-0.19027, -0.41256], [-0.14224, -0.37808], [-0.16318, -0.48522], [-0.27648, -0.46552], [-0.34421, -0.48399], [-0.43411, -0.32759], [-0.36268, -0.07266], [-0.36022, 0.05419], [-0.31589, 0.07389], [-0.36145, 0.22291], [-0.35283, 0.27709], [-0.19273, 0.47906], [0.04249, 0.45197], [0.03633, 0.28079], [0.06342, 0.49261], [0.04126, 0.46059], [-0.19889, 0.48645], [-0.35899, 0.28448], [-0.33929, 0.10468], [-0.37131, 0.0468], [-0.37254, -0.08621], [-0.44273, -0.32759], [-0.35037, -0.49015], [-0.28387, -0.47291], [-0.15209, -0.49015], [-0.13485, -0.37192], [-0.20382, -0.40887], [-0.28879, -0.367], [-0.24446, -0.17241], [-0.16318, -0.05419], [-0.18165, -0.1367], [-0.08929, -0.14655], [0.04372, -0.0234], [0.23337, -0.12931], [0.36392, -0.0936], [0.44273, 0.05172], [0.41071, 0.23153], [0.28756, 0.42118]]}