{"rank": 74, "source": "022_1619517536523-XFISCE72D940HLF6D6GZ.jpg", "category": "elephant", "n_points": 38, "bbox_aspect": 0.8136593591905565, "area_frac": 0.022501326928940604, "score": -0.2598720388142847, "coords": [[0.40177, 0.39123], [0.28035, 0.46543], [0.14966, 0.4747], [0.08895, 0.5], [-0.11931, 0.48145], [-0.19604, 0.43845], [-0.25927, 0.33474], [-0.33432, 0.26644], [-0.31155, 0.14081], [-0.37985, 0.0059], [-0.36467, -0.09781], [-0.30902, -0.33137], [-0.31745, -0.37437], [-0.39671, -0.43761], [-0.3613, -0.4511], [-0.27445, -0.39545], [-0.26939, -0.22681], [-0.22386, -0.15767], [-0.13449, -0.08516], [-0.15894, -0.05902], [-0.27192, -0.20067], [-0.28794, -0.39798], [-0.36804, -0.44351], [-0.29975, -0.33558], [-0.37057, -0.07083], [-0.36973, 0.00422], [-0.30143, 0.13744], [-0.3242, 0.26391], [-0.25, 0.33052], [-0.18676, 0.43423], [-0.11762, 0.47218], [0.08558, 0.49073], [0.17833, 0.45953], [0.27698, 0.45616], [0.3925, 0.38449], [0.39671, 0.32293], [0.36046, 0.29511], [0.3925, 0.25295], [0.40177, 0.39123]]}