{"rank": 75, "source": "053_1592913943220-OPNLDAZRWX200B7Z4VS5.jpg", "category": "elephant", "n_points": 39, "bbox_aspect": 0.5674822415153907, "area_frac": 0.05438573343983568, "score": -0.3132982408158996, "coords": [[0.23244, 0.5], [0.16377, 0.49763], [0.09826, 0.43923], [0.25138, 0.26401], [0.19455, 0.21981], [0.2427, 0.14167], [0.20639, 0.0517], [0.1251, 0.04301], [0.14088, -0.04301], [0.06748, 0.00908], [-0.00908, 0.00908], [-0.05564, -0.0588], [-0.1322, -0.06196], [-0.24822, -0.1472], [-0.17877, -0.34294], [-0.18272, -0.27743], [-0.11957, -0.24428], [-0.0809, -0.2869], [-0.07853, -0.48027], [-0.06196, -0.3161], [-0.08879, -0.22455], [-0.03512, -0.18429], [0.00987, -0.25375], [0.05091, -0.43133], [0.02881, -0.25927], [-0.01066, -0.19929], [0.00987, -0.15114], [0.08169, -0.20718], [0.03749, -0.12983], [0.09984, -0.07616], [0.20324, -0.0367], [0.16851, 0.03197], [0.23639, 0.03591], [0.2135, 0.09747], [0.25375, 0.14404], [0.20639, 0.21744], [0.2648, 0.26401], [0.18982, 0.35241], [0.28374, 0.45975], [0.23244, 0.5]]}