{"rank": 76, "source": "078_1580981131069-ZMUUAN6AP5AFWRDI4HEI.jpg", "category": "elephant", "n_points": 44, "bbox_aspect": 0.722550953320184, "area_frac": 0.022717997651203758, "score": -0.35669971622659646, "coords": [[-0.21861, 0.5], [-0.13577, 0.46844], [-0.07068, 0.46844], [-0.04372, 0.4336], [0.04964, 0.40072], [0.06016, 0.36588], [0.15286, 0.37837], [0.21795, 0.28764], [0.29027, 0.21861], [0.33629, 0.1213], [0.33826, 0.00888], [0.31262, -0.09763], [0.35207, -0.30999], [0.33563, -0.49014], [0.28632, -0.48291], [0.30408, -0.43491], [0.28764, -0.29816], [0.27055, -0.27515], [0.15352, 0.01874], [0.17719, -0.10421], [0.15286, -0.14103], [0.03123, -0.05227], [-0.0069, -0.07594], [-0.17719, 0.03978], [-0.18047, 0.03057], [-0.00953, -0.08514], [0.02334, -0.05687], [0.1522, -0.15286], [0.18442, -0.11341], [0.16667, -0.02991], [0.28567, -0.33761], [0.27778, -0.48817], [0.34155, -0.5], [0.36128, -0.3146], [0.31986, -0.10026], [0.34681, 0.0069], [0.3455, 0.13445], [0.2975, 0.22189], [0.22255, 0.29487], [0.15746, 0.38692], [0.07462, 0.36391], [0.05753, 0.40598], [-0.0378, 0.43951], [-0.06476, 0.47567], [-0.21861, 0.5]]}