{"rank": 77, "source": "065_1590154696344-KIE7W5LHP6DKHU4KDWQT.jpg", "category": "elephant", "n_points": 39, "bbox_aspect": 0.6844621513944223, "area_frac": 0.02392485323366127, "score": -0.36486679694002155, "coords": [[-0.24821, 0.5], [-0.27769, 0.45538], [-0.34223, 0.29602], [-0.30876, 0.14861], [-0.19004, -0.1008], [-0.13984, -0.14542], [-0.0761, -0.23546], [-0.03785, -0.24502], [0.00598, -0.19084], [0.07131, -0.21633], [0.09761, -0.11673], [0.05378, -0.19482], [0.00199, -0.18367], [-0.04263, -0.23865], [-0.07131, -0.22669], [-0.13586, -0.13745], [-0.18207, -0.09841], [-0.2992, 0.15259], [-0.31992, 0.24741], [-0.17968, 0.2506], [-0.21315, 0.26494], [-0.33347, 0.25777], [-0.33028, 0.31275], [-0.25219, 0.48645], [-0.13506, 0.44263], [0.03068, 0.31355], [0.12789, 0.3008], [0.2004, 0.27371], [0.2761, 0.20916], [0.31355, 0.1], [0.14701, 0.1239], [0.13426, 0.07371], [0.33187, 0.08805], [0.29442, 0.1494], [0.28406, 0.21155], [0.23785, 0.25697], [0.12629, 0.30956], [0.03386, 0.32072], [-0.12709, 0.44741], [-0.24821, 0.5]]}