{"rank": 78, "source": "036_1609167503008-58DW4POMFJNEDJZ5KXPZ.jpg", "category": "elephant", "n_points": 38, "bbox_aspect": 0.7134453781512605, "area_frac": 0.013927918983320095, "score": -0.4033176315908878, "coords": [[0.33571, 0.44454], [0.29874, 0.44454], [0.21218, 0.48824], [0.14916, 0.5], [0.03151, 0.48739], [-0.01134, 0.44958], [-0.09034, 0.43613], [-0.13908, 0.39832], [-0.22479, 0.36387], [-0.26345, 0.28739], [-0.33571, 0.08151], [-0.33739, -0.04202], [-0.35672, -0.16975], [-0.32395, -0.27983], [-0.20126, -0.5], [-0.17185, -0.48655], [-0.14916, -0.42437], [-0.20462, -0.34538], [-0.27437, -0.17143], [-0.2021, -0.00924], [-0.20798, -0.00336], [-0.28277, -0.17227], [-0.21218, -0.3479], [-0.15756, -0.42605], [-0.19622, -0.4916], [-0.31471, -0.28067], [-0.34916, -0.16807], [-0.32983, -0.04538], [-0.33571, 0.04118], [-0.28445, 0.21176], [-0.21891, 0.35798], [-0.13571, 0.39076], [-0.08866, 0.42857], [-0.00546, 0.4437], [0.03655, 0.48067], [0.14832, 0.49244], [0.2105, 0.48067], [0.29706, 0.43613], [0.33571, 0.44454]]}