{"rank": 79, "source": "062_1588687168993-I0CFQ10RAFLULJWNL08J.jpg", "category": "elephant", "n_points": 40, "bbox_aspect": 0.6390449438202247, "area_frac": 0.022271490959239963, "score": -0.41534796460212703, "coords": [[-0.17486, 0.5], [-0.13132, 0.44593], [-0.0639, 0.4073], [-0.00843, 0.32444], [0.14115, 0.28371], [0.31039, 0.05267], [0.27458, -0.02317], [0.19663, -0.00211], [0.27458, -0.04284], [0.23104, -0.2191], [0.18188, -0.24719], [0.11657, -0.4073], [0.03862, -0.4698], [-0.03652, -0.48034], [0.03933, -0.38202], [0.10604, -0.18048], [0.02879, -0.14747], [-0.00632, -0.10463], [-0.07725, -0.0934], [-0.15379, -0.02317], [-0.05197, 0.06601], [-0.05969, 0.07865], [-0.16854, -0.01966], [-0.08427, -0.09902], [-0.01124, -0.11166], [0.02388, -0.15449], [0.09831, -0.18399], [0.02949, -0.38272], [-0.05758, -0.47191], [0.04565, -0.47612], [0.12149, -0.41573], [0.18961, -0.2514], [0.23666, -0.22612], [0.26615, -0.17626], [0.2809, -0.03371], [0.31952, 0.05126], [0.14537, 0.29143], [0.09972, 0.29354], [-0.00492, 0.33216], [-0.06039, 0.41573], [-0.17486, 0.5]]}