{"rank": 0, "key_id": "4557544003469312", "category": "dragon", "n_points": 35, "bbox_aspect": 1.401098901098901, "n_extensions_spliced": 2, "main_perimeter_px": 806.859806833775, "score": 0.9911174316443742, "coords": [[0.11176, -0.16471], [0.16275, 0.13333], [0.2098, 0.31765], [0.21765, 0.26667], [0.29608, 0.30196], [0.30784, 0.24706], [0.36667, 0.2549], [0.37843, 0.0902], [0.45294, 0.12941], [0.3549, -0.0], [0.4098, 0.00392], [0.41373, -0.04706], [0.34314, -0.10588], [0.22549, -0.14118], [0.20588, -0.12549], [-0.01765, -0.2902], [-0.11569, -0.32941], [-0.13137, -0.20784], [-0.25686, -0.35686], [-0.11569, -0.32941], [-0.01765, -0.2902], [0.20588, -0.12549], [0.17843, -0.10588], [0.39804, -0.12941], [0.44118, -0.16863], [0.37843, -0.18039], [0.36667, -0.12941], [0.44118, 0.00784], [0.33137, 0.03922], [0.5, 0.12549], [0.36667, 0.08627], [0.4098, 0.06275], [0.45294, -0.02353], [0.45294, -0.09804], [0.30784, -0.18824], [0.11176, -0.16471]]}