{"rank": 1, "key_id": "6069146385121280", "category": "dragon", "n_points": 35, "bbox_aspect": 1.3858695652173914, "n_extensions_spliced": 2, "main_perimeter_px": 772.617938740176, "score": 0.9845655523164261, "coords": [[-0.33529, -0.18824], [-0.26863, -0.2], [-0.13137, -0.12157], [-0.04902, 0.04314], [-0.00196, 0.07843], [0.09216, 0.09804], [0.20196, 0.06667], [0.23725, 0.06667], [0.28039, 0.10196], [0.31569, 0.14902], [0.31569, 0.18431], [0.42549, 0.23922], [0.47647, 0.16863], [0.5, 0.10196], [0.44118, 0.08627], [0.3549, 0.02745], [0.34706, -0.16863], [0.27647, -0.30196], [0.24118, -0.29804], [0.23725, -0.18824], [0.22157, -0.18431], [0.18235, -0.29412], [0.15882, -0.32157], [0.14314, -0.31373], [0.11961, -0.21176], [0.06471, -0.33333], [-0.13922, -0.36078], [-0.23725, -0.35686], [-0.33137, -0.31765], [-0.33529, -0.26275], [-0.3902, -0.10196], [-0.39412, -0.16471], [-0.37843, -0.17647], [-0.31176, -0.17255], [-0.28039, -0.19608], [-0.33529, -0.18824]]}