{"rank": 2, "key_id": "6636349295689728", "category": "dragon", "n_points": 35, "bbox_aspect": 1.4293785310734464, "n_extensions_spliced": 2, "main_perimeter_px": 659.9043400568406, "score": 0.9771294029939319, "coords": [[-0.25099, -0.12055], [-0.36561, -0.15613], [-0.46047, -0.22332], [-0.5, -0.29447], [-0.48024, -0.3498], [-0.37352, -0.3498], [-0.2747, -0.32609], [-0.21542, -0.29051], [-0.21542, -0.32213], [-0.16798, -0.32609], [-0.08498, -0.27075], [-0.05336, -0.31818], [0.00198, -0.30632], [0.01383, -0.19565], [0.11265, -0.32609], [0.22332, -0.33004], [0.25889, -0.30632], [0.28656, -0.24308], [0.32213, -0.32213], [0.36166, -0.32213], [0.38538, -0.29051], [0.40119, -0.31423], [0.44466, -0.31423], [0.46838, -0.24704], [0.36166, -0.15613], [0.3419, -0.10474], [0.33794, -0.03755], [0.36957, 0.04545], [0.42885, 0.1166], [0.5, 0.2668], [0.5, 0.33399], [0.47628, 0.3498], [0.38538, 0.33794], [0.32609, 0.29051], [0.2747, 0.21146], [-0.25099, -0.12055]]}