{"rank": 3, "key_id": "5948840257519616", "category": "dragon", "n_points": 35, "bbox_aspect": 1.3492063492063493, "n_extensions_spliced": 2, "main_perimeter_px": 735.2497476143054, "score": 0.9657976721009663, "coords": [[0.32353, -0.16667], [0.31569, -0.16275], [0.39804, -0.10392], [0.31961, -0.16667], [0.22941, -0.12745], [0.17843, -0.08039], [0.1549, -0.0098], [0.15098, 0.14314], [0.09608, 0.30784], [0.02941, 0.36275], [-0.06471, 0.37059], [-0.1549, 0.32353], [-0.28824, 0.27255], [-0.43725, 0.26078], [-0.48039, 0.23333], [-0.5, 0.1549], [-0.42941, 0.10784], [-0.33922, 0.08824], [-0.2451, 0.08824], [-0.13922, 0.12353], [-0.10392, 0.11961], [-0.07647, 0.07647], [-0.08039, 0.03333], [-0.20588, -0.01373], [-0.2451, -0.04118], [-0.27647, -0.09608], [-0.26863, -0.11961], [-0.18235, -0.11961], [-0.08824, -0.07647], [-0.02941, -0.06471], [0.10784, -0.24118], [0.18627, -0.31176], [0.31569, -0.36275], [0.40588, -0.37059], [0.40588, -0.35882], [0.32353, -0.16667]]}