{"rank": 4, "key_id": "6089487601893376", "category": "dragon", "n_points": 35, "bbox_aspect": 1.4619883040935673, "n_extensions_spliced": 2, "main_perimeter_px": 670.6337120238534, "score": 0.9613390793498051, "coords": [[0.384, 0.066], [0.348, 0.046], [0.312, 0.046], [0.192, 0.114], [0.128, 0.122], [0.084, 0.106], [-0.016, 0.042], [-0.1, 0.034], [-0.324, 0.126], [-0.396, 0.21], [-0.464, 0.23], [-0.484, 0.214], [-0.468, 0.186], [-0.5, 0.158], [-0.5, 0.09], [-0.404, 0.074], [-0.368, 0.054], [-0.328, -0.002], [-0.304, -0.078], [-0.24, -0.146], [-0.212, -0.162], [-0.072, -0.178], [-0.04, -0.15], [0.028, -0.17], [0.092, -0.142], [0.192, -0.062], [0.264, -0.038], [0.384, -0.026], [0.436, -0.01], [0.476, 0.022], [0.496, 0.058], [0.5, 0.114], [0.484, 0.162], [0.344, 0.058], [0.26, 0.042], [0.384, 0.066]]}