{"rank": 5, "key_id": "4969653749153792", "category": "dragon", "n_points": 35, "bbox_aspect": 1.4655172413793103, "n_extensions_spliced": 2, "main_perimeter_px": 550.541519003455, "score": 0.9596514601407877, "coords": [[-0.40588, -0.10588], [-0.4451, -0.11765], [-0.49216, -0.17255], [-0.5, -0.24706], [-0.48824, -0.27843], [-0.44902, -0.30196], [-0.39412, -0.30588], [-0.36667, -0.29412], [-0.33922, -0.2549], [-0.31961, -0.30196], [-0.28431, -0.34118], [-0.2098, -0.34118], [-0.18627, -0.32157], [-0.17451, -0.28235], [-0.20196, -0.23529], [-0.10784, -0.28235], [-0.06863, -0.2902], [-0.04902, -0.27843], [-0.05294, -0.19216], [-0.1, -0.12941], [-0.15882, -0.13333], [-0.16275, -0.07059], [-0.12353, -0.04314], [-0.05686, -0.0549], [-0.01765, -0.02353], [0.01373, 0.07843], [-0.0098, 0.16471], [-0.1549, 0.17255], [-0.1902, 0.16078], [-0.25686, 0.08235], [-0.26078, 0.02745], [-0.24902, -0.0], [-0.3902, -0.03922], [-0.43725, -0.07451], [-0.46863, -0.12157], [-0.40588, -0.10588]]}