{"rank": 6, "key_id": "6234245464850432", "category": "dragon", "n_points": 35, "bbox_aspect": 1.3350785340314135, "n_extensions_spliced": 2, "main_perimeter_px": 663.6149464035717, "score": 0.9584291830100751, "coords": [[-0.31176, 0.08431], [-0.29608, 0.08824], [-0.24902, 0.03333], [-0.14314, -0.18627], [-0.18235, -0.26078], [-0.16667, -0.32353], [-0.17451, -0.37451], [-0.06471, -0.3549], [-0.08039, -0.31569], [-0.08431, -0.17451], [-0.08039, -0.19412], [-0.0451, -0.22157], [0.11961, -0.23333], [0.09608, -0.36275], [0.22549, -0.37059], [0.3, -0.35882], [0.26863, -0.31961], [0.26863, -0.18235], [0.28039, -0.17843], [0.28431, -0.21373], [0.34706, -0.27255], [0.36275, -0.31961], [0.39804, -0.33922], [0.45686, -0.33922], [0.46471, -0.32745], [0.5, -0.1902], [0.5, -0.17843], [0.43333, -0.1549], [0.32745, -0.1549], [0.28431, -0.13137], [0.26471, -0.09216], [0.26471, 0.00588], [0.28039, 0.06078], [0.17451, 0.05686], [0.19412, 0.09216], [-0.31176, 0.08431]]}