{"rank": 7, "key_id": "6516003708076032", "category": "dragon", "n_points": 35, "bbox_aspect": 1.3350785340314135, "n_extensions_spliced": 2, "main_perimeter_px": 707.0674602220096, "score": 0.9584291830100751, "coords": [[0.05686, 0.37451], [-0.02157, 0.32745], [-0.09608, 0.25686], [-0.13529, 0.14706], [-0.24118, 0.02157], [-0.36667, -0.02549], [-0.44902, -0.08039], [-0.4451, -0.05686], [-0.49608, -0.15098], [-0.5, -0.23725], [-0.4451, -0.29216], [-0.32353, -0.31961], [-0.30392, -0.31961], [-0.23333, -0.2451], [-0.17059, -0.37451], [-0.06863, -0.26863], [-0.06078, -0.31569], [-0.04118, -0.33529], [-0.02157, -0.31176], [-0.00588, -0.32353], [0.03333, -0.31961], [0.11569, -0.26078], [0.15882, -0.33529], [0.19412, -0.33529], [0.21765, -0.28039], [0.21765, -0.12353], [0.17059, -0.04118], [0.06078, 0.07255], [0.03333, 0.13922], [0.03725, 0.20588], [0.06078, 0.25294], [0.15098, 0.30784], [0.15882, 0.32353], [0.13529, 0.33922], [0.06078, 0.34706], [0.05686, 0.37451]]}