{"rank": 8, "key_id": "5103196026437632", "category": "dragon", "n_points": 31, "bbox_aspect": 1.401098901098901, "n_extensions_spliced": 2, "main_perimeter_px": 718.8325317389256, "score": 0.9577840983110408, "coords": [[0.28824, -0.0], [0.3549, 0.00784], [0.42549, 0.05098], [0.49608, 0.12549], [0.5, 0.13725], [0.48431, 0.15294], [0.3902, 0.19608], [0.24902, 0.20784], [-0.04118, 0.28235], [-0.11176, 0.28235], [-0.12353, 0.3098], [-0.16667, 0.24314], [-0.19412, 0.18431], [-0.21765, -0.03922], [-0.2451, -0.12941], [-0.33137, -0.22353], [-0.5, -0.20784], [-0.47255, -0.26667], [-0.45686, -0.28235], [-0.26863, -0.35686], [-0.1549, -0.34118], [-0.11176, -0.31373], [-0.08824, -0.27451], [-0.06863, -0.2], [-0.04118, 0.01176], [0.00588, 0.08627], [0.05686, 0.12157], [0.08824, 0.12157], [0.1549, 0.08235], [0.21765, 0.02353], [0.24902, 0.02353], [0.28824, -0.0]]}