{"rank": 9, "key_id": "4774909597188096", "category": "dragon", "n_points": 35, "bbox_aspect": 1.4709302325581395, "n_extensions_spliced": 2, "main_perimeter_px": 865.4917333070144, "score": 0.9570707239616687, "coords": [[-0.3419, 0.18972], [-0.25494, 0.13439], [-0.44071, -0.01976], [-0.49209, -0.16206], [-0.5, -0.2332], [-0.43676, -0.20158], [-0.28656, -0.00791], [-0.2668, -0.05929], [-0.25099, -0.31621], [-0.23123, -0.32806], [-0.17984, -0.31225], [-0.14822, -0.25692], [-0.17194, -0.02767], [-0.13241, 0.01186], [-0.10079, -0.00791], [-0.07708, -0.05534], [-0.02174, -0.33597], [0.01383, -0.33992], [0.05731, -0.29644], [0.07708, -0.23715], [0.07312, -0.18182], [0.01383, -0.01581], [0.00593, 0.03953], [0.0336, 0.10672], [0.16403, 0.2253], [0.17984, 0.27273], [0.16403, 0.31225], [0.13636, 0.31621], [0.0415, 0.24506], [0.02174, 0.25692], [0.04941, 0.31621], [0.02174, 0.33202], [-0.1087, 0.28854], [-0.25099, 0.27668], [-0.32213, 0.23715], [-0.3419, 0.18972]]}