{"rank": 10, "key_id": "6357244184625152", "category": "dragon", "n_points": 34, "bbox_aspect": 1.3421052631578947, "n_extensions_spliced": 2, "main_perimeter_px": 866.7788666333576, "score": 0.9537703987970422, "coords": [[0.32745, 0.2902], [0.32353, 0.29804], [0.26078, 0.30196], [0.21373, 0.29412], [0.22549, 0.25882], [0.32353, 0.2], [0.33137, 0.18039], [0.27647, 0.1451], [0.17843, 0.11373], [0.20588, 0.06667], [0.25686, 0.06667], [0.19412, 0.04314], [0.03333, -0.01569], [0.21765, -0.07059], [-0.04118, -0.08235], [0.05686, -0.12549], [0.06471, -0.13725], [0.05686, -0.1451], [-0.27647, -0.2], [-0.10784, -0.20784], [-0.23725, -0.21961], [-0.45686, -0.28235], [-0.37059, -0.2902], [-0.35098, -0.3098], [-0.5, -0.34902], [-0.31569, -0.37255], [-0.22941, -0.37255], [-0.09608, -0.2549], [-0.08039, -0.27059], [0.09216, -0.3098], [0.04902, -0.26275], [0.11176, -0.24706], [0.25294, -0.24314], [0.3, -0.22353], [0.32745, 0.2902]]}