{"rank": 11, "key_id": "6035602828951552", "category": "dragon", "n_points": 32, "bbox_aspect": 1.4325842696629214, "n_extensions_spliced": 2, "main_perimeter_px": 457.50905772501005, "score": 0.950561235895077, "coords": [[0.1, 0.1098], [0.12745, 0.12549], [0.13529, 0.08627], [0.28039, 0.28235], [0.27647, 0.32157], [0.2451, 0.32549], [0.27255, 0.34902], [0.3, 0.32549], [0.33922, 0.3098], [0.34706, 0.26275], [0.47647, 0.18824], [0.5, 0.14118], [0.5, 0.09412], [0.45294, 0.04314], [0.36667, 0.05882], [0.39412, 0.01176], [0.39412, -0.03137], [0.38235, -0.04314], [0.34314, -0.03137], [0.28039, 0.03529], [0.23333, 0.03137], [0.21765, 0.01569], [0.21765, -0.02353], [0.28039, -0.10588], [0.28039, -0.11765], [0.15882, -0.12157], [0.11569, -0.06667], [0.09216, -0.06275], [0.06078, -0.18824], [0.03333, -0.20784], [-0.02157, -0.21176], [-0.12745, -0.2], [0.1, 0.1098]]}