{"rank": 12, "key_id": "4915784595800064", "category": "dragon", "n_points": 35, "bbox_aspect": 1.3076923076923077, "n_extensions_spliced": 2, "main_perimeter_px": 900.3866053411962, "score": 0.9439208916480932, "coords": [[-0.06471, 0.22941], [-0.05686, 0.27647], [0.01373, 0.31176], [0.09608, 0.23725], [0.13137, 0.11176], [0.11569, -0.03725], [0.13529, -0.12745], [0.17843, -0.17059], [0.29216, -0.17451], [0.37451, -0.10392], [0.40588, -0.00588], [0.32745, 0.25294], [0.32745, 0.33137], [0.37059, 0.36667], [0.49216, 0.38235], [0.43333, 0.24902], [0.5, 0.20196], [0.44902, 0.13137], [0.49608, 0.06078], [0.46471, -0.01765], [0.47647, -0.07647], [0.4451, -0.19804], [0.38235, -0.26863], [0.30784, -0.27647], [0.30392, -0.33922], [0.19412, -0.37451], [0.22549, -0.32745], [0.10392, -0.29608], [0.00588, -0.38235], [-0.08039, -0.38235], [-0.08824, -0.34314], [-0.0098, -0.29608], [-0.08824, -0.26471], [-0.08824, -0.12745], [-0.17451, 0.07255], [-0.06471, 0.22941]]}