{"rank": 13, "key_id": "5196044495224832", "category": "dragon", "n_points": 30, "bbox_aspect": 1.3858695652173914, "n_extensions_spliced": 2, "main_perimeter_px": 517.9222724430897, "score": 0.9428988856497593, "coords": [[0.17059, 0.21569], [0.13529, 0.28235], [0.08039, 0.33725], [0.11176, 0.31765], [-0.0098, 0.36078], [-0.06078, 0.34902], [-0.13137, 0.29804], [-0.18627, 0.18039], [-0.33529, 0.05098], [-0.40196, -0.03922], [-0.40196, -0.05882], [-0.38235, -0.07843], [-0.3, -0.09804], [-0.28431, -0.06275], [-0.24902, -0.06275], [-0.16275, -0.00784], [-0.11569, -0.00392], [-0.1, -0.01176], [-0.08039, -0.04314], [-0.10392, -0.11373], [-0.17451, -0.16471], [-0.27647, -0.20392], [-0.24118, -0.16078], [-0.28039, -0.21961], [-0.26471, -0.23137], [-0.19412, -0.26667], [-0.10392, -0.24706], [0.06471, -0.15686], [0.13529, -0.15686], [0.18235, -0.18824], [0.17059, 0.21569]]}