{"rank": 14, "key_id": "4545847532453888", "category": "dragon", "n_points": 35, "bbox_aspect": 1.5029585798816567, "n_extensions_spliced": 2, "main_perimeter_px": 809.1849592531347, "score": 0.9419923458346916, "coords": [[0.03937, 0.0689], [-0.09055, 0.15945], [-0.26772, 0.30512], [-0.35433, 0.32874], [-0.43307, 0.30512], [-0.5, 0.24213], [-0.5, 0.19882], [-0.3937, 0.20669], [-0.31102, 0.19488], [-0.30315, 0.18307], [-0.3189, 0.15945], [-0.38976, 0.13189], [-0.42913, 0.10039], [-0.31102, 0.11614], [-0.24803, 0.1122], [-0.21654, 0.08465], [-0.17717, -0.0374], [-0.08268, -0.1437], [0.04331, -0.21457], [0.01969, -0.19882], [0.18504, -0.22244], [0.20866, -0.21063], [0.32677, -0.18701], [0.37008, -0.15157], [0.4252, -0.07677], [0.47638, 0.04528], [0.5, 0.17126], [0.49213, 0.28937], [0.47244, 0.33268], [0.39764, 0.23819], [0.33071, 0.13583], [0.24803, 0.06102], [0.09843, 0.02165], [0.05512, 0.04134], [0.00787, 0.09646], [0.03937, 0.0689]]}