{"rank": 15, "key_id": "6272554073325568", "category": "dragon", "n_points": 35, "bbox_aspect": 1.3010204081632653, "n_extensions_spliced": 2, "main_perimeter_px": 885.7099189435382, "score": 0.9403403211813539, "coords": [[0.03333, 0.13725], [0.04902, 0.07451], [0.02157, -0.00784], [-0.01765, -0.06275], [-0.13922, -0.13725], [-0.14706, -0.18431], [-0.03725, -0.24706], [0.10784, -0.2902], [0.2451, -0.29804], [0.31961, -0.26667], [0.36275, -0.22745], [0.39412, -0.16471], [0.40196, -0.05882], [0.33922, 0.03529], [0.23725, 0.09412], [0.37451, 0.14118], [0.39412, 0.03137], [0.46863, -0.01961], [0.5, -0.09804], [0.49216, -0.26275], [0.44118, -0.33725], [0.39804, -0.36078], [0.20588, -0.38431], [0.01765, -0.35294], [-0.07255, -0.31765], [-0.1902, -0.21961], [-0.2098, -0.12941], [-0.16275, -0.04706], [-0.08824, 0.00392], [-0.03333, 0.09412], [-0.0451, 0.13333], [-0.15098, 0.1451], [-0.15882, 0.30196], [-0.28824, 0.08235], [-0.31569, 0.05098], [0.03333, 0.13725]]}