{"rank": 16, "key_id": "4926432100745216", "category": "dragon", "n_points": 32, "bbox_aspect": 1.457142857142857, "n_extensions_spliced": 2, "main_perimeter_px": 874.3280879225413, "score": 0.9386629324370773, "coords": [[-0.46471, 0.02941], [-0.39412, 0.14314], [-0.37059, 0.03333], [-0.30784, -0.06863], [-0.31569, -0.02941], [-0.22549, 0.13529], [-0.16667, -0.0098], [-0.12745, -0.06471], [-0.00588, 0.25294], [0.02157, 0.12353], [0.06471, 0.01373], [0.08824, 0.11569], [0.16667, 0.17843], [0.20588, 0.18235], [0.21765, 0.16667], [0.23333, 0.07647], [0.33529, 0.11176], [0.19804, 0.00196], [0.10784, -0.04902], [0.05686, -0.30392], [0.01765, -0.19412], [-0.00196, -0.25294], [-0.04118, -0.30392], [-0.15882, -0.34314], [-0.16667, -0.28824], [-0.19804, -0.20196], [-0.2098, -0.19804], [-0.3902, -0.22941], [-0.48039, -0.26863], [-0.49608, -0.20588], [-0.5, -0.08824], [-0.46078, 0.06471], [-0.46471, 0.02941]]}