{"rank": 17, "key_id": "5372275039666176", "category": "dragon", "n_points": 31, "bbox_aspect": 1.4406779661016949, "n_extensions_spliced": 2, "main_perimeter_px": 541.5581371743078, "score": 0.9382842301589646, "coords": [[-0.27647, 0.08039], [-0.33529, 0.09608], [-0.37843, 0.08824], [-0.41373, 0.03725], [-0.41765, -0.03333], [-0.39412, -0.06863], [-0.3, -0.08039], [-0.2451, -0.14314], [-0.24902, -0.09216], [-0.22157, -0.20588], [-0.22549, -0.33529], [-0.21373, -0.34706], [-0.01765, -0.33922], [0.08039, -0.26863], [0.09608, -0.23333], [0.08431, -0.09608], [0.02941, 0.04118], [-0.03725, 0.10392], [-0.10784, 0.12353], [-0.07647, 0.12353], [-0.25294, 0.28824], [-0.27255, 0.29216], [-0.28824, 0.28039], [-0.30784, 0.2451], [-0.31176, 0.20196], [-0.28039, 0.13922], [-0.22157, 0.11569], [-0.22157, 0.08431], [-0.25294, 0.06078], [-0.30784, 0.06078], [-0.33529, 0.09608], [-0.27647, 0.08039]]}