{"rank": 18, "key_id": "4838564435066880", "category": "dragon", "n_points": 36, "bbox_aspect": 1.2763819095477387, "n_extensions_spliced": 2, "main_perimeter_px": 782.9134236959029, "score": 0.9352900439709819, "coords": [[0.17323, -0.00197], [0.23622, 0.0689], [0.37795, 0.12402], [0.47244, 0.11614], [0.5, 0.0689], [0.49606, 0.00984], [0.46457, -0.02953], [0.32677, -0.1122], [0.30315, -0.25787], [0.26772, -0.29331], [0.22835, -0.2815], [0.24016, -0.12402], [0.24016, -0.23031], [0.21654, -0.30512], [0.16142, -0.29331], [0.11811, -0.18307], [0.09055, -0.16732], [-0.02362, -0.21457], [-0.13386, -0.24213], [-0.2126, -0.34843], [-0.25197, -0.34449], [-0.26378, -0.27756], [-0.29134, -0.34449], [-0.31496, -0.34843], [-0.32283, -0.25787], [-0.40157, -0.25], [-0.45276, -0.30118], [-0.44882, -0.36024], [-0.40945, -0.37992], [-0.26772, -0.39173], [-0.43701, -0.3878], [-0.5, -0.32087], [-0.49606, -0.24213], [-0.44094, -0.19488], [-0.30315, -0.16339], [-0.29134, -0.19882], [0.17323, -0.00197]]}