{"rank": 19, "key_id": "6185535305416704", "category": "dragon", "n_points": 35, "bbox_aspect": 1.5178571428571428, "n_extensions_spliced": 2, "main_perimeter_px": 479.40170567435683, "score": 0.9350875362728986, "coords": [[-0.06471, 0.14118], [0.11176, 0.19216], [0.37843, 0.20784], [0.35882, 0.13333], [0.44118, 0.12549], [0.31569, 0.05882], [0.48039, 0.02745], [0.5, -0.03137], [0.29216, 0.00392], [0.33529, -0.07451], [0.3, -0.12941], [0.09216, -0.14902], [-0.00196, -0.13333], [-0.4098, -0.28627], [-0.20588, -0.32941], [-0.11961, -0.21569], [-0.10784, -0.07059], [-0.20196, -0.15686], [-0.2098, -0.06667], [-0.27255, -0.14902], [-0.27647, -0.03922], [-0.39804, -0.16863], [-0.42549, -0.07843], [-0.4451, 0.18431], [-0.5, -0.15294], [-0.42549, -0.07843], [-0.39804, -0.16863], [-0.27647, -0.03922], [-0.27255, -0.14902], [-0.2098, -0.06667], [-0.20196, -0.15686], [-0.10784, -0.07059], [-0.11961, -0.21569], [-0.20588, -0.32941], [-0.4098, -0.28627], [-0.06471, 0.14118]]}