{"rank": 20, "key_id": "6489454573256704", "category": "dragon", "n_points": 32, "bbox_aspect": 1.4655172413793103, "n_extensions_spliced": 2, "main_perimeter_px": 600.2709632422568, "score": 0.9346514601407877, "coords": [[-0.11961, -0.03922], [-0.05294, 0.03137], [0.13137, 0.10196], [0.17451, 0.10588], [0.22941, 0.0902], [0.28431, 0.04706], [0.26078, 0.06275], [0.28824, 0.01569], [0.21373, -0.02745], [0.2098, -0.04314], [0.14314, -0.08627], [0.04118, -0.12157], [-0.04902, -0.11765], [-0.13137, -0.08627], [-0.1549, -0.07059], [-0.1549, -0.05098], [-0.11569, -0.03922], [-0.14314, -0.02353], [-0.24902, -0.06275], [-0.32353, -0.10588], [-0.35098, -0.11373], [-0.39804, -0.11765], [-0.48039, -0.21961], [-0.5, -0.3098], [-0.47647, -0.33333], [-0.32745, -0.34118], [-0.22941, -0.34118], [-0.18235, -0.3098], [-0.03725, -0.26275], [0.00588, -0.23137], [0.12353, -0.08235], [0.13922, -0.04706], [-0.11961, -0.03922]]}