{"rank": 21, "key_id": "5739067226456064", "category": "dragon", "n_points": 38, "bbox_aspect": 1.3010204081632653, "n_extensions_spliced": 2, "main_perimeter_px": 481.34001092646093, "score": 0.9320069878480205, "coords": [[-0.12353, 0.33725], [-0.11569, 0.30196], [-0.00588, 0.38431], [0.14314, 0.36078], [0.31176, 0.27451], [0.37451, 0.23137], [0.43333, 0.16078], [0.5, -0.07059], [0.48431, -0.17647], [0.37843, -0.36078], [0.33137, -0.38431], [0.26471, -0.34118], [0.34314, -0.36863], [0.37843, -0.36078], [0.48431, -0.17647], [0.5, -0.07059], [0.43333, 0.16078], [0.37451, 0.23137], [0.31176, 0.27451], [0.14314, 0.36078], [-0.00588, 0.38431], [-0.11569, 0.30196], [-0.13922, 0.3451], [-0.25294, 0.35294], [-0.40196, 0.33725], [-0.5, 0.28627], [-0.37059, 0.27843], [-0.27647, 0.23529], [-0.36667, 0.21569], [-0.47647, 0.1451], [-0.38627, 0.13725], [-0.30784, 0.14902], [-0.22549, 0.12941], [-0.22549, -0.10196], [-0.16667, -0.2], [-0.03333, -0.27451], [0.07255, -0.27843], [0.2451, -0.32549], [-0.12353, 0.33725]]}