{"rank": 22, "key_id": "5724661235056640", "category": "dragon", "n_points": 35, "bbox_aspect": 1.2828282828282829, "n_extensions_spliced": 2, "main_perimeter_px": 730.0282174729651, "score": 0.9304831664586186, "coords": [[0.37008, 0.1811], [0.27559, 0.17717], [0.0748, 0.0748], [-0.09843, 0.05512], [-0.05118, -0.06299], [-0.16929, 0.07087], [-0.18898, 0.09055], [-0.23228, 0.17717], [-0.23622, 0.2874], [-0.26772, 0.30709], [-0.31102, 0.3189], [-0.36614, 0.31102], [-0.40551, 0.29528], [-0.42126, 0.24803], [-0.5, 0.21654], [-0.48031, 0.19685], [-0.43307, 0.20079], [-0.48031, 0.16929], [-0.48031, 0.14567], [-0.40945, 0.16142], [-0.35827, 0.04724], [-0.24803, -0.02756], [-0.20866, -0.1378], [-0.15748, -0.2126], [-0.09055, -0.23228], [-0.07087, -0.23622], [0.12205, -0.24803], [0.23622, -0.24803], [0.32283, -0.22835], [0.42913, -0.14961], [0.4685, -0.09449], [0.5, -0.00394], [0.5, 0.0748], [0.45276, 0.14173], [0.33858, 0.1811], [0.37008, 0.1811]]}