{"rank": 23, "key_id": "6218677047263232", "category": "dragon", "n_points": 35, "bbox_aspect": 1.2763819095477387, "n_extensions_spliced": 2, "main_perimeter_px": 735.5416890327045, "score": 0.9269567106376486, "coords": [[0.34252, 0.23819], [0.38976, 0.34055], [0.38189, 0.37598], [0.31102, 0.3248], [0.22441, 0.24213], [0.1811, 0.28937], [0.09449, 0.29724], [-0.06693, 0.25787], [-0.10236, 0.23425], [-0.24803, 0.39173], [-0.26378, 0.34843], [-0.25984, 0.28937], [-0.23228, 0.23425], [-0.18504, 0.17126], [-0.2126, 0.08071], [-0.20079, 0.01772], [-0.13386, -0.05315], [-0.04724, -0.07677], [0.03937, -0.19094], [-0.07087, -0.08465], [-0.05118, -0.15157], [-0.12205, -0.13583], [-0.17717, -0.25787], [-0.20866, -0.30512], [-0.18504, -0.34843], [-0.09449, -0.37598], [0.01575, -0.39173], [0.13386, -0.3878], [0.20472, -0.35236], [0.25197, -0.27362], [0.27165, -0.19882], [0.27165, -0.05709], [0.28346, -0.03346], [0.27953, 0.05315], [0.35827, 0.23031], [0.34252, 0.23819]]}