{"rank": 24, "key_id": "6485740160548864", "category": "dragon", "n_points": 35, "bbox_aspect": 1.536144578313253, "n_extensions_spliced": 2, "main_perimeter_px": 488.14778353835067, "score": 0.9267042025401977, "coords": [[-0.29608, 0.09804], [-0.40588, 0.14118], [-0.49608, 0.13333], [-0.49216, 0.11373], [-0.38627, 0.09804], [-0.28824, 0.10588], [-0.3, 0.18039], [-0.5, 0.2], [-0.29216, 0.19216], [-0.28824, 0.10588], [-0.38627, 0.09804], [-0.49216, 0.11373], [-0.49608, 0.13333], [-0.40588, 0.14118], [-0.36667, 0.09804], [-0.31176, 0.11373], [-0.30392, 0.02745], [-0.26863, -0.03137], [-0.17059, -0.08235], [-0.12353, -0.14902], [-0.10784, -0.29804], [-0.04118, -0.32549], [-0.01765, -0.24706], [-0.01373, -0.12549], [0.02941, -0.12941], [0.02941, -0.29804], [0.11569, -0.3098], [0.14314, -0.14902], [0.22941, -0.12941], [0.26471, -0.30588], [0.32745, -0.27843], [0.37059, -0.23137], [0.38627, -0.1451], [0.44118, -0.18039], [0.5, -0.28235], [-0.29608, 0.09804]]}