{"rank": 25, "key_id": "5892647791099904", "category": "dragon", "n_points": 35, "bbox_aspect": 1.275, "n_extensions_spliced": 2, "main_perimeter_px": 1003.8422106689992, "score": 0.9261984260590903, "coords": [[-0.1902, 0.11373], [-0.3549, 0.0902], [-0.40588, -0.00392], [-0.5, -0.07059], [-0.36667, -0.05098], [-0.28824, -0.06275], [-0.12745, -0.0], [-0.17451, -0.23529], [-0.13922, -0.29412], [-0.08431, -0.17255], [0.03725, -0.24314], [0.02157, -0.12549], [0.1549, -0.15294], [0.11569, -0.07059], [0.05294, -0.01569], [0.08039, 0.00392], [0.22549, -0.00784], [0.38627, -0.04706], [0.4098, -0.11765], [0.40196, -0.25098], [0.47255, -0.15686], [0.48039, -0.09412], [0.4098, 0.03529], [0.49216, 0.17255], [0.5, 0.27059], [0.46078, 0.28627], [0.31961, 0.13333], [0.26863, 0.17647], [0.1, 0.23922], [0.12353, 0.36471], [0.05686, 0.3451], [0.04118, 0.38431], [-0.11569, 0.38824], [-0.13529, 0.34902], [-0.16667, 0.14118], [-0.1902, 0.11373]]}