{"rank": 26, "key_id": "6382329901613056", "category": "dragon", "n_points": 33, "bbox_aspect": 1.5088757396449703, "n_extensions_spliced": 2, "main_perimeter_px": 671.9752799973862, "score": 0.9225751844701021, "coords": [[-0.12745, 0.19412], [-0.24118, 0.18235], [-0.25294, 0.11569], [-0.22157, 0.09608], [-0.17059, 0.11569], [-0.21765, 0.06863], [-0.21765, 0.03333], [-0.19804, 0.01765], [-0.15098, 0.01765], [-0.15882, 0.00588], [-0.10784, 0.03725], [-0.13137, -0.03725], [-0.19412, -0.09608], [-0.19412, -0.11569], [-0.14706, -0.21373], [-0.08824, -0.26863], [-0.02157, -0.3], [0.11569, -0.33137], [0.2098, -0.30392], [0.35882, -0.28824], [0.49608, -0.21765], [0.5, -0.17843], [0.48824, -0.17843], [0.31569, -0.18235], [0.15098, -0.02941], [-0.00588, 0.05686], [0.05686, -0.00588], [-0.0098, 0.32353], [-0.07255, 0.33137], [-0.11176, 0.30784], [-0.15098, 0.24118], [-0.15098, 0.19412], [-0.13922, 0.17451], [-0.12745, 0.19412]]}