{"rank": 27, "key_id": "4713624322965504", "category": "dragon", "n_points": 35, "bbox_aspect": 1.263681592039801, "n_extensions_spliced": 2, "main_perimeter_px": 771.374896071952, "score": 0.9199566523034403, "coords": [[0.07874, -0.03346], [0.22835, -0.02559], [0.36614, -0.04134], [0.38583, -0.10827], [0.3937, -0.19094], [0.35433, -0.39567], [0.30709, -0.33268], [0.27953, -0.21457], [0.25197, -0.3248], [0.22441, -0.30906], [0.08661, -0.30118], [0.03937, -0.27756], [0.00787, -0.24606], [-0.0315, -0.23031], [-0.20472, -0.22244], [-0.23228, -0.25787], [-0.25591, -0.36417], [-0.27165, -0.3563], [-0.29134, -0.23031], [-0.24016, -0.11614], [-0.24016, -0.04134], [-0.26378, 0.07677], [-0.29134, 0.09646], [-0.4685, 0.13189], [-0.49606, 0.15945], [-0.5, 0.2185], [-0.46457, 0.25], [-0.41339, 0.25787], [-0.37795, 0.23819], [-0.32283, 0.18701], [-0.15354, 0.14764], [-0.12205, 0.09646], [-0.11417, 0.02953], [-0.06693, 0.02559], [-0.05512, 0.1122], [0.07874, -0.03346]]}