{"rank": 28, "key_id": "6203985457315840", "category": "dragon", "n_points": 35, "bbox_aspect": 1.263681592039801, "n_extensions_spliced": 2, "main_perimeter_px": 813.083477808895, "score": 0.9199566523034403, "coords": [[-0.45276, 0.1752], [-0.49606, 0.11614], [-0.5, 0.08465], [-0.43701, 0.07283], [-0.37008, 0.12008], [-0.3189, 0.10039], [-0.27953, -0.08465], [-0.24016, -0.15945], [-0.18898, -0.22638], [-0.06299, -0.26969], [-0.05906, -0.29331], [-0.09843, -0.34449], [-0.09449, -0.39567], [-0.01969, -0.37992], [0.02362, -0.32087], [0.06299, -0.29331], [0.09055, -0.30512], [0.01181, -0.37992], [0.06693, -0.38386], [0.17717, -0.27362], [0.17717, -0.2185], [0.19685, -0.21063], [0.24409, -0.28937], [0.5, -0.35236], [0.45669, -0.25], [0.20079, -0.05315], [0.15748, -0.03346], [0.04724, -0.03346], [-0.20866, 0.09252], [-0.0315, 0.07283], [0.02756, 0.19094], [-0.09055, 0.08071], [-0.22047, 0.15551], [-0.27165, 0.21063], [-0.41732, 0.19488], [-0.45276, 0.1752]]}