{"rank": 29, "key_id": "5165116553166848", "category": "dragon", "n_points": 35, "bbox_aspect": 1.2623762376237624, "n_extensions_spliced": 2, "main_perimeter_px": 751.1330414828277, "score": 0.9192331944618727, "coords": [[-0.31176, -0.17255], [-0.31176, -0.14118], [-0.48431, -0.30196], [-0.5, -0.38824], [-0.42941, -0.39608], [-0.3549, -0.35686], [-0.29216, -0.30196], [-0.2451, -0.22353], [-0.19412, -0.22353], [-0.1, -0.3451], [-0.0451, -0.34118], [-0.0451, -0.2902], [-0.09216, -0.19216], [0.05294, -0.2549], [0.10784, -0.2549], [0.10784, -0.21176], [-0.00196, -0.12157], [0.12745, -0.0549], [0.17059, -0.11765], [0.24118, -0.14902], [0.24902, -0.07451], [0.22549, -0.03529], [0.29608, -0.07843], [0.30784, -0.00392], [0.27647, 0.03922], [0.29216, 0.1451], [0.34314, 0.1451], [0.45294, 0.18824], [0.5, 0.25098], [0.5, 0.32941], [0.44118, 0.39216], [0.35882, 0.39608], [0.31176, 0.36863], [0.26471, 0.31373], [0.23333, 0.21569], [-0.31176, -0.17255]]}