{"rank": 30, "key_id": "5367374314209280", "category": "dragon", "n_points": 31, "bbox_aspect": 1.3212435233160622, "n_extensions_spliced": 2, "main_perimeter_px": 917.6768950213071, "score": 0.9178041170759628, "coords": [[0.10392, 0.17059], [0.28431, 0.37843], [0.15098, 0.21765], [0.08039, 0.15882], [0.26863, 0.17059], [0.5, 0.13922], [0.17059, 0.10392], [0.10392, 0.10392], [0.07647, 0.12353], [0.04902, 0.09216], [0.04118, 0.1], [0.0451, 0.02157], [0.04902, 0.09216], [0.12353, 0.1549], [0.2451, 0.20196], [0.27255, 0.22549], [0.23333, 0.22941], [0.12353, 0.18235], [0.36275, 0.30784], [0.24902, 0.26078], [0.1549, 0.2098], [0.3, 0.27255], [0.35882, 0.27647], [0.37059, 0.26863], [0.35882, 0.25686], [0.23333, 0.21373], [0.1, 0.13922], [0.37843, 0.16667], [0.13137, 0.11176], [0.17843, 0.10392], [0.35098, 0.11569], [0.10392, 0.17059]]}