{"rank": 31, "key_id": "6707727394930688", "category": "dragon", "n_points": 35, "bbox_aspect": 1.5644171779141105, "n_extensions_spliced": 2, "main_perimeter_px": 663.4993887283406, "score": 0.9139378912553511, "coords": [[-0.05686, 0.17451], [-0.5, -0.15882], [-0.42549, -0.11569], [-0.37059, -0.05294], [-0.35098, 0.01373], [-0.33922, 0.18627], [-0.29608, 0.24902], [-0.1902, 0.30392], [-0.14706, 0.26863], [-0.08039, 0.31569], [-0.1902, 0.30392], [-0.29608, 0.24902], [-0.33922, 0.18627], [-0.35098, 0.01373], [-0.37059, -0.05294], [-0.42549, -0.11569], [-0.5, -0.15882], [0.00588, 0.1549], [0.08824, 0.16275], [0.14706, 0.19412], [0.29216, 0.31961], [0.29608, 0.29608], [0.18627, 0.15882], [0.5, 0.22157], [0.36667, 0.18235], [0.27647, 0.17843], [0.18235, 0.19804], [0.4098, 0.03725], [0.39804, 0.00588], [0.20588, 0.10784], [0.28824, -0.00196], [0.29608, -0.06471], [0.23725, -0.04902], [0.10784, 0.09216], [-0.02941, 0.13529], [-0.05686, 0.17451]]}