{"rank": 32, "key_id": "6142186716397568", "category": "dragon", "n_points": 35, "bbox_aspect": 1.5644171779141105, "n_extensions_spliced": 2, "main_perimeter_px": 822.8236250742295, "score": 0.9139378912553511, "coords": [[0.36275, 0.18235], [0.36667, 0.21765], [0.34706, 0.25686], [0.30392, 0.28824], [0.19804, 0.31569], [0.08431, 0.31961], [0.1549, 0.21373], [0.16667, 0.17843], [0.16275, 0.10784], [0.13529, 0.07255], [0.11176, 0.13137], [-0.1549, 0.28039], [-0.26471, 0.29608], [-0.34706, 0.23725], [-0.35098, 0.22157], [-0.47255, 0.22549], [-0.33922, 0.17843], [-0.31961, 0.1549], [-0.12353, -0.0098], [-0.03333, -0.06471], [-0.07255, -0.02941], [-0.15098, -0.00588], [-0.22941, -0.00588], [-0.29608, -0.03333], [-0.32353, -0.1], [-0.30784, -0.20196], [-0.29216, -0.23725], [-0.25294, -0.27255], [-0.1549, -0.30392], [0.15882, -0.31961], [0.22157, -0.31176], [0.1902, -0.21765], [0.09608, -0.13529], [0.37451, -0.2451], [0.38627, -0.23333], [0.36275, 0.18235]]}