{"rank": 33, "key_id": "5720016550887424", "category": "dragon", "n_points": 35, "bbox_aspect": 1.5644171779141105, "n_extensions_spliced": 2, "main_perimeter_px": 1031.0610201585316, "score": 0.9139378912553511, "coords": [[-0.19412, 0.00196], [-0.12745, 0.03333], [0.05294, -0.01765], [0.26078, 0.12353], [0.32745, 0.14706], [0.40196, 0.13137], [0.41765, 0.03333], [0.38235, 0.01373], [0.41373, -0.16275], [0.5, -0.1902], [0.39804, -0.2451], [0.32353, -0.0451], [0.24118, -0.06863], [0.28431, -0.1], [0.38627, -0.25294], [0.29216, -0.25294], [0.28824, -0.19804], [0.22549, -0.06471], [0.17059, -0.11569], [0.06863, -0.11569], [-0.01765, -0.08824], [-0.04118, -0.12745], [-0.02549, -0.28824], [-0.0451, -0.31176], [-0.08431, -0.20196], [-0.06863, -0.09608], [-0.11569, -0.17843], [-0.11569, -0.31569], [-0.1549, -0.24118], [-0.18235, -0.06078], [-0.26471, -0.08824], [-0.35882, -0.17451], [-0.5, -0.1902], [-0.30784, -0.09216], [-0.22941, 0.00588], [-0.19412, 0.00196]]}