{"rank": 34, "key_id": "5830430093737984", "category": "dragon", "n_points": 33, "bbox_aspect": 1.5301204819277108, "n_extensions_spliced": 2, "main_perimeter_px": 645.152321521573, "score": 0.9127880305714536, "coords": [[-0.33858, 0.16535], [-0.33858, 0.17323], [-0.33071, 0.18504], [-0.27953, 0.20079], [-0.18898, 0.20079], [-0.14567, 0.1811], [-0.11811, 0.12205], [-0.1063, -0.00787], [-0.1063, -0.02362], [-0.07874, -0.08268], [-0.0315, -0.14961], [0.02756, -0.17717], [0.19685, -0.19291], [0.24803, -0.18504], [0.33071, -0.14173], [0.3937, -0.07874], [0.42126, -0.01575], [0.40551, 0.05906], [0.35433, 0.11417], [0.38976, 0.10236], [0.45276, 0.03937], [0.49606, -0.03937], [0.5, -0.12205], [0.47638, -0.1811], [0.44094, -0.21654], [0.37402, -0.25984], [0.25591, -0.30315], [0.14961, -0.32677], [0.07087, -0.3189], [-0.00787, -0.29528], [-0.18504, -0.20866], [-0.22441, -0.16535], [-0.29134, -0.04724], [-0.33858, 0.16535]]}