{"rank": 35, "key_id": "4907447909089280", "category": "dragon", "n_points": 35, "bbox_aspect": 1.25, "n_extensions_spliced": 2, "main_perimeter_px": 896.8995148605218, "score": 0.9123365869517646, "coords": [[0.21765, 0.27843], [0.30392, 0.28235], [0.31961, 0.25882], [0.27647, 0.15686], [0.23725, 0.11765], [0.14706, -0.05098], [0.23333, -0.02353], [0.45294, 0.0902], [0.37843, 0.03529], [0.36275, -0.00392], [0.37059, -0.23137], [0.33529, -0.31765], [0.30392, -0.32157], [0.21373, -0.25098], [0.13137, -0.21569], [0.10392, -0.35686], [0.06863, -0.4], [-0.01373, -0.25882], [-0.05294, -0.3098], [-0.13529, -0.36863], [-0.16667, -0.2902], [-0.17451, -0.17647], [-0.14706, -0.12941], [-0.08039, -0.0902], [-0.33922, -0.07843], [-0.49216, -0.05098], [-0.5, -0.01961], [-0.38235, 0.12157], [-0.33922, 0.14118], [-0.25686, 0.13725], [-0.12353, 0.1098], [-0.09216, 0.21176], [-0.09608, 0.08627], [-0.06471, 0.01961], [-0.02941, 0.03137], [0.21765, 0.27843]]}