{"rank": 36, "key_id": "4761559165304832", "category": "dragon", "n_points": 35, "bbox_aspect": 1.5740740740740742, "n_extensions_spliced": 2, "main_perimeter_px": 696.8461275216591, "score": 0.9096301853532862, "coords": [[-0.16275, 0.14902], [-0.27647, 0.19216], [-0.27647, 0.21176], [-0.04118, 0.24314], [-0.27647, 0.19216], [0.12353, 0.20392], [0.12745, 0.18431], [0.07647, 0.13725], [0.05686, 0.0549], [0.08824, 0.04706], [0.18627, 0.09804], [0.29608, 0.10588], [0.3, 0.0902], [0.24902, 0.02353], [0.23725, -0.04314], [0.26078, -0.0549], [0.49216, -0.04314], [0.5, -0.10588], [0.4451, -0.2], [0.44118, -0.30196], [0.42941, -0.31765], [0.19412, -0.10588], [0.1902, -0.19216], [0.17451, -0.22353], [0.1, -0.17647], [0.07647, -0.07843], [0.04118, -0.09412], [0.0098, -0.16863], [-0.01373, -0.13333], [-0.03333, -0.02353], [-0.1, 0.00784], [-0.11176, -0.09412], [-0.18235, -0.08627], [-0.19804, -0.00784], [-0.19412, 0.03922], [-0.16275, 0.14902]]}