{"rank": 37, "key_id": "5370266622361600", "category": "dragon", "n_points": 34, "bbox_aspect": 1.5582822085889572, "n_extensions_spliced": 2, "main_perimeter_px": 615.7011605754126, "score": 0.9083550526199403, "coords": [[0.06693, 0.02165], [0.07087, 0.00197], [0.07087, 0.06102], [-0.06299, -0.03346], [-0.25984, -0.16339], [-0.32283, -0.14764], [-0.47638, -0.0689], [-0.49213, -0.08071], [-0.5, -0.13189], [-0.49213, -0.16732], [-0.41339, -0.18307], [-0.30315, -0.24213], [-0.24803, -0.23819], [-0.09449, -0.17913], [-0.07087, -0.19488], [-0.03937, -0.25], [-0.09055, -0.31299], [0.05118, -0.32087], [0.0748, -0.31299], [0.08268, -0.27362], [0.02362, -0.24213], [0.03543, -0.18307], [0.07874, -0.15551], [0.1811, -0.13583], [0.23622, -0.10433], [0.2874, -0.05315], [0.31102, -0.00197], [0.34252, -0.06102], [0.32677, -0.15551], [0.35827, -0.14764], [0.37402, -0.10827], [0.40157, -0.09646], [0.40551, -0.06102], [0.3622, 0.04921], [0.06693, 0.02165]]}