{"rank": 38, "key_id": "6656173258309632", "category": "dragon", "n_points": 34, "bbox_aspect": 1.2561576354679802, "n_extensions_spliced": 2, "main_perimeter_px": 539.6976632819019, "score": 0.9074430639801314, "coords": [[0.19804, 0.32353], [0.17059, 0.38627], [0.27255, 0.39804], [0.29608, 0.37059], [0.30392, 0.33922], [0.37451, 0.33529], [0.46863, 0.3], [0.5, 0.25686], [0.49216, 0.23333], [0.39804, 0.1902], [0.37451, 0.1902], [0.45686, 0.17843], [0.46471, 0.13137], [0.42549, 0.08431], [0.3549, 0.06863], [0.26078, 0.01765], [0.15098, -0.06078], [0.13137, -0.09216], [0.10784, -0.1549], [0.10392, -0.22549], [0.15098, -0.33137], [0.20196, -0.35882], [0.17843, -0.39412], [0.1549, -0.39804], [0.11176, -0.38627], [0.07255, -0.33922], [0.0451, -0.27255], [0.03333, -0.18235], [0.01765, -0.26078], [0.02157, -0.37451], [-0.02157, -0.38627], [-0.06078, -0.37451], [-0.08824, -0.31569], [-0.09216, -0.28431], [0.19804, 0.32353]]}