{"rank": 39, "key_id": "5078436076847104", "category": "dragon", "n_points": 27, "bbox_aspect": 1.3636363636363635, "n_extensions_spliced": 2, "main_perimeter_px": 610.5891875140306, "score": 0.9065778841778387, "coords": [[0.20196, 0.0451], [0.31176, 0.04902], [0.48824, -0.02941], [0.5, -0.04902], [0.46471, -0.06078], [0.31176, -0.07255], [0.28431, -0.08431], [0.31569, -0.11176], [0.36275, -0.13137], [0.48431, -0.15098], [0.49608, -0.18235], [0.45686, -0.22941], [0.42941, -0.24118], [0.17059, -0.23333], [0.06078, -0.29608], [-0.10392, -0.31961], [-0.20196, -0.31569], [-0.3, -0.28431], [-0.32745, -0.26471], [-0.35098, -0.21373], [-0.33922, -0.17059], [-0.29216, -0.18627], [-0.29216, -0.11569], [-0.19412, -0.04902], [-0.16275, -0.05686], [-0.0098, 0.02941], [0.21765, 0.05686], [0.20196, 0.0451]]}