{"rank": 40, "key_id": "5499051938152448", "category": "dragon", "n_points": 35, "bbox_aspect": 1.5838509316770186, "n_extensions_spliced": 2, "main_perimeter_px": 828.6794228973272, "score": 0.9052958061797415, "coords": [[-0.30784, -0.11961], [-0.37843, -0.12353], [-0.46078, -0.15098], [-0.5, -0.20588], [-0.48039, -0.24118], [-0.24118, -0.20196], [-0.22549, -0.30392], [-0.17451, -0.31176], [-0.13529, -0.2451], [-0.08039, -0.22157], [-0.0451, -0.24902], [-0.03725, -0.3], [0.01373, -0.31569], [0.0451, -0.27647], [0.06471, -0.19804], [0.09216, -0.18235], [0.28824, -0.18627], [0.47255, -0.13529], [0.5, -0.06471], [0.40196, -0.03333], [0.4098, -0.0098], [0.24902, -0.03333], [0.25686, 0.06863], [0.15098, -0.05294], [0.13137, -0.03333], [0.11569, 0.07647], [0.06471, 0.15882], [-0.03725, 0.26471], [-0.11176, 0.29608], [-0.22157, 0.31569], [-0.30392, 0.30392], [-0.35882, 0.23333], [-0.38627, 0.06078], [-0.33529, -0.06471], [-0.29608, -0.06863], [-0.30784, -0.11961]]}