{"rank": 41, "key_id": "6196754846318592", "category": "dragon", "n_points": 44, "bbox_aspect": 1.343915343915344, "n_extensions_spliced": 2, "main_perimeter_px": 421.2539091287516, "score": 0.9047138440697103, "coords": [[-0.29921, 0.28937], [-0.35433, 0.08465], [-0.4252, -0.22638], [-0.4685, -0.30906], [-0.5, -0.33661], [-0.5, -0.33661], [-0.4685, -0.30906], [-0.4252, -0.22638], [-0.35433, 0.08465], [-0.28346, 0.36417], [-0.25591, 0.37205], [-0.22835, 0.3248], [-0.18898, 0.28937], [0.1378, 0.22244], [0.16142, 0.20669], [0.15748, 0.19488], [0.01969, 0.15945], [0.16535, 0.1122], [0.11417, 0.11614], [0.21654, 0.09252], [0.26378, 0.10039], [0.38583, 0.1437], [0.5, 0.17126], [0.48425, 0.18701], [0.44094, 0.17126], [0.28346, 0.17126], [0.17323, 0.19488], [0.09055, 0.18307], [0.09055, 0.18307], [0.17323, 0.19488], [0.28346, 0.17126], [0.44094, 0.17126], [0.48425, 0.18701], [0.5, 0.17126], [0.38583, 0.1437], [0.26378, 0.10039], [0.21654, 0.09252], [0.11417, 0.11614], [0.20866, 0.08465], [0.12992, 0.06496], [-0.05512, 0.06102], [-0.09449, -0.24213], [-0.11024, -0.29724], [-0.16929, -0.37205], [-0.29921, 0.28937]]}