{"rank": 42, "key_id": "6134726760857600", "category": "dragon", "n_points": 35, "bbox_aspect": 1.233009708737864, "n_extensions_spliced": 2, "main_perimeter_px": 1148.6218943498639, "score": 0.9027567697920864, "coords": [[-0.16142, -0.16142], [-0.12598, -0.1378], [-0.08268, -0.01969], [-0.12598, 0.12992], [-0.25197, 0.08661], [-0.27165, -0.05906], [-0.39764, -0.06693], [-0.38976, 0.09449], [-0.5, 0.06693], [-0.49606, -0.0748], [-0.46063, -0.15748], [-0.36614, -0.15748], [-0.28346, -0.12992], [-0.24016, -0.25984], [-0.11024, -0.33071], [0.09449, -0.33071], [0.20472, -0.31102], [0.29528, -0.13386], [0.31496, -0.03937], [0.25591, -0.07087], [0.17323, -0.18504], [0.11811, -0.17323], [0.21654, 0.08661], [0.30315, 0.12205], [0.41732, 0.08268], [0.47638, 0.14961], [0.47244, 0.36614], [0.4252, 0.40551], [0.34252, 0.35039], [0.21654, 0.34646], [0.15748, 0.25197], [0.06693, 0.25591], [0.01181, 0.00394], [-0.02756, -0.09449], [-0.08661, -0.15354], [-0.16142, -0.16142]]}