{"rank": 43, "key_id": "6336962711519232", "category": "dragon", "n_points": 25, "bbox_aspect": 1.3879781420765027, "n_extensions_spliced": 2, "main_perimeter_px": 473.28753794750656, "score": 0.9022964476224652, "coords": [[-0.24803, 0.11614], [-0.24803, 0.12402], [-0.39764, 0.12008], [-0.5, 0.10433], [-0.48819, 0.08858], [-0.25591, -0.01772], [-0.49606, -0.04134], [-0.23228, -0.12795], [-0.22047, -0.14764], [-0.20866, -0.26181], [-0.15748, -0.36024], [-0.14567, -0.36024], [-0.11417, -0.28543], [-0.05906, -0.26969], [-0.14173, -0.23425], [-0.11024, -0.22244], [-0.11811, -0.21063], [-0.09055, -0.18701], [-0.11811, -0.14764], [-0.11417, -0.12008], [-0.09055, -0.10433], [-0.00787, -0.12795], [0.02362, -0.12795], [0.00394, -0.12008], [0.00787, -0.12795], [-0.24803, 0.11614]]}