{"rank": 44, "key_id": "5342029477314560", "category": "dragon", "n_points": 29, "bbox_aspect": 1.4825581395348837, "n_extensions_spliced": 2, "main_perimeter_px": 539.1261019565537, "score": 0.9015588844600345, "coords": [[-0.02549, 0.18039], [-0.03333, 0.18039], [-0.0451, 0.33725], [0.02941, 0.22745], [0.06471, 0.2], [0.09608, 0.19608], [0.13137, 0.21569], [0.15098, 0.2], [0.22549, 0.20392], [0.3, 0.17647], [0.33529, 0.18824], [0.3549, 0.18039], [0.37059, 0.13333], [0.33137, 0.12549], [0.30784, 0.10196], [0.28824, 0.11373], [0.11569, 0.07451], [0.13529, 0.01569], [0.20588, 0.02353], [0.27647, -0.00784], [0.29608, -0.02745], [0.17843, -0.05882], [0.05294, 0.00392], [0.02941, -0.03529], [-0.01765, -0.18039], [-0.05294, -0.23137], [-0.20588, -0.23529], [-0.31961, -0.31373], [-0.41765, -0.33725], [-0.02549, 0.18039]]}