{"rank": 45, "key_id": "5131368533065728", "category": "dragon", "n_points": 28, "bbox_aspect": 1.4709302325581395, "n_extensions_spliced": 2, "main_perimeter_px": 663.759863684928, "score": 0.8987373906283354, "coords": [[0.33004, 0.24901], [0.32213, 0.24506], [0.31028, 0.25296], [0.27866, 0.29249], [0.22727, 0.29644], [0.20356, 0.27273], [0.21146, 0.18972], [0.16403, 0.16601], [0.08893, 0.1581], [-0.06126, 0.27668], [-0.08893, 0.31225], [-0.23518, 0.33992], [-0.31028, 0.33597], [-0.43676, 0.26482], [-0.46443, 0.21739], [-0.33399, 0.16996], [-0.16008, 0.12648], [-0.10079, 0.09486], [-0.15613, 0.05929], [-0.25889, 0.02372], [-0.41304, 0.00395], [-0.5, -0.04348], [-0.1996, -0.06324], [-0.01383, -0.11462], [0.0415, -0.15415], [0.10474, -0.23715], [0.15613, -0.33992], [0.29051, -0.27273], [0.33004, 0.24901]]}