{"rank": 46, "key_id": "4916369982226432", "category": "dragon", "n_points": 33, "bbox_aspect": 1.5644171779141105, "n_extensions_spliced": 2, "main_perimeter_px": 567.2770581662093, "score": 0.8972712245886844, "coords": [[-0.03725, 0.00588], [-0.01373, -0.00196], [-0.06078, 0.02157], [0.03333, 0.0098], [0.11961, -0.00196], [0.14314, 0.01765], [0.16275, 0.05294], [0.15882, 0.11569], [0.22941, 0.05686], [0.25686, 0.12353], [0.31569, 0.0451], [0.45294, 0.03725], [0.5, 0.02157], [0.3549, -0.05686], [0.4098, -0.15098], [0.25686, -0.03725], [0.16275, -0.09216], [0.13529, -0.13137], [0.14706, -0.16275], [0.2098, -0.22941], [0.19804, -0.27647], [0.11961, -0.21765], [0.1, -0.25294], [0.07255, -0.25294], [0.01765, -0.20196], [0.0098, -0.23725], [-0.01765, -0.26471], [-0.11176, -0.31961], [-0.10392, -0.21373], [-0.11569, -0.2098], [-0.18627, -0.24902], [-0.20196, -0.21765], [-0.1902, -0.1902], [-0.03725, 0.00588]]}