{"rank": 47, "key_id": "5427944010809344", "category": "dragon", "n_points": 35, "bbox_aspect": 1.6037735849056605, "n_extensions_spliced": 2, "main_perimeter_px": 848.4524229555603, "score": 0.8965456922447794, "coords": [[0.28039, 0.22157], [0.25294, 0.22549], [0.27255, 0.31176], [0.17059, 0.21373], [0.10392, 0.23333], [0.0451, 0.21765], [-0.0451, 0.12353], [-0.12745, -0.04118], [-0.1549, -0.05294], [-0.17451, -0.00588], [-0.22941, -0.1], [-0.19804, -0.12745], [-0.24902, -0.11961], [-0.23725, -0.15882], [-0.37843, -0.19412], [-0.47255, -0.17843], [-0.46863, -0.28039], [-0.4098, -0.29608], [-0.34706, -0.24902], [-0.31176, -0.28039], [-0.26863, -0.24902], [-0.24118, -0.26078], [-0.19412, -0.24118], [-0.18627, -0.26078], [-0.04118, -0.31176], [-0.12353, -0.20196], [0.11961, -0.26863], [-0.04902, -0.15098], [0.0451, -0.1549], [0.08824, -0.13922], [0.15882, -0.07647], [0.22157, 0.0451], [0.24902, 0.06078], [0.34314, 0.07255], [0.32745, 0.08824], [0.28039, 0.22157]]}