{"rank": 48, "key_id": "5536323379134464", "category": "dragon", "n_points": 27, "bbox_aspect": 1.3655913978494623, "n_extensions_spliced": 2, "main_perimeter_px": 395.24427785328794, "score": 0.8956914443121056, "coords": [[0.1378, 0.1063], [0.12205, 0.1378], [0.06299, 0.06299], [0.17717, 0.09055], [0.18898, 0.11417], [0.17323, 0.27953], [0.20079, 0.29528], [0.36614, 0.29134], [0.38189, 0.23622], [0.37402, 0.20472], [0.44488, 0.23622], [0.48031, 0.22441], [0.5, 0.19685], [0.5, 0.17717], [0.48031, 0.16142], [0.38189, 0.13386], [0.38189, 0.11417], [0.43307, 0.05512], [0.40551, 0.04331], [0.31496, 0.06693], [0.30315, 0.05118], [0.30315, -0.04724], [0.24016, -0.11024], [0.29528, -0.21654], [0.30709, -0.29921], [0.27953, -0.35433], [0.23622, -0.36614], [0.1378, 0.1063]]}