{"rank": 49, "key_id": "4989398724640768", "category": "dragon", "n_points": 25, "bbox_aspect": 1.4269662921348314, "n_extensions_spliced": 2, "main_perimeter_px": 544.0464891039893, "score": 0.8949783972596664, "coords": [[0.48819, 0.33071], [0.49606, 0.3189], [0.5, 0.26772], [0.42126, 0.25984], [0.35433, 0.22047], [0.37008, 0.20472], [0.45276, 0.19685], [0.47638, 0.17717], [0.46457, 0.16535], [0.41732, 0.14961], [0.17323, 0.14961], [0.11024, 0.11024], [0.11024, 0.05118], [0.15748, -0.08268], [0.17717, -0.20079], [0.23228, -0.31496], [0.23622, -0.35039], [0.11024, -0.29134], [0.01575, -0.23228], [-0.04724, -0.16142], [-0.11417, -0.02362], [-0.17323, 0.0315], [-0.46457, -0.02756], [-0.49606, -0.02756], [-0.5, -0.01969], [0.48819, 0.33071]]}