{"rank": 50, "key_id": "6034632715796480", "category": "dragon", "n_points": 35, "bbox_aspect": 1.215311004784689, "n_extensions_spliced": 2, "main_perimeter_px": 885.0401748481088, "score": 0.8926361115694255, "coords": [[0.15748, 0.3878], [0.06693, 0.26969], [0.07087, 0.1437], [-0.01575, 0.15157], [0.01969, 0.10039], [-0.02756, 0.09646], [0.00394, -0.01378], [-0.06299, 0.02165], [-0.04724, -0.02953], [-0.16929, -0.00591], [-0.15354, -0.05315], [-0.24803, 0.01772], [-0.3622, 0.07283], [-0.3189, -0.00197], [-0.40945, 0.0374], [-0.36614, -0.0374], [-0.41339, -0.02559], [-0.5, -0.12008], [-0.49213, -0.17126], [-0.42913, -0.24213], [-0.30709, -0.32874], [-0.2126, -0.36811], [-0.02756, -0.41142], [0.10236, -0.39173], [0.20472, -0.28543], [0.24409, -0.22638], [0.27953, -0.11614], [0.25984, 0.00591], [0.19685, 0.12008], [0.1811, 0.20276], [0.20866, 0.22244], [0.30315, 0.22638], [0.32677, 0.25], [0.29134, 0.29331], [0.17323, 0.35236], [0.15748, 0.3878]]}