{"rank": 51, "key_id": "4852294791200768", "category": "dragon", "n_points": 35, "bbox_aspect": 1.2095238095238094, "n_extensions_spliced": 2, "main_perimeter_px": 601.4076323754674, "score": 0.8892948164425651, "coords": [[-0.05118, 0.19291], [0.0, 0.30709], [0.05906, 0.35039], [0.18504, 0.35433], [0.29134, 0.29921], [0.32677, 0.18504], [0.25591, -0.16142], [0.27953, -0.25984], [0.37008, -0.32283], [0.5, -0.30315], [0.41339, -0.39764], [0.29134, -0.41339], [0.19685, -0.33071], [0.14173, -0.16535], [0.14567, 0.00394], [0.18898, 0.11024], [-0.01969, 0.1378], [-0.13386, 0.07874], [-0.2874, 0.03937], [-0.5, 0.17323], [-0.45669, 0.20472], [-0.34252, 0.1811], [-0.25984, 0.24803], [-0.25197, 0.38189], [-0.10236, 0.41339], [-0.13386, 0.35433], [-0.08268, 0.2874], [-0.10236, 0.41339], [-0.25197, 0.38189], [-0.25984, 0.24803], [-0.34252, 0.1811], [-0.45669, 0.20472], [-0.5, 0.17323], [-0.2874, 0.03937], [-0.13386, 0.07874], [-0.05118, 0.19291]]}