{"rank": 52, "key_id": "5880438545448960", "category": "dragon", "n_points": 23, "bbox_aspect": 1.3934426229508197, "n_extensions_spliced": 2, "main_perimeter_px": 514.6848245069843, "score": 0.8883802756537214, "coords": [[0.08824, -0.05294], [0.02549, 0.10392], [0.18627, 0.13529], [0.16275, 0.10784], [0.22549, 0.17059], [0.18627, 0.13529], [-0.04902, 0.20588], [-0.05294, 0.35098], [-0.08824, 0.22941], [-0.10392, 0.12353], [-0.12353, 0.12745], [-0.25686, 0.3549], [-0.27647, 0.35882], [-0.28039, 0.29216], [-0.31176, 0.16275], [-0.31176, 0.09608], [-0.37059, 0.1902], [-0.41373, 0.22157], [-0.41765, 0.1549], [-0.40588, 0.09608], [-0.32353, -0.1], [-0.22157, -0.22941], [-0.12353, -0.26863], [0.08824, -0.05294]]}