{"rank": 53, "key_id": "5693951883345920", "category": "dragon", "n_points": 41, "bbox_aspect": 1.2623762376237624, "n_extensions_spliced": 2, "main_perimeter_px": 490.76590362306695, "score": 0.8858998611285394, "coords": [[-0.28431, 0.30588], [-0.29216, 0.32549], [-0.25294, 0.3451], [-0.18627, 0.3451], [-0.01373, 0.28627], [-0.04902, 0.32941], [0.14314, 0.39608], [0.40588, 0.39608], [0.41373, 0.36471], [0.35882, 0.26667], [0.24902, 0.12941], [0.24902, 0.12941], [0.35882, 0.26667], [0.41373, 0.36471], [0.40588, 0.39608], [0.14314, 0.39608], [-0.04902, 0.32941], [0.03725, 0.2549], [0.13137, 0.21961], [0.29608, 0.07843], [0.5, -0.02745], [0.5, -0.02745], [0.29608, 0.07843], [0.13137, 0.21961], [0.03725, 0.2549], [-0.01373, 0.28627], [-0.18627, 0.3451], [-0.25294, 0.3451], [-0.29216, 0.32549], [-0.5, 0.16863], [-0.27255, 0.16471], [-0.33137, 0.15294], [-0.48039, 0.04706], [-0.44118, 0.04706], [-0.35098, 0.08627], [-0.2098, 0.11373], [-0.09608, 0.10588], [0.05294, 0.04706], [0.29608, -0.10588], [0.38627, -0.25882], [0.5, -0.39608], [-0.28431, 0.30588]]}