{"rank": 54, "key_id": "6020864678035456", "category": "dragon", "n_points": 35, "bbox_aspect": 1.6387096774193548, "n_extensions_spliced": 2, "main_perimeter_px": 604.4115270730509, "score": 0.8814608272320128, "coords": [[-0.07874, 0.15945], [-0.03937, 0.13583], [-0.01969, 0.04921], [-0.09055, -0.01378], [-0.15748, -0.02165], [-0.20472, -0.07283], [-0.22047, -0.12795], [-0.20866, -0.15945], [-0.14567, -0.23031], [-0.08268, -0.22638], [-0.09449, -0.13976], [-0.07087, -0.15157], [-0.06299, -0.12795], [-0.01969, -0.12008], [-0.01575, -0.20276], [-0.03937, -0.26969], [-0.08268, -0.26575], [-0.05118, -0.30512], [0.0, -0.28937], [0.01969, -0.25394], [0.00787, -0.05315], [-0.00787, -0.0374], [0.0315, -0.01378], [0.18898, 0.09646], [0.2126, 0.12402], [0.21654, 0.1752], [0.18898, 0.22638], [0.07874, 0.27756], [-0.00787, 0.30512], [-0.12992, 0.29724], [-0.19291, 0.24606], [-0.12992, 0.25], [-0.08268, 0.22638], [-0.04724, 0.17126], [-0.04724, 0.11614], [-0.07874, 0.15945]]}