{"rank": 55, "key_id": "6049531542110208", "category": "dragon", "n_points": 35, "bbox_aspect": 1.6387096774193548, "n_extensions_spliced": 2, "main_perimeter_px": 915.8042759907534, "score": 0.8814608272320128, "coords": [[-0.35433, 0.30118], [-0.48425, 0.26969], [-0.4685, 0.17913], [-0.37795, 0.17126], [-0.29921, 0.13189], [-0.27953, -0.06496], [-0.12205, -0.09646], [-0.13386, -0.18307], [-0.20472, -0.20669], [-0.16142, -0.26181], [-0.03543, -0.25], [0.00394, -0.21063], [0.00394, -0.12402], [0.05512, -0.11614], [0.08661, -0.18701], [0.02362, -0.28543], [0.12205, -0.30512], [0.16535, -0.26181], [0.16929, -0.13189], [0.23228, -0.12795], [0.27165, -0.21457], [0.37402, -0.25787], [0.44882, -0.25394], [0.5, -0.17126], [0.38976, -0.12402], [0.33858, -0.12402], [0.33858, -0.0689], [0.25984, 0.02559], [0.17717, 0.05709], [0.2126, 0.11614], [0.10236, 0.15551], [-0.03937, 0.15945], [-0.10236, 0.19882], [-0.23228, 0.19882], [-0.27559, 0.26575], [-0.35433, 0.30118]]}