{"rank": 56, "key_id": "5249943465885696", "category": "dragon", "n_points": 35, "bbox_aspect": 1.191588785046729, "n_extensions_spliced": 2, "main_perimeter_px": 1018.4208122202892, "score": 0.87883737212742, "coords": [[-0.32353, 0.01961], [-0.32353, -0.02353], [-0.44902, -0.01569], [-0.5, -0.05098], [-0.42941, -0.20392], [-0.35098, -0.15294], [-0.24902, -0.16078], [-0.06863, -0.14118], [-0.1, -0.18431], [-0.22549, -0.26667], [-0.32745, -0.29412], [-0.2098, -0.35686], [-0.17843, -0.34118], [-0.03725, -0.19216], [0.01765, -0.15686], [0.0098, -0.29804], [-0.07647, -0.33333], [-0.11176, -0.41569], [0.03333, -0.39608], [0.12353, -0.33725], [0.10784, -0.18039], [0.22549, -0.16863], [0.26471, -0.14118], [0.3, -0.30196], [0.2098, -0.38824], [0.28039, -0.39216], [0.4451, -0.3098], [0.35882, -0.12549], [0.49216, 0.03922], [0.48431, 0.19608], [0.4451, 0.20392], [0.41765, 0.12549], [0.37451, 0.07843], [0.2098, 0.01961], [0.16667, 0.03529], [-0.32353, 0.01961]]}