{"rank": 57, "key_id": "5677773446184960", "category": "dragon", "n_points": 32, "bbox_aspect": 1.5974842767295598, "n_extensions_spliced": 2, "main_perimeter_px": 708.9805687159336, "score": 0.8742961869427021, "coords": [[0.26378, 0.10039], [0.11417, 0.10827], [-0.00787, 0.13189], [0.00787, 0.12795], [-0.22835, 0.22244], [-0.32677, 0.28543], [-0.38976, 0.30118], [-0.43307, 0.29331], [-0.48819, 0.24606], [-0.5, 0.17913], [-0.48031, 0.12402], [-0.43307, 0.09646], [-0.37402, 0.09252], [-0.29528, 0.11614], [-0.24803, 0.15945], [-0.22047, 0.22638], [-0.25984, 0.06102], [-0.24803, -0.04134], [-0.23228, -0.0689], [0.01181, -0.1122], [-0.04331, -0.09646], [0.12205, -0.1122], [0.18504, -0.09646], [0.35827, -0.12795], [0.43307, -0.12402], [0.5, -0.04921], [0.49213, 0.04528], [0.46063, 0.07283], [0.40945, 0.08465], [0.27165, 0.09646], [0.22835, 0.12795], [0.16929, 0.1437], [0.26378, 0.10039]]}