{"rank": 58, "key_id": "5991289080250368", "category": "dragon", "n_points": 36, "bbox_aspect": 1.6754966887417218, "n_extensions_spliced": 2, "main_perimeter_px": 705.1519875879696, "score": 0.8742538092960319, "coords": [[-0.14427, 0.06522], [-0.12846, 0.1166], [-0.05731, 0.06917], [0.05731, 0.12846], [0.10474, 0.12055], [0.14427, 0.14427], [0.16798, 0.12846], [0.1996, 0.17589], [0.23123, 0.16403], [0.29842, 0.21542], [0.33399, 0.19565], [0.43281, 0.29051], [0.49209, 0.29842], [0.5, 0.2668], [0.45257, 0.25889], [0.417, 0.15613], [0.36957, 0.09684], [0.27075, 0.0336], [0.18379, 0.00988], [0.24308, -0.08498], [0.21146, -0.12055], [0.14032, -0.15613], [-0.00988, -0.20356], [-0.07312, -0.20751], [-0.08893, -0.11265], [-0.08103, -0.0415], [-0.20751, -0.09684], [-0.28656, -0.1166], [-0.31028, -0.06126], [-0.36166, -0.09684], [-0.37352, -0.17194], [-0.32609, -0.29447], [-0.39328, -0.28656], [-0.47233, -0.21937], [-0.5, -0.15217], [-0.5, -0.08103], [-0.14427, 0.06522]]}