{"rank": 59, "key_id": "6020544266764288", "category": "dragon", "n_points": 35, "bbox_aspect": 1.655844155844156, "n_extensions_spliced": 2, "main_perimeter_px": 558.2390317294645, "score": 0.8741795723801578, "coords": [[-0.38235, 0.17255], [-0.3549, 0.30196], [-0.30392, 0.19608], [-0.14314, 0.21569], [-0.03333, 0.21176], [0.03725, 0.18039], [0.07255, 0.14902], [0.06078, 0.10588], [-0.08039, 0.12549], [-0.09216, 0.07059], [-0.0451, 0.0549], [0.01373, 0.06275], [0.06471, 0.03922], [0.22941, 0.14118], [0.01373, 0.06275], [-0.0451, 0.0549], [-0.11961, 0.11373], [-0.14314, 0.07451], [-0.17843, 0.10196], [-0.21373, 0.04706], [-0.21373, -0.0], [-0.16667, -0.0549], [-0.15098, -0.04706], [-0.13529, 0.01569], [-0.11176, -0.03922], [-0.06863, 0.00784], [-0.00588, -0.10588], [-0.01373, -0.15294], [-0.04118, -0.18824], [-0.08824, -0.18824], [-0.22549, -0.14118], [-0.31569, -0.14118], [-0.38627, -0.16863], [-0.42941, -0.20392], [-0.5, -0.30196], [-0.38235, 0.17255]]}