{"rank": 60, "key_id": "6139598008745984", "category": "dragon", "n_points": 26, "bbox_aspect": 1.3160621761658031, "n_extensions_spliced": 2, "main_perimeter_px": 586.533093427493, "score": 0.8733869557113734, "coords": [[0.29528, -0.03346], [0.30709, -0.05315], [0.37008, -0.08071], [0.46457, -0.07677], [0.5, -0.03346], [0.49606, 0.01772], [0.44488, 0.0374], [0.24016, 0.04134], [0.15748, 0.01772], [0.11417, -0.02559], [0.0748, -0.04134], [-0.13386, -0.07677], [-0.13386, -0.05709], [-0.31102, -0.04921], [-0.5, 0.06496], [-0.4252, -0.04921], [-0.38189, -0.07283], [-0.27559, -0.09646], [-0.24803, -0.1122], [-0.20866, -0.16339], [-0.16142, -0.1752], [-0.05512, -0.18307], [-0.07087, -0.18701], [0.16929, -0.16732], [0.28346, -0.08465], [0.29921, -0.04528], [0.29528, -0.03346]]}