{"rank": 61, "key_id": "5637312102793216", "category": "dragon", "n_points": 26, "bbox_aspect": 1.3144329896907216, "n_extensions_spliced": 2, "main_perimeter_px": 465.1268071564513, "score": 0.8725198712983863, "coords": [[-0.48431, 0.21961], [-0.5, 0.22353], [-0.4451, 0.27843], [-0.39412, 0.32157], [-0.37451, 0.33725], [-0.34706, 0.33725], [-0.28824, 0.32549], [-0.23725, 0.27843], [-0.11961, 0.02745], [-0.17059, 0.05882], [-0.18235, 0.08235], [-0.13529, 0.05882], [-0.03725, 0.05882], [0.01765, 0.07451], [0.01373, -0.02353], [0.08431, 0.02353], [0.09608, -0.00784], [0.09608, -0.07843], [0.10784, -0.08235], [0.15882, -0.00784], [0.16275, -0.09804], [0.19804, -0.04314], [0.20588, -0.16078], [0.24118, -0.21569], [0.29608, -0.25098], [0.43333, -0.2902], [-0.48431, 0.21961]]}