{"rank": 62, "key_id": "6061986473312256", "category": "dragon", "n_points": 30, "bbox_aspect": 1.5644171779141105, "n_extensions_spliced": 2, "main_perimeter_px": 610.9869089703172, "score": 0.8722712245886843, "coords": [[-0.44902, 0.02157], [-0.45294, 0.04118], [-0.5, 0.27255], [-0.43333, 0.16275], [-0.35882, 0.18627], [-0.27255, 0.1902], [-0.29608, 0.31961], [-0.22157, 0.23725], [-0.20196, 0.19412], [-0.09608, 0.20196], [0.02549, 0.23725], [0.06078, 0.17451], [0.08824, 0.08824], [0.05294, 0.06863], [-0.06471, 0.06471], [-0.08431, 0.01765], [-0.13137, 0.04118], [-0.14706, 0.0098], [-0.14706, -0.04902], [-0.05294, -0.04902], [-0.03333, -0.00196], [-0.04902, -0.0098], [0.0098, -0.02549], [0.04902, 0.01373], [0.06863, 0.01765], [0.10784, -0.05294], [0.11569, -0.11569], [0.0451, -0.15098], [-0.12745, -0.18235], [-0.14314, -0.31961], [-0.44902, 0.02157]]}