{"rank": 64, "key_id": "5847787646222336", "category": "dragon", "n_points": 25, "bbox_aspect": 1.4825581395348837, "n_extensions_spliced": 2, "main_perimeter_px": 625.9955404517004, "score": 0.8682255511267012, "coords": [[-0.33137, -0.1451], [-0.30392, 0.0549], [-0.23725, 0.33725], [-0.18627, 0.27059], [-0.13922, 0.17255], [-0.13529, 0.12941], [-0.07647, 0.03529], [-0.03333, 0.15686], [-0.00588, 0.2902], [0.03333, 0.24314], [0.09608, 0.07059], [0.15882, 0.27059], [0.18627, 0.21176], [0.25294, 0.12941], [0.26471, 0.09412], [0.41765, 0.0902], [0.48824, 0.03137], [0.5, -0.01176], [0.48824, -0.08235], [0.4451, -0.10588], [0.37843, -0.10196], [0.35098, -0.08627], [0.3549, -0.07843], [0.31569, -0.04314], [0.29216, 0.07843], [-0.33137, -0.1451]]}