{"rank": 65, "key_id": "6661339915223040", "category": "dragon", "n_points": 30, "bbox_aspect": 1.2439024390243902, "n_extensions_spliced": 2, "main_perimeter_px": 656.4499473358405, "score": 0.8672469305791635, "coords": [[0.39412, 0.30392], [0.48039, 0.30392], [0.49608, 0.28431], [0.5, 0.26078], [0.45686, 0.26863], [0.47647, 0.26078], [0.47255, 0.24118], [0.4098, 0.24902], [0.37059, 0.24118], [0.22157, -0.00196], [0.16275, -0.0451], [0.06078, -0.08431], [-0.13922, -0.11176], [-0.42157, -0.12353], [-0.45294, -0.09216], [-0.49608, 0.03725], [-0.5, 0.11569], [-0.48039, 0.16667], [-0.41373, 0.19412], [-0.39412, 0.17451], [-0.31176, 0.19412], [-0.20588, 0.16667], [-0.12353, 0.16667], [-0.06078, 0.1549], [0.02549, 0.22549], [0.06078, 0.19412], [0.11176, 0.1902], [0.18627, 0.21373], [0.35098, 0.30392], [0.4451, 0.31569], [0.39412, 0.30392]]}