{"rank": 66, "key_id": "6212463756312576", "category": "dragon", "n_points": 27, "bbox_aspect": 1.5209580838323353, "n_extensions_spliced": 2, "main_perimeter_px": 599.5751709147795, "score": 0.866992247413602, "coords": [[-0.17323, 0.05315], [-0.25197, 0.04921], [-0.28346, 0.03346], [-0.31496, -0.01378], [-0.3189, -0.07283], [-0.5, -0.08858], [-0.49213, -0.12795], [-0.42913, -0.1752], [-0.25197, -0.16732], [-0.10236, -0.24213], [0.06693, -0.29331], [0.24409, -0.3248], [0.35827, -0.32874], [0.44488, -0.30118], [0.47244, -0.27756], [0.49606, -0.23425], [0.5, -0.17126], [0.48425, -0.13976], [0.45276, -0.12008], [0.3622, -0.08858], [-0.05118, -0.08071], [0.04331, -0.08465], [0.01575, -0.07283], [0.14567, 0.02559], [0.04331, -0.08465], [-0.10236, -0.05709], [-0.17717, 0.05709], [-0.17323, 0.05315]]}