{"rank": 68, "key_id": "6395281371299840", "category": "dragon", "n_points": 31, "bbox_aspect": 1.6037735849056605, "n_extensions_spliced": 2, "main_perimeter_px": 497.0434647090369, "score": 0.8632123589114461, "coords": [[0.36275, 0.21373], [0.36275, 0.25294], [0.41765, 0.30784], [0.42941, 0.31176], [0.49216, 0.27647], [0.5, 0.11569], [0.48431, 0.07255], [0.43333, -0.01765], [0.34706, -0.08824], [0.27647, -0.14314], [0.20196, -0.15098], [0.20588, -0.23333], [0.1902, -0.28824], [0.16275, -0.28039], [0.12353, -0.22941], [0.11961, -0.16667], [0.11569, 0.0098], [0.07647, -0.26471], [0.03725, -0.31176], [-0.01765, -0.31176], [-0.06863, -0.28039], [-0.1, -0.22157], [-0.09608, -0.17059], [-0.11176, -0.15882], [-0.15882, -0.26471], [-0.21765, -0.26863], [-0.25686, -0.22157], [-0.26471, -0.12353], [-0.28039, -0.11176], [-0.34314, -0.11961], [-0.35098, -0.09216], [0.36275, 0.21373]]}