{"rank": 69, "key_id": "4585230792916992", "category": "dragon", "n_points": 35, "bbox_aspect": 1.165137614678899, "n_extensions_spliced": 2, "main_perimeter_px": 912.4916000693974, "score": 0.863123543992431, "coords": [[0.03937, 0.22835], [-0.16142, 0.42126], [-0.26378, 0.41339], [-0.27165, 0.35039], [-0.20866, 0.20079], [-0.3937, 0.18504], [-0.49213, 0.20472], [-0.44094, 0.11811], [-0.27559, -0.03543], [-0.41732, -0.04331], [-0.5, -0.10236], [-0.48819, -0.1811], [-0.34252, -0.31496], [-0.18504, -0.40157], [-0.02362, -0.4252], [0.22441, -0.28346], [0.30315, -0.27165], [0.35827, -0.41339], [0.39764, -0.4252], [0.48425, -0.3189], [0.49213, -0.10236], [0.40945, -0.1063], [0.49213, 0.04724], [0.46457, 0.20866], [0.36614, 0.16535], [0.37008, 0.11024], [0.20472, 0.15354], [0.36614, 0.16535], [0.46457, 0.20866], [0.49213, 0.04724], [0.40945, -0.1063], [0.33858, -0.0748], [0.20866, -0.11417], [0.09449, -0.07087], [-0.01575, -0.12598], [0.03937, 0.22835]]}