{"rank": 70, "key_id": "5421225339781120", "category": "dragon", "n_points": 36, "bbox_aspect": 1.1486486486486487, "n_extensions_spliced": 2, "main_perimeter_px": 804.4818608553186, "score": 0.8614797486654537, "coords": [[-0.3902, -0.23922], [-0.31961, -0.15294], [-0.27647, -0.12941], [-0.04902, -0.11373], [0.00196, -0.03922], [0.02157, 0.11765], [0.05294, 0.17255], [0.16275, 0.24314], [0.29216, 0.26275], [0.34314, 0.22745], [0.3, 0.23922], [0.2098, 0.1451], [0.27255, 0.1451], [0.33529, 0.10588], [0.35098, 0.07059], [0.29216, 0.04314], [0.18235, 0.03529], [0.15098, 0.00784], [0.15098, -0.07451], [0.19804, -0.23137], [0.19804, -0.32549], [0.18235, -0.34902], [0.11961, -0.38431], [0.07647, -0.39216], [0.03333, -0.30588], [-0.02941, -0.27451], [-0.11569, -0.34902], [-0.20196, -0.38039], [-0.26078, -0.37255], [-0.24902, -0.25882], [-0.32353, -0.25098], [-0.34706, -0.27843], [-0.36667, -0.38039], [-0.40588, -0.43529], [-0.48039, -0.43529], [-0.48039, -0.35294], [-0.3902, -0.23922]]}