{"rank": 71, "key_id": "5213427976896512", "category": "dragon", "n_points": 28, "bbox_aspect": 1.2623762376237624, "n_extensions_spliced": 2, "main_perimeter_px": 627.3108015835808, "score": 0.8608998611285393, "coords": [[-0.18627, 0.39216], [-0.03725, 0.39608], [0.02549, 0.37647], [0.06471, 0.35294], [0.08431, 0.36863], [0.12353, 0.27059], [0.16275, 0.12941], [0.2098, 0.04706], [0.31176, -0.04314], [0.46078, -0.14118], [0.48039, -0.16471], [0.5, -0.23922], [0.48824, -0.32157], [0.41373, -0.38431], [0.32745, -0.39608], [0.21373, -0.36078], [0.11569, -0.28235], [-0.02157, -0.08235], [-0.06471, 0.07451], [-0.10392, 0.16078], [-0.15882, 0.18824], [-0.22549, 0.18431], [-0.25294, 0.20784], [-0.26471, 0.28235], [-0.25686, 0.27451], [-0.25294, 0.33725], [-0.20588, 0.37255], [-0.13922, 0.38431], [-0.18627, 0.39216]]}