{"rank": 72, "key_id": "5760263213023232", "category": "dragon", "n_points": 35, "bbox_aspect": 1.6887417218543046, "n_extensions_spliced": 2, "main_perimeter_px": 494.4933849031108, "score": 0.8604086364610645, "coords": [[0.48039, 0.07255], [0.49216, 0.22941], [0.45294, 0.24118], [0.40196, 0.10392], [0.33922, 0.01765], [0.11569, -0.00588], [0.12745, 0.06471], [-0.07647, 0.02549], [0.11569, -0.00588], [0.33922, 0.01765], [0.40196, 0.10392], [0.45294, 0.24118], [0.49216, 0.22941], [0.49608, 0.10392], [0.44902, 0.06471], [0.48039, 0.02941], [0.46078, -0.02549], [0.30784, -0.1], [0.32745, -0.17843], [0.37059, -0.22157], [0.35882, -0.29608], [0.2098, -0.29608], [0.20196, -0.22941], [0.23333, -0.18627], [0.20588, -0.10784], [0.15098, -0.12745], [-0.01765, -0.11569], [-0.02157, -0.24902], [-0.05294, -0.27647], [-0.17451, -0.26078], [-0.16275, -0.15882], [-0.08039, -0.14706], [-0.11176, -0.07255], [-0.20588, -0.06471], [-0.37451, -0.11569], [0.48039, 0.07255]]}