{"rank": 73, "key_id": "4841491354615808", "category": "dragon", "n_points": 26, "bbox_aspect": 1.5178571428571428, "n_extensions_spliced": 2, "main_perimeter_px": 538.6253930041464, "score": 0.8600875362728986, "coords": [[0.00588, 0.16863], [-0.04118, 0.16471], [0.0451, 0.27059], [0.1, 0.32549], [0.16275, 0.32941], [0.22549, 0.26667], [0.24902, 0.18431], [0.21373, 0.06667], [0.24118, -0.02353], [0.22157, -0.16471], [0.26863, -0.21176], [0.33922, -0.23529], [0.37451, -0.23137], [0.40196, -0.19608], [0.44902, -0.04314], [0.45686, 0.06275], [0.5, 0.10196], [0.45294, -0.00784], [0.45294, -0.16863], [0.41765, -0.25098], [0.38235, -0.2902], [0.28824, -0.32941], [0.17059, -0.32941], [0.11569, -0.29412], [0.06863, -0.23529], [0.07255, -0.23137], [0.00588, 0.16863]]}