{"rank": 74, "key_id": "4805972885241856", "category": "dragon", "n_points": 35, "bbox_aspect": 1.6933333333333334, "n_extensions_spliced": 2, "main_perimeter_px": 751.5748791768693, "score": 0.8585079512559192, "coords": [[-0.38189, -0.09055], [-0.43307, -0.19685], [-0.46063, -0.22441], [-0.5, -0.24016], [-0.3937, -0.19685], [-0.34646, -0.1063], [-0.27559, -0.26378], [-0.22047, -0.29528], [-0.22835, -0.22835], [-0.27559, -0.07087], [-0.2126, -0.04331], [-0.1378, -0.03543], [0.10236, -0.1063], [0.10236, -0.16535], [0.17323, -0.11417], [0.2126, -0.09843], [0.28346, -0.03937], [0.33071, 0.07874], [0.37008, 0.12598], [0.4685, 0.13386], [0.49606, 0.14961], [0.5, 0.17323], [0.42126, 0.24409], [0.37795, 0.24409], [0.26378, 0.09843], [0.11024, 0.09055], [-0.12598, 0.03937], [-0.09843, 0.05118], [-0.20472, 0.04724], [-0.23622, 0.02362], [-0.24409, 0.03543], [-0.27165, 0.03543], [-0.3937, -0.02756], [-0.44488, -0.08268], [-0.41732, -0.0748], [-0.38189, -0.09055]]}