{"rank": 75, "key_id": "5162524695592960", "category": "dragon", "n_points": 32, "bbox_aspect": 1.6346153846153846, "n_extensions_spliced": 2, "main_perimeter_px": 727.4821081206587, "score": 0.8582119557652933, "coords": [[-0.28039, 0.02353], [-0.06863, 0.00392], [0.36667, -0.00784], [0.3902, -0.01176], [0.4451, -0.06667], [0.49216, -0.05882], [0.5, -0.02745], [0.48824, -0.0], [0.38235, 0.04314], [0.11569, 0.07843], [-0.01373, 0.07843], [-0.02549, 0.08627], [0.11961, 0.11765], [0.14314, 0.13725], [0.1549, 0.18039], [0.14314, 0.20784], [0.06471, 0.27843], [-0.02941, 0.30588], [-0.07647, 0.30588], [-0.13922, 0.28235], [-0.17843, 0.2549], [-0.1902, 0.22353], [-0.1902, 0.18824], [-0.17059, 0.16471], [-0.04902, 0.10588], [-0.3, 0.09804], [-0.39804, 0.0549], [-0.43333, 0.01569], [-0.4451, -0.02353], [-0.42941, -0.03137], [-0.39412, -0.02745], [-0.27255, 0.02745], [-0.28039, 0.02353]]}