{"rank": 77, "key_id": "5942573631799296", "category": "dragon", "n_points": 21, "bbox_aspect": 1.4406779661016949, "n_extensions_spliced": 2, "main_perimeter_px": 500.4284244360112, "score": 0.8549508968256312, "coords": [[0.21765, 0.08824], [0.34706, -0.02157], [0.41373, -0.0451], [0.45686, -0.03333], [0.46471, 0.02941], [0.33137, 0.07255], [0.3549, 0.15098], [0.47255, 0.10392], [0.5, 0.17059], [0.48431, 0.2451], [0.30784, 0.26471], [0.11176, 0.22941], [0.10392, 0.3], [0.13137, 0.27255], [0.08431, 0.29216], [0.10392, 0.3], [0.02941, 0.1902], [-0.01765, 0.12353], [-0.14314, 0.00588], [-0.35882, -0.27255], [-0.36275, -0.31569], [0.21765, 0.08824]]}