{"rank": 78, "key_id": "5185105683283968", "category": "dragon", "n_points": 44, "bbox_aspect": 1.5740740740740742, "n_extensions_spliced": 2, "main_perimeter_px": 406.58555808417293, "score": 0.8512968520199529, "coords": [[-0.13137, -0.10588], [-0.09216, -0.21961], [-0.06863, -0.24706], [0.00196, -0.28627], [0.28039, -0.28627], [0.46078, -0.31765], [0.5, -0.26275], [0.33529, -0.2549], [0.13922, -0.16078], [0.10784, -0.12157], [0.09216, -0.03137], [0.06471, 0.02745], [-0.03333, 0.16078], [-0.1, 0.19216], [-0.10784, 0.20784], [-0.08824, 0.31765], [-0.15882, 0.20784], [-0.22157, 0.23529], [-0.32745, 0.24314], [-0.39412, 0.16078], [-0.5, 0.07059], [-0.46471, 0.06275], [-0.3, 0.0902], [-0.3902, -0.04314], [-0.26078, -0.00392], [-0.1902, -0.00392], [-0.1902, -0.02745], [-0.28431, -0.10196], [-0.28039, -0.11765], [-0.3, -0.13333], [-0.28431, -0.10196], [-0.1902, -0.02745], [-0.1902, -0.00392], [-0.26078, -0.00392], [-0.3902, -0.04314], [-0.3, 0.0902], [-0.46471, 0.06275], [-0.5, 0.07059], [-0.39412, 0.16078], [-0.32745, 0.24314], [-0.22157, 0.23529], [-0.15882, 0.20784], [-0.08824, 0.31765], [-0.10784, 0.20784], [-0.13137, -0.10588]]}