{"rank": 79, "key_id": "6508304979197952", "category": "dragon", "n_points": 35, "bbox_aspect": 1.7114093959731544, "n_extensions_spliced": 2, "main_perimeter_px": 1135.5147081455352, "score": 0.8510751648524388, "coords": [[-0.42941, 0.09608], [-0.29216, 0.15098], [-0.27255, 0.12353], [-0.28431, -0.23333], [-0.24902, -0.25294], [-0.20588, -0.18235], [-0.20196, -0.06471], [-0.14314, -0.08431], [0.01765, -0.06863], [0.01765, -0.18627], [0.08039, -0.09608], [0.06471, -0.03725], [0.1549, -0.03333], [0.31176, 0.01765], [0.3549, 0.01765], [0.44118, -0.06078], [0.46471, -0.29216], [0.5, -0.14314], [0.44902, 0.02549], [0.42157, 0.05686], [0.33922, 0.06863], [0.19412, 0.03725], [0.10392, 0.03333], [-0.0098, -0.00588], [0.21373, 0.17059], [0.31961, 0.22157], [0.40196, 0.28824], [0.27647, 0.26471], [0.15098, 0.17059], [0.17843, 0.24902], [0.09216, 0.2451], [-0.02941, 0.16275], [-0.11961, 0.17451], [-0.25686, 0.24118], [-0.32745, 0.24118], [-0.42941, 0.09608]]}