{"rank": 80, "key_id": "4979144356003840", "category": "dragon", "n_points": 29, "bbox_aspect": 1.59375, "n_extensions_spliced": 2, "main_perimeter_px": 414.5441354359798, "score": 0.8509344213542962, "coords": [[-0.39412, -0.23529], [-0.42549, -0.31373], [-0.5, -0.14118], [-0.41765, -0.14118], [-0.41373, -0.10588], [-0.37843, -0.09412], [-0.46863, -0.00784], [-0.40196, -0.01961], [-0.38235, -0.00784], [-0.47647, 0.07843], [-0.42549, 0.07059], [-0.41765, 0.08235], [-0.44118, 0.13725], [-0.44118, 0.18039], [-0.41765, 0.18039], [-0.38235, 0.13725], [-0.35098, 0.19216], [-0.33529, 0.26275], [-0.31961, 0.2549], [-0.29216, 0.27059], [-0.24902, 0.31373], [-0.23333, 0.25882], [-0.15882, 0.30588], [-0.13922, 0.2549], [-0.07255, 0.30196], [-0.06078, 0.30196], [-0.04902, 0.23922], [0.0098, 0.27451], [0.0098, 0.20784], [-0.39412, -0.23529]]}