{"rank": 81, "key_id": "4556769969831936", "category": "dragon", "n_points": 31, "bbox_aspect": 1.1971830985915493, "n_extensions_spliced": 2, "main_perimeter_px": 737.7770522614836, "score": 0.8487827333127851, "coords": [[-0.29216, 0.25294], [-0.28431, 0.2451], [-0.22941, 0.24118], [-0.19804, 0.21373], [-0.14314, 0.02549], [-0.14314, 0.03725], [-0.11176, -0.00196], [-0.03725, -0.01765], [0.04118, -0.02549], [0.14314, 0.00196], [0.18235, 0.01765], [0.28824, 0.10392], [0.37059, 0.13529], [0.5, 0.1549], [0.4098, 0.11961], [0.35882, 0.08824], [0.34706, 0.04118], [0.32745, -0.2451], [0.2451, -0.41765], [0.20588, -0.23725], [0.18235, -0.24118], [0.15098, -0.30392], [0.07255, -0.37451], [0.05294, -0.40588], [-0.00196, -0.33922], [-0.04118, -0.17843], [-0.27255, -0.15098], [-0.31569, -0.10784], [-0.32353, -0.07255], [-0.33529, 0.08824], [-0.32745, 0.13137], [-0.29216, 0.25294]]}