{"rank": 82, "key_id": "6484398054572032", "category": "dragon", "n_points": 40, "bbox_aspect": 1.1805555555555556, "n_extensions_spliced": 2, "main_perimeter_px": 946.9803837554763, "score": 0.8473256972638005, "coords": [[0.14314, 0.32157], [-0.02549, 0.24314], [-0.09216, 0.14118], [-0.18627, 0.35686], [-0.25294, 0.24706], [-0.29608, 0.31373], [-0.33529, 0.42353], [-0.38627, 0.30588], [-0.40196, 0.13333], [-0.31961, 0.04314], [-0.21765, 0.03529], [-0.27647, -0.01961], [-0.48431, -0.13725], [-0.5, -0.17255], [-0.44902, -0.2902], [-0.31961, -0.41176], [-0.26078, -0.42353], [-0.04118, -0.42353], [0.31961, -0.37255], [0.46078, -0.2902], [0.5, -0.17647], [0.48431, -0.01961], [0.40196, 0.06275], [0.42941, 0.22745], [0.29216, 0.19608], [0.17843, 0.19608], [0.15882, 0.21961], [0.16667, 0.3098], [0.22941, 0.33725], [0.26471, 0.32157], [0.33529, 0.3451], [0.22941, 0.33725], [0.16667, 0.3098], [0.15882, 0.21961], [0.17843, 0.19608], [0.29216, 0.19608], [0.42941, 0.22745], [0.27647, 0.08627], [0.27255, 0.16863], [0.18235, 0.37647], [0.14314, 0.32157]]}