{"rank": 83, "key_id": "6407566722596864", "category": "dragon", "n_points": 35, "bbox_aspect": 1.1390134529147982, "n_extensions_spliced": 2, "main_perimeter_px": 978.6354276354474, "score": 0.8472498479227102, "coords": [[-0.06299, 0.18307], [-0.20472, 0.02165], [-0.25984, 0.00197], [-0.30709, 0.06102], [-0.37795, 0.2185], [-0.2874, -0.04921], [-0.5, 0.07283], [-0.37795, -0.19488], [-0.48425, -0.1437], [-0.39764, -0.1752], [-0.23622, -0.20669], [-0.20079, -0.20276], [-0.12598, -0.15945], [-0.09449, -0.15945], [-0.09055, -0.17126], [-0.32283, -0.39567], [-0.33465, -0.42717], [-0.32283, -0.43898], [-0.27559, -0.43898], [-0.22047, -0.42323], [-0.05906, -0.32874], [-0.00787, -0.2815], [0.02362, -0.20669], [0.18898, -0.26181], [0.3189, -0.34055], [0.36614, -0.34055], [0.44488, -0.29331], [0.44094, -0.2815], [0.34646, -0.23819], [0.14567, -0.22638], [0.11811, -0.19488], [0.11417, -0.15157], [0.14173, -0.02165], [0.19685, 0.00984], [0.22047, 0.10827], [-0.06299, 0.18307]]}