{"rank": 84, "key_id": "6289376789135360", "category": "dragon", "n_points": 35, "bbox_aspect": 1.1383928571428572, "n_extensions_spliced": 2, "main_perimeter_px": 951.88155189777, "score": 0.8468683463441882, "coords": [[-0.17843, -0.01176], [-0.22941, 0.02745], [-0.31176, 0.03137], [-0.36667, -0.01176], [-0.37059, -0.08235], [-0.31569, -0.12941], [-0.28824, -0.18431], [-0.18235, -0.15686], [-0.13922, -0.23922], [-0.10392, -0.25882], [0.06078, -0.28627], [0.29608, -0.28627], [0.3549, -0.24706], [0.41373, -0.14902], [0.42157, -0.07451], [0.39412, -0.03529], [0.31569, 0.01961], [0.20588, 0.05882], [0.02549, 0.07451], [-0.2451, 0.01569], [-0.13137, 0.22745], [0.00196, 0.43922], [0.05686, 0.20784], [0.24118, 0.32941], [0.24902, 0.2902], [0.26863, 0.2902], [0.38627, 0.33333], [0.34706, 0.28627], [0.41373, 0.29412], [0.42157, 0.28235], [0.36667, 0.1451], [0.40588, 0.14118], [0.5, 0.16471], [0.43333, 0.04314], [0.4451, 0.03529], [-0.17843, -0.01176]]}