{"rank": 85, "key_id": "5338034184650752", "category": "dragon", "n_points": 29, "bbox_aspect": 1.6037735849056605, "n_extensions_spliced": 2, "main_perimeter_px": 544.8610348954085, "score": 0.8465456922447794, "coords": [[0.06471, -0.00588], [0.06471, 0.02157], [0.07647, -0.00196], [0.14706, -0.02941], [0.14706, -0.09216], [0.22941, -0.10392], [0.22941, -0.13529], [0.26078, -0.14314], [0.18627, -0.14314], [0.18627, -0.16275], [0.22549, -0.17059], [0.22157, -0.22157], [0.17451, -0.22157], [0.13529, -0.19804], [0.11176, -0.14314], [0.08039, -0.12353], [0.00196, -0.15098], [-0.01373, -0.24118], [-0.03725, -0.27255], [-0.46078, -0.31176], [-0.48824, -0.31176], [-0.49608, -0.3], [-0.5, -0.15882], [-0.48824, -0.11961], [-0.43333, -0.04118], [-0.30392, -0.01765], [-0.11569, -0.03725], [-0.08824, -0.12353], [0.08824, -0.00588], [0.06471, -0.00588]]}