{"rank": 86, "key_id": "5548825328484352", "category": "dragon", "n_points": 34, "bbox_aspect": 1.7046979865771812, "n_extensions_spliced": 2, "main_perimeter_px": 763.4526122168064, "score": 0.8454923262170281, "coords": [[-0.1063, 0.0689], [-0.01969, 0.08071], [-0.01969, 0.00984], [0.10236, 0.02559], [0.08268, -0.10433], [0.17323, -0.06496], [0.14961, -0.16732], [0.16142, -0.1752], [0.2874, -0.1752], [0.35827, -0.15945], [0.49606, -0.0689], [0.5, -0.11614], [0.46063, -0.19094], [0.40945, -0.23819], [0.35039, -0.26181], [0.25591, -0.28543], [0.16535, -0.29331], [0.07874, -0.20669], [0.0, -0.27756], [-0.03543, -0.23031], [-0.04331, -0.19094], [-0.10236, -0.26969], [-0.18898, -0.09252], [-0.28346, 0.02165], [-0.37402, -0.00984], [-0.44882, -0.00984], [-0.48031, 0.00197], [-0.5, 0.02953], [-0.5, 0.05709], [-0.46063, 0.10039], [-0.25984, 0.23031], [-0.22047, 0.23031], [-0.19291, 0.21063], [-0.11811, 0.08071], [-0.1063, 0.0689]]}