{"rank": 87, "key_id": "4913484586287104", "category": "dragon", "n_points": 26, "bbox_aspect": 1.2587064676616915, "n_extensions_spliced": 2, "main_perimeter_px": 445.20022652645923, "score": 0.8421953074997287, "coords": [[0.0336, -0.00198], [0.06522, 0.11265], [0.13241, 0.24308], [0.22727, 0.34585], [0.28656, 0.38538], [0.36561, 0.39723], [0.40119, 0.33794], [0.33794, 0.31818], [0.29842, 0.28656], [0.2747, 0.24704], [0.27075, 0.20751], [0.31818, 0.23913], [0.37747, 0.25494], [0.45652, 0.25494], [0.5, 0.22332], [0.5, 0.17194], [0.39328, 0.16798], [0.36957, 0.14822], [0.32213, 0.05336], [0.33794, 0.01383], [0.21542, 0.04545], [0.15613, 0.04545], [0.10079, 0.02964], [0.06522, -0.02174], [0.05731, -0.05731], [-0.03755, -0.33794], [0.0336, -0.00198]]}