{"rank": 88, "key_id": "5339858790776832", "category": "dragon", "n_points": 35, "bbox_aspect": 1.7346938775510203, "n_extensions_spliced": 2, "main_perimeter_px": 822.7327420373363, "score": 0.8416155614357329, "coords": [[0.49216, 0.15882], [0.4451, 0.07255], [0.31569, 0.09216], [0.22157, 0.12353], [0.17059, 0.08824], [0.17843, -0.05294], [0.15098, -0.1], [0.02157, -0.1549], [-0.14314, -0.13529], [-0.17843, -0.25294], [-0.2098, -0.24902], [-0.21765, -0.19804], [-0.26078, -0.17059], [-0.32353, -0.27647], [-0.34706, -0.24118], [-0.3549, -0.1549], [-0.37451, -0.24902], [-0.42157, -0.22549], [-0.42157, -0.14314], [-0.45294, -0.24118], [-0.5, -0.20588], [-0.5, -0.00196], [-0.47255, 0.03333], [-0.31569, 0.06078], [-0.18627, 0.0098], [-0.12353, 0.01373], [-0.17059, -0.02941], [-0.04118, -0.23725], [-0.13922, -0.01373], [-0.02157, 0.09216], [0.1, 0.23725], [0.23333, 0.28431], [0.31569, 0.28824], [0.41373, 0.25686], [0.45686, 0.22549], [0.49216, 0.15882]]}