{"rank": 89, "key_id": "6697818200735744", "category": "dragon", "n_points": 31, "bbox_aspect": 1.655844155844156, "n_extensions_spliced": 2, "main_perimeter_px": 595.8249118047762, "score": 0.8408462390468244, "coords": [[-0.16275, -0.05882], [-0.36275, -0.03922], [-0.41765, -0.0], [-0.46471, 0.01176], [-0.49608, 0.01176], [-0.5, -0.0], [-0.48039, -0.02353], [-0.42157, -0.03922], [-0.47647, -0.04314], [-0.49216, -0.06667], [-0.48431, -0.08235], [-0.44118, -0.0902], [-0.40196, -0.07451], [-0.35098, -0.11765], [-0.31569, -0.17647], [-0.19804, -0.21569], [-0.22157, -0.25098], [-0.17843, -0.24706], [-0.1549, -0.29804], [-0.12353, -0.30196], [-0.10784, -0.25882], [-0.09608, -0.2549], [-0.07255, -0.26667], [0.02549, -0.26667], [0.41765, -0.21569], [0.48039, -0.18824], [0.5, -0.16471], [0.0098, -0.15686], [-0.06471, -0.13725], [-0.0451, -0.13333], [-0.02941, -0.12941], [-0.16275, -0.05882]]}