{"rank": 90, "key_id": "5006705995808768", "category": "dragon", "n_points": 35, "bbox_aspect": 1.1283185840707965, "n_extensions_spliced": 2, "main_perimeter_px": 803.53529089815, "score": 0.8406460831521159, "coords": [[-0.1549, -0.13333], [-0.14314, -0.14902], [-0.01373, -0.08627], [-0.1902, -0.20392], [-0.28824, -0.20784], [-0.33529, -0.17647], [-0.4098, -0.01569], [-0.48039, 0.01176], [-0.5, -0.08235], [-0.44902, -0.19216], [-0.35098, -0.28627], [-0.21373, -0.32549], [-0.03333, -0.32157], [-0.02157, -0.33333], [-0.05294, -0.41961], [0.05686, -0.41961], [0.07647, -0.39216], [0.05294, -0.32549], [0.16275, -0.32549], [0.16667, -0.44314], [0.31961, -0.4], [0.25686, -0.31765], [0.3549, -0.30196], [0.38627, -0.26667], [0.40588, -0.16863], [0.3902, -0.07059], [0.39412, 0.08235], [0.48431, 0.09804], [0.5, 0.1451], [0.44118, 0.18824], [0.42157, 0.16078], [0.38235, 0.26275], [0.32353, 0.18431], [0.31961, 0.23529], [0.29216, 0.19608], [-0.1549, -0.13333]]}