{"rank": 91, "key_id": "6448522524098560", "category": "dragon", "n_points": 35, "bbox_aspect": 1.7397260273972603, "n_extensions_spliced": 2, "main_perimeter_px": 778.6949476999208, "score": 0.8395878805843756, "coords": [[0.14567, 0.02362], [0.35039, 0.02756], [0.46063, 0.03937], [0.49213, -0.0], [0.5, -0.0748], [0.45669, -0.04724], [0.4252, -0.07874], [0.39764, -0.06299], [0.33858, -0.06693], [0.35039, -0.09843], [0.45276, -0.09449], [0.45669, -0.14961], [0.38583, -0.16535], [0.24803, -0.16142], [0.24016, -0.18504], [0.25984, -0.24016], [0.24016, -0.28346], [0.19685, -0.27559], [0.19291, -0.17717], [0.07874, -0.16535], [0.0315, -0.18504], [0.03543, -0.23228], [0.01969, -0.28346], [-0.0315, -0.26772], [-0.02362, -0.17717], [-0.11811, -0.12598], [-0.19291, -0.13386], [-0.35433, -0.1063], [-0.44488, -0.03937], [-0.49606, 0.09843], [-0.5, 0.19291], [-0.46457, 0.1378], [-0.38189, 0.07874], [-0.24409, 0.0315], [0.0748, 0.02756], [0.14567, 0.02362]]}