{"rank": 92, "key_id": "6614141500391424", "category": "dragon", "n_points": 35, "bbox_aspect": 1.1233480176211454, "n_extensions_spliced": 2, "main_perimeter_px": 996.5361797093929, "score": 0.8375555704057341, "coords": [[-0.18235, 0.28431], [-0.27255, 0.27255], [-0.3549, 0.22941], [-0.47255, 0.14314], [-0.5, 0.08824], [-0.34706, 0.13922], [-0.26471, 0.14314], [-0.43725, 0.00588], [-0.28431, 0.02549], [-0.13529, 0.09608], [-0.04118, 0.0451], [0.00588, -0.05686], [-0.09216, -0.16667], [-0.11569, -0.25294], [-0.11569, -0.34706], [-0.06078, -0.41765], [-0.02941, -0.42549], [0.01765, -0.35098], [0.04118, -0.27647], [0.14314, -0.3], [0.18235, -0.42941], [0.28824, -0.43333], [0.35098, -0.30392], [0.4098, -0.29608], [0.46863, -0.24118], [0.49216, -0.17451], [0.5, -0.03333], [0.46078, 0.06471], [0.38235, -0.09216], [0.33922, -0.13137], [0.28431, -0.13137], [0.18627, -0.1], [0.05294, 0.08824], [0.07647, 0.03333], [-0.17451, 0.28431], [-0.18235, 0.28431]]}