{"rank": 93, "key_id": "4949471769133056", "category": "dragon", "n_points": 27, "bbox_aspect": 1.5875, "n_extensions_spliced": 2, "main_perimeter_px": 568.8145494131006, "score": 0.8370182493855524, "coords": [[-0.41732, 0.16535], [-0.25591, 0.24803], [-0.4685, 0.11417], [-0.49606, 0.06693], [-0.5, -0.04331], [-0.46457, -0.09449], [-0.32283, -0.17323], [-0.2874, -0.21654], [-0.24016, -0.31496], [-0.22047, -0.29921], [-0.21654, -0.25984], [-0.25197, -0.14173], [-0.01969, -0.1378], [0.00787, -0.14961], [0.03937, -0.24803], [0.06693, -0.29134], [0.09055, -0.22441], [0.07087, -0.0748], [0.2126, -0.03937], [0.25197, 0.01969], [0.27953, 0.1378], [0.27953, 0.18504], [0.26772, 0.19685], [0.25591, 0.26772], [0.22047, 0.29921], [0.17717, 0.21654], [0.11417, 0.05512], [-0.41732, 0.16535]]}