{"rank": 94, "key_id": "5971250440568832", "category": "dragon", "n_points": 37, "bbox_aspect": 1.7465753424657535, "n_extensions_spliced": 2, "main_perimeter_px": 759.9777489698971, "score": 0.8368373858864528, "coords": [[0.37059, 0.08235], [0.44902, 0.0902], [0.5, 0.01961], [0.46078, 0.00784], [0.30392, 0.01569], [0.26863, -0.0], [0.20196, -0.09804], [0.20196, -0.24314], [0.16667, -0.27059], [0.1, -0.27059], [0.06863, -0.23529], [0.06078, -0.18431], [0.08824, -0.1098], [0.05294, -0.07843], [0.00588, -0.07451], [-0.07647, -0.10588], [-0.13137, -0.17647], [-0.13137, -0.27451], [-0.22157, -0.28627], [-0.26471, -0.22353], [-0.2451, -0.07059], [-0.28824, -0.05098], [-0.36275, -0.06667], [-0.44118, -0.13333], [-0.49608, -0.15294], [-0.49216, -0.05882], [-0.44902, -0.01961], [-0.33529, 0.04706], [-0.2451, 0.07451], [-0.09608, 0.07059], [0.06078, 0.13725], [0.05686, 0.0549], [0.01373, 0.17255], [0.0451, 0.11765], [0.05686, 0.0549], [0.17843, 0.14902], [0.3902, 0.11373], [0.37059, 0.08235]]}