{"rank": 95, "key_id": "4730087905689600", "category": "dragon", "n_points": 35, "bbox_aspect": 1.7465753424657535, "n_extensions_spliced": 2, "main_perimeter_px": 1032.2061364899337, "score": 0.8368373858864528, "coords": [[-0.22549, -0.02353], [-0.21373, -0.05882], [-0.27647, -0.22353], [-0.34314, -0.17647], [-0.5, -0.13333], [-0.41765, -0.10588], [-0.20588, -0.11373], [-0.4451, -0.05098], [-0.26863, -0.03137], [-0.11176, -0.07451], [0.04902, 0.03922], [0.14706, 0.07843], [0.27255, 0.08235], [0.4098, 0.04706], [0.48824, -0.02745], [0.5, -0.07451], [0.46863, -0.12549], [0.38627, -0.09412], [0.3549, -0.0549], [0.30392, -0.14118], [0.35098, -0.21961], [0.26471, -0.28627], [0.23333, -0.26667], [0.19804, -0.10588], [0.10392, -0.23529], [0.06471, -0.1451], [0.09608, -0.12549], [0.01765, -0.25882], [-0.01765, -0.20784], [-0.06078, -0.22745], [-0.06471, -0.09804], [-0.13137, -0.20784], [-0.1902, -0.18824], [-0.24118, -0.24314], [-0.29608, -0.14118], [-0.22549, -0.02353]]}