{"rank": 96, "key_id": "6532768441827328", "category": "dragon", "n_points": 28, "bbox_aspect": 1.6075949367088607, "n_extensions_spliced": 2, "main_perimeter_px": 465.5074497474592, "score": 0.8365464351740836, "coords": [[-0.01575, 0.20866], [-0.08268, 0.20472], [-0.11417, 0.18898], [-0.12598, 0.16142], [-0.19685, 0.14961], [-0.11024, 0.1378], [-0.00787, 0.13386], [0.01181, 0.11811], [0.01575, 0.04331], [0.03543, 0.00394], [0.03543, -0.0315], [-0.0315, -0.16535], [-0.03543, -0.25984], [-0.02756, -0.27953], [0.01969, -0.30709], [0.12598, -0.31102], [0.14961, -0.28346], [0.2874, -0.27953], [0.35827, -0.25197], [0.37008, -0.2126], [0.2874, -0.16142], [0.24016, -0.06299], [0.17323, -0.05118], [0.25591, 0.05512], [0.23228, 0.12992], [0.11811, 0.16929], [0.07087, 0.22441], [-0.00394, 0.22047], [-0.01575, 0.20866]]}