{"rank": 97, "key_id": "6646433480441856", "category": "dragon", "n_points": 33, "bbox_aspect": 1.1486486486486487, "n_extensions_spliced": 2, "main_perimeter_px": 673.0935439242439, "score": 0.8364797486654537, "coords": [[0.09608, 0.36863], [-0.0098, 0.38039], [-0.06471, 0.41176], [-0.17451, 0.43529], [-0.22157, 0.43529], [-0.34314, 0.39216], [-0.39804, 0.27843], [-0.4098, 0.13333], [-0.48824, -0.03529], [-0.5, -0.09412], [-0.49216, -0.14902], [-0.42157, -0.18824], [-0.24118, -0.20392], [-0.16275, -0.18039], [-0.06471, -0.10196], [-0.01765, -0.07843], [-0.1, -0.00784], [-0.18235, 0.04314], [-0.23333, 0.13333], [-0.18627, 0.1451], [-0.12353, 0.12941], [-0.10784, 0.06275], [-0.07255, 0.02353], [-0.05686, 0.02745], [-0.03725, 0.02353], [-0.07255, 0.02353], [-0.10784, 0.06275], [-0.12353, 0.12941], [0.06078, 0.14902], [0.25294, 0.19216], [0.25294, 0.21176], [0.17843, 0.3098], [0.06863, 0.4], [0.09608, 0.36863]]}