{"rank": 98, "key_id": "6346283126095872", "category": "dragon", "n_points": 28, "bbox_aspect": 1.6139240506329113, "n_extensions_spliced": 2, "main_perimeter_px": 601.0759028324733, "score": 0.8337959404761608, "coords": [[-0.11569, 0.16471], [-0.08824, 0.12941], [-0.09608, 0.14118], [-0.08431, 0.06275], [-0.13137, 0.02353], [-0.14706, -0.03922], [-0.14706, -0.11373], [-0.11569, -0.21961], [-0.05686, -0.2902], [-0.01765, -0.30588], [0.0451, -0.3098], [0.17843, -0.2902], [0.28039, -0.21176], [0.41765, -0.17647], [0.47255, -0.13333], [0.5, -0.03137], [0.46863, -0.02745], [0.1549, -0.20784], [0.08039, -0.22745], [0.05294, -0.2], [0.03725, -0.1451], [0.04118, 0.00784], [0.03725, 0.04314], [-0.0098, 0.19608], [-0.03725, 0.21961], [-0.07255, 0.21176], [-0.14314, 0.12941], [-0.16275, 0.07059], [-0.11569, 0.16471]]}