{"rank": 99, "key_id": "5964458608295936", "category": "dragon", "n_points": 26, "bbox_aspect": 1.5838509316770186, "n_extensions_spliced": 2, "main_perimeter_px": 445.91814168028867, "score": 0.8302958061797414, "coords": [[0.00588, 0.13922], [0.00588, 0.13137], [-0.11569, 0.13137], [0.00588, 0.22549], [0.02941, 0.28431], [0.06863, 0.22941], [0.09216, 0.24902], [0.12353, 0.18627], [0.14706, 0.21373], [0.14314, 0.12353], [0.32353, 0.24118], [0.38627, 0.31569], [0.39412, 0.14314], [0.40588, 0.13137], [0.43725, 0.17843], [0.44118, 0.16667], [0.33137, -0.02157], [0.40196, -0.02941], [0.38627, -0.09608], [0.3902, -0.11176], [0.42157, -0.12745], [0.5, -0.13137], [0.4098, -0.20588], [0.41765, -0.29608], [0.40588, -0.31569], [0.3902, -0.31569], [0.00588, 0.13922]]}