{"rank": 100, "key_id": "5012310894575616", "category": "dragon", "n_points": 21, "bbox_aspect": 1.3406593406593406, "n_extensions_spliced": 2, "main_perimeter_px": 393.6877552330808, "score": 0.8289018991993374, "coords": [[-0.32377, -0.04508], [-0.29918, 0.0123], [-0.26639, 0.03279], [-0.20082, 0.06557], [-0.13115, 0.06557], [-0.09836, 0.02049], [-0.09016, -0.02869], [-0.17623, -0.13115], [-0.18443, -0.23361], [-0.16803, -0.28279], [-0.13115, -0.33197], [-0.05738, -0.36885], [0.07377, -0.37295], [0.12295, -0.34836], [0.16803, -0.28279], [0.18852, -0.13934], [0.09426, -0.01639], [-0.0082, 0.07787], [-0.0082, 0.11066], [-0.11885, 0.13934], [-0.11885, 0.11885], [-0.32377, -0.04508]]}