{"rank": 101, "key_id": "6640711241826304", "category": "dragon", "n_points": 19, "bbox_aspect": 1.3421052631578947, "n_extensions_spliced": 2, "main_perimeter_px": 478.83532093629657, "score": 0.8287703987970423, "coords": [[-0.16275, 0.36078], [-0.06471, 0.35686], [0.02157, 0.28627], [0.07255, 0.21961], [0.10392, 0.12549], [0.13922, 0.06667], [0.15882, 0.04314], [0.18627, 0.03529], [0.28431, 0.0902], [0.46078, 0.35294], [0.5, 0.37255], [0.47255, 0.12549], [0.43725, 0.01569], [0.39412, -0.0549], [0.27255, -0.1451], [0.17059, -0.2], [0.10392, -0.21569], [0.07647, -0.19608], [0.00196, -0.20784], [-0.16275, 0.36078]]}