{"rank": 102, "key_id": "5589933395804160", "category": "dragon", "n_points": 22, "bbox_aspect": 1.5, "n_extensions_spliced": 2, "main_perimeter_px": 397.09932530102344, "score": 0.8277866365450259, "coords": [[-0.05294, -0.16471], [-0.13922, 0.02353], [-0.22941, -0.11765], [-0.24118, 0.14902], [-0.32353, 0.21569], [-0.38235, 0.31373], [-0.4451, 0.33333], [-0.4451, 0.29412], [-0.41765, 0.2549], [-0.43333, 0.22353], [-0.42157, 0.17255], [-0.42941, 0.14902], [-0.5, 0.08235], [-0.49216, 0.05098], [-0.44902, -0.02745], [-0.44902, -0.06275], [-0.47647, -0.0902], [-0.48431, -0.12941], [-0.46471, -0.16471], [-0.31176, -0.27843], [-0.23333, -0.32549], [-0.18627, -0.33333], [-0.05294, -0.16471]]}