{"rank": 103, "key_id": "6059926164078592", "category": "dragon", "n_points": 35, "bbox_aspect": 1.7708333333333333, "n_extensions_spliced": 2, "main_perimeter_px": 638.0590551843352, "score": 0.8271820603938178, "coords": [[-0.5, 0.07843], [-0.48039, 0.02353], [-0.46471, 0.04706], [-0.45294, -0.01569], [-0.40588, 0.07059], [-0.37843, 0.01961], [-0.34314, 0.02745], [-0.30784, 0.09804], [-0.29608, 0.00392], [-0.28039, -0.00392], [-0.20588, 0.08627], [-0.18627, 0.0549], [-0.1, 0.10588], [0.02549, 0.08235], [-0.1, 0.05098], [-0.14314, -0.0902], [-0.18235, -0.1451], [-0.2451, -0.18824], [-0.29608, -0.21176], [-0.37451, -0.21176], [-0.4098, -0.18039], [-0.45294, -0.0902], [-0.41373, -0.18824], [-0.34706, -0.23922], [-0.26078, -0.27059], [-0.1902, -0.28235], [-0.11569, -0.27451], [0.0098, -0.17647], [0.08824, -0.1451], [0.13529, -0.1451], [0.25294, -0.20392], [0.36667, -0.22353], [0.40196, -0.21176], [0.45686, -0.14902], [0.48824, -0.14118], [-0.5, 0.07843]]}