{"rank": 104, "key_id": "5566931564232704", "category": "dragon", "n_points": 49, "bbox_aspect": 1.275, "n_extensions_spliced": 2, "main_perimeter_px": 484.8401729970727, "score": 0.8261984260590903, "coords": [[-0.5, -0.20392], [-0.35098, -0.13725], [-0.26471, -0.04706], [-0.18627, 0.14118], [-0.15098, 0.32549], [-0.13529, 0.34118], [-0.02549, 0.36078], [-0.00588, 0.36078], [-0.1549, 0.39216], [-0.30784, 0.39216], [-0.3549, 0.38039], [-0.30392, 0.36471], [-0.22157, 0.31373], [-0.16667, 0.23137], [-0.16667, 0.23137], [-0.22157, 0.31373], [-0.30392, 0.36471], [-0.3549, 0.38039], [-0.30784, 0.39216], [-0.1549, 0.39216], [-0.00588, 0.36078], [0.08039, 0.36078], [0.18627, 0.33725], [0.28431, 0.2549], [0.39804, 0.26275], [0.42549, 0.24706], [0.5, 0.09412], [0.48039, 0.10196], [0.29216, 0.09412], [0.20588, 0.06667], [0.1549, 0.03137], [0.13137, -0.01176], [0.11569, -0.12157], [0.06471, -0.22353], [-0.03725, -0.31765], [-0.18627, -0.39216], [-0.18627, -0.39216], [-0.03725, -0.31765], [0.06471, -0.22353], [0.11569, -0.12157], [0.13137, -0.01176], [0.1549, 0.03137], [0.20588, 0.06667], [0.29216, 0.09412], [0.48039, 0.10196], [0.31569, 0.17255], [0.29608, 0.17255], [0.19412, 0.11765], [0.1, 0.11765], [-0.5, -0.20392]]}