{"rank": 105, "key_id": "5526244416290816", "category": "dragon", "n_points": 18, "bbox_aspect": 1.4488636363636365, "n_extensions_spliced": 2, "main_perimeter_px": 469.64410236314876, "score": 0.8259848805506569, "coords": [[0.31569, 0.27843], [0.31176, 0.27451], [0.24118, 0.27843], [0.1902, 0.25098], [0.06471, 0.14902], [-0.04118, 0.01176], [0.02549, 0.0549], [-0.22157, -0.10196], [-0.26471, -0.11373], [-0.37451, -0.1098], [-0.5, -0.03137], [-0.45686, -0.11373], [-0.36667, -0.23922], [-0.27647, -0.2902], [-0.18627, -0.29412], [0.00196, -0.27059], [0.12745, -0.33333], [0.21373, -0.3451], [0.31569, 0.27843]]}