{"rank": 106, "key_id": "4564303933865984", "category": "dragon", "n_points": 26, "bbox_aspect": 1.2270531400966183, "n_extensions_spliced": 2, "main_perimeter_px": 763.6299182756748, "score": 0.8243669326590348, "coords": [[0.4685, 0.32874], [0.42126, 0.37205], [0.32677, 0.40748], [0.24409, 0.40354], [0.17717, 0.37205], [0.11811, 0.28937], [0.06299, 0.15551], [-0.02756, 0.00984], [-0.10236, -0.07677], [-0.15354, -0.10433], [-0.23228, -0.10433], [-0.5, 0.05315], [-0.43701, -0.0689], [-0.3622, -0.17126], [-0.26772, -0.26969], [-0.12992, -0.35236], [-0.05118, -0.37205], [0.05512, -0.37598], [0.12205, -0.37598], [0.18898, -0.3563], [0.27165, -0.25], [0.3622, 0.07283], [0.32283, 0.08465], [0.48819, 0.21457], [0.5, 0.30906], [0.44882, 0.34843], [0.4685, 0.32874]]}