{"rank": 107, "key_id": "5105769986916352", "category": "dragon", "n_points": 21, "bbox_aspect": 1.3010204081632653, "n_extensions_spliced": 2, "main_perimeter_px": 573.7126524386026, "score": 0.8236736545146872, "coords": [[-0.30784, 0.03922], [-0.5, 0.00784], [-0.40196, 0.03529], [-0.46078, 0.04706], [-0.48824, 0.07059], [-0.32745, 0.11765], [-0.2098, 0.13333], [-0.12745, 0.08627], [0.11961, 0.03137], [0.15098, -0.01176], [0.13922, 0.01176], [0.16667, -0.01961], [0.15098, -0.01176], [0.25294, 0.01961], [0.5, -0.03922], [0.24902, -0.07451], [-0.02941, -0.07059], [-0.09216, -0.05882], [-0.14314, -0.04706], [-0.22549, 0.03529], [-0.29608, 0.03922], [-0.30784, 0.03922]]}