{"rank": 108, "key_id": "5577770321051648", "category": "dragon", "n_points": 35, "bbox_aspect": 1.7832167832167831, "n_extensions_spliced": 2, "main_perimeter_px": 660.6463291285133, "score": 0.8223039918725525, "coords": [[-0.43333, 0.18235], [-0.42941, 0.24118], [-0.35882, 0.28039], [-0.29608, 0.27255], [-0.22941, 0.16275], [-0.1549, 0.13137], [-0.00196, 0.10784], [0.13137, -0.01765], [0.26078, -0.08824], [0.35098, -0.08431], [0.36667, -0.06863], [0.37843, -0.01373], [0.31961, 0.00588], [0.26863, -0.01765], [0.21373, -0.00588], [0.20196, 0.01765], [0.23725, 0.08039], [0.39804, 0.09216], [0.46863, 0.01765], [0.5, -0.04118], [0.49216, -0.09216], [0.40196, -0.15882], [0.37843, -0.19804], [0.29216, -0.25686], [0.23725, -0.25686], [0.09608, -0.2098], [0.07647, -0.22941], [0.08431, -0.26471], [0.02941, -0.28039], [-0.0098, -0.22549], [-0.04118, -0.22941], [-0.04902, -0.26471], [-0.08039, -0.26471], [-0.11961, -0.2098], [-0.16667, -0.21765], [-0.43333, 0.18235]]}