{"rank": 109, "key_id": "5126013581262848", "category": "dragon", "n_points": 28, "bbox_aspect": 1.6451612903225807, "n_extensions_spliced": 2, "main_perimeter_px": 488.56770444515115, "score": 0.8203769992007567, "coords": [[-0.5, 0.17451], [-0.42941, 0.15098], [-0.48039, 0.13922], [-0.43725, 0.12745], [-0.42941, 0.06471], [-0.3902, -0.00196], [-0.33922, -0.04902], [-0.25686, -0.08431], [-0.21765, -0.11569], [-0.1902, -0.18235], [-0.18627, -0.25294], [-0.16275, -0.22549], [-0.15882, -0.18627], [-0.11569, -0.2451], [-0.08824, -0.17451], [-0.02157, -0.19804], [0.0098, -0.1549], [-0.00588, -0.05686], [0.15882, -0.20588], [0.15882, -0.25686], [0.19412, -0.21373], [0.22941, -0.26863], [0.23333, -0.18235], [0.31176, -0.18235], [0.3902, -0.16667], [0.46078, -0.12353], [0.5, -0.0451], [0.31176, -0.02549], [-0.5, 0.17451]]}