{"rank": 110, "key_id": "6390739493715968", "category": "dragon", "n_points": 29, "bbox_aspect": 1.6666666666666667, "n_extensions_spliced": 2, "main_perimeter_px": 465.3049966705581, "score": 0.8196192956653222, "coords": [[-0.2451, 0.06471], [-0.40588, 0.11961], [-0.48039, 0.11961], [-0.4451, 0.11176], [-0.48431, 0.1], [-0.48039, 0.11961], [-0.40588, 0.11961], [-0.12353, 0.06471], [-0.06863, 0.04902], [0.00196, -0.00196], [0.11176, -0.12353], [0.16667, 0.15098], [0.19804, 0.23333], [0.26078, 0.28431], [0.31569, 0.3], [0.37059, 0.29216], [0.44118, 0.22549], [0.46078, 0.14706], [0.42941, 0.09608], [0.35882, 0.05686], [0.48039, 0.00196], [0.5, -0.03725], [0.48431, -0.06471], [0.44118, -0.08039], [0.46078, -0.08431], [0.47647, -0.1], [0.47255, -0.14314], [0.37451, -0.17843], [0.30392, -0.18235], [-0.2451, 0.06471]]}