{"rank": 111, "key_id": "5155769517342720", "category": "dragon", "n_points": 34, "bbox_aspect": 1.7708333333333333, "n_extensions_spliced": 2, "main_perimeter_px": 638.3892936435786, "score": 0.8188487270604844, "coords": [[0.33922, 0.18824], [0.33529, 0.19216], [0.42549, 0.19608], [0.30784, 0.17647], [0.26078, 0.08627], [0.06863, 0.09412], [-0.04902, 0.06275], [-0.11176, 0.00784], [-0.1902, -0.1098], [-0.25294, -0.15686], [-0.36275, -0.19216], [-0.49608, -0.13333], [-0.5, -0.14118], [-0.47647, -0.20392], [-0.43333, -0.22745], [-0.31569, -0.21569], [-0.20588, -0.15294], [-0.22941, -0.23922], [-0.20588, -0.26667], [-0.14314, -0.27059], [-0.13137, -0.17255], [-0.09608, -0.2549], [-0.05294, -0.28235], [-0.03333, -0.27059], [-0.02157, -0.18431], [0.0451, -0.24706], [0.1, -0.2549], [0.16275, -0.23137], [0.18235, -0.16078], [0.23725, -0.19216], [0.27647, -0.18824], [0.28431, -0.16863], [0.26471, -0.0902], [0.29216, -0.00392], [0.33922, 0.18824]]}