{"rank": 112, "key_id": "5427059528564736", "category": "dragon", "n_points": 22, "bbox_aspect": 1.536144578313253, "n_extensions_spliced": 2, "main_perimeter_px": 671.5376012876113, "score": 0.8183708692068643, "coords": [[-0.19412, 0.18824], [-0.05294, 0.24314], [-0.04118, 0.22353], [0.17059, 0.29412], [0.4098, 0.30196], [0.5, 0.27843], [0.33922, 0.24314], [0.28824, 0.21569], [0.3, 0.18431], [0.4451, 0.0549], [0.40588, 0.04706], [0.20196, 0.07451], [0.22941, -0.06275], [0.20196, -0.11373], [0.12745, -0.10196], [0.03725, -0.03137], [-0.0451, 0.09804], [-0.05686, 0.02745], [-0.12353, 0.05882], [-0.21765, 0.17647], [-0.39804, 0.24706], [-0.14314, 0.20392], [-0.19412, 0.18824]]}