{"rank": 113, "key_id": "5125822232920064", "category": "dragon", "n_points": 35, "bbox_aspect": 1.7943262411347518, "n_extensions_spliced": 2, "main_perimeter_px": 695.7614023890691, "score": 0.8179565134569693, "coords": [[-0.14032, 0.20751], [-0.17984, 0.18379], [-0.22727, 0.1087], [-0.21542, 0.08103], [-0.1166, 0.09684], [-0.11265, 0.03755], [-0.13636, -0.02569], [-0.1996, -0.07312], [-0.18379, -0.1087], [-0.12055, -0.13636], [-0.05336, -0.12846], [0.00593, -0.04941], [0.03755, 0.05731], [0.13636, -0.09684], [0.27075, -0.15613], [0.33004, -0.15217], [0.38538, -0.07708], [0.43281, -0.06126], [0.42095, -0.02964], [0.5, 0.06126], [0.49209, 0.07708], [0.36957, 0.1087], [0.38538, 0.12451], [0.46838, 0.15217], [0.41304, 0.17984], [0.25494, 0.1917], [0.16403, 0.16403], [0.15613, 0.12055], [0.08103, 0.25889], [0.06917, 0.26285], [0.03755, 0.19565], [-0.06917, 0.25889], [-0.14822, 0.27866], [-0.16798, 0.26285], [-0.16403, 0.1996], [-0.14032, 0.20751]]}