{"rank": 114, "key_id": "4960068925652992", "category": "dragon", "n_points": 35, "bbox_aspect": 1.795774647887324, "n_extensions_spliced": 2, "main_perimeter_px": 820.3439239738877, "score": 0.8173916910114999, "coords": [[-0.4098, 0.17647], [-0.39804, 0.06275], [-0.36667, 0.00392], [-0.30392, -0.02353], [-0.18235, -0.02745], [-0.0451, -0.00392], [0.03725, 0.06667], [0.06471, 0.18039], [0.15098, 0.27843], [0.2451, 0.27843], [0.34314, 0.23529], [0.33529, 0.18431], [0.22549, 0.16863], [0.31961, 0.09412], [0.25686, 0.0549], [0.17059, 0.0549], [0.13137, -0.0], [0.11961, -0.06667], [0.1549, -0.20784], [0.1549, -0.27451], [0.1, -0.20784], [0.06471, -0.27843], [0.02157, -0.21176], [-0.02549, -0.26667], [-0.05686, -0.23529], [-0.11569, -0.27451], [-0.1549, -0.22353], [-0.22157, -0.27451], [-0.26863, -0.21569], [-0.32745, -0.27059], [-0.43333, -0.24706], [-0.47647, -0.18824], [-0.5, -0.07059], [-0.5, 0.03922], [-0.47255, 0.1098], [-0.4098, 0.17647]]}