{"rank": 115, "key_id": "6651513755664384", "category": "dragon", "n_points": 32, "bbox_aspect": 1.7346938775510203, "n_extensions_spliced": 2, "main_perimeter_px": 578.1099568848759, "score": 0.8166155614357329, "coords": [[-0.02941, 0.13922], [-0.10392, 0.13137], [-0.15882, 0.09216], [-0.16667, 0.06863], [-0.14314, 0.0451], [-0.16275, 0.0451], [-0.08824, 0.04118], [-0.02157, 0.05686], [-0.1, 0.03333], [-0.1549, 0.00588], [-0.1902, -0.03725], [-0.18627, -0.06471], [-0.14314, -0.08039], [0.04902, -0.06863], [0.11961, -0.08824], [0.16275, -0.13529], [0.14706, -0.2451], [0.17451, -0.26863], [0.31569, -0.28824], [0.43333, -0.27647], [0.43725, -0.25294], [0.40196, -0.20588], [0.5, -0.17843], [0.42157, -0.12745], [0.47647, -0.10392], [0.48039, -0.09608], [0.46863, -0.07647], [0.44902, -0.07647], [0.28039, 0.01765], [0.13529, 0.11569], [0.02549, 0.13137], [-0.04118, 0.12353], [-0.02941, 0.13922]]}