{"rank": 116, "key_id": "5522878923538432", "category": "dragon", "n_points": 28, "bbox_aspect": 1.655844155844156, "n_extensions_spliced": 2, "main_perimeter_px": 539.5280252015616, "score": 0.8158462390468244, "coords": [[-0.20196, 0.13333], [-0.11961, 0.20784], [-0.10784, 0.25882], [-0.13529, 0.27843], [-0.22157, 0.30196], [-0.26863, 0.27843], [-0.27647, 0.24706], [-0.32745, 0.25098], [-0.37843, 0.22745], [-0.4451, 0.16863], [-0.48039, 0.11373], [-0.46471, 0.09412], [-0.48039, 0.05098], [-0.44118, 0.02353], [-0.25686, 0.0902], [-0.32353, -0.08627], [-0.32353, -0.13725], [-0.3, -0.14902], [-0.17451, -0.16078], [-0.02157, -0.11373], [-0.0451, 0.01176], [0.1, -0.05882], [0.22157, -0.17255], [0.28824, -0.19608], [0.36275, -0.2], [0.46471, -0.15294], [0.48824, -0.12941], [0.5, -0.09804], [-0.20196, 0.13333]]}