{"rank": 117, "key_id": "4901712080928768", "category": "dragon", "n_points": 35, "bbox_aspect": 1.0851063829787233, "n_extensions_spliced": 2, "main_perimeter_px": 1149.514084917292, "score": 0.8133107227418046, "coords": [[-0.2451, 0.27647], [-0.38235, 0.1902], [-0.45686, 0.21373], [-0.5, 0.28824], [-0.47647, 0.37059], [-0.41765, 0.42157], [-0.29608, 0.46078], [-0.18627, 0.41373], [-0.11961, 0.31569], [-0.08431, 0.17059], [-0.08039, 0.06863], [-0.01373, 0.05686], [0.00196, 0.26471], [0.02549, 0.32353], [0.13529, 0.4098], [0.26471, 0.39804], [0.36667, 0.33137], [0.40196, 0.27647], [0.24118, 0.27647], [0.33922, 0.22549], [0.18627, 0.04902], [0.20196, 0.01765], [0.34706, -0.06471], [0.46863, -0.22549], [0.49216, -0.29608], [0.5, -0.44902], [0.42549, -0.31176], [0.33137, -0.22549], [0.26078, -0.2098], [0.20196, -0.31961], [-0.08824, -0.3], [-0.23333, -0.23725], [-0.27647, -0.1549], [-0.25686, 0.10784], [-0.23333, 0.22941], [-0.2451, 0.27647]]}