{"rank": 118, "key_id": "6526357532049408", "category": "dragon", "n_points": 32, "bbox_aspect": 1.7465753424657535, "n_extensions_spliced": 2, "main_perimeter_px": 551.1717761604913, "score": 0.8118373858864528, "coords": [[-0.17059, 0.14902], [-0.15098, 0.20392], [-0.12745, 0.16863], [-0.10392, 0.2549], [-0.07255, 0.25882], [-0.04902, 0.18824], [-0.00196, 0.25882], [0.04902, 0.28627], [0.10392, 0.27059], [0.11569, 0.18824], [0.13922, 0.17647], [0.25294, 0.17255], [0.38627, 0.23529], [0.46078, 0.23137], [0.47647, 0.2], [0.46471, 0.10588], [0.43333, 0.0902], [0.33529, 0.08235], [0.29216, 0.0549], [0.27647, 0.01569], [0.30784, -0.02353], [0.41373, -0.03529], [0.46471, -0.08235], [0.5, -0.18431], [0.5, -0.24314], [0.47647, -0.28235], [0.44118, -0.28627], [0.38235, -0.15294], [0.31569, -0.0902], [0.2451, -0.05882], [0.10784, -0.0549], [-0.0098, -0.06275], [-0.17059, 0.14902]]}