{"rank": 119, "key_id": "6440382571216896", "category": "dragon", "n_points": 35, "bbox_aspect": 1.8142857142857143, "n_extensions_spliced": 2, "main_perimeter_px": 828.6244056354105, "score": 0.8102129412150532, "coords": [[-0.09449, -0.0], [-0.16929, 0.01181], [-0.22047, -0.01181], [-0.24803, -0.06299], [-0.25591, -0.15354], [-0.30315, -0.19685], [-0.37402, -0.21654], [-0.5, -0.20079], [-0.42913, -0.27165], [-0.35039, -0.27559], [-0.25197, -0.23622], [-0.20472, -0.17323], [-0.18504, -0.0748], [-0.1378, -0.03543], [0.0, -0.08661], [-0.0315, -0.19685], [-0.0315, -0.24803], [0.0, -0.23228], [0.04724, -0.14173], [0.06299, -0.25591], [0.14173, -0.11811], [0.16929, -0.24016], [0.20866, -0.11811], [0.26772, -0.22441], [0.31102, -0.06299], [0.44882, -0.04724], [0.5, -0.00394], [0.49606, 0.05512], [0.46457, 0.08661], [0.38189, 0.07874], [0.2874, 0.00394], [0.19685, -0.00394], [0.20079, -0.05118], [0.07874, 0.01575], [-0.11417, 0.00787], [-0.09449, -0.0]]}