{"rank": 120, "key_id": "6638906009190400", "category": "dragon", "n_points": 41, "bbox_aspect": 1.7346938775510203, "n_extensions_spliced": 2, "main_perimeter_px": 683.5427990724457, "score": 0.8082822281023996, "coords": [[0.43333, 0.28039], [0.5, 0.2451], [0.5, 0.22941], [0.5, 0.22941], [0.5, 0.2451], [0.42549, 0.27255], [0.28824, 0.1549], [0.46471, 0.07255], [0.49216, 0.06863], [0.48039, 0.09608], [0.48039, 0.09608], [0.49216, 0.06863], [0.46471, 0.07255], [0.28824, 0.1549], [0.42549, 0.27255], [0.32353, 0.28824], [0.20196, 0.26078], [0.16275, 0.22549], [0.15098, 0.13922], [0.12745, 0.11961], [-0.13137, 0.08039], [-0.20588, 0.0451], [-0.3, 0.05686], [-0.39804, 0.10392], [-0.5, 0.23333], [-0.47647, 0.16667], [-0.47647, 0.00196], [-0.45686, -0.04902], [-0.41373, -0.08824], [-0.37059, -0.10784], [-0.2451, -0.11176], [-0.23333, -0.22549], [-0.21373, -0.25294], [-0.17059, -0.28431], [-0.07255, -0.28824], [-0.1, -0.11569], [0.00588, -0.08824], [0.10784, -0.07647], [0.13137, -0.15098], [0.17843, -0.22157], [0.2451, -0.04118], [0.43333, 0.28039]]}