{"rank": 121, "key_id": "5202012603940864", "category": "dragon", "n_points": 29, "bbox_aspect": 1.1538461538461537, "n_extensions_spliced": 2, "main_perimeter_px": 604.4553780215025, "score": 0.8063066915802889, "coords": [[0.40196, 0.29216], [0.37451, 0.3], [0.28824, 0.4098], [0.21373, 0.43333], [0.14314, 0.43333], [0.11961, 0.42157], [0.09608, 0.3549], [0.07255, 0.33922], [-0.13922, 0.33529], [-0.12353, 0.30392], [-0.03725, 0.25294], [0.0451, 0.21765], [0.02549, 0.17843], [0.1549, 0.18627], [0.14706, 0.16275], [0.02549, 0.11176], [-0.11176, 0.02157], [-0.08039, 0.0098], [-0.11961, -0.02941], [-0.11176, -0.05686], [-0.05686, -0.06471], [0.05686, -0.02941], [0.17451, 0.02941], [0.24902, 0.04118], [0.29216, -0.1], [0.40196, -0.12745], [0.44902, -0.16667], [0.47255, -0.22941], [0.5, -0.43333], [0.40196, 0.29216]]}