{"rank": 122, "key_id": "5280516104257536", "category": "dragon", "n_points": 20, "bbox_aspect": 1.526946107784431, "n_extensions_spliced": 2, "main_perimeter_px": 557.0333186625776, "score": 0.805908419382346, "coords": [[0.03725, 0.12353], [-0.02157, 0.23333], [-0.11176, 0.32745], [-0.09216, 0.14706], [-0.15882, 0.20588], [-0.3, 0.28431], [-0.21765, 0.22157], [-0.18235, 0.17059], [-0.40196, 0.20588], [-0.42157, 0.20196], [-0.38235, 0.13137], [-0.26863, -0.00588], [-0.4451, 0.07647], [-0.48431, 0.08824], [-0.5, 0.08039], [-0.48039, 0.0098], [-0.42941, -0.03333], [-0.26078, -0.1], [-0.0098, -0.15098], [0.16667, -0.32745], [0.03725, 0.12353]]}