{"rank": 123, "key_id": "5422766960410624", "category": "dragon", "n_points": 33, "bbox_aspect": 1.7832167832167831, "n_extensions_spliced": 2, "main_perimeter_px": 556.4652366402036, "score": 0.8056373252058858, "coords": [[0.23725, 0.20196], [0.16667, 0.21765], [0.13922, 0.2098], [0.10784, 0.07647], [0.08039, 0.04118], [0.02549, 0.02157], [-0.04902, 0.03333], [-0.13922, 0.01765], [-0.25686, -0.0451], [-0.28824, -0.09608], [-0.29608, -0.14314], [-0.28431, -0.17451], [-0.23333, -0.18627], [-0.17843, -0.18235], [-0.15098, -0.26078], [-0.12353, -0.25686], [-0.10784, -0.19804], [-0.07647, -0.18627], [-0.06078, -0.19412], [-0.06471, -0.25686], [-0.03725, -0.26078], [0.02157, -0.17451], [0.0451, -0.21373], [0.05294, -0.27647], [0.07255, -0.28039], [0.10784, -0.22549], [0.11961, -0.10392], [0.19412, 0.06471], [0.3, 0.15882], [0.29216, 0.17451], [0.36275, 0.17843], [0.28431, 0.20196], [0.19804, 0.1902], [0.23725, 0.20196]]}