{"rank": 124, "key_id": "5891240400781312", "category": "dragon", "n_points": 35, "bbox_aspect": 1.0717299578059072, "n_extensions_spliced": 2, "main_perimeter_px": 937.7974685260635, "score": 0.8046279891502015, "coords": [[0.10236, 0.1752], [0.0315, 0.12402], [-0.06299, 0.10433], [-0.09449, 0.08465], [-0.24016, -0.10039], [-0.32283, -0.10827], [-0.38189, -0.08071], [-0.41732, -0.00197], [-0.41339, 0.07677], [-0.43701, 0.1437], [-0.49213, 0.12402], [-0.5, 0.05315], [-0.45276, -0.04134], [-0.37795, -0.11614], [-0.22835, -0.16732], [-0.15748, -0.15157], [-0.12992, -0.06102], [-0.09055, -0.18701], [-0.08661, -0.29331], [-0.05906, -0.3878], [-0.01969, -0.45472], [0.03543, -0.46654], [0.08268, -0.42717], [0.00787, -0.35236], [-0.02362, -0.05315], [0.14567, -0.05709], [0.20866, -0.22638], [0.33858, -0.43504], [0.37402, -0.41929], [0.42913, -0.34843], [0.46063, -0.25787], [0.42913, -0.22638], [0.34646, -0.30118], [0.3189, -0.26181], [0.30315, -0.0689], [0.10236, 0.1752]]}