{"rank": 125, "key_id": "5553905347854336", "category": "dragon", "n_points": 36, "bbox_aspect": 1.854014598540146, "n_extensions_spliced": 2, "main_perimeter_px": 578.8305237763042, "score": 0.8033832268015609, "coords": [[-0.13386, 0.14764], [-0.12205, 0.14764], [-0.23228, 0.19488], [-0.30709, 0.21063], [-0.31102, 0.18701], [-0.2874, 0.1437], [-0.32677, 0.16339], [-0.38583, 0.15551], [-0.38583, 0.11614], [-0.36614, 0.06102], [-0.2874, -0.00197], [-0.2874, -0.04528], [-0.35433, -0.0689], [-0.48425, -0.06102], [-0.5, -0.0689], [-0.49213, -0.13189], [-0.44882, -0.17126], [-0.27165, -0.17913], [-0.26772, -0.26575], [-0.22835, -0.25787], [-0.20079, -0.23819], [-0.16535, -0.14764], [-0.14567, -0.22638], [-0.11024, -0.26575], [-0.08661, -0.26969], [-0.05906, -0.24606], [-0.01575, -0.16339], [0.0, -0.25394], [0.03543, -0.26181], [0.05906, -0.25], [0.06693, -0.18307], [0.00787, -0.0689], [-0.00394, -0.00197], [0.08268, 0.06102], [0.09843, 0.13976], [0.08661, 0.17913], [-0.13386, 0.14764]]}