{"rank": 126, "key_id": "6168133842763776", "category": "dragon", "n_points": 33, "bbox_aspect": 1.0948275862068966, "n_extensions_spliced": 2, "main_perimeter_px": 935.1938134655569, "score": 0.8028872611117096, "coords": [[-0.02756, 0.26772], [0.11024, 0.26378], [0.32677, 0.31102], [0.39764, 0.31102], [0.49213, 0.03543], [0.5, -0.06299], [0.44488, -0.06693], [0.15748, 0.06693], [0.04724, 0.09449], [-0.00394, 0.04724], [0.00787, -0.03937], [-0.03937, -0.20079], [-0.04331, -0.19685], [-0.06299, -0.22047], [-0.06693, -0.24409], [-0.18898, -0.24016], [-0.20866, -0.08661], [-0.24803, 0.00394], [-0.34252, 0.00394], [-0.38976, -0.01575], [-0.48819, -0.15354], [-0.5, -0.27165], [-0.49213, -0.30709], [-0.47244, -0.09843], [-0.40157, 0.07087], [-0.3622, 0.22441], [-0.26378, 0.30315], [-0.20472, 0.3937], [-0.08661, 0.45669], [-0.02756, 0.44882], [-0.00787, 0.42126], [0.00787, 0.35039], [0.00394, 0.26772], [-0.02756, 0.26772]]}