{"rank": 127, "key_id": "6054625083916288", "category": "dragon", "n_points": 25, "bbox_aspect": 1.6282051282051282, "n_extensions_spliced": 2, "main_perimeter_px": 484.91772807573403, "score": 0.8026291171298826, "coords": [[-0.0315, -0.00394], [-0.15748, -0.01969], [-0.14173, -0.02756], [-0.28346, -0.08268], [-0.35039, -0.16535], [-0.33465, -0.15354], [-0.35433, -0.20866], [-0.33858, -0.24016], [-0.30709, -0.26772], [-0.22441, -0.29921], [-0.04724, -0.30709], [-0.00787, -0.29528], [0.11811, -0.2126], [0.15748, -0.16142], [0.16535, -0.09843], [0.19685, -0.01575], [0.27559, 0.11024], [0.33465, 0.14961], [0.46063, 0.14567], [0.5, 0.17323], [0.5, 0.18898], [0.46457, 0.21654], [0.37795, 0.23622], [0.25984, 0.22441], [0.18504, 0.20079], [-0.0315, -0.00394]]}