{"rank": 128, "key_id": "5422243762929664", "category": "dragon", "n_points": 35, "bbox_aspect": 1.8345323741007193, "n_extensions_spliced": 2, "main_perimeter_px": 1473.992516146287, "score": 0.8024445038821018, "coords": [[-0.28431, 0.12745], [-0.11176, 0.19412], [-0.13922, 0.09216], [-0.06471, 0.17059], [-0.05686, 0.11176], [0.03725, 0.15882], [0.04902, 0.08824], [0.15882, 0.13137], [0.25686, 0.03725], [0.33922, 0.07647], [0.5, -0.11176], [0.11569, 0.02157], [0.01373, 0.00588], [-0.02157, -0.05294], [-0.0098, -0.26863], [0.06471, -0.26078], [0.02157, -0.16667], [0.08824, 0.00588], [0.10392, -0.25294], [-0.00196, -0.17843], [-0.0451, -0.20196], [-0.07255, -0.03725], [-0.18627, -0.25294], [-0.17843, -0.02941], [-0.23725, -0.20196], [-0.24118, -0.05294], [-0.27255, -0.1549], [-0.29216, 0.02549], [-0.49608, 0.01373], [-0.47647, 0.19804], [-0.39412, 0.27255], [-0.27647, 0.20196], [-0.26078, 0.12745], [-0.31569, 0.07255], [-0.41765, 0.11961], [-0.28431, 0.12745]]}