{"rank": 129, "key_id": "6744098520170496", "category": "dragon", "n_points": 25, "bbox_aspect": 1.2030456852791878, "n_extensions_spliced": 2, "main_perimeter_px": 592.1108310040057, "score": 0.8022022563764841, "coords": [[0.12025, 0.24684], [0.13713, 0.26371], [0.10338, 0.2384], [-0.07384, 0.16667], [-0.20886, 0.14557], [-0.41561, -0.00633], [-0.42405, -0.04008], [-0.5, -0.09916], [-0.43671, -0.14135], [-0.28059, -0.14557], [-0.06118, -0.04852], [0.02321, -0.03165], [-0.01055, -0.10759], [-0.05696, -0.17089], [-0.19198, -0.31013], [-0.26371, -0.36076], [-0.36076, -0.38608], [-0.38186, -0.39873], [-0.38608, -0.40717], [-0.37342, -0.41139], [-0.11181, -0.41561], [-0.08228, -0.40295], [0.03165, -0.30591], [0.17511, -0.28903], [0.19198, -0.26793], [0.12025, 0.24684]]}