{"rank": 130, "key_id": "5852411581169664", "category": "dragon", "n_points": 20, "bbox_aspect": 1.275, "n_extensions_spliced": 2, "main_perimeter_px": 466.0543868256803, "score": 0.8011984260590903, "coords": [[0.39804, 0.36471], [0.39804, 0.36863], [0.36275, 0.38431], [0.31176, 0.39216], [0.26078, 0.36471], [0.20196, 0.30588], [0.09216, 0.06275], [0.04902, 0.01176], [-0.04118, -0.0549], [-0.25686, -0.18039], [-0.3902, -0.31765], [-0.5, -0.39216], [-0.46471, -0.36471], [-0.39412, -0.38039], [-0.33529, -0.35686], [-0.23333, -0.28627], [-0.14706, -0.26667], [-0.1, -0.27451], [-0.04118, -0.3451], [0.00196, -0.37647], [0.39804, 0.36471]]}