{"rank": 131, "key_id": "6699458689499136", "category": "dragon", "n_points": 35, "bbox_aspect": 1.0627615062761506, "n_extensions_spliced": 2, "main_perimeter_px": 938.788054699616, "score": 0.7987456015927358, "coords": [[0.00787, 0.08858], [-0.00394, 0.14764], [-0.16929, 0.15945], [-0.31102, 0.18307], [-0.5, 0.18701], [-0.44094, 0.26181], [-0.38583, 0.28937], [-0.45669, 0.31299], [-0.35827, 0.33661], [-0.22835, 0.33268], [-0.27559, 0.37205], [-0.20866, 0.39567], [-0.29134, 0.44685], [-0.27165, 0.47047], [-0.14567, 0.44685], [0.07087, 0.31299], [0.11024, 0.36417], [0.18504, 0.41535], [0.26378, 0.41929], [0.32283, 0.39173], [0.32283, 0.34055], [0.2126, 0.30906], [0.13386, 0.26575], [0.18898, 0.26575], [0.29528, 0.20669], [0.36614, 0.19094], [0.29134, 0.17913], [0.37795, 0.15551], [0.5, 0.08465], [0.32283, 0.11614], [0.41339, 0.05315], [0.24016, 0.08465], [0.22835, 0.05315], [0.03937, 0.12795], [0.03937, 0.04921], [0.00787, 0.08858]]}