{"rank": 132, "key_id": "5104813924679680", "category": "dragon", "n_points": 35, "bbox_aspect": 1.0625, "n_extensions_spliced": 2, "main_perimeter_px": 505.08451071315955, "score": 0.7985733363033221, "coords": [[-0.07647, 0.26275], [0.0451, 0.19608], [0.0451, 0.19608], [0.0451, 0.35686], [0.02549, 0.47059], [-0.07255, 0.33725], [-0.10784, 0.25882], [-0.10784, 0.25882], [-0.07255, 0.33725], [0.02549, 0.47059], [0.0451, 0.35686], [0.0451, 0.19608], [0.16667, 0.11373], [0.33529, -0.11765], [0.5, -0.25882], [0.5, -0.25882], [0.33529, -0.11765], [0.16667, 0.11373], [0.0451, 0.19608], [-0.38235, 0.26275], [-0.46078, 0.23922], [-0.46471, 0.19608], [-0.44902, 0.18824], [-0.26471, 0.15686], [-0.49216, 0.07451], [-0.5, 0.05098], [-0.44902, 0.02745], [-0.35098, 0.00784], [-0.12353, 0.00784], [-0.08824, -0.00784], [-0.06078, -0.03529], [0.00196, -0.21569], [0.0451, -0.26667], [0.31961, -0.46667], [0.33922, -0.47059], [-0.07647, 0.26275]]}