{"rank": 133, "key_id": "5524622114029568", "category": "dragon", "n_points": 31, "bbox_aspect": 1.1140350877192982, "n_extensions_spliced": 2, "main_perimeter_px": 609.0700676769866, "score": 0.7983948143433514, "coords": [[-0.02756, -0.44882], [-0.05118, -0.43701], [-0.07087, -0.39764], [-0.08268, -0.33071], [-0.05512, -0.19685], [-0.02362, -0.12598], [0.04331, -0.04724], [0.0315, 0.01181], [-0.00787, 0.05512], [-0.03937, 0.08268], [-0.05512, 0.14173], [-0.05512, 0.17323], [0.03937, 0.37008], [0.0, 0.43307], [0.02362, 0.44488], [0.05906, 0.43307], [0.0748, 0.3622], [0.0748, 0.27559], [0.10236, 0.3937], [0.17717, 0.44882], [0.14961, 0.29528], [0.06693, 0.20472], [0.03543, 0.12992], [0.05512, 0.11811], [0.03937, 0.07874], [0.09843, 0.01575], [0.10236, -0.0315], [-0.00394, -0.16535], [-0.01575, -0.19291], [-0.02756, -0.27165], [-0.0315, -0.40945], [-0.02756, -0.44882]]}