{"rank": 134, "key_id": "5479318408921088", "category": "dragon", "n_points": 21, "bbox_aspect": 1.25, "n_extensions_spliced": 2, "main_perimeter_px": 479.22274810189873, "score": 0.7956699202850979, "coords": [[-0.23725, -0.19608], [-0.24902, 0.02353], [-0.20588, 0.05882], [-0.22941, 0.14902], [-0.15098, 0.21176], [-0.01373, 0.2902], [0.02549, 0.4], [0.02941, 0.32549], [0.16275, 0.31373], [0.24118, 0.24706], [0.25294, 0.21569], [0.18235, 0.18431], [0.10392, 0.17255], [0.10392, 0.15686], [0.1549, 0.07451], [0.21373, 0.02745], [0.02157, 0.08235], [-0.05686, 0.03529], [-0.09216, -0.02353], [-0.10784, -0.07843], [-0.09608, -0.27059], [-0.23725, -0.19608]]}