{"rank": 135, "key_id": "5133785202950144", "category": "dragon", "n_points": 25, "bbox_aspect": 1.191588785046729, "n_extensions_spliced": 2, "main_perimeter_px": 691.5165400980625, "score": 0.7955040387940866, "coords": [[-0.30392, 0.19216], [-0.29216, 0.18431], [-0.17843, 0.19216], [-0.12745, 0.16863], [-0.08824, 0.12941], [-0.23333, -0.00392], [0.02941, -0.05098], [0.10392, 0.05882], [0.23725, 0.38431], [0.28039, 0.41961], [0.28039, 0.4], [0.26078, 0.30588], [0.19412, 0.09804], [0.24118, 0.22353], [0.28431, 0.29412], [0.38235, 0.38431], [0.45294, 0.41961], [0.37843, 0.16078], [0.3, -0.0549], [0.25686, -0.13333], [0.25686, -0.16078], [0.27647, -0.21569], [0.32353, -0.26667], [0.40196, -0.32941], [0.5, -0.38431], [-0.30392, 0.19216]]}