{"rank": 136, "key_id": "4952541597007872", "category": "dragon", "n_points": 19, "bbox_aspect": 1.536144578313253, "n_extensions_spliced": 2, "main_perimeter_px": 540.5348376407261, "score": 0.7933708692068644, "coords": [[-0.00196, -0.11765], [0.02157, -0.13725], [0.1549, -0.0], [0.31961, 0.16863], [0.38235, 0.26275], [0.39804, 0.25098], [0.47255, 0.05098], [0.5, -0.17647], [0.48824, -0.28235], [0.46078, -0.2549], [0.41373, -0.14118], [0.33137, -0.05882], [0.31961, -0.21569], [0.27647, -0.32549], [0.26471, -0.24706], [0.20588, -0.16863], [0.16667, -0.32157], [0.1549, -0.32157], [0.07647, -0.25098], [-0.00196, -0.11765]]}