{"rank": 137, "key_id": "5787278049804288", "category": "dragon", "n_points": 35, "bbox_aspect": 1.8613138686131387, "n_extensions_spliced": 2, "main_perimeter_px": 687.4706710829906, "score": 0.7922993987703049, "coords": [[-0.25294, 0.04902], [-0.30784, -0.1], [-0.22941, 0.08431], [-0.2098, 0.1549], [-0.18235, 0.16275], [-0.12353, 0.14706], [-0.06078, 0.17059], [0.08431, 0.26863], [0.05686, 0.17451], [0.06863, 0.1549], [0.03725, 0.10392], [0.26078, 0.14314], [0.38235, 0.18235], [0.44118, 0.17451], [0.5, 0.12745], [0.39412, 0.13137], [0.25294, 0.07255], [0.2451, 0.01373], [0.28039, -0.06863], [0.25294, -0.1], [0.21373, -0.08039], [0.19412, 0.03725], [0.18627, -0.09216], [0.14314, -0.11569], [0.11961, -0.08824], [0.12745, 0.0098], [0.07647, -0.13137], [0.03725, -0.12353], [0.02549, -0.10392], [0.02549, -0.05686], [-0.02549, -0.12745], [-0.04118, -0.08824], [-0.03333, -0.00196], [-0.04902, -0.00196], [-0.09608, -0.04118], [-0.25294, 0.04902]]}