{"rank": 138, "key_id": "6472029735747584", "category": "dragon", "n_points": 21, "bbox_aspect": 1.5838509316770186, "n_extensions_spliced": 2, "main_perimeter_px": 460.24177542049523, "score": 0.7886291395130748, "coords": [[-0.33137, 0.09216], [-0.31176, 0.08431], [-0.28431, 0.09216], [-0.19412, 0.05686], [-0.04118, -0.04902], [0.03333, -0.06078], [0.00196, -0.02157], [0.22157, -0.05294], [0.36275, -0.07647], [0.41765, -0.11569], [0.49216, -0.2098], [0.5, -0.2451], [0.49216, -0.26471], [0.43333, -0.30392], [0.36667, -0.31569], [0.19412, -0.31569], [0.00588, -0.28431], [-0.07647, -0.24902], [-0.18235, -0.22157], [-0.20588, -0.2098], [-0.22549, -0.11569], [-0.33137, 0.09216]]}