{"rank": 139, "key_id": "4862360768479232", "category": "dragon", "n_points": 28, "bbox_aspect": 1.722972972972973, "n_extensions_spliced": 2, "main_perimeter_px": 621.5431119277927, "score": 0.7880280089921646, "coords": [[-0.44902, 0.16078], [-0.45294, 0.26275], [-0.42941, 0.2902], [-0.40196, 0.28627], [-0.38627, 0.22745], [-0.30392, 0.26275], [-0.12353, 0.27451], [-0.02549, 0.24706], [0.03725, 0.20784], [0.1, 0.21961], [0.23333, 0.17647], [0.24902, 0.14902], [0.24902, 0.09804], [0.06471, 0.13333], [0.09608, 0.07059], [-0.02157, 0.12157], [-0.02157, 0.01569], [0.02549, 0.00392], [0.19412, -0.0], [0.16667, -0.01176], [0.2098, -0.02353], [0.20588, -0.06275], [0.17059, -0.09412], [0.13137, -0.10196], [-0.28039, -0.1098], [-0.3902, -0.13333], [-0.45686, -0.17647], [-0.5, -0.2902], [-0.44902, 0.16078]]}