{"rank": 140, "key_id": "6631750107136000", "category": "dragon", "n_points": 46, "bbox_aspect": 1.1643835616438356, "n_extensions_spliced": 2, "main_perimeter_px": 459.71887226295945, "score": 0.7876703717711654, "coords": [[-0.10784, 0.14706], [-0.1, 0.15882], [0.07647, 0.26863], [0.15098, 0.35882], [0.23333, 0.42941], [0.28431, 0.38627], [0.31961, 0.33137], [0.39412, 0.11961], [0.41765, 0.09608], [0.5, 0.05294], [0.5, 0.05294], [0.41765, 0.09608], [0.39412, 0.11961], [0.31961, 0.33137], [0.28431, 0.38627], [0.23333, 0.42941], [0.15098, 0.35882], [0.07647, 0.26863], [-0.1, 0.15882], [-0.20196, 0.05686], [-0.2451, 0.03725], [-0.29608, 0.02157], [-0.45294, 0.02157], [-0.48039, 0.00196], [-0.5, -0.04118], [-0.48431, -0.10784], [-0.3902, -0.17059], [-0.38235, -0.16275], [-0.3902, -0.19412], [-0.49608, -0.19804], [-0.49608, -0.19804], [-0.3902, -0.19412], [-0.38235, -0.16275], [-0.19804, -0.11961], [-0.12353, -0.11569], [-0.11961, -0.12745], [-0.16667, -0.2451], [-0.26471, -0.30784], [-0.28824, -0.36667], [-0.28824, -0.39804], [-0.2451, -0.42941], [-0.17843, -0.42549], [-0.13529, -0.4098], [0.01765, -0.28039], [0.13137, -0.2098], [0.14706, -0.18627], [-0.10784, 0.14706]]}