{"rank": 141, "key_id": "5999308086181888", "category": "dragon", "n_points": 35, "bbox_aspect": 1.875, "n_extensions_spliced": 2, "main_perimeter_px": 792.2195745026016, "score": 0.7871711707058539, "coords": [[-0.18235, 0.26275], [-0.20196, 0.17647], [-0.32745, 0.17647], [-0.33529, 0.09804], [-0.20588, 0.07843], [-0.26863, 0.03922], [-0.26863, 0.01961], [-0.19412, 0.01961], [-0.17059, 0.04706], [-0.13922, -0.00392], [-0.14706, -0.11373], [-0.21765, -0.1451], [-0.26471, -0.1098], [-0.32353, -0.13333], [-0.32353, -0.10588], [-0.37059, -0.17255], [-0.30392, -0.19216], [-0.20588, -0.18824], [-0.1902, -0.25882], [-0.16667, -0.26667], [0.09608, -0.26667], [0.11569, -0.25882], [0.12353, -0.07059], [0.37843, -0.05882], [0.48039, -0.01961], [0.5, 0.02353], [0.46863, 0.05098], [0.41373, 0.01569], [0.24118, -0.01176], [0.09216, -0.01176], [0.02941, 0.06667], [0.02157, 0.16471], [-0.04902, 0.19608], [-0.06078, 0.24314], [-0.1, 0.26667], [-0.18235, 0.26275]]}