{"rank": 142, "key_id": "4747296178700288", "category": "dragon", "n_points": 20, "bbox_aspect": 1.5740740740740742, "n_extensions_spliced": 2, "main_perimeter_px": 445.04463612496926, "score": 0.7846301853532862, "coords": [[-0.05294, -0.01961], [0.19412, 0.15686], [0.18235, 0.13333], [0.10392, 0.10196], [0.19412, 0.15686], [-0.12745, -0.05098], [-0.30784, -0.05098], [-0.5, -0.08235], [-0.28824, -0.12549], [-0.4098, -0.13725], [-0.43725, -0.15294], [-0.21765, -0.16863], [-0.32353, -0.20784], [-0.28431, -0.21961], [-0.32745, -0.2549], [-0.22941, -0.27059], [-0.23725, -0.31765], [-0.13137, -0.25882], [0.01765, -0.2], [0.0451, -0.1451], [-0.05294, -0.01961]]}