{"rank": 143, "key_id": "4657837529628672", "category": "dragon", "n_points": 35, "bbox_aspect": 1.8888888888888888, "n_extensions_spliced": 2, "main_perimeter_px": 628.201908213395, "score": 0.7820050955975181, "coords": [[0.25686, 0.15882], [0.21373, 0.17059], [0.20196, 0.20588], [0.11569, 0.22549], [0.03333, 0.22549], [-0.01373, 0.19804], [-0.06471, 0.08431], [-0.08431, 0.06863], [-0.13137, 0.1], [-0.19412, 0.18627], [-0.27255, 0.26471], [-0.31176, 0.02941], [-0.39804, 0.02157], [-0.47647, -0.01373], [-0.5, -0.04902], [-0.48039, -0.08824], [-0.42941, -0.12745], [-0.35882, -0.14314], [-0.25294, -0.12745], [-0.30784, -0.11961], [-0.15882, -0.08431], [-0.07255, -0.10784], [0.03333, -0.10784], [0.09608, -0.08824], [0.21373, -0.00196], [0.22941, 0.07647], [0.21373, 0.09216], [0.25294, 0.06471], [0.30784, 0.06078], [0.28824, 0.08431], [0.33137, 0.07255], [0.35098, 0.10784], [0.3549, 0.15882], [0.32745, 0.19804], [0.21765, 0.20588], [0.25686, 0.15882]]}