{"rank": 144, "key_id": "4622838411558912", "category": "dragon", "n_points": 29, "bbox_aspect": 1.1135371179039302, "n_extensions_spliced": 2, "main_perimeter_px": 658.6214031165073, "score": 0.7814151801547482, "coords": [[0.22549, -0.37843], [0.21765, -0.12745], [0.15882, 0.11176], [0.15098, 0.25294], [-0.15882, 0.30392], [-0.17451, 0.31569], [-0.29608, 0.28039], [-0.15882, 0.30392], [0.18627, 0.30784], [0.2451, 0.34314], [0.5, 0.44902], [0.43333, 0.36667], [0.34314, 0.30392], [0.26078, 0.26863], [0.25294, 0.25686], [0.27255, 0.01373], [0.36667, 0.07255], [0.43725, 0.08039], [0.45686, 0.07647], [0.46471, 0.06471], [0.44118, 0.02549], [0.31961, -0.08824], [0.30784, -0.4098], [0.33529, -0.39412], [0.37451, -0.39412], [0.42549, -0.40588], [0.42941, -0.41373], [0.39412, -0.44118], [0.35098, -0.44902], [0.22549, -0.37843]]}