{"rank": 145, "key_id": "5499071521357824", "category": "dragon", "n_points": 35, "bbox_aspect": 1.032520325203252, "n_extensions_spliced": 2, "main_perimeter_px": 766.8451940057308, "score": 0.7785380127921393, "coords": [[0.04724, 0.4252], [0.00787, 0.44882], [-0.05512, 0.40157], [-0.07087, 0.34252], [-0.12205, 0.35433], [-0.19291, 0.34646], [-0.27953, 0.27559], [-0.27559, 0.2126], [-0.2126, 0.17323], [-0.13386, 0.16142], [-0.06693, 0.16929], [-0.00394, 0.01575], [0.05512, -0.03543], [0.3189, -0.19291], [0.32283, -0.23622], [0.30709, -0.27953], [0.19291, -0.36614], [0.19685, -0.40945], [0.24016, -0.4252], [0.27165, -0.41339], [0.24409, -0.47244], [0.27953, -0.48031], [0.34252, -0.46063], [0.42126, -0.3937], [0.42913, -0.33465], [0.45669, -0.28346], [0.44488, -0.05118], [0.46457, -0.10236], [0.48031, -0.2126], [0.47638, -0.33858], [0.39764, -0.48031], [0.42913, -0.48425], [0.4685, -0.45669], [0.49213, -0.40157], [0.5, -0.33071], [0.04724, 0.4252]]}