{"rank": 146, "key_id": "5710987871125504", "category": "dragon", "n_points": 35, "bbox_aspect": 1.9029850746268657, "n_extensions_spliced": 2, "main_perimeter_px": 419.3349028545306, "score": 0.7768006106562554, "coords": [[-0.03725, 0.14118], [0.03725, 0.12941], [-0.13529, 0.15686], [-0.5, 0.09412], [-0.32745, 0.10196], [-0.01373, 0.10196], [-0.04902, 0.03529], [-0.1549, -0.07451], [-0.3, -0.17647], [-0.3, -0.17647], [-0.1549, -0.07451], [-0.04902, 0.03529], [-0.01373, 0.10196], [-0.32745, 0.10196], [-0.5, 0.09412], [-0.13529, 0.15686], [0.03725, 0.12941], [0.10392, 0.23137], [0.27255, 0.26275], [0.37451, 0.25098], [0.15882, 0.06667], [0.27647, 0.06667], [0.38627, 0.08627], [0.5, 0.16078], [0.46863, 0.07843], [0.42157, -0.0], [0.33922, -0.07451], [0.2098, -0.12157], [0.08431, -0.11765], [0.09608, -0.12549], [-0.02157, -0.21176], [-0.07255, -0.26275], [-0.07255, -0.26275], [-0.02157, -0.21176], [0.09608, -0.12549], [-0.03725, 0.14118]]}