{"rank": 147, "key_id": "4570470835814400", "category": "dragon", "n_points": 35, "bbox_aspect": 1.9029850746268657, "n_extensions_spliced": 2, "main_perimeter_px": 828.7001567673399, "score": 0.7768006106562554, "coords": [[-0.10392, 0.03922], [-0.16667, 0.03137], [-0.22549, -0.0549], [-0.26471, -0.0], [-0.24902, 0.08627], [-0.29608, 0.14118], [-0.40588, 0.22353], [-0.46863, 0.19608], [-0.5, -0.00392], [-0.46471, -0.07451], [-0.41765, -0.10196], [-0.45294, -0.20392], [-0.41373, -0.26275], [-0.3902, -0.23137], [-0.42157, -0.18039], [-0.38627, -0.14902], [-0.36275, -0.24706], [-0.33529, -0.16078], [-0.22157, -0.16471], [-0.11961, -0.11373], [-0.05686, -0.10196], [-0.02157, -0.20392], [0.02549, -0.17647], [-0.01765, -0.10588], [0.03725, -0.1451], [0.04902, -0.19608], [0.09216, -0.13333], [0.01765, -0.01569], [0.13922, 0.02353], [0.20196, 0.11373], [0.11176, 0.11373], [0.07255, 0.08627], [0.06863, 0.15686], [0.0098, 0.19216], [-0.04118, 0.14118], [-0.10392, 0.03922]]}