{"rank": 148, "key_id": "6492633012633600", "category": "dragon", "n_points": 22, "bbox_aspect": 1.1933962264150944, "n_extensions_spliced": 2, "main_perimeter_px": 532.7048602365425, "score": 0.7715650175373397, "coords": [[-0.48024, 0.26087], [-0.38142, 0.3913], [-0.3498, 0.30435], [-0.29842, 0.24901], [-0.23913, 0.33992], [-0.20356, 0.36759], [-0.12451, 0.12648], [-0.02569, 0.27668], [0.04941, 0.17391], [0.08498, 0.41897], [0.17589, 0.28854], [0.26285, 0.3913], [0.32609, 0.20553], [0.39723, 0.32016], [0.43676, 0.35178], [0.46047, 0.21739], [0.49209, -0.16206], [0.42095, -0.09486], [0.5, -0.00395], [0.33794, -0.0751], [0.42095, -0.09486], [0.49209, -0.16206], [-0.48024, 0.26087]]}