{"rank": 149, "key_id": "6539619669639168", "category": "dragon", "n_points": 24, "bbox_aspect": 1.6821192052980132, "n_extensions_spliced": 2, "main_perimeter_px": 526.3414410700177, "score": 0.7714924644923206, "coords": [[-0.01575, 0.01772], [0.00394, 0.01772], [-0.4685, -0.29724], [0.05512, -0.05709], [0.10236, -0.12795], [0.12598, -0.18701], [0.12598, -0.24213], [0.14173, -0.25787], [0.29528, -0.27756], [0.47244, -0.26181], [0.48819, -0.18307], [0.48031, -0.14764], [0.22441, -0.08465], [0.23228, -0.0689], [0.35039, -0.04528], [0.47638, -0.05315], [0.45276, -0.02953], [0.30709, 0.01378], [0.4252, 0.0374], [0.5, 0.07283], [0.36614, 0.09646], [0.48031, 0.13189], [0.47244, 0.14764], [0.37008, 0.16732], [-0.01575, 0.01772]]}