{"rank": 150, "key_id": "6162279261274112", "category": "dragon", "n_points": 31, "bbox_aspect": 1.8345323741007193, "n_extensions_spliced": 2, "main_perimeter_px": 518.0294109615436, "score": 0.7691111705487684, "coords": [[-0.04902, 0.16275], [-0.08039, 0.12353], [-0.14314, 0.08039], [-0.24902, 0.0451], [-0.37059, 0.03725], [-0.43725, 0.00588], [-0.48431, -0.02941], [-0.5, -0.06078], [-0.48824, -0.09608], [-0.36275, -0.19412], [-0.3902, -0.23725], [-0.35098, -0.23725], [-0.32353, -0.21373], [-0.29608, -0.17059], [-0.28824, -0.12353], [-0.31569, -0.06471], [-0.35098, -0.05294], [-0.40588, -0.06078], [-0.40196, -0.04118], [-0.30784, -0.02549], [-0.22157, -0.05686], [-0.2098, -0.08039], [-0.23333, -0.11961], [-0.2451, -0.20196], [-0.15098, -0.10784], [-0.13529, -0.20588], [-0.04902, -0.02549], [0.02157, 0.03725], [0.01373, 0.02549], [0.02549, 0.07255], [0.18235, 0.14706], [-0.04902, 0.16275]]}