{"rank": 151, "key_id": "5054037378465792", "category": "dragon", "n_points": 28, "bbox_aspect": 1.7708333333333333, "n_extensions_spliced": 2, "main_perimeter_px": 511.76009643517534, "score": 0.7688487270604845, "coords": [[-0.0451, 0.05882], [-0.05294, 0.07451], [-0.04118, 0.04706], [-0.08431, 0.07059], [-0.14706, 0.12549], [-0.16275, 0.18824], [-0.20196, 0.23529], [-0.19804, 0.24314], [-0.27255, 0.28235], [-0.35098, 0.28235], [-0.44902, 0.21569], [-0.40588, 0.14902], [-0.40588, 0.09412], [-0.42549, 0.01569], [-0.5, -0.01569], [-0.48824, -0.07843], [-0.39804, -0.07059], [-0.32353, 0.00392], [-0.26471, -0.0902], [-0.1902, -0.1451], [-0.04902, -0.15294], [0.07647, -0.17647], [0.08824, -0.19608], [0.15098, -0.21961], [0.20196, -0.26275], [0.26078, -0.28235], [0.33529, -0.26667], [0.25294, -0.16471], [-0.0451, 0.05882]]}