{"rank": 152, "key_id": "6075384292442112", "category": "dragon", "n_points": 34, "bbox_aspect": 1.9029850746268657, "n_extensions_spliced": 2, "main_perimeter_px": 682.2753620167159, "score": 0.768467277322922, "coords": [[0.02549, 0.03922], [-0.04902, 0.09804], [-0.11569, 0.12549], [-0.1549, 0.12157], [-0.22549, 0.07843], [-0.28824, 0.05882], [-0.35098, 0.07451], [-0.41765, 0.1098], [-0.48039, 0.10588], [-0.47647, 0.07059], [-0.40196, 0.06667], [-0.37843, 0.05098], [-0.48431, 0.04314], [-0.5, 0.01961], [-0.46471, -0.00392], [-0.21373, 0.01569], [-0.09608, -0.0902], [-0.12745, -0.07843], [0.10392, -0.1451], [0.15882, -0.1451], [0.27255, -0.12549], [0.31176, -0.10196], [0.3902, -0.01176], [0.45294, 0.10588], [0.48824, 0.14902], [0.5, 0.17255], [0.48824, 0.18039], [0.42157, 0.18039], [0.40196, 0.16471], [0.33922, 0.03529], [0.24902, -0.03922], [0.15098, -0.04314], [0.11961, -0.02745], [0.06863, 0.02353], [0.02549, 0.03922]]}