{"rank": 153, "key_id": "6327265044463616", "category": "dragon", "n_points": 17, "bbox_aspect": 1.3076923076923077, "n_extensions_spliced": 2, "main_perimeter_px": 389.4283526983694, "score": 0.7674917733940166, "coords": [[-0.4098, 0.11569], [-0.36667, 0.02941], [-0.38235, -0.00196], [-0.23725, 0.08431], [-0.36667, 0.02941], [-0.41373, 0.12353], [-0.19804, 0.21765], [0.03725, 0.38235], [-0.02157, 0.28039], [-0.02941, 0.22549], [0.09608, 0.21373], [0.18235, 0.11961], [0.20196, 0.07647], [0.22157, -0.09216], [0.29608, -0.22157], [0.37451, -0.25686], [0.5, -0.26078], [-0.4098, 0.11569]]}