{"rank": 154, "key_id": "4951648843595776", "category": "dragon", "n_points": 28, "bbox_aspect": 1.103896103896104, "n_extensions_spliced": 2, "main_perimeter_px": 757.1167352004959, "score": 0.7669948519441272, "coords": [[-0.39412, 0.08431], [-0.47255, 0.01373], [-0.5, -0.04118], [-0.44118, -0.06863], [-0.38627, -0.06078], [-0.28824, -0.01373], [-0.24902, -0.13529], [-0.33529, -0.20588], [-0.38235, -0.30784], [-0.36667, -0.39804], [-0.35098, -0.41765], [-0.26471, -0.45294], [-0.14706, -0.44118], [-0.0098, -0.38627], [0.20588, -0.34706], [0.26863, -0.34706], [0.46471, -0.29216], [0.5, -0.22941], [0.49608, -0.10784], [0.46863, -0.06863], [0.38235, -0.00196], [0.30784, 0.01373], [0.06863, -0.0451], [-0.10784, -0.05686], [-0.18235, -0.08431], [-0.2451, 0.1], [-0.28431, 0.15098], [-0.36275, 0.11961], [-0.39412, 0.08431]]}