{"rank": 155, "key_id": "6298713360171008", "category": "dragon", "n_points": 21, "bbox_aspect": 1.6387096774193548, "n_extensions_spliced": 2, "main_perimeter_px": 440.7828209236418, "score": 0.7647941605653461, "coords": [[0.13386, -0.0689], [0.14173, -0.06496], [0.05906, -0.02165], [-0.0315, -0.01772], [-0.14961, -0.09252], [-0.16142, -0.05709], [-0.27165, -0.08071], [-0.41339, -0.09252], [-0.46457, -0.04921], [-0.49606, 0.02559], [-0.5, -0.08071], [-0.43701, -0.14764], [-0.37402, -0.18701], [-0.16142, -0.19488], [-0.11417, -0.27362], [-0.0748, -0.30512], [-0.00787, -0.29724], [0.02756, -0.25394], [0.05118, -0.24606], [0.21654, -0.26181], [0.25591, -0.21457], [0.13386, -0.0689]]}