{"rank": 156, "key_id": "6224622489960448", "category": "dragon", "n_points": 33, "bbox_aspect": 1.0323886639676114, "n_extensions_spliced": 2, "main_perimeter_px": 783.6147043056527, "score": 0.7617820803364653, "coords": [[-0.5, 0.30392], [-0.49608, 0.32745], [-0.42941, 0.41765], [-0.38627, 0.45686], [-0.31961, 0.48431], [-0.30784, 0.47647], [-0.29216, 0.40588], [-0.24902, 0.3549], [-0.17843, 0.35098], [-0.08431, 0.37059], [0.02157, 0.35098], [0.1, 0.30784], [0.13529, 0.24902], [0.14314, 0.27255], [0.1902, -0.00588], [0.25686, -0.10392], [0.39804, -0.22157], [0.44118, -0.26863], [0.49216, -0.38627], [0.5, -0.44902], [0.48431, -0.46863], [0.44118, -0.48431], [0.3902, -0.48431], [0.27255, -0.43333], [0.1549, -0.26863], [0.19412, -0.32745], [0.04902, -0.00588], [0.00196, 0.07255], [-0.09608, 0.14314], [-0.26863, 0.15098], [-0.34706, 0.18235], [-0.41373, 0.25686], [-0.43725, 0.35098], [-0.5, 0.30392]]}