{"rank": 157, "key_id": "6424002639691776", "category": "dragon", "n_points": 33, "bbox_aspect": 1.9029850746268657, "n_extensions_spliced": 2, "main_perimeter_px": 648.1300239545347, "score": 0.7601339439895887, "coords": [[-0.1902, 0.26275], [-0.21373, 0.25882], [-0.14706, 0.25098], [-0.12745, 0.23137], [-0.1, 0.11373], [-0.01373, 0.01961], [0.08039, 0.00784], [0.16275, 0.03529], [0.18235, -0.0], [0.33137, -0.01176], [0.39804, 0.02745], [0.47255, 0.10196], [0.49608, 0.02745], [0.5, -0.02353], [0.48039, -0.06667], [0.43725, -0.1098], [0.33137, -0.16078], [0.20196, -0.16078], [0.11176, -0.10196], [0.06471, -0.2549], [0.02941, -0.18824], [0.03333, -0.10196], [0.00588, -0.09804], [-0.03333, -0.12941], [-0.10784, -0.15294], [-0.11176, -0.26275], [-0.22157, -0.2], [-0.17843, -0.13333], [-0.14706, -0.02353], [-0.16667, 0.06667], [-0.18627, 0.10196], [-0.21373, 0.12157], [-0.28431, 0.12549], [-0.1902, 0.26275]]}