{"rank": 158, "key_id": "6300590160216064", "category": "dragon", "n_points": 31, "bbox_aspect": 1.0537190082644627, "n_extensions_spliced": 2, "main_perimeter_px": 631.3200894281587, "score": 0.7594308409997022, "coords": [[0.08824, 0.28235], [0.11176, 0.25882], [0.1, 0.22745], [0.09608, 0.15686], [0.07647, 0.11373], [0.02941, 0.08627], [-0.02941, 0.08627], [-0.06078, 0.09804], [-0.20196, 0.23137], [-0.26863, 0.25882], [-0.3549, 0.2549], [-0.4098, 0.18824], [-0.43333, 0.12157], [-0.42941, 0.09412], [-0.38627, 0.05098], [-0.33922, -0.04706], [-0.37843, 0.02745], [-0.43725, 0.06275], [-0.39804, -0.00392], [-0.37451, -0.07451], [-0.37059, -0.14902], [-0.42549, -0.04706], [-0.46471, -0.03529], [-0.43333, -0.07843], [-0.40196, -0.16863], [-0.39804, -0.28627], [-0.45686, -0.21176], [-0.48824, -0.18431], [-0.5, -0.19608], [-0.16275, -0.38431], [-0.10784, -0.47451], [0.08824, 0.28235]]}