{"rank": 159, "key_id": "5345222986825728", "category": "dragon", "n_points": 35, "bbox_aspect": 1.003968253968254, "n_extensions_spliced": 2, "main_perimeter_px": 1157.5908151277013, "score": 0.7589083818830855, "coords": [[0.08103, 0.27668], [0.2668, 0.27273], [0.3419, 0.29644], [0.43676, 0.29644], [0.5, 0.25296], [0.49209, 0.13834], [0.42885, 0.0751], [0.38933, 0.07115], [0.25099, 0.07905], [0.11265, 0.14625], [0.00988, 0.26482], [-0.01383, 0.31621], [-0.00988, 0.33597], [-0.17194, 0.35573], [-0.02174, 0.34783], [0.00198, 0.12253], [0.01779, 0.11462], [0.1996, 0.1581], [0.04545, 0.0751], [-0.01779, 0.01976], [-0.20751, -0.1581], [-0.5, -0.49802], [-0.14032, -0.32806], [0.21542, -0.11462], [0.1996, -0.14625], [0.21937, -0.14229], [0.29447, -0.09091], [0.38933, 0.00791], [0.16403, -0.18972], [0.21146, -0.11462], [0.34585, 0.02767], [0.33004, 0.02767], [0.2747, -0.03557], [0.36561, 0.11858], [0.36166, 0.14229], [0.08103, 0.27668]]}