{"rank": 160, "key_id": "4657205615788032", "category": "dragon", "n_points": 27, "bbox_aspect": 1.7832167832167831, "n_extensions_spliced": 2, "main_perimeter_px": 604.8987244654445, "score": 0.7556373252058859, "coords": [[-0.14314, 0.1902], [-0.24118, 0.17843], [-0.27255, 0.16275], [-0.28431, 0.15882], [-0.24902, 0.13529], [-0.30392, 0.12353], [-0.30392, 0.07255], [-0.26863, 0.02549], [-0.23333, 0.00196], [-0.14314, -0.0098], [-0.12353, -0.04902], [-0.12353, -0.09216], [-0.14314, -0.12745], [-0.22549, -0.18627], [-0.13529, -0.22941], [0.19804, -0.28039], [0.34314, -0.27647], [0.48431, -0.1902], [0.49608, -0.15882], [0.5, -0.07647], [0.48431, -0.00196], [0.42549, 0.09216], [0.26078, 0.20196], [0.16275, 0.22941], [-0.0451, 0.23725], [-0.13529, 0.22549], [-0.18627, 0.18235], [-0.14314, 0.1902]]}