{"rank": 161, "key_id": "6631606884237312", "category": "dragon", "n_points": 22, "bbox_aspect": 1.1643835616438356, "n_extensions_spliced": 2, "main_perimeter_px": 604.8397335737591, "score": 0.7543370384378321, "coords": [[0.08824, 0.13137], [0.25686, 0.13922], [0.33922, 0.00588], [0.42549, 0.04118], [0.48039, 0.0451], [0.5, -0.00196], [0.45686, -0.10784], [0.42941, -0.13529], [0.3, -0.16275], [-0.06471, -0.2098], [-0.21765, -0.21373], [-0.29216, -0.1902], [-0.35098, -0.20196], [-0.41373, -0.18627], [-0.44118, -0.17451], [-0.44118, -0.10784], [-0.40196, 0.00196], [-0.31569, 0.15098], [-0.06471, 0.20588], [0.04902, 0.21765], [0.05686, 0.19804], [0.06863, 0.13529], [0.08824, 0.13137]]}