{"rank": 162, "key_id": "4658739053330432", "category": "dragon", "n_points": 34, "bbox_aspect": 1.9465648854961832, "n_extensions_spliced": 2, "main_perimeter_px": 530.5866267083683, "score": 0.7526175435980901, "coords": [[-0.26863, -0.15098], [-0.27255, -0.04902], [-0.19804, 0.05294], [-0.15098, 0.08431], [-0.13922, 0.08431], [-0.05686, 0.1], [-0.0451, 0.09216], [-0.04118, 0.04902], [0.06078, 0.2451], [0.08431, 0.25686], [0.16667, 0.16275], [0.25294, 0.16275], [0.25686, 0.13529], [0.1902, 0.14314], [0.21373, 0.13529], [0.15098, 0.11961], [0.17451, 0.11961], [0.15098, 0.10784], [0.17451, 0.10392], [0.17843, 0.08431], [0.16667, 0.07255], [0.06863, 0.06078], [0.04902, 0.06863], [-0.01765, 0.0098], [-0.0098, -0.02157], [0.04118, -0.07647], [0.05686, -0.10784], [0.02941, -0.1549], [-0.02941, -0.22157], [-0.09608, -0.24902], [-0.16667, -0.25686], [-0.30784, -0.22941], [-0.36275, -0.19412], [-0.3902, -0.12745], [-0.26863, -0.15098]]}