{"rank": 163, "key_id": "6061732197826560", "category": "dragon", "n_points": 34, "bbox_aspect": 1.9465648854961832, "n_extensions_spliced": 2, "main_perimeter_px": 770.7002297775392, "score": 0.7526175435980901, "coords": [[-0.05294, -0.10784], [-0.39804, -0.11961], [-0.5, -0.10392], [-0.49608, -0.08824], [-0.3549, -0.02549], [-0.13137, -0.02549], [-0.09608, -0.0098], [-0.06863, 0.05686], [0.01373, 0.08431], [0.08039, 0.05686], [0.11176, 0.09608], [0.23725, 0.04902], [0.28431, 0.04902], [0.3549, 0.08824], [0.47647, 0.1], [0.48039, 0.08431], [0.41373, 0.02941], [0.33137, -0.00588], [0.32353, -0.02549], [0.46471, -0.03725], [0.5, -0.06471], [0.41765, -0.11569], [0.34706, -0.13137], [0.24118, -0.13529], [0.2098, -0.12353], [0.19804, -0.22941], [0.1, -0.22157], [0.05294, -0.13922], [-0.04118, -0.13529], [-0.06471, -0.16275], [-0.07255, -0.25686], [-0.17059, -0.25294], [-0.18235, -0.16667], [-0.21765, -0.12353], [-0.05294, -0.10784]]}