{"rank": 164, "key_id": "6349361061560320", "category": "dragon", "n_points": 35, "bbox_aspect": 1.9767441860465116, "n_extensions_spliced": 2, "main_perimeter_px": 650.2458541236463, "score": 0.7501814337437879, "coords": [[-0.2098, -0.07647], [0.26078, -0.08039], [0.40196, -0.01765], [0.5, -0.0098], [0.45686, -0.0098], [0.34314, -0.09608], [0.24902, -0.11569], [0.22157, -0.13137], [0.20588, -0.17451], [0.22549, -0.22941], [0.21765, -0.2451], [0.15882, -0.25294], [0.17451, -0.23333], [0.13922, -0.1549], [-0.02549, -0.1549], [-0.03725, -0.17843], [-0.02157, -0.20196], [-0.02549, -0.22941], [-0.08431, -0.24118], [-0.08824, -0.21765], [-0.07647, -0.18235], [-0.10784, -0.13529], [-0.06078, -0.08824], [-0.24118, -0.12745], [-0.26471, -0.11176], [-0.24902, -0.0451], [-0.33529, 0.02157], [-0.33529, 0.04118], [-0.30392, 0.04902], [-0.35882, 0.06078], [-0.3549, 0.09216], [-0.29608, 0.13529], [-0.26078, 0.13529], [-0.22157, 0.10784], [-0.20588, 0.07255], [-0.2098, -0.07647]]}