{"rank": 165, "key_id": "4839884940378112", "category": "dragon", "n_points": 35, "bbox_aspect": 1.9767441860465116, "n_extensions_spliced": 2, "main_perimeter_px": 650.2934175611572, "score": 0.7501814337437879, "coords": [[-0.1902, -0.17059], [-0.13137, -0.19804], [-0.16667, -0.10784], [-0.07647, -0.08431], [-0.1549, -0.03333], [-0.21373, 0.10784], [-0.21765, 0.1549], [-0.14706, 0.25294], [-0.15098, 0.17059], [-0.12745, 0.13922], [-0.13137, 0.09608], [-0.09216, 0.07255], [-0.09216, 0.01373], [-0.06471, 0.00196], [-0.04118, -0.04118], [-0.00196, -0.04118], [0.05686, 0.05294], [0.07647, 0.06078], [0.23333, 0.07647], [0.22157, 0.0451], [0.1549, 0.02941], [0.15882, -0.06078], [0.12745, -0.10392], [0.17451, -0.10392], [0.26863, -0.13922], [0.28039, -0.20588], [0.39804, -0.15882], [0.42941, -0.18235], [0.5, -0.18235], [0.42157, -0.23333], [0.26078, -0.25294], [0.08824, -0.22157], [0.06471, -0.20588], [-0.00196, -0.12353], [-0.0098, -0.13922], [-0.1902, -0.17059]]}