{"rank": 166, "key_id": "4775380181319680", "category": "dragon", "n_points": 32, "bbox_aspect": 1.9097744360902256, "n_extensions_spliced": 2, "main_perimeter_px": 541.7684451783042, "score": 0.7493076351437677, "coords": [[-0.34252, -0.00984], [-0.36614, -0.04528], [-0.40945, -0.04134], [-0.35039, -0.07283], [-0.29134, -0.0689], [-0.30709, -0.17126], [-0.30315, -0.2185], [-0.27559, -0.18701], [-0.24409, -0.06496], [-0.23622, -0.15945], [-0.24803, -0.22638], [-0.20079, -0.19882], [-0.16535, -0.08858], [-0.0315, -0.08858], [-0.01181, -0.15157], [-0.00787, -0.22244], [0.03937, -0.17913], [0.05118, -0.12008], [0.06693, -0.09646], [0.08661, -0.25], [0.10236, -0.26181], [0.12992, -0.26181], [0.14961, -0.24213], [0.15354, -0.20669], [0.15354, -0.11614], [0.12992, -0.08071], [0.11811, -0.08858], [-0.24016, -0.03346], [-0.28346, -0.00984], [-0.29134, 0.00984], [-0.31496, -0.00197], [-0.32283, 0.01772], [-0.34252, -0.00984]]}