{"rank": 167, "key_id": "5014353822613504", "category": "dragon", "n_points": 20, "bbox_aspect": 1.655844155844156, "n_extensions_spliced": 2, "main_perimeter_px": 456.98651804043226, "score": 0.7491795723801578, "coords": [[-0.08431, 0.12157], [0.02157, 0.21961], [0.13137, 0.28627], [0.14706, 0.27843], [0.14706, 0.26667], [0.08039, 0.23922], [0.08431, 0.22745], [0.27647, 0.23922], [0.36667, 0.22745], [0.46863, 0.20392], [0.5, 0.15686], [0.44118, 0.14118], [0.2451, 0.11373], [0.14706, 0.11373], [0.08039, 0.12941], [0.1549, 0.03529], [0.0451, 0.08235], [-0.13137, 0.19216], [-0.1, 0.1098], [-0.15882, -0.08627], [-0.08431, 0.12157]]}