{"rank": 168, "key_id": "4603222087958528", "category": "dragon", "n_points": 35, "bbox_aspect": 1.984375, "n_extensions_spliced": 2, "main_perimeter_px": 694.2999732597286, "score": 0.7474844301322722, "coords": [[0.06693, 0.09055], [-0.22835, -0.06693], [-0.12205, 0.00394], [-0.38583, -0.22835], [-0.27559, -0.25197], [-0.12205, -0.16535], [-0.09449, -0.17323], [-0.07087, -0.22441], [-0.02756, -0.22441], [-0.01181, -0.20079], [-0.05512, -0.20472], [-0.04724, -0.14961], [-0.0315, -0.1811], [0.00787, -0.16929], [-0.0315, -0.15748], [-0.0315, -0.13386], [0.01181, -0.06299], [0.04724, -0.04331], [0.08268, 0.0315], [0.11417, 0.04724], [0.15748, 0.03543], [0.27559, -0.07087], [0.35433, -0.09843], [0.3622, -0.05906], [0.33858, 0.01969], [0.30315, 0.04331], [0.42913, 0.07874], [0.5, 0.12205], [0.49606, 0.16142], [0.45669, 0.20472], [0.37402, 0.24016], [0.25197, 0.25197], [0.21654, 0.22047], [0.16142, 0.12598], [0.12205, 0.10236], [0.06693, 0.09055]]}