{"rank": 169, "key_id": "5853183903531008", "category": "dragon", "n_points": 31, "bbox_aspect": 1.8955223880597014, "n_extensions_spliced": 2, "main_perimeter_px": 660.2011505204324, "score": 0.7462177720208448, "coords": [[-0.37008, 0.04331], [-0.35827, 0.04724], [-0.31496, 0.10236], [-0.26378, 0.13386], [-0.15354, 0.16535], [-0.08661, 0.13386], [0.03937, -0.00787], [0.11417, -0.02362], [0.24803, -0.00787], [0.33071, 0.04331], [0.46457, 0.24409], [0.5, 0.26378], [0.48819, 0.01969], [0.40157, -0.13386], [0.35827, -0.17323], [0.25197, -0.16142], [0.11024, -0.17717], [0.06693, -0.24409], [0.03543, -0.26378], [0.02362, -0.24409], [0.04331, -0.18504], [0.02362, -0.14173], [-0.11024, -0.19291], [-0.16929, -0.24016], [-0.20472, -0.24409], [-0.22441, -0.22047], [-0.20866, -0.14961], [-0.2126, -0.11024], [-0.25984, -0.0748], [-0.31102, -0.05512], [-0.3189, -0.05118], [-0.37008, 0.04331]]}