{"rank": 170, "key_id": "5596792945115136", "category": "dragon", "n_points": 36, "bbox_aspect": 1.408839779005525, "n_extensions_spliced": 1, "main_perimeter_px": 908.0908308907743, "score": 0.7455940059100288, "coords": [[-0.19412, -0.03725], [-0.08039, 0.02157], [0.26863, 0.28824], [0.27255, 0.23333], [0.24902, 0.15098], [0.34314, 0.32745], [0.37059, 0.3549], [0.3549, 0.20588], [0.37451, 0.20196], [0.44118, 0.2451], [0.45294, 0.2098], [0.39412, 0.08431], [0.41765, 0.06078], [0.40588, 0.02549], [0.31176, -0.0451], [0.42157, -0.11569], [0.5, -0.3549], [0.47255, -0.33922], [0.37843, -0.17059], [0.33922, -0.14314], [0.33529, -0.32353], [0.31569, -0.33529], [0.27647, -0.28824], [0.26471, -0.1902], [0.18627, -0.17451], [-0.01765, -0.17451], [-0.16667, -0.18235], [-0.18627, -0.25294], [-0.26078, -0.33922], [-0.28431, -0.26471], [-0.26078, -0.20588], [-0.26863, -0.17451], [-0.31176, -0.15882], [-0.34314, -0.03725], [-0.43333, -0.16275], [-0.4451, -0.15098], [-0.19412, -0.03725]]}