{"rank": 171, "key_id": "5115303858012160", "category": "dragon", "n_points": 35, "bbox_aspect": 1.9921875, "n_extensions_spliced": 2, "main_perimeter_px": 756.6028494056271, "score": 0.7447339354343494, "coords": [[-0.43333, 0.03137], [-0.43725, -0.03137], [-0.37843, -0.05882], [-0.16667, -0.04314], [-0.11961, -0.0], [-0.02941, 0.03922], [-0.03333, 0.02353], [0.16275, 0.02745], [0.28039, 0.05882], [0.31569, 0.1098], [0.30784, 0.13333], [0.24902, 0.17647], [0.23333, 0.21961], [0.32353, 0.25098], [0.42941, 0.21961], [0.43725, 0.17255], [0.49608, 0.18824], [0.5, 0.09804], [0.4451, 0.0902], [0.39804, 0.1098], [0.39412, 0.08235], [0.3549, 0.03529], [0.24118, -0.03137], [0.04118, -0.04314], [-0.13529, -0.08627], [-0.19412, -0.11765], [-0.37843, -0.11765], [-0.48431, -0.06275], [-0.5, -0.03137], [-0.47647, 0.02353], [-0.46863, 0.09804], [-0.42549, 0.13333], [-0.3549, 0.0902], [-0.36275, 0.04706], [-0.41373, 0.05882], [-0.43333, 0.03137]]}