{"rank": 172, "key_id": "6121313330528256", "category": "dragon", "n_points": 35, "bbox_aspect": 1.9921875, "n_extensions_spliced": 2, "main_perimeter_px": 913.943150686167, "score": 0.7447339354343494, "coords": [[-0.28431, 0.14118], [-0.31176, 0.2], [-0.3549, 0.20784], [-0.38235, 0.16078], [-0.48431, 0.11765], [-0.5, 0.07059], [-0.44902, 0.05098], [-0.36275, 0.07059], [-0.38627, -0.00392], [-0.32745, -0.01569], [-0.22549, 0.03529], [-0.14314, -0.08235], [-0.22549, -0.17647], [-0.22157, -0.21569], [-0.12745, -0.25098], [-0.05294, -0.11373], [-0.06863, -0.21176], [0.01765, -0.24314], [0.0451, -0.18431], [0.04902, -0.0902], [0.14314, -0.10588], [0.15098, -0.21569], [0.18627, -0.21569], [0.19412, -0.12157], [0.24118, -0.13725], [0.24118, -0.22353], [0.29216, -0.23922], [0.31569, -0.20784], [0.30392, -0.08235], [0.42941, -0.08235], [0.5, -0.0], [0.31569, -0.04314], [0.17451, -0.0], [-0.10392, 0.00784], [-0.14706, 0.02745], [-0.28431, 0.14118]]}