{"rank": 173, "key_id": "6033388517457920", "category": "dragon", "n_points": 29, "bbox_aspect": 1.053941908713693, "n_extensions_spliced": 2, "main_perimeter_px": 653.9859811088863, "score": 0.7429122345013348, "coords": [[-0.4252, 0.15551], [-0.35039, 0.19094], [-0.27953, 0.31693], [-0.23228, 0.34449], [-0.12205, 0.26969], [-0.16929, 0.22638], [0.06693, 0.19094], [0.06693, 0.12402], [0.03543, 0.07283], [-0.01181, 0.04921], [-0.09843, 0.04921], [-0.09843, 0.02953], [-0.03937, -0.02165], [0.1811, -0.12402], [0.21654, -0.15945], [0.20866, -0.19882], [0.11811, -0.16732], [0.03937, -0.13189], [-0.14961, -0.08858], [-0.14961, -0.10827], [-0.1063, -0.16339], [0.04724, -0.31693], [0.03543, -0.32874], [-0.06299, -0.31693], [-0.22441, -0.26575], [-0.34252, -0.20276], [-0.38189, -0.15551], [-0.43307, -0.15551], [-0.5, -0.19882], [-0.4252, 0.15551]]}