{"rank": 174, "key_id": "5940347177795584", "category": "dragon", "n_points": 34, "bbox_aspect": 0.9921568627450981, "n_extensions_spliced": 2, "main_perimeter_px": 640.2731962782372, "score": 0.7422909281968502, "coords": [[-0.02157, -0.18627], [0.01765, -0.26471], [0.02941, 0.07647], [0.03725, 0.23725], [0.02157, 0.33529], [-0.01765, 0.4098], [-0.08431, 0.45686], [-0.17451, 0.49216], [-0.28039, 0.48824], [-0.37451, 0.44902], [-0.43333, 0.4098], [-0.48431, 0.35882], [-0.49608, 0.32745], [-0.47255, 0.32353], [-0.33922, 0.35882], [-0.33922, 0.34314], [-0.40196, 0.25686], [-0.38235, 0.24118], [-0.33137, 0.23725], [-0.37059, 0.18627], [-0.36275, 0.17059], [-0.26078, 0.1549], [-0.34706, 0.08824], [-0.35098, 0.07255], [-0.32745, 0.05294], [-0.26863, 0.0451], [-0.29216, 0.00196], [-0.35098, -0.06471], [-0.22941, -0.1], [-0.2451, -0.13529], [-0.32745, -0.19412], [-0.23333, -0.21373], [-0.28431, -0.26863], [-0.25294, -0.29216], [-0.02157, -0.18627]]}