{"rank": 175, "key_id": "6533249260060672", "category": "dragon", "n_points": 35, "bbox_aspect": 2.0, "n_extensions_spliced": 2, "main_perimeter_px": 561.3465224141831, "score": 0.741994205909554, "coords": [[-0.08268, 0.06496], [-0.09843, 0.02559], [-0.12992, 0.02953], [-0.18504, 0.06496], [-0.23622, 0.02953], [-0.20866, -0.07283], [-0.16535, -0.00591], [-0.13386, -0.0689], [-0.1378, -0.12008], [-0.19291, -0.17126], [-0.18898, -0.20276], [-0.1378, -0.21457], [-0.11417, -0.19488], [-0.04724, -0.10827], [-0.02362, -0.02559], [0.03937, 0.01378], [0.04331, -0.06102], [-0.01575, -0.15945], [-0.01969, -0.21457], [0.03543, -0.2185], [0.06299, -0.11614], [0.09843, -0.07283], [0.13386, -0.08465], [0.15354, -0.16339], [0.27953, -0.20669], [0.31102, -0.23819], [0.37402, -0.25], [0.38189, -0.23425], [0.37402, -0.15945], [0.47244, -0.09252], [0.49213, -0.02953], [0.45669, 0.02165], [0.42126, 0.04134], [0.34252, 0.06102], [0.3189, 0.05709], [-0.08268, 0.06496]]}