{"rank": 176, "key_id": "5657365489647616", "category": "dragon", "n_points": 34, "bbox_aspect": 1.9767441860465116, "n_extensions_spliced": 2, "main_perimeter_px": 580.9180316940129, "score": 0.7418481004104545, "coords": [[0.11569, -0.0451], [0.08824, -0.11176], [0.08431, -0.16275], [0.09216, -0.16667], [0.12353, -0.1549], [0.16275, -0.04118], [0.17059, -0.13137], [0.19412, -0.15882], [0.25686, -0.06078], [0.27647, -0.06078], [0.41373, -0.21765], [0.45294, -0.2451], [0.48824, -0.25294], [0.5, -0.24118], [0.5, -0.18235], [0.47647, -0.15098], [0.24118, 0.0451], [0.08824, 0.13137], [-0.01765, 0.21373], [-0.10392, 0.25294], [-0.19412, 0.25294], [-0.22549, 0.22157], [-0.23333, 0.2098], [-0.22549, 0.19412], [-0.35882, 0.17451], [-0.2098, 0.17843], [-0.15882, 0.17451], [-0.12745, 0.16275], [-0.10392, 0.13922], [-0.06863, 0.06471], [-0.04118, 0.03333], [-0.00196, 0.00196], [0.07647, -0.02157], [0.11961, -0.05294], [0.11569, -0.0451]]}