{"rank": 177, "key_id": "5799758503346176", "category": "dragon", "n_points": 36, "bbox_aspect": 1.4166666666666667, "n_extensions_spliced": 3, "main_perimeter_px": 771.9114345644548, "score": 0.741715879647098, "coords": [[-0.09608, 0.28235], [-0.15882, 0.33333], [-0.2451, 0.33725], [-0.32353, 0.30588], [-0.33922, 0.26667], [-0.32745, 0.21569], [-0.39804, 0.18431], [-0.5, 0.18431], [-0.40588, 0.14902], [-0.46078, 0.12549], [-0.46471, 0.08235], [-0.39804, 0.06667], [-0.27647, 0.07843], [-0.26078, 0.00784], [-0.30392, -0.03137], [-0.3902, -0.31373], [-0.37843, -0.3451], [-0.22157, -0.35294], [0.25294, -0.34118], [0.31176, -0.31373], [0.31176, -0.23922], [0.37059, -0.15686], [0.23725, -0.10196], [0.31176, 0.1098], [0.31176, 0.17255], [0.33137, 0.18431], [0.38627, 0.15294], [0.4451, 0.09412], [0.36275, 0.10588], [0.39804, 0.13333], [0.33137, 0.18431], [0.31176, 0.17255], [0.31176, 0.1098], [-0.17451, 0.28235], [-0.26078, 0.32941], [-0.24902, 0.35294], [-0.09608, 0.28235]]}