{"rank": 178, "key_id": "6242718634213376", "category": "dragon", "n_points": 23, "bbox_aspect": 1.7346938775510203, "n_extensions_spliced": 2, "main_perimeter_px": 501.4942160497837, "score": 0.7416155614357329, "coords": [[-0.31961, -0.06078], [-0.23725, 0.0098], [-0.27255, 0.00588], [-0.16275, 0.01765], [0.02157, -0.06471], [0.05294, -0.06471], [0.33922, 0.07255], [0.43725, 0.07255], [0.5, -0.00588], [0.49608, -0.0451], [0.46471, -0.07647], [0.38627, -0.11176], [0.25294, -0.11569], [0.20588, -0.13137], [0.15098, -0.16275], [0.07647, -0.2451], [-0.03333, -0.28824], [-0.08824, -0.27647], [-0.16667, -0.22549], [-0.22157, -0.13922], [-0.27647, -0.13137], [-0.30784, -0.09216], [-0.30784, -0.06078], [-0.31961, -0.06078]]}