{"rank": 179, "key_id": "5988041900425216", "category": "dragon", "n_points": 23, "bbox_aspect": 1.7, "n_extensions_spliced": 2, "main_perimeter_px": 393.5169244278498, "score": 0.739549767627621, "coords": [[0.00196, -0.05098], [0.01373, -0.01569], [0.22157, -0.00392], [-0.04902, 0.04314], [-0.13529, 0.16078], [-0.22549, 0.2], [-0.27255, 0.24314], [-0.28039, 0.27451], [-0.3, 0.2902], [-0.33137, 0.29412], [-0.36275, 0.13333], [-0.40196, 0.03137], [-0.4098, 0.01176], [-0.47647, -0.02745], [-0.5, -0.05882], [-0.34314, -0.05098], [-0.32745, -0.05882], [-0.31176, -0.1451], [-0.28431, -0.17255], [-0.23333, -0.12941], [-0.13529, -0.12941], [-0.08824, -0.19608], [-0.01765, -0.23529], [0.00196, -0.05098]]}