{"rank": 180, "key_id": "5005121387757568", "category": "dragon", "n_points": 35, "bbox_aspect": 1.3956043956043955, "n_extensions_spliced": 1, "main_perimeter_px": 844.0668579680543, "score": 0.7394654069910365, "coords": [[0.22835, 0.08661], [0.27165, 0.08661], [0.43307, 0.0315], [0.49213, -0.00394], [0.49213, -0.05512], [0.45276, -0.08661], [0.32283, -0.14567], [0.26378, -0.14173], [0.22835, -0.09843], [0.14173, -0.08661], [0.10236, -0.11024], [0.07874, -0.1811], [0.09449, -0.22441], [0.24409, -0.29134], [0.24803, -0.35433], [0.14961, -0.34252], [0.05512, -0.27559], [0.03937, -0.23228], [0.03543, -0.12992], [0.00394, -0.1063], [-0.2874, -0.12205], [-0.31102, -0.16929], [-0.30315, -0.20866], [-0.20472, -0.27165], [-0.19291, -0.35039], [-0.2126, -0.35827], [-0.29528, -0.33858], [-0.33071, -0.27953], [-0.34252, -0.13386], [-0.38976, 0.04331], [-0.44094, 0.32677], [-0.40157, 0.19291], [-0.36614, 0.13386], [-0.33465, 0.0315], [-0.2874, -0.04724], [0.22835, 0.08661]]}