{"rank": 181, "key_id": "6051835724955648", "category": "dragon", "n_points": 25, "bbox_aspect": 1.0995670995670996, "n_extensions_spliced": 2, "main_perimeter_px": 544.7124967463803, "score": 0.7392443572462045, "coords": [[-0.31102, 0.28937], [-0.31496, 0.29331], [-0.33071, 0.34055], [-0.37402, 0.34449], [-0.48425, 0.28543], [-0.5, 0.23425], [-0.42126, 0.19094], [-0.35827, 0.20669], [-0.33465, 0.12402], [-0.31102, 0.08858], [-0.2874, 0.06496], [-0.2126, 0.02953], [0.01969, 0.00197], [-0.0315, 0.1752], [0.05906, -0.01378], [0.10236, -0.0689], [0.16929, -0.21457], [0.41339, -0.37205], [0.5, -0.45472], [0.44488, -0.34055], [0.34252, -0.26575], [0.30709, -0.22638], [0.28346, -0.17126], [0.25984, -0.06496], [0.22441, 0.00197], [-0.31102, 0.28937]]}