{"rank": 182, "key_id": "5990214415679488", "category": "dragon", "n_points": 33, "bbox_aspect": 1.9615384615384615, "n_extensions_spliced": 2, "main_perimeter_px": 473.90523426952916, "score": 0.7389201993428585, "coords": [[-0.14314, 0.14902], [-0.14314, 0.15294], [-0.13922, 0.13333], [-0.17451, 0.07843], [-0.16275, 0.05882], [-0.09608, 0.12941], [-0.1, 0.10196], [-0.01373, 0.11373], [-0.02941, 0.07451], [0.00588, 0.08627], [0.0098, 0.05882], [0.07647, 0.07843], [0.07647, 0.04706], [0.09216, 0.0549], [0.08431, 0.02353], [0.04118, -0.02353], [0.01373, -0.05098], [-0.02157, -0.06275], [-0.04118, -0.05098], [-0.0451, 0.01961], [-0.09216, -0.02353], [-0.08039, 0.03137], [-0.1, 0.02353], [-0.13137, -0.04706], [-0.09216, -0.07843], [0.04902, -0.10196], [0.10784, -0.05098], [0.13922, -0.05098], [0.30784, -0.21176], [0.42157, -0.2549], [0.46471, -0.24706], [0.49216, -0.20784], [0.5, -0.09804], [-0.14314, 0.14902]]}