{"rank": 183, "key_id": "6578401630486528", "category": "dragon", "n_points": 35, "bbox_aspect": 1.3934426229508197, "n_extensions_spliced": 1, "main_perimeter_px": 523.4888845236326, "score": 0.7383802756537213, "coords": [[-0.13137, 0.16667], [-0.19804, 0.18235], [-0.19412, 0.20196], [-0.11961, 0.21765], [-0.02549, 0.21765], [0.00588, 0.13529], [0.06078, 0.25294], [0.14314, 0.26471], [0.13922, 0.28824], [0.16667, 0.31961], [0.22941, 0.35882], [0.22941, 0.34314], [0.16667, 0.25686], [0.16667, 0.22549], [0.22549, 0.21765], [0.24902, 0.24118], [0.28039, 0.24902], [0.31569, 0.19804], [0.29216, 0.13137], [0.3, 0.11961], [0.40588, 0.11176], [0.41373, 0.1], [0.39804, 0.07647], [0.47647, 0.05294], [0.48039, 0.04118], [0.43333, 0.01765], [0.48824, -0.02549], [0.5, -0.06078], [0.28431, -0.1902], [0.26078, -0.22941], [0.17059, -0.27255], [0.18235, -0.28039], [0.02941, -0.35882], [0.06471, -0.34314], [0.06078, -0.32353], [-0.13137, 0.16667]]}