{"rank": 184, "key_id": "6361744022700032", "category": "dragon", "n_points": 46, "bbox_aspect": 1.795774647887324, "n_extensions_spliced": 2, "main_perimeter_px": 398.195542007354, "score": 0.7378805460298848, "coords": [[-0.12353, 0.0549], [-0.09608, 0.06667], [-0.05294, 0.16078], [0.01765, 0.24314], [0.11569, 0.27843], [0.22157, 0.2549], [0.22157, 0.2549], [0.11569, 0.27843], [0.01765, 0.24314], [-0.05294, 0.16078], [-0.09608, 0.06667], [-0.21765, 0.08235], [-0.29216, 0.07451], [-0.29608, 0.03529], [-0.31569, -0.0], [-0.47255, -0.07059], [-0.5, -0.10196], [-0.45294, -0.12941], [-0.26863, -0.14118], [-0.46078, -0.13333], [-0.47647, -0.16863], [-0.36275, -0.2549], [-0.22941, -0.27843], [-0.09216, -0.26667], [0.05294, -0.21961], [0.1, -0.18824], [0.09216, -0.16471], [0.21765, -0.20784], [0.36275, -0.18824], [0.43333, -0.07843], [0.5, 0.08627], [0.5, 0.09804], [0.43725, 0.08235], [0.39804, 0.08627], [0.27255, 0.2], [0.14706, 0.24314], [0.14706, 0.24314], [0.27255, 0.2], [0.39804, 0.08627], [0.43725, 0.08235], [0.5, 0.09804], [0.5, 0.08627], [0.43333, -0.07843], [0.36275, -0.18824], [0.21765, -0.20784], [0.09216, -0.16471], [-0.12353, 0.0549]]}