{"rank": 185, "key_id": "6271631074787328", "category": "dragon", "n_points": 35, "bbox_aspect": 1.408839779005525, "n_extensions_spliced": 1, "main_perimeter_px": 753.7661409252448, "score": 0.7372606725766955, "coords": [[-0.19412, -0.05686], [-0.18235, 0.0098], [-0.18627, 0.12353], [-0.19804, 0.16275], [-0.23725, 0.21373], [-0.29608, 0.24902], [-0.33529, 0.25686], [-0.37843, 0.18235], [-0.5, 0.18235], [-0.48824, 0.21765], [-0.42941, 0.23333], [-0.48824, 0.24902], [-0.4098, 0.3], [-0.32745, 0.32745], [-0.25294, 0.31176], [-0.20196, 0.25686], [-0.14706, 0.02157], [-0.12745, -0.01373], [-0.04118, -0.02941], [0.18235, 0.03333], [0.2451, 0.03333], [0.29608, 0.0098], [0.26471, -0.00196], [0.35098, -0.07647], [0.37059, -0.18235], [0.36275, -0.24118], [0.32353, -0.30392], [0.26078, -0.34706], [0.15882, -0.3549], [-0.00588, -0.32353], [-0.11961, -0.27647], [-0.17843, -0.22941], [-0.24118, -0.11961], [-0.22941, -0.05294], [-0.17451, -0.03333], [-0.19412, -0.05686]]}