{"rank": 186, "key_id": "5264406130720768", "category": "dragon", "n_points": 35, "bbox_aspect": 1.408839779005525, "n_extensions_spliced": 3, "main_perimeter_px": 493.70098580896314, "score": 0.7372606725766955, "coords": [[-0.33529, 0.0451], [-0.45686, -0.0451], [-0.48824, -0.08824], [-0.48824, -0.16275], [-0.45686, -0.19804], [-0.41765, -0.21765], [-0.3902, -0.21765], [-0.35882, -0.18627], [-0.33922, -0.1549], [-0.33922, -0.09216], [-0.35882, -0.07255], [-0.42549, -0.08039], [-0.45686, -0.10784], [-0.49608, -0.17451], [-0.5, -0.23333], [-0.48824, -0.25686], [-0.46078, -0.27647], [-0.42549, -0.26078], [-0.39804, -0.17843], [-0.39804, -0.1], [-0.41765, -0.08039], [-0.4451, -0.10392], [-0.44902, -0.15098], [-0.39412, -0.1549], [-0.32353, -0.09608], [-0.29216, -0.01765], [-0.28824, 0.04118], [-0.27647, 0.05686], [-0.31961, 0.05686], [-0.33922, 0.02157], [-0.36667, -0.07647], [-0.3549, -0.11176], [-0.32745, -0.10392], [-0.30784, -0.08039], [-0.27255, 0.09608], [-0.33529, 0.0451]]}