{"rank": 187, "key_id": "6532920074305536", "category": "dragon", "n_points": 35, "bbox_aspect": 1.3858695652173914, "n_extensions_spliced": 1, "main_perimeter_px": 576.1982276891758, "score": 0.7345655523164261, "coords": [[0.08039, 0.01176], [0.06863, -0.0], [0.04902, 0.01961], [-0.07255, 0.1098], [-0.15098, 0.1451], [-0.19804, 0.18431], [-0.23725, 0.23922], [-0.16275, 0.20392], [-0.13137, 0.2], [-0.11176, 0.21569], [-0.10392, 0.28627], [-0.08824, 0.28627], [-0.04118, 0.21569], [0.02549, 0.17647], [0.0451, 0.18824], [0.05686, 0.22353], [0.06471, 0.36078], [0.11961, 0.21961], [0.16667, 0.20392], [0.18627, 0.27059], [0.18627, 0.34118], [0.22549, 0.26667], [0.25686, 0.24314], [0.28824, 0.25098], [0.31176, 0.28235], [0.31961, 0.32157], [0.33529, 0.28627], [0.38235, 0.26667], [0.41373, 0.3098], [0.41765, 0.2902], [0.45686, 0.27451], [0.5, 0.31765], [0.48431, 0.1451], [0.43725, 0.08627], [0.27647, -0.00392], [0.08039, 0.01176]]}