{"rank": 188, "key_id": "6588884538359808", "category": "dragon", "n_points": 35, "bbox_aspect": 1.3858695652173914, "n_extensions_spliced": 1, "main_perimeter_px": 855.5349480766844, "score": 0.7345655523164261, "coords": [[-0.26471, 0.04706], [-0.14706, 0.07059], [-0.17059, 0.12549], [-0.17059, 0.26275], [-0.18627, 0.33333], [-0.1549, 0.32549], [-0.09216, 0.26667], [-0.02941, 0.13725], [-0.00196, 0.28235], [0.02549, 0.32941], [0.07255, 0.36078], [0.03333, 0.21961], [0.02549, 0.1451], [0.09608, 0.27059], [0.14706, 0.30196], [0.18235, 0.29804], [0.03725, 0.09412], [0.00588, 0.01176], [0.14706, 0.01569], [0.28431, -0.03922], [0.33922, -0.08627], [0.42549, -0.23529], [0.5, -0.3098], [0.39412, -0.3098], [0.34706, -0.28235], [0.28039, -0.20392], [0.23333, -0.19216], [0.12745, -0.22745], [0.13529, -0.34902], [0.07647, -0.3451], [0.07647, -0.2549], [0.06078, -0.23922], [0.00196, -0.24706], [-0.03333, -0.33725], [-0.06863, -0.34902], [-0.26471, 0.04706]]}