{"rank": 189, "key_id": "5307771777974272", "category": "dragon", "n_points": 35, "bbox_aspect": 1.3858695652173914, "n_extensions_spliced": 3, "main_perimeter_px": 439.6686919065618, "score": 0.7345655523164261, "coords": [[-0.48431, -0.01569], [-0.5, -0.06275], [-0.4451, -0.1451], [-0.40588, -0.12549], [-0.39412, -0.08627], [-0.36275, -0.09804], [-0.35882, -0.04314], [-0.33137, -0.03137], [-0.33137, 0.02745], [-0.30784, 0.04314], [-0.19804, 0.06667], [-0.08039, 0.00392], [-0.13922, 0.01176], [-0.02157, 0.09412], [-0.08039, 0.00392], [-0.19804, 0.06667], [-0.30784, 0.04314], [-0.33137, 0.02745], [-0.28431, -0.0902], [-0.31176, -0.14118], [-0.3549, -0.14118], [-0.36667, -0.20784], [-0.30392, -0.20784], [-0.17059, -0.1098], [-0.11961, -0.13725], [-0.12745, -0.16863], [-0.1902, -0.23529], [-0.31961, -0.30588], [-0.33137, -0.36078], [-0.27647, -0.36078], [-0.26078, -0.33333], [-0.16667, -0.31765], [-0.11176, -0.24706], [-0.03725, -0.19608], [-0.01373, -0.12549], [-0.48431, -0.01569]]}