{"rank": 190, "key_id": "4531881473212416", "category": "dragon", "n_points": 35, "bbox_aspect": 1.3858695652173914, "n_extensions_spliced": 1, "main_perimeter_px": 1113.0166926531513, "score": 0.7345655523164261, "coords": [[0.06078, 0.00392], [-0.04902, 0.03529], [-0.11961, -0.02745], [-0.1, -0.05098], [-0.09608, -0.06275], [-0.00196, -0.07843], [0.03725, -0.07843], [0.06471, -0.06275], [0.11961, -0.18431], [0.1549, -0.22745], [0.15882, -0.24706], [0.01373, -0.26667], [-0.01373, -0.27843], [-0.02549, -0.30588], [-0.0098, -0.33333], [0.07255, -0.35294], [0.22157, -0.36078], [0.39412, -0.32549], [0.46863, -0.2902], [0.48431, -0.25882], [0.47255, -0.23529], [0.30784, -0.21569], [0.24118, -0.22745], [0.33529, -0.10588], [0.42157, 0.06275], [0.5, 0.36078], [0.36667, -0.01961], [0.42941, 0.35686], [0.27255, 0.06275], [0.29216, 0.25098], [0.26078, 0.11765], [0.25686, -0.00392], [0.28039, 0.23137], [0.26078, -0.00784], [0.23725, -0.0], [0.06078, 0.00392]]}