{"rank": 191, "key_id": "6196919699243008", "category": "dragon", "n_points": 35, "bbox_aspect": 1.3858695652173914, "n_extensions_spliced": 3, "main_perimeter_px": 801.1347048340276, "score": 0.7345655523164261, "coords": [[-0.36275, -0.00784], [-0.36667, -0.0], [-0.37843, -0.0], [-0.32745, -0.00392], [-0.1549, -0.06667], [0.05294, 0.23922], [0.2098, 0.36078], [0.22941, 0.31373], [0.27647, 0.26667], [0.41373, 0.21176], [0.47647, 0.20392], [0.44118, 0.18431], [0.43725, 0.13333], [0.31961, 0.12941], [0.14706, 0.09804], [0.22157, 0.0549], [0.27255, 0.00392], [0.13137, 0.00784], [0.06078, -0.05882], [-0.00196, -0.08627], [-0.06471, -0.09804], [-0.07255, -0.0902], [0.09608, -0.10196], [0.3, -0.15294], [0.33529, -0.12157], [0.44118, -0.08627], [0.5, -0.04314], [0.4451, -0.1098], [0.3902, -0.15294], [0.35882, -0.19608], [0.32353, -0.21176], [0.23333, -0.21961], [0.1902, -0.20784], [0.09608, -0.20784], [0.08039, -0.21569], [-0.36275, -0.00784]]}