{"rank": 192, "key_id": "5038000641671168", "category": "dragon", "n_points": 32, "bbox_aspect": 1.0039525691699605, "n_extensions_spliced": 2, "main_perimeter_px": 541.9870210695773, "score": 0.7338974458355291, "coords": [[-0.30709, 0.36417], [-0.25984, 0.36811], [-0.24016, 0.38386], [-0.24803, 0.37992], [-0.22441, 0.42323], [-0.22047, 0.49803], [-0.20079, 0.49803], [-0.17717, 0.4626], [-0.15748, 0.40354], [-0.06299, 0.39961], [0.06693, 0.37205], [0.13386, 0.34449], [0.15748, 0.29331], [0.05118, 0.27362], [0.05118, 0.25394], [0.1378, 0.23425], [0.14961, 0.20669], [0.12992, 0.18701], [0.01575, 0.16732], [-0.20079, 0.19882], [-0.22835, 0.1752], [-0.24803, 0.13189], [-0.25197, 0.04528], [-0.21654, -0.06496], [-0.16142, -0.13583], [-0.16929, -0.16339], [-0.05118, -0.23819], [0.02756, -0.37992], [0.02756, -0.40748], [0.00787, -0.43504], [-0.04724, -0.45866], [-0.06693, -0.49803], [-0.30709, 0.36417]]}