{"rank": 193, "key_id": "5330614414737408", "category": "dragon", "n_points": 35, "bbox_aspect": 1.4166666666666667, "n_extensions_spliced": 1, "main_perimeter_px": 944.498894865316, "score": 0.7333825463137646, "coords": [[-0.38627, -0.15294], [-0.26863, -0.09804], [-0.11569, 0.0549], [-0.03333, 0.12157], [0.10784, 0.17255], [0.09608, 0.2], [0.21765, 0.34118], [0.30392, 0.34118], [0.33922, 0.22745], [0.48039, 0.2902], [0.5, 0.23529], [0.46471, 0.16471], [0.39412, 0.13725], [0.46078, 0.01176], [0.3902, -0.00784], [0.29608, 0.06275], [0.23333, 0.03529], [0.26471, -0.07843], [0.33922, -0.17255], [0.33137, -0.2], [0.2451, -0.20392], [0.14706, -0.07843], [0.08824, -0.07843], [0.0098, -0.17647], [-0.06471, -0.20784], [-0.03333, -0.2549], [0.09216, -0.32157], [0.08431, -0.35294], [0.01765, -0.34902], [-0.08039, -0.30196], [-0.11176, -0.25882], [-0.12745, -0.16078], [-0.31569, -0.23922], [-0.47647, -0.23137], [-0.49608, -0.16471], [-0.38627, -0.15294]]}