{"rank": 194, "key_id": "4721563033141248", "category": "dragon", "n_points": 35, "bbox_aspect": 1.4166666666666667, "n_extensions_spliced": 3, "main_perimeter_px": 806.8590094512325, "score": 0.7333825463137646, "coords": [[-0.46863, 0.2], [-0.40588, 0.23922], [-0.31176, 0.22353], [-0.24902, 0.07843], [-0.20588, 0.02745], [-0.07255, -0.00392], [-0.05294, -0.03922], [0.01765, 0.04314], [0.08824, 0.21961], [0.17451, 0.30196], [0.2451, 0.33725], [0.35882, 0.35294], [0.42157, 0.33333], [0.42941, 0.27843], [0.37059, 0.24314], [0.31176, 0.17255], [0.22941, 0.01176], [0.09216, -0.07451], [0.09216, -0.10588], [0.15098, -0.1451], [0.1549, -0.2], [0.11569, -0.17647], [0.10784, -0.23137], [-0.01373, -0.26667], [-0.11569, -0.27059], [-0.22157, -0.23922], [-0.19804, -0.16471], [-0.26471, -0.21176], [-0.30784, -0.14902], [-0.33137, -0.06275], [-0.28824, 0.09804], [-0.30784, 0.15686], [-0.34314, 0.16078], [-0.43725, 0.10588], [-0.49608, 0.14118], [-0.46863, 0.2]]}