{"rank": 195, "key_id": "6375151597780992", "category": "dragon", "n_points": 38, "bbox_aspect": 1.4033149171270718, "n_extensions_spliced": 1, "main_perimeter_px": 683.1028948339192, "score": 0.7316778339412847, "coords": [[-0.29921, 0.06102], [-0.5, 0.04134], [-0.49213, 0.0689], [-0.4685, 0.08465], [-0.38189, 0.10039], [-0.36614, 0.12008], [-0.43701, 0.17126], [-0.49213, 0.19094], [-0.43701, 0.24606], [-0.22835, 0.2815], [-0.17717, 0.2815], [-0.11024, 0.26181], [-0.02362, 0.16732], [-0.01181, 0.08071], [0.08661, 0.35236], [0.1063, 0.2815], [0.09843, 0.12008], [0.12598, 0.18701], [0.17717, 0.26181], [0.2874, 0.3563], [0.31496, 0.27362], [0.31102, 0.20276], [0.29134, 0.15551], [0.33858, 0.17913], [0.40157, 0.18701], [0.40945, 0.04921], [0.45669, -0.02953], [0.47244, -0.12795], [0.45669, -0.09252], [0.48819, -0.19488], [0.48819, -0.30512], [0.38583, -0.3563], [0.38583, -0.3563], [0.48819, -0.30512], [0.48819, -0.19488], [0.45669, -0.09252], [0.5, -0.13976], [0.47244, -0.1437], [-0.29921, 0.06102]]}