{"rank": 196, "key_id": "5868512524369920", "category": "dragon", "n_points": 24, "bbox_aspect": 1.7816901408450705, "n_extensions_spliced": 2, "main_perimeter_px": 498.2189879453731, "score": 0.7312368638464674, "coords": [[0.43676, 0.10277], [0.37747, 0.1502], [0.25494, 0.17391], [0.25889, 0.18182], [0.21146, 0.1581], [0.17194, 0.06324], [0.14032, 0.02372], [0.10474, 0.00791], [-0.04941, -0.01581], [-0.05731, -0.09486], [-0.02174, -0.13834], [-0.04545, -0.1581], [0.0336, -0.14625], [0.19565, -0.10277], [0.16798, -0.15415], [0.0415, -0.21344], [0.04545, -0.23715], [0.14822, -0.27668], [0.36561, -0.28063], [0.44862, -0.23715], [0.5, -0.1581], [0.49605, -0.06719], [0.46838, 0.05929], [0.44466, 0.11067], [0.43676, 0.10277]]}