{"rank": 197, "key_id": "6712258048557056", "category": "dragon", "n_points": 35, "bbox_aspect": 1.3783783783783783, "n_extensions_spliced": 1, "main_perimeter_px": 1018.8049388464693, "score": 0.7307715050878886, "coords": [[-0.33529, 0.02157], [-0.41765, 0.03725], [-0.48431, -0.01373], [-0.47255, -0.08431], [-0.37843, -0.09216], [-0.3549, -0.20588], [-0.40196, -0.29608], [-0.30784, -0.33922], [-0.28039, -0.31176], [-0.26078, -0.17059], [-0.19804, -0.14314], [-0.07647, -0.16275], [-0.08824, -0.23725], [-0.1549, -0.33529], [-0.07647, -0.33529], [-0.0451, -0.36275], [-0.00588, -0.19412], [0.11961, -0.14706], [0.28824, -0.10392], [0.40588, -0.00588], [0.5, 0.18235], [0.45686, 0.17843], [0.24118, 0.03725], [0.02549, -0.04902], [0.01373, 0.01765], [0.1549, 0.13529], [0.20196, 0.22941], [0.17451, 0.28824], [0.11961, 0.27255], [0.03333, 0.31961], [-0.04118, 0.3], [-0.1902, 0.33529], [-0.23725, 0.27255], [-0.19804, 0.15882], [-0.23333, 0.01373], [-0.33529, 0.02157]]}