{"rank": 198, "key_id": "4956978176589824", "category": "dragon", "n_points": 35, "bbox_aspect": 1.4269662921348314, "n_extensions_spliced": 3, "main_perimeter_px": 789.9092929512083, "score": 0.7283117305929998, "coords": [[-0.02362, 0.14961], [0.04724, 0.15748], [0.06693, 0.12205], [0.17717, 0.12598], [0.19291, 0.08661], [0.24803, 0.11024], [0.29921, 0.03543], [0.5, 0.15748], [0.24803, 0.11024], [0.18898, 0.05118], [0.08661, 0.04331], [0.05906, -0.17323], [0.01181, -0.24803], [-0.05512, -0.27559], [-0.1378, -0.27559], [-0.14567, -0.35039], [-0.20866, -0.33465], [-0.20866, -0.26772], [-0.26772, -0.25197], [-0.29528, -0.31102], [-0.34252, -0.29921], [-0.35039, -0.2126], [-0.40945, -0.20866], [-0.42913, -0.25984], [-0.4685, -0.24409], [-0.47244, -0.14567], [-0.42913, -0.08661], [-0.49213, 0.14961], [-0.5, 0.30709], [-0.45669, 0.1811], [-0.35827, 0.01969], [-0.2874, -0.12992], [-0.22835, -0.19685], [-0.14567, -0.14961], [-0.01969, 0.09843], [-0.02362, 0.14961]]}