{"rank": 199, "key_id": "6381689292980224", "category": "dragon", "n_points": 35, "bbox_aspect": 1.4269662921348314, "n_extensions_spliced": 1, "main_perimeter_px": 887.7311013584454, "score": 0.7283117305929998, "coords": [[0.33071, 0.24016], [0.24803, 0.31496], [0.18504, 0.35039], [0.09843, 0.35039], [0.02756, 0.33071], [-0.01181, 0.29134], [-0.02362, 0.22441], [0.06693, 0.14961], [0.07874, 0.12205], [0.01181, 0.05512], [-0.12992, 0.05512], [-0.17717, 0.0748], [-0.3189, 0.09449], [-0.42913, 0.17323], [-0.47244, 0.04331], [-0.42126, -0.06693], [-0.2874, -0.02756], [-0.1811, -0.01575], [-0.29134, -0.05906], [-0.3622, -0.12598], [-0.45669, -0.16535], [-0.49606, -0.22441], [-0.48031, -0.27559], [-0.34252, -0.35039], [-0.16142, -0.33858], [-0.10236, -0.31496], [0.02362, -0.2126], [0.0748, -0.05906], [0.09843, -0.0315], [0.1063, -0.11024], [0.0748, -0.27165], [0.09843, -0.27559], [0.18504, -0.22835], [0.2126, -0.17717], [0.22441, -0.00787], [0.33071, 0.24016]]}